ISO-10303-21;
HEADER;
FILE_DESCRIPTION (( 'STEP AP214' ),
    '1' );
FILE_NAME ('17IP67-06.STEP',
    '2024-02-26T07:10:20',
    ( '' ),
    ( '' ),
    'SwSTEP 2.0',
    'SolidWorks 2023',
    '' );
FILE_SCHEMA (( 'AUTOMOTIVE_DESIGN' ));
ENDSEC;

DATA;
#1 = FILL_AREA_STYLE_COLOUR ( '', #9790 ) ;
#2 =( NAMED_UNIT ( * ) SI_UNIT ( $, .STERADIAN. ) SOLID_ANGLE_UNIT ( ) );
#3 = STYLED_ITEM ( 'NONE', ( #7348 ), #4397 ) ;
#4 = CARTESIAN_POINT ( 'NONE',  ( 25.04115241211952281, 11.23244115556018663, 42.49999999999999289 ) ) ;
#5 = CARTESIAN_POINT ( 'NONE',  ( 27.65000000000000213, -7.020106648094796675, 41.99999999999999289 ) ) ;
#6 = VECTOR ( 'NONE', #9873, 1000.000000000000000 ) ;
#7 = CARTESIAN_POINT ( 'NONE',  ( 15.99999999999983658, -15.00000000000102673, 45.39999999999999858 ) ) ;
#8 = ORIENTED_EDGE ( 'NONE', *, *, #3352, .T. ) ;
#9 = CONICAL_SURFACE ( 'NONE', #5784, 1.249999999999999334, 1.029744258676653867 ) ;
#10 = CARTESIAN_POINT ( 'NONE',  ( 24.21622776601683213, 11.97792407799438585, 38.00000000000000000 ) ) ;
#11 = CARTESIAN_POINT ( 'NONE',  ( 14.99999999999984013, 17.29999999999897753, 45.39999999999999858 ) ) ;
#12 = DIRECTION ( 'NONE',  ( 0.000000000000000000, 1.000000000000000000, -0.000000000000000000 ) ) ;
#13 = PRESENTATION_LAYER_ASSIGNMENT (  '', '', ( #1337 ) ) ;
#14 = FILL_AREA_STYLE ('',( #5601 ) ) ;
#15 = VECTOR ( 'NONE', #4622, 1000.000000000000000 ) ;
#16 = ORIENTED_EDGE ( 'NONE', *, *, #4606, .F. ) ;
#17 = ADVANCED_FACE ( 'NONE', ( #812 ), #6485, .T. ) ;
#18 = DIRECTION ( 'NONE',  ( -0.000000000000000000, -0.000000000000000000, 1.000000000000000000 ) ) ;
#19 = CARTESIAN_POINT ( 'NONE',  ( 21.15000000000000213, -21.15000000000000213, 0.000000000000000000 ) ) ;
#20 = ORIENTED_EDGE ( 'NONE', *, *, #9740, .T. ) ;
#21 = EDGE_CURVE ( 'NONE', #4569, #823, #321, .T. ) ;
#22 = SURFACE_SIDE_STYLE ('',( #8102 ) ) ;
#23 = PRESENTATION_STYLE_ASSIGNMENT (( #815 ) ) ;
#24 = AXIS2_PLACEMENT_3D ( 'NONE', #8007, #7951, #3976 ) ;
#25 = CARTESIAN_POINT ( 'NONE',  ( 27.96622776601683569, -10.72792407799439474, 44.50000000000001421 ) ) ;
#26 = EDGE_LOOP ( 'NONE', ( #9449, #4683, #7808, #1428 ) ) ;
#27 = LINE ( 'NONE', #820, #8537 ) ;
#28 = SURFACE_SIDE_STYLE ('',( #924 ) ) ;
#29 = ORIENTED_EDGE ( 'NONE', *, *, #6792, .T. ) ;
#30 = SURFACE_STYLE_USAGE ( .BOTH. , #7242 ) ;
#31 = EDGE_LOOP ( 'NONE', ( #7073, #4746, #6716, #4597 ) ) ;
#32 = CIRCLE ( 'NONE', #5807, 2.899999999999999911 ) ;
#33 = FACE_OUTER_BOUND ( 'NONE', #626, .T. ) ;
#34 = EDGE_LOOP ( 'NONE', ( #5578, #9511 ) ) ;
#35 = ADVANCED_FACE ( 'NONE', ( #3607 ), #6579, .T. ) ;
#36 =( LENGTH_UNIT ( ) NAMED_UNIT ( * ) SI_UNIT ( .MILLI., .METRE. ) );
#37 = CARTESIAN_POINT ( 'NONE',  ( -14.24999999999994316, -15.50000000000004974, 4.500000000000000888 ) ) ;
#38 = FACE_OUTER_BOUND ( 'NONE', #9934, .T. ) ;
#39 = CARTESIAN_POINT ( 'NONE',  ( 21.16000000000000014, 0.000000000000000000, 5.999999999999998224 ) ) ;
#40 = VERTEX_POINT ( 'NONE', #9104 ) ;
#41 = PRESENTATION_LAYER_ASSIGNMENT (  '', '', ( #6140 ) ) ;
#42 = AXIS2_PLACEMENT_3D ( 'NONE', #3175, #5014, #1806 ) ;
#43 = ORIENTED_EDGE ( 'NONE', *, *, #9185, .T. ) ;
#44 = CARTESIAN_POINT ( 'NONE',  ( 25.00811388300841642, -11.35358242896913694, 38.47434164902526277 ) ) ;
#45 = VERTEX_POINT ( 'NONE', #5056 ) ;
#46 = VECTOR ( 'NONE', #2159, 1000.000000000000000 ) ;
#47 = VECTOR ( 'NONE', #3282, 1000.000000000000000 ) ;
#48 = CARTESIAN_POINT ( 'NONE',  ( 28.64999999999999858, 6.020106648094788682, 38.00000000000000000 ) ) ;
#49 = SURFACE_SIDE_STYLE ('',( #9512 ) ) ;
#50 = CARTESIAN_POINT ( 'NONE',  ( -16.00000000000016342, -15.00000000000102673, 45.39999999999999858 ) ) ;
#51 = DIRECTION ( 'NONE',  ( 0.000000000000000000, 0.000000000000000000, -1.000000000000000000 ) ) ;
#52 = SURFACE_STYLE_USAGE ( .BOTH. , #8818 ) ;
#53 = AXIS2_PLACEMENT_3D ( 'NONE', #832, #7250, #144 ) ;
#54 = CYLINDRICAL_SURFACE ( 'NONE', #4631, 1.000000000000000888 ) ;
#55 = UNCERTAINTY_MEASURE_WITH_UNIT (LENGTH_MEASURE( 1.000000000000000082E-05 ), #2930, 'distance_accuracy_value', 'NONE');
#56 = SURFACE_STYLE_FILL_AREA ( #10154 ) ;
#57 = AXIS2_PLACEMENT_3D ( 'NONE', #3992, #7131, #6390 ) ;
#58 = CARTESIAN_POINT ( 'NONE',  ( -15.49999999999999645, 15.50000000000000000, 4.500000000000000888 ) ) ;
#59 = ORIENTED_EDGE ( 'NONE', *, *, #2068, .F. ) ;
#60 = FILL_AREA_STYLE ('',( #5592 ) ) ;
#61 = CARTESIAN_POINT ( 'NONE',  ( 24.21622776601683213, 11.97792407799438585, 38.00000000000000000 ) ) ;
#62 = UNCERTAINTY_MEASURE_WITH_UNIT (LENGTH_MEASURE( 1.000000000000000082E-05 ), #9897, 'distance_accuracy_value', 'NONE');
#63 =( GEOMETRIC_REPRESENTATION_CONTEXT ( 3 ) GLOBAL_UNCERTAINTY_ASSIGNED_CONTEXT ( ( #1495 ) ) GLOBAL_UNIT_ASSIGNED_CONTEXT ( ( #5500, #1524, #6273 ) ) REPRESENTATION_CONTEXT ( 'NONE', 'WORKASPACE' ) );
#65 = PRESENTATION_LAYER_ASSIGNMENT (  '', '', ( #9276 ) ) ;
#64 = CARTESIAN_POINT ( 'NONE',  ( -15.00000000000018296, -30.99999999999997868, 45.39999999999999858 ) ) ;
#66 = DIRECTION ( 'NONE',  ( -1.000000000000000000, 0.000000000000000000, 0.000000000000000000 ) ) ;
#67 = UNCERTAINTY_MEASURE_WITH_UNIT (LENGTH_MEASURE( 1.000000000000000082E-05 ), #4039, 'distance_accuracy_value', 'NONE');
#68 = CARTESIAN_POINT ( 'NONE',  ( -16.74999999999999289, 15.50000000000000000, -2.266821225221747863E-17 ) ) ;
#69 = ORIENTED_EDGE ( 'NONE', *, *, #5708, .F. ) ;
#70 = DIRECTION ( 'NONE',  ( -0.3162277660168374416, -0.9486832980505139901, 0.000000000000000000 ) ) ;
#71 = AXIS2_PLACEMENT_3D ( 'NONE', #1792, #7124, #78 ) ;
#72 = AXIS2_PLACEMENT_3D ( 'NONE', #7719, #7047, #4019 ) ;
#74 = VECTOR ( 'NONE', #3013, 1000.000000000000000 ) ;
#73 = CYLINDRICAL_SURFACE ( 'NONE', #1671, 0.4999999999999995004 ) ;
#75 = AXIS2_PLACEMENT_3D ( 'NONE', #4113, #6515, #9655 ) ;
#76 = VECTOR ( 'NONE', #10027, 1000.000000000000000 ) ;
#77 = VERTEX_POINT ( 'NONE', #8168 ) ;
#78 = DIRECTION ( 'NONE',  ( -0.000000000000000000, 0.000000000000000000, 1.000000000000000000 ) ) ;
#79 = SURFACE_STYLE_FILL_AREA ( #2326 ) ;
#80 = AXIS2_PLACEMENT_3D ( 'NONE', #2616, #6363, #159 ) ;
#81 = AXIS2_PLACEMENT_3D ( 'NONE', #8699, #3322, #2551 ) ;
#82 = LINE ( 'NONE', #4896, #8604 ) ;
#83 = MECHANICAL_DESIGN_GEOMETRIC_PRESENTATION_REPRESENTATION (  '', ( #916 ), #7361 ) ;
#84 = ORIENTED_EDGE ( 'NONE', *, *, #4037, .F. ) ;
#85 =( LENGTH_UNIT ( ) NAMED_UNIT ( * ) SI_UNIT ( .MILLI., .METRE. ) );
#86 =( NAMED_UNIT ( * ) PLANE_ANGLE_UNIT ( ) SI_UNIT ( $, .RADIAN. ) );
#87 = VERTEX_POINT ( 'NONE', #5193 ) ;
#88 = CARTESIAN_POINT ( 'NONE',  ( 15.99999999999987566, -31.00000000000004263, 45.39999999999999858 ) ) ;
#89 = EDGE_LOOP ( 'NONE', ( #4770, #5050, #5855, #3958 ) ) ;
#90 = UNCERTAINTY_MEASURE_WITH_UNIT (LENGTH_MEASURE( 1.000000000000000082E-05 ), #5929, 'distance_accuracy_value', 'NONE');
#91 = VERTEX_POINT ( 'NONE', #7327 ) ;
#92 = FACE_OUTER_BOUND ( 'NONE', #1708, .T. ) ;
#93 =( NAMED_UNIT ( * ) SI_UNIT ( $, .STERADIAN. ) SOLID_ANGLE_UNIT ( ) );
#94 = PRESENTATION_STYLE_ASSIGNMENT (( #7202 ) ) ;
#95 =( LENGTH_UNIT ( ) NAMED_UNIT ( * ) SI_UNIT ( .MILLI., .METRE. ) );
#96 = CARTESIAN_POINT ( 'NONE',  ( 25.00811388300840932, 11.35358242896914938, 38.47434164902525566 ) ) ;
#97 = SURFACE_STYLE_FILL_AREA ( #7205 ) ;
#98 = ORIENTED_EDGE ( 'NONE', *, *, #5996, .F. ) ;
#99 = VECTOR ( 'NONE', #7033, 1000.000000000000000 ) ;
#100 = ADVANCED_FACE ( 'NONE', ( #3411 ), #8912, .T. ) ;
#101 = ORIENTED_EDGE ( 'NONE', *, *, #2374, .F. ) ;
#102 = VERTEX_POINT ( 'NONE', #9815 ) ;
#103 = SURFACE_STYLE_FILL_AREA ( #993 ) ;
#104 = SURFACE_STYLE_FILL_AREA ( #9654 ) ;
#105 = DIRECTION ( 'NONE',  ( 2.668805347656628059E-15, 1.000000000000000000, 0.000000000000000000 ) ) ;
#106 =( NAMED_UNIT ( * ) PLANE_ANGLE_UNIT ( ) SI_UNIT ( $, .RADIAN. ) );
#107 = ORIENTED_EDGE ( 'NONE', *, *, #6299, .T. ) ;
#108 = LINE ( 'NONE', #7999, #6230 ) ;
#109 = EDGE_CURVE ( 'NONE', #3428, #3679, #7001, .T. ) ;
#110 = CARTESIAN_POINT ( 'NONE',  ( 24.39623407393784760, 11.87558144723548104, 42.59373488127690877 ) ) ;
#111 = SURFACE_SIDE_STYLE ('',( #9414 ) ) ;
#112 = ORIENTED_EDGE ( 'NONE', *, *, #8311, .T. ) ;
#113 = SURFACE_SIDE_STYLE ('',( #8678 ) ) ;
#114 = STYLED_ITEM ( 'NONE', ( #6684 ), #3154 ) ;
#115 = PRESENTATION_STYLE_ASSIGNMENT (( #1621 ) ) ;
#116 = DIRECTION ( 'NONE',  ( 1.000000000000000000, 0.000000000000000000, 0.000000000000000000 ) ) ;
#117 = DIRECTION ( 'NONE',  ( -1.000000000000000000, -0.000000000000000000, -0.000000000000000000 ) ) ;
#118 = ORIENTED_EDGE ( 'NONE', *, *, #4323, .F. ) ;
#119 = SURFACE_SIDE_STYLE ('',( #8585 ) ) ;
#120 = UNCERTAINTY_MEASURE_WITH_UNIT (LENGTH_MEASURE( 1.000000000000000082E-05 ), #9089, 'distance_accuracy_value', 'NONE');
#121 = STYLED_ITEM ( 'NONE', ( #3946 ), #9749 ) ;
#122 = VECTOR ( 'NONE', #2377, 1000.000000000000000 ) ;
#123 = EDGE_CURVE ( 'NONE', #4823, #4286, #1414, .T. ) ;
#124 =( GEOMETRIC_REPRESENTATION_CONTEXT ( 3 ) GLOBAL_UNCERTAINTY_ASSIGNED_CONTEXT ( ( #5339 ) ) GLOBAL_UNIT_ASSIGNED_CONTEXT ( ( #7489, #4382, #1362 ) ) REPRESENTATION_CONTEXT ( 'NONE', 'WORKASPACE' ) );
#125 = SURFACE_STYLE_USAGE ( .BOTH. , #9628 ) ;
#126 = CARTESIAN_POINT ( 'NONE',  ( 15.49999999999983480, 15.49999999999897504, 46.40000000000000568 ) ) ;
#127 = SURFACE_STYLE_USAGE ( .BOTH. , #9429 ) ;
#128 = DIRECTION ( 'NONE',  ( -1.000000000000000000, 0.000000000000000000, 0.000000000000000000 ) ) ;
#129 = MECHANICAL_DESIGN_GEOMETRIC_PRESENTATION_REPRESENTATION (  '', ( #1622 ), #7914 ) ;
#130 = FACE_OUTER_BOUND ( 'NONE', #1784, .T. ) ;
#131 = CARTESIAN_POINT ( 'NONE',  ( 14.99999999999984013, 13.69999999999897611, 45.39999999999999858 ) ) ;
#132 =( NAMED_UNIT ( * ) SI_UNIT ( $, .STERADIAN. ) SOLID_ANGLE_UNIT ( ) );
#133 = ORIENTED_EDGE ( 'NONE', *, *, #9163, .F. ) ;
#134 = MECHANICAL_DESIGN_GEOMETRIC_PRESENTATION_REPRESENTATION (  '', ( #9696 ), #5746 ) ;
#135 =( LENGTH_UNIT ( ) NAMED_UNIT ( * ) SI_UNIT ( .MILLI., .METRE. ) );
#136 = VECTOR ( 'NONE', #1783, 1000.000000000000000 ) ;
#137 = EDGE_CURVE ( 'NONE', #87, #937, #1966, .T. ) ;
#138 = EDGE_LOOP ( 'NONE', ( #98, #7312, #8650, #4283 ) ) ;
#139 = VECTOR ( 'NONE', #5350, 1000.000000000000000 ) ;
#140 = VERTEX_POINT ( 'NONE', #10111 ) ;
#141 = AXIS2_PLACEMENT_3D ( 'NONE', #2056, #6909, #7741 ) ;
#142 = CIRCLE ( 'NONE', #6413, 3.000000000000002665 ) ;
#143 = CIRCLE ( 'NONE', #2490, 0.5000000000000004441 ) ;
#144 = DIRECTION ( 'NONE',  ( 1.000000000000000000, 0.000000000000000000, 0.000000000000000000 ) ) ;
#145 = SURFACE_STYLE_FILL_AREA ( #1704 ) ;
#146 = CARTESIAN_POINT ( 'NONE',  ( -12.75000000000016342, -15.50000000000102496, 46.40000000000000568 ) ) ;
#147 =( NAMED_UNIT ( * ) SI_UNIT ( $, .STERADIAN. ) SOLID_ANGLE_UNIT ( ) );
#148 = PRESENTATION_STYLE_ASSIGNMENT (( #8751 ) ) ;
#149 = CARTESIAN_POINT ( 'NONE',  ( 15.99999999999983302, -16.00000000000102673, 46.39999999999999858 ) ) ;
#150 = VERTEX_POINT ( 'NONE', #3754 ) ;
#151 = AXIS2_PLACEMENT_3D ( 'NONE', #6215, #690, #3042 ) ;
#152 = ADVANCED_FACE ( 'NONE', ( #7682, #5351 ), #5300, .T. ) ;
#153 = ORIENTED_EDGE ( 'NONE', *, *, #1863, .T. ) ;
#154 = CARTESIAN_POINT ( 'NONE',  ( 27.65000000000000213, 8.337722339831620033, 38.50000000000000000 ) ) ;
#155 = EDGE_LOOP ( 'NONE', ( #8418, #1738, #10125 ) ) ;
#156 = SURFACE_STYLE_FILL_AREA ( #3385 ) ;
#157 = FILL_AREA_STYLE_COLOUR ( '', #10003 ) ;
#158 =( LENGTH_UNIT ( ) NAMED_UNIT ( * ) SI_UNIT ( .MILLI., .METRE. ) );
#159 = DIRECTION ( 'NONE',  ( -1.000000000000000000, 0.000000000000000000, 0.000000000000000000 ) ) ;
#160 = MECHANICAL_DESIGN_GEOMETRIC_PRESENTATION_REPRESENTATION (  '', ( #9068 ), #6434 ) ;
#161 = EDGE_CURVE ( 'NONE', #4061, #2087, #4609, .T. ) ;
#162 = AXIS2_PLACEMENT_3D ( 'NONE', #8794, #9632, #7183 ) ;
#163 = FACE_OUTER_BOUND ( 'NONE', #9760, .T. ) ;
#164 = UNCERTAINTY_MEASURE_WITH_UNIT (LENGTH_MEASURE( 1.000000000000000082E-05 ), #7508, 'distance_accuracy_value', 'NONE');
#165 = SURFACE_STYLE_FILL_AREA ( #6560 ) ;
#166 = CARTESIAN_POINT ( 'NONE',  ( 28.28087395097011836, -6.507092982787817448, 42.02602733061417695 ) ) ;
#167 = MECHANICAL_DESIGN_GEOMETRIC_PRESENTATION_REPRESENTATION (  '', ( #9074 ), #5283 ) ;
#168 = ORIENTED_EDGE ( 'NONE', *, *, #8253, .T. ) ;
#169 = DIRECTION ( 'NONE',  ( 0.000000000000000000, 0.000000000000000000, 1.000000000000000000 ) ) ;
#170 = SURFACE_SIDE_STYLE ('',( #4837 ) ) ;
#171 =( BOUNDED_SURFACE ( )  B_SPLINE_SURFACE ( 3, 2, ( 
 ( #10008, #3763, #6174 ),
 ( #2099, #3058, #3619 ),
 ( #5255, #9114, #7642 ),
 ( #4384, #3714, #7540 ),
 ( #2051, #9165, #5360 ),
 ( #8431, #6062, #649 ),
 ( #429, #2898, #6747 ),
 ( #2855, #5206, #9323 ),
 ( #1223, #531, #6961 ),
 ( #4426, #3008, #7736 ) ),
 .UNSPECIFIED., .F., .F., .F. ) 
 B_SPLINE_SURFACE_WITH_KNOTS ( ( 4, 2, 2, 2, 4 ),
 ( 3, 3 ),
 ( 1.570796326794897224, 1.883057769894460609, 2.195319212994024216, 2.507580656093587379, 2.819842099193150986 ),
 ( 0.000000000000000000, 1.000000000000000000 ),
 .UNSPECIFIED. ) 
 GEOMETRIC_REPRESENTATION_ITEM ( )  RATIONAL_B_SPLINE_SURFACE ( (
 ( 1.000000000000000000, 1.000000000000000000, 1.000000000000000000),
 ( 1.000000000000000000, 1.000062889794853582, 1.000000000000000000),
 ( 1.000000000000000000, 0.9917075778871026204, 1.000000000000000000),
 ( 1.000000000000000000, 0.9605327211477171501, 1.000000000000000000),
 ( 1.000000000000000000, 0.9376379209259503300, 1.000000000000000000),
 ( 1.000000000000000000, 0.8834133595208212286, 1.000000000000000000),
 ( 1.000000000000000000, 0.8520843444691741375, 1.000000000000000000),
 ( 1.000000000000000000, 0.7916408219311621419, 1.000000000000000000),
 ( 1.000000000000000000, 0.7626685089607214696, 1.000000000000000000),
 ( 1.000000000000000000, 0.7416198487095670977, 1.000000000000000000) ) ) 
 REPRESENTATION_ITEM ( '' )  SURFACE ( )  );
#172 = STYLED_ITEM ( 'NONE', ( #9278 ), #4484 ) ;
#173 = CARTESIAN_POINT ( 'NONE',  ( 15.50000000000000000, 1.928818708657081344E-15, 0.5000000000000000000 ) ) ;
#174 = FACE_OUTER_BOUND ( 'NONE', #727, .T. ) ;
#175 = ADVANCED_FACE ( 'NONE', ( #4413 ), #9257, .F. ) ;
#176 = FILL_AREA_STYLE ('',( #8106 ) ) ;
#177 = LINE ( 'NONE', #3552, #4532 ) ;
#178 = AXIS2_PLACEMENT_3D ( 'NONE', #4294, #8438, #5263 ) ;
#179 = CARTESIAN_POINT ( 'NONE',  ( 28.14999999999999858, 6.520106648094790458, 41.99999999999999289 ) ) ;
#180 = ORIENTED_EDGE ( 'NONE', *, *, #6004, .F. ) ;
#181 = CARTESIAN_POINT ( 'NONE',  ( 0.000000000000000000, 0.000000000000000000, 8.000000000000000000 ) ) ;
#182 = EDGE_CURVE ( 'NONE', #1696, #9946, #2247, .T. ) ;
#183 = VECTOR ( 'NONE', #5802, 1000.000000000000000 ) ;
#184 = LINE ( 'NONE', #3361, #5297 ) ;
#185 = VECTOR ( 'NONE', #4190, 1000.000000000000000 ) ;
#186 = ORIENTED_EDGE ( 'NONE', *, *, #8772, .F. ) ;
#187 = DIRECTION ( 'NONE',  ( 0.3162277660168381077, -0.9486832980505137680, 0.000000000000000000 ) ) ;
#188 = FACE_OUTER_BOUND ( 'NONE', #1373, .T. ) ;
#189 = CARTESIAN_POINT ( 'NONE',  ( 0.000000000000000000, 0.000000000000000000, 0.000000000000000000 ) ) ;
#190 = LINE ( 'NONE', #5715, #2687 ) ;
#191 = VERTEX_POINT ( 'NONE', #173 ) ;
#192 = EDGE_CURVE ( 'NONE', #8874, #2823, #3977, .T. ) ;
#193 = FACE_OUTER_BOUND ( 'NONE', #9556, .T. ) ;
#194 = ORIENTED_EDGE ( 'NONE', *, *, #9605, .F. ) ;
#195 =( NAMED_UNIT ( * ) PLANE_ANGLE_UNIT ( ) SI_UNIT ( $, .RADIAN. ) );
#196 = DIRECTION ( 'NONE',  ( 8.202002250481356316E-17, -1.000000000000000000, 0.000000000000000000 ) ) ;
#197 =( NAMED_UNIT ( * ) PLANE_ANGLE_UNIT ( ) SI_UNIT ( $, .RADIAN. ) );
#198 = ADVANCED_FACE ( 'NONE', ( #9575 ), #1580, .F. ) ;
#199 = SURFACE_SIDE_STYLE ('',( #934 ) ) ;
#200 =( LENGTH_UNIT ( ) NAMED_UNIT ( * ) SI_UNIT ( .MILLI., .METRE. ) );
#201 = ORIENTED_EDGE ( 'NONE', *, *, #8126, .F. ) ;
#202 = AXIS2_PLACEMENT_3D ( 'NONE', #4560, #566, #7827 ) ;
#203 = ORIENTED_EDGE ( 'NONE', *, *, #2008, .F. ) ;
#204 = FILL_AREA_STYLE_COLOUR ( '', #7468 ) ;
#205 = ORIENTED_EDGE ( 'NONE', *, *, #1264, .F. ) ;
#206 = DIRECTION ( 'NONE',  ( 1.000000000000000000, 0.000000000000000000, 0.000000000000000000 ) ) ;
#207 = EDGE_CURVE ( 'NONE', #9382, #6395, #2727, .T. ) ;
#208 = COLOUR_RGB ( '',0.2509803921568627416, 0.2509803921568627416, 0.2509803921568627416 ) ;
#209 =( NAMED_UNIT ( * ) SI_UNIT ( $, .STERADIAN. ) SOLID_ANGLE_UNIT ( ) );
#210 = DIRECTION ( 'NONE',  ( -1.000000000000000000, 0.000000000000000000, 0.000000000000000000 ) ) ;
#211 =( NAMED_UNIT ( * ) SI_UNIT ( $, .STERADIAN. ) SOLID_ANGLE_UNIT ( ) );
#212 = FILL_AREA_STYLE_COLOUR ( '', #7198 ) ;
#213 =( LENGTH_UNIT ( ) NAMED_UNIT ( * ) SI_UNIT ( .MILLI., .METRE. ) );
#214 = ORIENTED_EDGE ( 'NONE', *, *, #2652, .T. ) ;
#215 = CARTESIAN_POINT ( 'NONE',  ( 24.43330456577425025, 11.83815750963155011, 42.49972959199741496 ) ) ;
#216 = AXIS2_PLACEMENT_3D ( 'NONE', #9803, #4170, #1052 ) ;
#217 = VECTOR ( 'NONE', #5212, 1000.000000000000000 ) ;
#218 = EDGE_CURVE ( 'NONE', #8903, #7122, #6272, .T. ) ;
#219 = COLOUR_RGB ( '',1.000000000000000000, 1.000000000000000000, 1.000000000000000000 ) ;
#220 = ORIENTED_EDGE ( 'NONE', *, *, #2111, .T. ) ;
#221 =( NAMED_UNIT ( * ) SI_UNIT ( $, .STERADIAN. ) SOLID_ANGLE_UNIT ( ) );
#222 = EDGE_CURVE ( 'NONE', #191, #1244, #3698, .T. ) ;
#223 = SURFACE_SIDE_STYLE ('',( #5404 ) ) ;
#224 =( NAMED_UNIT ( * ) SI_UNIT ( $, .STERADIAN. ) SOLID_ANGLE_UNIT ( ) );
#225 = LINE ( 'NONE', #4990, #5266 ) ;
#226 = MECHANICAL_DESIGN_GEOMETRIC_PRESENTATION_REPRESENTATION (  '', ( #4055 ), #8675 ) ;
#227 = EDGE_LOOP ( 'NONE', ( #4958, #8388, #16, #2962 ) ) ;
#228 = CARTESIAN_POINT ( 'NONE',  ( 24.55811388300956466, -11.23142676860642197, 42.48331517057837203 ) ) ;
#229 = UNCERTAINTY_MEASURE_WITH_UNIT (LENGTH_MEASURE( 1.000000000000000082E-05 ), #2959, 'distance_accuracy_value', 'NONE');
#230 = DIRECTION ( 'NONE',  ( 0.7071067811865500152, -0.7071067811865451302, -0.000000000000000000 ) ) ;
#231 = EDGE_CURVE ( 'NONE', #1879, #912, #4730, .T. ) ;
#232 =( BOUNDED_CURVE ( )  B_SPLINE_CURVE ( 3, ( #2954, #705, #2103, #7596 ),
 .UNSPECIFIED., .F., .T. ) 
 B_SPLINE_CURVE_WITH_KNOTS ( ( 4, 4 ),
 ( 1.249045772398253096, 1.570796326794895004 ),
 .UNSPECIFIED. ) 
 CURVE ( )  GEOMETRIC_REPRESENTATION_ITEM ( )  RATIONAL_B_SPLINE_CURVE ( ( 1.000000000000000000, 0.9913916384249976677, 0.9913916384249976677, 1.000000000000000000 ) ) 
 REPRESENTATION_ITEM ( '' )  );
#233 = VECTOR ( 'NONE', #9497, 1000.000000000000000 ) ;
#234 = AXIS2_PLACEMENT_3D ( 'NONE', #7353, #1816, #1041 ) ;
#235 = AXIS2_PLACEMENT_3D ( 'NONE', #9159, #2849, #3663 ) ;
#236 = DIRECTION ( 'NONE',  ( 1.334402673828310480E-15, -1.000000000000000000, 0.000000000000000000 ) ) ;
#237 = PLANE ( 'NONE',  #162 ) ;
#238 = CARTESIAN_POINT ( 'NONE',  ( 31.00000000000004263, -15.00000000000106759, 45.39999999999999858 ) ) ;
#239 = ORIENTED_EDGE ( 'NONE', *, *, #7580, .F. ) ;
#240 =( GEOMETRIC_REPRESENTATION_CONTEXT ( 3 ) GLOBAL_UNCERTAINTY_ASSIGNED_CONTEXT ( ( #877 ) ) GLOBAL_UNIT_ASSIGNED_CONTEXT ( ( #735, #9298, #1404 ) ) REPRESENTATION_CONTEXT ( 'NONE', 'WORKASPACE' ) );
#241 = AXIS2_PLACEMENT_3D ( 'NONE', #5211, #9216, #8594 ) ;
#242 = AXIS2_PLACEMENT_3D ( 'NONE', #1444, #722, #1554 ) ;
#243 = CARTESIAN_POINT ( 'NONE',  ( 17.29999999999983729, -31.00000000000000000, 46.39999999999999858 ) ) ;
#244 = EDGE_CURVE ( 'NONE', #6395, #9183, #6321, .T. ) ;
#245 = ORIENTED_EDGE ( 'NONE', *, *, #7559, .F. ) ;
#246 = VECTOR ( 'NONE', #8143, 1000.000000000000000 ) ;
#247 = VECTOR ( 'NONE', #9385, 1000.000000000000000 ) ;
#248 = ADVANCED_FACE ( 'NONE', ( #5597 ), #3305, .T. ) ;
#249 = CARTESIAN_POINT ( 'NONE',  ( 21.14999999999999858, 12.99999999999999822, 35.00000000000000711 ) ) ;
#250 = FILL_AREA_STYLE_COLOUR ( '', #6250 ) ;
#251 = FACE_OUTER_BOUND ( 'NONE', #9970, .T. ) ;
#252 =( NAMED_UNIT ( * ) SI_UNIT ( $, .STERADIAN. ) SOLID_ANGLE_UNIT ( ) );
#253 = ORIENTED_EDGE ( 'NONE', *, *, #9501, .T. ) ;
#254 = ORIENTED_EDGE ( 'NONE', *, *, #4599, .T. ) ;
#255 = VERTEX_POINT ( 'NONE', #412 ) ;
#256 = CARTESIAN_POINT ( 'NONE',  ( 13.69999999999983764, -16.00000000000102318, 45.39999999999999858 ) ) ;
#257 = LINE ( 'NONE', #9653, #6151 ) ;
#258 = LINE ( 'NONE', #1769, #246 ) ;
#259 = SURFACE_STYLE_FILL_AREA ( #3638 ) ;
#260 = PLANE ( 'NONE',  #7439 ) ;
#261 = ORIENTED_EDGE ( 'NONE', *, *, #9605, .T. ) ;
#262 = DIRECTION ( 'NONE',  ( 0.000000000000000000, 0.000000000000000000, -1.000000000000000000 ) ) ;
#263 = VERTEX_POINT ( 'NONE', #1981 ) ;
#264 = CARTESIAN_POINT ( 'NONE',  ( -2.799999999999999822, 0.000000000000000000, 1.000000000000000000 ) ) ;
#265 = FILL_AREA_STYLE_COLOUR ( '', #8038 ) ;
#266 = DIRECTION ( 'NONE',  ( 1.752645175279185637E-15, 0.9534625892455821372, -0.3015113445777958812 ) ) ;
#267 = DIRECTION ( 'NONE',  ( 1.000000000000000000, 0.000000000000000000, 0.000000000000000000 ) ) ;
#268 = CARTESIAN_POINT ( 'NONE',  ( 0.000000000000000000, 0.000000000000000000, 8.000000000000000000 ) ) ;
#269 = UNCERTAINTY_MEASURE_WITH_UNIT (LENGTH_MEASURE( 1.000000000000000082E-05 ), #8836, 'distance_accuracy_value', 'NONE');
#270 = LINE ( 'NONE', #2298, #8085 ) ;
#271 = ORIENTED_EDGE ( 'NONE', *, *, #9660, .F. ) ;
#272 = B_SPLINE_CURVE_WITH_KNOTS ( 'NONE', 3,
 ( #5771, #9828, #5115, #3624 ),
 .UNSPECIFIED., .F., .F.,
 ( 4, 4 ),
 ( 0.000000000000000000, 0.0001300949323361120190 ),
 .UNSPECIFIED. ) ;
#273 = DIRECTION ( 'NONE',  ( -1.080028620981896995E-14, -0.9534625892455896867, 0.3015113445777725665 ) ) ;
#274 =( NAMED_UNIT ( * ) PLANE_ANGLE_UNIT ( ) SI_UNIT ( $, .RADIAN. ) );
#275 = PLANE ( 'NONE',  #10134 ) ;
#276 = CARTESIAN_POINT ( 'NONE',  ( 15.99999999999983302, -16.00000000000102673, 45.39999999999999858 ) ) ;
#277 = CARTESIAN_POINT ( 'NONE',  ( 28.65000000000000213, 9.779240779943872752, 36.50000000000000711 ) ) ;
#278 = EDGE_CURVE ( 'NONE', #704, #9633, #9052, .T. ) ;
#279 = FACE_OUTER_BOUND ( 'NONE', #1120, .T. ) ;
#280 = ORIENTED_EDGE ( 'NONE', *, *, #5091, .T. ) ;
#281 = DIRECTION ( 'NONE',  ( 2.668805347656631609E-15, -1.000000000000000000, 0.000000000000000000 ) ) ;
#282 = AXIS2_PLACEMENT_3D ( 'NONE', #8642, #7904, #3984 ) ;
#283 = ORIENTED_EDGE ( 'NONE', *, *, #9441, .F. ) ;
#284 = FACE_OUTER_BOUND ( 'NONE', #5674, .T. ) ;
#285 = MECHANICAL_DESIGN_GEOMETRIC_PRESENTATION_REPRESENTATION (  '', ( #8411 ), #4277 ) ;
#286 = CIRCLE ( 'NONE', #3297, 11.50000000000000000 ) ;
#287 =( NAMED_UNIT ( * ) SI_UNIT ( $, .STERADIAN. ) SOLID_ANGLE_UNIT ( ) );
#288 = EDGE_CURVE ( 'NONE', #5810, #3275, #9011, .T. ) ;
#289 = DIRECTION ( 'NONE',  ( -0.000000000000000000, -0.000000000000000000, -1.000000000000000000 ) ) ;
#290 = CARTESIAN_POINT ( 'NONE',  ( 28.14999999999999858, 6.520106648094790458, 42.49999999999999289 ) ) ;
#291 = ORIENTED_EDGE ( 'NONE', *, *, #5000, .T. ) ;
#292 = CARTESIAN_POINT ( 'NONE',  ( 15.99999999999983658, 15.99999999999897327, 45.39999999999999858 ) ) ;
#293 = MECHANICAL_DESIGN_GEOMETRIC_PRESENTATION_REPRESENTATION (  '', ( #6239 ), #1457 ) ;
#294 = ADVANCED_FACE ( 'NONE', ( #8309 ), #7319, .F. ) ;
#295 = ORIENTED_EDGE ( 'NONE', *, *, #3218, .F. ) ;
#296 = ORIENTED_EDGE ( 'NONE', *, *, #9850, .F. ) ;
#297 = AXIS2_PLACEMENT_3D ( 'NONE', #2249, #3925, #3864 ) ;
#298 = CYLINDRICAL_SURFACE ( 'NONE', #7669, 0.5000000000000004441 ) ;
#299 = EDGE_LOOP ( 'NONE', ( #4450, #4085 ) ) ;
#300 =( GEOMETRIC_REPRESENTATION_CONTEXT ( 3 ) GLOBAL_UNCERTAINTY_ASSIGNED_CONTEXT ( ( #7335 ) ) GLOBAL_UNIT_ASSIGNED_CONTEXT ( ( #8383, #1269, #8484 ) ) REPRESENTATION_CONTEXT ( 'NONE', 'WORKASPACE' ) );
#301 = STYLED_ITEM ( 'NONE', ( #5725 ), #8095 ) ;
#302 = CARTESIAN_POINT ( 'NONE',  ( 28.63698633608189326, -6.281854543328252660, 42.86912605238291007 ) ) ;
#303 = ORIENTED_EDGE ( 'NONE', *, *, #9478, .T. ) ;
#304 = FILL_AREA_STYLE_COLOUR ( '', #9761 ) ;
#305 =( GEOMETRIC_REPRESENTATION_CONTEXT ( 3 ) GLOBAL_UNCERTAINTY_ASSIGNED_CONTEXT ( ( #590 ) ) GLOBAL_UNIT_ASSIGNED_CONTEXT ( ( #6987, #6204, #3910 ) ) REPRESENTATION_CONTEXT ( 'NONE', 'WORKASPACE' ) );
#306 = CIRCLE ( 'NONE', #2664, 25.00000000000000000 ) ;
#307 = FILL_AREA_STYLE ('',( #1931 ) ) ;
#308 = DIRECTION ( 'NONE',  ( 1.000000000000000000, 1.334402673828310480E-15, 0.000000000000000000 ) ) ;
#309 = CARTESIAN_POINT ( 'NONE',  ( 27.65000000000000213, -8.337722339831627139, 38.50000000000000000 ) ) ;
#310 = CARTESIAN_POINT ( 'NONE',  ( 48.64999999999999858, 1.698780669118024500, 40.49999999999999289 ) ) ;
#311 = EDGE_CURVE ( 'NONE', #3459, #1139, #8908, .T. ) ;
#312 = CARTESIAN_POINT ( 'NONE',  ( 24.96132732574471547, -11.47052656448560448, 38.43365834493921795 ) ) ;
#313 = VERTEX_POINT ( 'NONE', #7471 ) ;
#314 = SURFACE_STYLE_FILL_AREA ( #6528 ) ;
#315 = COLOUR_RGB ( '',0.2509803921568627416, 0.2509803921568627416, 0.2509803921568627416 ) ;
#316 = CARTESIAN_POINT ( 'NONE',  ( -15.00000000000012434, -31.00000000000004263, 46.39999999999999858 ) ) ;
#317 = VERTEX_POINT ( 'NONE', #9806 ) ;
#318 = SURFACE_STYLE_FILL_AREA ( #2740 ) ;
#319 = STYLED_ITEM ( 'NONE', ( #4491 ), #4424 ) ;
#320 = AXIS2_PLACEMENT_3D ( 'NONE', #967, #236, #4741 ) ;
#321 = LINE ( 'NONE', #2796, #7179 ) ;
#322 = PRESENTATION_LAYER_ASSIGNMENT (  '', '', ( #9725 ) ) ;
#323 = CARTESIAN_POINT ( 'NONE',  ( -21.14999999999999503, -21.15000000000000568, 8.000000000000000000 ) ) ;
#324 = SURFACE_STYLE_USAGE ( .BOTH. , #5761 ) ;
#325 = EDGE_CURVE ( 'NONE', #564, #8211, #225, .T. ) ;
#326 = CARTESIAN_POINT ( 'NONE',  ( 28.14999999999999858, 6.520106648094790458, 39.00000000000000000 ) ) ;
#327 = EDGE_LOOP ( 'NONE', ( #9710, #3060, #1665, #303 ) ) ;
#328 = SURFACE_STYLE_USAGE ( .BOTH. , #5870 ) ;
#329 = SURFACE_SIDE_STYLE ('',( #1123 ) ) ;
#330 = EDGE_CURVE ( 'NONE', #4391, #3016, #4933, .T. ) ;
#331 = ORIENTED_EDGE ( 'NONE', *, *, #9953, .T. ) ;
#332 =( LENGTH_UNIT ( ) NAMED_UNIT ( * ) SI_UNIT ( .MILLI., .METRE. ) );
#333 = FACE_BOUND ( 'NONE', #8825, .T. ) ;
#334 = FILL_AREA_STYLE ('',( #1082 ) ) ;
#335 = LINE ( 'NONE', #8990, #1073 ) ;
#336 = DIRECTION ( 'NONE',  ( 1.000000000000000000, 2.668805347656624115E-15, 0.000000000000000000 ) ) ;
#337 = ORIENTED_EDGE ( 'NONE', *, *, #4016, .T. ) ;
#338 = CARTESIAN_POINT ( 'NONE',  ( 21.15000000000012648, -21.14999999999984936, 8.000000000000000000 ) ) ;
#339 = PRESENTATION_LAYER_ASSIGNMENT (  '', '', ( #3511 ) ) ;
#340 = ORIENTED_EDGE ( 'NONE', *, *, #6624, .F. ) ;
#341 = SURFACE_STYLE_USAGE ( .BOTH. , #4299 ) ;
#342 = ADVANCED_FACE ( 'NONE', ( #5748 ), #611, .F. ) ;
#343 = ORIENTED_EDGE ( 'NONE', *, *, #6483, .F. ) ;
#344 = SURFACE_SIDE_STYLE ('',( #6552 ) ) ;
#345 = FILL_AREA_STYLE ('',( #5274 ) ) ;
#346 = CARTESIAN_POINT ( 'NONE',  ( 28.64999999999999503, 10.22516167180830848, 36.50000000000000711 ) ) ;
#347 = SURFACE_STYLE_USAGE ( .BOTH. , #8248 ) ;
#348 = EDGE_LOOP ( 'NONE', ( #766, #1988, #2110, #1036 ) ) ;
#349 = STYLED_ITEM ( 'NONE', ( #8598 ), #4965 ) ;
#350 =( NAMED_UNIT ( * ) PLANE_ANGLE_UNIT ( ) SI_UNIT ( $, .RADIAN. ) );
#351 = EDGE_CURVE ( 'NONE', #1542, #663, #9723, .T. ) ;
#352 = ORIENTED_EDGE ( 'NONE', *, *, #9583, .F. ) ;
#353 =( NAMED_UNIT ( * ) PLANE_ANGLE_UNIT ( ) SI_UNIT ( $, .RADIAN. ) );
#354 = STYLED_ITEM ( 'NONE', ( #7246 ), #4577 ) ;
#355 = CARTESIAN_POINT ( 'NONE',  ( 24.51907571263306096, 11.74388274759366446, 38.36131715587171698 ) ) ;
#356 = FACE_OUTER_BOUND ( 'NONE', #1072, .T. ) ;
#357 = FACE_OUTER_BOUND ( 'NONE', #6798, .T. ) ;
#358 = EDGE_CURVE ( 'NONE', #5707, #8084, #5386, .T. ) ;
#359 = DIRECTION ( 'NONE',  ( -0.000000000000000000, -0.000000000000000000, -1.000000000000000000 ) ) ;
#360 = UNCERTAINTY_MEASURE_WITH_UNIT (LENGTH_MEASURE( 1.000000000000000082E-05 ), #3349, 'distance_accuracy_value', 'NONE');
#361 = CARTESIAN_POINT ( 'NONE',  ( 24.57740079426834257, -11.61199060320988963, 38.45835714484926626 ) ) ;
#362 = ORIENTED_EDGE ( 'NONE', *, *, #881, .T. ) ;
#363 = CIRCLE ( 'NONE', #216, 1.250000000000001110 ) ;
#364 = AXIS2_PLACEMENT_3D ( 'NONE', #2279, #8612, #8708 ) ;
#365 =( NAMED_UNIT ( * ) SI_UNIT ( $, .STERADIAN. ) SOLID_ANGLE_UNIT ( ) );
#366 =( GEOMETRIC_REPRESENTATION_CONTEXT ( 3 ) GLOBAL_UNCERTAINTY_ASSIGNED_CONTEXT ( ( #6165 ) ) GLOBAL_UNIT_ASSIGNED_CONTEXT ( ( #4006, #2343, #93 ) ) REPRESENTATION_CONTEXT ( 'NONE', 'WORKASPACE' ) );
#367 = LINE ( 'NONE', #9014, #3183 ) ;
#368 = ORIENTED_EDGE ( 'NONE', *, *, #1572, .T. ) ;
#369 =( GEOMETRIC_REPRESENTATION_CONTEXT ( 3 ) GLOBAL_UNCERTAINTY_ASSIGNED_CONTEXT ( ( #3102 ) ) GLOBAL_UNIT_ASSIGNED_CONTEXT ( ( #7735, #3875, #2320 ) ) REPRESENTATION_CONTEXT ( 'NONE', 'WORKASPACE' ) );
#370 = FILL_AREA_STYLE_COLOUR ( '', #5582 ) ;
#371 = CARTESIAN_POINT ( 'NONE',  ( 15.99999999999987566, -4.003208021484980664E-14, 45.39999999999999858 ) ) ;
#372 = CARTESIAN_POINT ( 'NONE',  ( -15.49999999999994493, -15.50000000000004974, 5.251075773784450895 ) ) ;
#373 = AXIS2_PLACEMENT_3D ( 'NONE', #3412, #6534, #1741 ) ;
#374 = CARTESIAN_POINT ( 'NONE',  ( 31.00000000000000000, 17.29999999999897753, 45.39999999999999858 ) ) ;
#375 = FILL_AREA_STYLE_COLOUR ( '', #7587 ) ;
#376 = DIRECTION ( 'NONE',  ( 0.9486832980505138790, 0.3162277660168376636, 0.000000000000000000 ) ) ;
#377 = STYLED_ITEM ( 'NONE', ( #2166 ), #1292 ) ;
#378 = DIRECTION ( 'NONE',  ( 2.668805347656628059E-15, 1.000000000000000000, 0.000000000000000000 ) ) ;
#379 = ORIENTED_EDGE ( 'NONE', *, *, #7063, .T. ) ;
#380 = CARTESIAN_POINT ( 'NONE',  ( 21.16000000000000014, -13.31369220013742272, 39.00000000000000000 ) ) ;
#381 = AXIS2_PLACEMENT_3D ( 'NONE', #3014, #3673, #6806 ) ;
#382 = LINE ( 'NONE', #5013, #8351 ) ;
#383 = FILL_AREA_STYLE ('',( #3523 ) ) ;
#384 = COLOUR_RGB ( '',0.2509803921568627416, 0.2509803921568627416, 0.2509803921568627416 ) ;
#385 = LINE ( 'NONE', #1370, #5608 ) ;
#386 = FILL_AREA_STYLE ('',( #2905 ) ) ;
#387 = COLOUR_RGB ( '',0.2509803921568627416, 0.2509803921568627416, 0.2509803921568627416 ) ;
#388 = DIRECTION ( 'NONE',  ( 0.000000000000000000, 0.000000000000000000, 1.000000000000000000 ) ) ;
#389 =( LENGTH_UNIT ( ) NAMED_UNIT ( * ) SI_UNIT ( .MILLI., .METRE. ) );
#390 = FILL_AREA_STYLE ('',( #8387 ) ) ;
#391 = ORIENTED_EDGE ( 'NONE', *, *, #2607, .T. ) ;
#392 = PRODUCT_RELATED_PRODUCT_CATEGORY ( 'part', '', ( #9363 ) ) ;
#393 = COLOUR_RGB ( '',0.2509803921568627416, 0.2509803921568627416, 0.2509803921568627416 ) ;
#394 = ORIENTED_EDGE ( 'NONE', *, *, #7556, .T. ) ;
#395 =( NAMED_UNIT ( * ) SI_UNIT ( $, .STERADIAN. ) SOLID_ANGLE_UNIT ( ) );
#396 = MECHANICAL_DESIGN_GEOMETRIC_PRESENTATION_REPRESENTATION (  '', ( #5202 ), #6178 ) ;
#397 = TOROIDAL_SURFACE ( 'NONE', #5850, 0.5000000000000000000, 0.5000000000000000000 ) ;
#398 = AXIS2_PLACEMENT_3D ( 'NONE', #1299, #5953, #9094 ) ;
#399 = VERTEX_POINT ( 'NONE', #2124 ) ;
#400 = CARTESIAN_POINT ( 'NONE',  ( 15.99999999999984013, 17.29999999999897753, 45.39999999999999858 ) ) ;
#401 = PRESENTATION_STYLE_ASSIGNMENT (( #5075 ) ) ;
#402 = SURFACE_STYLE_USAGE ( .BOTH. , #499 ) ;
#403 = VECTOR ( 'NONE', #7555, 1000.000000000000000 ) ;
#404 = ORIENTED_EDGE ( 'NONE', *, *, #5328, .T. ) ;
#405 = PRESENTATION_LAYER_ASSIGNMENT (  '', '', ( #923 ) ) ;
#406 = EDGE_CURVE ( 'NONE', #6503, #5995, #7717, .T. ) ;
#407 = CARTESIAN_POINT ( 'NONE',  ( -15.49999999999999645, 15.50000000000000000, 4.500000000000000888 ) ) ;
#408 = CYLINDRICAL_SURFACE ( 'NONE', #1678, 1.000000000000000888 ) ;
#409 = ORIENTED_EDGE ( 'NONE', *, *, #8584, .T. ) ;
#410 = FACE_OUTER_BOUND ( 'NONE', #4869, .T. ) ;
#411 = LINE ( 'NONE', #1248, #8363 ) ;
#412 = CARTESIAN_POINT ( 'NONE',  ( 18.84999999999982734, -15.50000000000102496, 47.00000000000000000 ) ) ;
#413 = FILL_AREA_STYLE ('',( #2982 ) ) ;
#414 = SURFACE_STYLE_FILL_AREA ( #1445 ) ;
#415 = EDGE_CURVE ( 'NONE', #3159, #7396, #9245, .T. ) ;
#416 = SURFACE_STYLE_USAGE ( .BOTH. , #3749 ) ;
#417 = ORIENTED_EDGE ( 'NONE', *, *, #1443, .F. ) ;
#418 = EDGE_CURVE ( 'NONE', #6342, #102, #6043, .T. ) ;
#419 = CARTESIAN_POINT ( 'NONE',  ( 28.64999999999999858, 1.014468678852257216E-15, 37.59999999999999432 ) ) ;
#420 = LINE ( 'NONE', #5057, #9171 ) ;
#421 = LINE ( 'NONE', #6738, #5540 ) ;
#422 = DIRECTION ( 'NONE',  ( 0.000000000000000000, 0.000000000000000000, -1.000000000000000000 ) ) ;
#423 = CARTESIAN_POINT ( 'NONE',  ( 28.44289321881344890, 6.520106648094790458, 38.99999999999998579 ) ) ;
#424 = ORIENTED_EDGE ( 'NONE', *, *, #9246, .F. ) ;
#425 = COLOUR_RGB ( '',0.2509803921568627416, 0.2509803921568627416, 0.2509803921568627416 ) ;
#426 =( NAMED_UNIT ( * ) PLANE_ANGLE_UNIT ( ) SI_UNIT ( $, .RADIAN. ) );
#427 = CARTESIAN_POINT ( 'NONE',  ( 25.05811388300841358, 10.80986948560773619, 41.99999999999999289 ) ) ;
#428 = PRESENTATION_LAYER_ASSIGNMENT (  '', '', ( #8573 ) ) ;
#429 = CARTESIAN_POINT ( 'NONE',  ( 24.87085538829666831, -11.58907856769533851, 42.62800098062660226 ) ) ;
#430 = DIRECTION ( 'NONE',  ( -0.000000000000000000, 0.000000000000000000, 1.000000000000000000 ) ) ;
#431 = FACE_OUTER_BOUND ( 'NONE', #4809, .T. ) ;
#432 = CARTESIAN_POINT ( 'NONE',  ( 30.99999999999995737, -15.00000000000098410, 45.39999999999999858 ) ) ;
#433 = SURFACE_STYLE_USAGE ( .BOTH. , #5981 ) ;
#434 = EDGE_LOOP ( 'NONE', ( #6683, #2532 ) ) ;
#435 = EDGE_CURVE ( 'NONE', #6619, #6606, #6002, .T. ) ;
#436 = SURFACE_SIDE_STYLE ('',( #7103 ) ) ;
#437 =( GEOMETRIC_REPRESENTATION_CONTEXT ( 3 ) GLOBAL_UNCERTAINTY_ASSIGNED_CONTEXT ( ( #8365 ) ) GLOBAL_UNIT_ASSIGNED_CONTEXT ( ( #589, #2256, #9921 ) ) REPRESENTATION_CONTEXT ( 'NONE', 'WORKASPACE' ) );
#438 = ORIENTED_EDGE ( 'NONE', *, *, #7661, .T. ) ;
#439 = PRESENTATION_LAYER_ASSIGNMENT (  '', '', ( #7570 ) ) ;
#440 = ORIENTED_EDGE ( 'NONE', *, *, #4246, .T. ) ;
#441 = COLOUR_RGB ( '',0.2509803921568627416, 0.2509803921568627416, 0.2509803921568627416 ) ;
#442 = FACE_OUTER_BOUND ( 'NONE', #227, .T. ) ;
#443 = CARTESIAN_POINT ( 'NONE',  ( 24.76522066419495616, -10.74083389187889104, 38.50000000000000000 ) ) ;
#444 = AXIS2_PLACEMENT_3D ( 'NONE', #3618, #9733, #9683 ) ;
#446 = EDGE_CURVE ( 'NONE', #7272, #4576, #4806, .T. ) ;
#445 = ORIENTED_EDGE ( 'NONE', *, *, #6033, .F. ) ;
#447 = VECTOR ( 'NONE', #3703, 1000.000000000000000 ) ;
#448 = FACE_OUTER_BOUND ( 'NONE', #299, .T. ) ;
#449 =( GEOMETRIC_REPRESENTATION_CONTEXT ( 3 ) GLOBAL_UNCERTAINTY_ASSIGNED_CONTEXT ( ( #1477 ) ) GLOBAL_UNIT_ASSIGNED_CONTEXT ( ( #9359, #8626, #2084 ) ) REPRESENTATION_CONTEXT ( 'NONE', 'WORKASPACE' ) );
#450 = CARTESIAN_POINT ( 'NONE',  ( 0.000000000000000000, 0.000000000000000000, 37.00000000000000000 ) ) ;
#451 = STYLED_ITEM ( 'NONE', ( #2731 ), #294 ) ;
#452 = ORIENTED_EDGE ( 'NONE', *, *, #5767, .F. ) ;
#453 = DIRECTION ( 'NONE',  ( -1.000000000000000000, 0.000000000000000000, -0.000000000000000000 ) ) ;
#454 = EDGE_CURVE ( 'NONE', #3900, #1607, #5954, .T. ) ;
#455 = SURFACE_STYLE_USAGE ( .BOTH. , #4402 ) ;
#456 = MECHANICAL_DESIGN_GEOMETRIC_PRESENTATION_REPRESENTATION (  '', ( #2123 ), #4437 ) ;
#457 =( NAMED_UNIT ( * ) SI_UNIT ( $, .STERADIAN. ) SOLID_ANGLE_UNIT ( ) );
#458 = APPLICATION_PROTOCOL_DEFINITION ( 'draft international standard', 'automotive_design', 1998, #3324 ) ;
#459 = CARTESIAN_POINT ( 'NONE',  ( 48.64999999999999858, 8.673617379884035472E-16, 43.39999999999999147 ) ) ;
#460 = DIRECTION ( 'NONE',  ( 0.000000000000000000, 0.000000000000000000, 1.000000000000000000 ) ) ;
#461 = VECTOR ( 'NONE', #8068, 1000.000000000000000 ) ;
#462 = AXIS2_PLACEMENT_3D ( 'NONE', #5245, #9313, #2887 ) ;
#463 =( NAMED_UNIT ( * ) PLANE_ANGLE_UNIT ( ) SI_UNIT ( $, .RADIAN. ) );
#464 = UNCERTAINTY_MEASURE_WITH_UNIT (LENGTH_MEASURE( 1.000000000000000082E-05 ), #3253, 'distance_accuracy_value', 'NONE');
#465 = CARTESIAN_POINT ( 'NONE',  ( 24.81157117638644394, -11.64791570264798004, 38.33457508066206998 ) ) ;
#466 = SURFACE_STYLE_FILL_AREA ( #4567 ) ;
#467 = CARTESIAN_POINT ( 'NONE',  ( 28.64999999999999858, -1.478586710707345573E-14, 42.19878066911801540 ) ) ;
#468 =( GEOMETRIC_REPRESENTATION_CONTEXT ( 3 ) GLOBAL_UNCERTAINTY_ASSIGNED_CONTEXT ( ( #55 ) ) GLOBAL_UNIT_ASSIGNED_CONTEXT ( ( #2930, #7666, #1400 ) ) REPRESENTATION_CONTEXT ( 'NONE', 'WORKASPACE' ) );
#469 = COLOUR_RGB ( '',0.2509803921568627416, 0.2509803921568627416, 0.2509803921568627416 ) ;
#470 = ORIENTED_EDGE ( 'NONE', *, *, #330, .F. ) ;
#471 = EDGE_CURVE ( 'NONE', #4576, #2185, #6781, .T. ) ;
#472 = DIRECTION ( 'NONE',  ( 1.000000000000000000, 0.000000000000000000, 0.000000000000000000 ) ) ;
#473 =( NAMED_UNIT ( * ) SI_UNIT ( $, .STERADIAN. ) SOLID_ANGLE_UNIT ( ) );
#474 = MECHANICAL_DESIGN_GEOMETRIC_PRESENTATION_REPRESENTATION (  '', ( #837 ), #3986 ) ;
#475 = MECHANICAL_DESIGN_GEOMETRIC_PRESENTATION_REPRESENTATION (  '', ( #6089 ), #2998 ) ;
#476 = ORIENTED_EDGE ( 'NONE', *, *, #6357, .F. ) ;
#477 = PRESENTATION_STYLE_ASSIGNMENT (( #3760 ) ) ;
#478 = DIRECTION ( 'NONE',  ( 0.000000000000000000, -1.000000000000000000, 0.000000000000000000 ) ) ;
#479 = VECTOR ( 'NONE', #2458, 1000.000000000000000 ) ;
#480 = VECTOR ( 'NONE', #6637, 1000.000000000000000 ) ;
#481 = SURFACE_STYLE_FILL_AREA ( #8380 ) ;
#482 = DIRECTION ( 'NONE',  ( -1.000000000000000000, 0.000000000000000000, 0.000000000000000000 ) ) ;
#483 = SURFACE_STYLE_USAGE ( .BOTH. , #9167 ) ;
#484 = DIRECTION ( 'NONE',  ( -0.000000000000000000, -0.000000000000000000, 1.000000000000000000 ) ) ;
#485 = EDGE_CURVE ( 'NONE', #2566, #1530, #9950, .T. ) ;
#486 = CARTESIAN_POINT ( 'NONE',  ( 27.96622776601683569, 10.72792407799438585, 44.63675444679662974 ) ) ;
#487 = ORIENTED_EDGE ( 'NONE', *, *, #278, .F. ) ;
#488 = PRESENTATION_LAYER_ASSIGNMENT (  '', '', ( #8791 ) ) ;
#489 = DIRECTION ( 'NONE',  ( 0.000000000000000000, 0.000000000000000000, 1.000000000000000000 ) ) ;
#490 = ORIENTED_EDGE ( 'NONE', *, *, #9862, .F. ) ;
#491 = DIRECTION ( 'NONE',  ( -1.000000000000000000, -0.000000000000000000, 0.000000000000000000 ) ) ;
#492 = UNCERTAINTY_MEASURE_WITH_UNIT (LENGTH_MEASURE( 1.000000000000000082E-05 ), #4101, 'distance_accuracy_value', 'NONE');
#493 = EDGE_CURVE ( 'NONE', #4239, #9533, #618, .T. ) ;
#494 = ORIENTED_EDGE ( 'NONE', *, *, #3795, .T. ) ;
#495 = DIRECTION ( 'NONE',  ( -0.7071067811865447972, 0.7071067811865502373, 0.000000000000000000 ) ) ;
#496 = AXIS2_PLACEMENT_3D ( 'NONE', #4472, #2944, #5459 ) ;
#497 = SURFACE_SIDE_STYLE ('',( #9228 ) ) ;
#498 = FACE_OUTER_BOUND ( 'NONE', #89, .T. ) ;
#499 = SURFACE_SIDE_STYLE ('',( #5076 ) ) ;
#500 = PRESENTATION_STYLE_ASSIGNMENT (( #7610 ) ) ;
#501 = DIRECTION ( 'NONE',  ( 1.000000000000000000, 2.668805347656624115E-15, 0.000000000000000000 ) ) ;
#502 = ORIENTED_EDGE ( 'NONE', *, *, #4242, .T. ) ;
#503 = SURFACE_SIDE_STYLE ('',( #8454 ) ) ;
#504 = ORIENTED_EDGE ( 'NONE', *, *, #9237, .F. ) ;
#505 = PLANE ( 'NONE',  #3865 ) ;
#506 = EDGE_CURVE ( 'NONE', #8938, #3200, #1249, .T. ) ;
#507 = CARTESIAN_POINT ( 'NONE',  ( 28.58689319642934379, 6.523725617591511927, 38.25180948474812226 ) ) ;
#508 = AXIS2_PLACEMENT_3D ( 'NONE', #1778, #4030, #6523 ) ;
#509 = DIRECTION ( 'NONE',  ( -1.000000000000000000, 0.000000000000000000, 0.000000000000000000 ) ) ;
#510 = DIRECTION ( 'NONE',  ( 0.000000000000000000, -1.000000000000000000, 0.000000000000000000 ) ) ;
#511 = CARTESIAN_POINT ( 'NONE',  ( 28.14999999999999858, 9.779240779943870976, 38.50000000000000000 ) ) ;
#512 =( NAMED_UNIT ( * ) PLANE_ANGLE_UNIT ( ) SI_UNIT ( $, .RADIAN. ) );
#513 =( GEOMETRIC_REPRESENTATION_CONTEXT ( 3 ) GLOBAL_UNCERTAINTY_ASSIGNED_CONTEXT ( ( #9358 ) ) GLOBAL_UNIT_ASSIGNED_CONTEXT ( ( #1353, #7576, #1411 ) ) REPRESENTATION_CONTEXT ( 'NONE', 'WORKASPACE' ) );
#514 = DIRECTION ( 'NONE',  ( -0.000000000000000000, -0.000000000000000000, -1.000000000000000000 ) ) ;
#515 = ORIENTED_EDGE ( 'NONE', *, *, #4850, .T. ) ;
#516 = FILL_AREA_STYLE_COLOUR ( '', #208 ) ;
#517 = DIRECTION ( 'NONE',  ( 8.202002250481356316E-17, -1.000000000000000000, 0.000000000000000000 ) ) ;
#518 = CARTESIAN_POINT ( 'NONE',  ( -14.24999999999994316, -15.50000000000004974, 4.500000000000000888 ) ) ;
#519 = FILL_AREA_STYLE_COLOUR ( '', #9388 ) ;
#520 = CARTESIAN_POINT ( 'NONE',  ( 16.75000000000010303, -15.49999999999989164, 4.500000000000000888 ) ) ;
#521 = VECTOR ( 'NONE', #6934, 1000.000000000000000 ) ;
#522 =( NAMED_UNIT ( * ) SI_UNIT ( $, .STERADIAN. ) SOLID_ANGLE_UNIT ( ) );
#523 = VECTOR ( 'NONE', #7235, 1000.000000000000000 ) ;
#524 = CARTESIAN_POINT ( 'NONE',  ( 17.29999999999983729, 0.000000000000000000, 46.39999999999999858 ) ) ;
#525 = ORIENTED_EDGE ( 'NONE', *, *, #3843, .F. ) ;
#526 = EDGE_CURVE ( 'NONE', #6920, #191, #2148, .T. ) ;
#527 = FILL_AREA_STYLE ('',( #10004 ) ) ;
#528 = CIRCLE ( 'NONE', #4510, 1.201219330881977854 ) ;
#529 = COLOUR_RGB ( '',0.2509803921568627416, 0.2509803921568627416, 0.2509803921568627416 ) ;
#530 = VECTOR ( 'NONE', #4780, 1000.000000000000000 ) ;
#531 = CARTESIAN_POINT ( 'NONE',  ( 24.57179009200800479, -11.38835456465872120, 42.47624570980250525 ) ) ;
#532 = DIRECTION ( 'NONE',  ( 0.000000000000000000, 0.000000000000000000, 1.000000000000000000 ) ) ;
#533 = LINE ( 'NONE', #9966, #5011 ) ;
#534 = DIRECTION ( 'NONE',  ( -0.000000000000000000, -0.000000000000000000, 1.000000000000000000 ) ) ;
#535 = CARTESIAN_POINT ( 'NONE',  ( 21.14999999999999858, 13.32957238623956009, 98.84951795962938093 ) ) ;
#536 =( NAMED_UNIT ( * ) PLANE_ANGLE_UNIT ( ) SI_UNIT ( $, .RADIAN. ) );
#537 = SURFACE_SIDE_STYLE ('',( #7699 ) ) ;
#538 = FACE_OUTER_BOUND ( 'NONE', #2069, .T. ) ;
#539 = ORIENTED_EDGE ( 'NONE', *, *, #2470, .F. ) ;
#540 = MECHANICAL_DESIGN_GEOMETRIC_PRESENTATION_REPRESENTATION (  '', ( #2400 ), #8984 ) ;
#541 = EDGE_CURVE ( 'NONE', #688, #6593, #2233, .T. ) ;
#542 = CARTESIAN_POINT ( 'NONE',  ( 28.64999999999999858, 6.020106648094788682, 43.00000000000000000 ) ) ;
#543 = DIRECTION ( 'NONE',  ( -3.034740832678112893E-15, 1.000000000000000000, 0.000000000000000000 ) ) ;
#544 = AXIS2_PLACEMENT_3D ( 'NONE', #371, #8977, #1990 ) ;
#545 = ORIENTED_EDGE ( 'NONE', *, *, #6624, .T. ) ;
#546 =( NAMED_UNIT ( * ) PLANE_ANGLE_UNIT ( ) SI_UNIT ( $, .RADIAN. ) );
#547 =( BOUNDED_SURFACE ( )  B_SPLINE_SURFACE ( 3, 2, ( 
 ( #4408, #3553, #8216 ),
 ( #9098, #9810, #6785 ),
 ( #1109, #4272, #5798 ),
 ( #1060, #7571, #4227 ),
 ( #8312, #5049, #2032 ),
 ( #7474, #361, #465 ),
 ( #7420, #6682, #5185 ),
 ( #2631, #3449, #312 ),
 ( #3602, #2836, #8266 ),
 ( #3653, #8967, #7371 ) ),
 .UNSPECIFIED., .F., .F., .T. ) 
 B_SPLINE_SURFACE_WITH_KNOTS ( ( 4, 2, 2, 2, 4 ),
 ( 3, 3 ),
 ( 1.570796326794897224, 1.883057769894460165, 2.195319212994023328, 2.507580656093586491, 2.819842099193149654 ),
 ( 0.000000000000000000, 1.000000000000000000 ),
 .UNSPECIFIED. ) 
 GEOMETRIC_REPRESENTATION_ITEM ( )  RATIONAL_B_SPLINE_SURFACE ( (
 ( 1.000000000000000000, 1.000000000000000000, 1.000000000000000000),
 ( 1.000000000000000000, 1.000062889794746335, 1.000000000000000000),
 ( 1.000000000000000000, 0.9917075778872457281, 1.000000000000000000),
 ( 1.000000000000000000, 0.9605327211475731541, 1.000000000000000000),
 ( 1.000000000000000000, 0.9376379209258405290, 1.000000000000000000),
 ( 1.000000000000000000, 0.8834133595209345824, 1.000000000000000000),
 ( 1.000000000000000000, 0.8520843444692228763, 1.000000000000000000),
 ( 1.000000000000000000, 0.7916408219311169558, 1.000000000000000000),
 ( 1.000000000000000000, 0.7626685089607577739, 1.000000000000000000),
 ( 1.000000000000000000, 0.7416198487095697622, 1.000000000000000000) ) ) 
 REPRESENTATION_ITEM ( '' )  SURFACE ( )  );
#548 = ORIENTED_EDGE ( 'NONE', *, *, #3788, .F. ) ;
#549 = ADVANCED_FACE ( 'NONE', ( #4615 ), #7776, .F. ) ;
#550 = AXIS2_PLACEMENT_3D ( 'NONE', #5498, #10161, #3148 ) ;
#551 = PRESENTATION_LAYER_ASSIGNMENT (  '', '', ( #5829 ) ) ;
#552 = STYLED_ITEM ( 'NONE', ( #2191 ), #6618 ) ;
#553 =( NAMED_UNIT ( * ) SI_UNIT ( $, .STERADIAN. ) SOLID_ANGLE_UNIT ( ) );
#554 = CARTESIAN_POINT ( 'NONE',  ( 28.14999999999999858, 0.000000000000000000, 43.00000000000000000 ) ) ;
#555 = CARTESIAN_POINT ( 'NONE',  ( 24.55811388300841713, -11.86396203899720092, 38.00000000000000000 ) ) ;
#556 = CARTESIAN_POINT ( 'NONE',  ( 2.500000000000000000, 0.000000000000000000, -23.50000000000000711 ) ) ;
#557 = PLANE ( 'NONE',  #8037 ) ;
#558 = EDGE_LOOP ( 'NONE', ( #3699, #6279, #6640, #4389, #331, #5094 ) ) ;
#559 = VECTOR ( 'NONE', #2382, 1000.000000000000114 ) ;
#560 = AXIS2_PLACEMENT_3D ( 'NONE', #1834, #9576, #5749 ) ;
#561 = STYLED_ITEM ( 'NONE', ( #2278 ), #2145 ) ;
#562 = PRESENTATION_LAYER_ASSIGNMENT (  '', '', ( #7189 ) ) ;
#563 = DIRECTION ( 'NONE',  ( 0.000000000000000000, 0.000000000000000000, 1.000000000000000000 ) ) ;
#564 = VERTEX_POINT ( 'NONE', #6205 ) ;
#565 = FILL_AREA_STYLE ('',( #4502 ) ) ;
#566 = DIRECTION ( 'NONE',  ( -1.000000000000000000, -5.337610695313264006E-15, 0.000000000000000000 ) ) ;
#567 = AXIS2_PLACEMENT_3D ( 'NONE', #3343, #7310, #1870 ) ;
#568 = FILL_AREA_STYLE ('',( #4562 ) ) ;
#569 = AXIS2_PLACEMENT_3D ( 'NONE', #10068, #6183, #7130 ) ;
#570 = CARTESIAN_POINT ( 'NONE',  ( 24.55811388300841358, 11.39630482284141166, 38.98260745575616681 ) ) ;
#571 = VECTOR ( 'NONE', #2575, 1000.000000000000000 ) ;
#572 = VECTOR ( 'NONE', #2323, 1000.000000000000114 ) ;
#573 = CARTESIAN_POINT ( 'NONE',  ( 24.55811388300841713, -11.50358242896913730, 42.05131670194948157 ) ) ;
#574 = UNCERTAINTY_MEASURE_WITH_UNIT (LENGTH_MEASURE( 1.000000000000000082E-05 ), #4349, 'distance_accuracy_value', 'NONE');
#575 = CARTESIAN_POINT ( 'NONE',  ( 48.64999999999999858, 1.222509309741136029E-15, 37.59999999999999432 ) ) ;
#576 = CARTESIAN_POINT ( 'NONE',  ( 21.16000000000000014, 13.31369220013742272, 5.999999999999998224 ) ) ;
#577 = CYLINDRICAL_SURFACE ( 'NONE', #8939, 1.201219330881977854 ) ;
#578 = EDGE_LOOP ( 'NONE', ( #662, #9600, #9894, #7211 ) ) ;
#579 = FILL_AREA_STYLE_COLOUR ( '', #5182 ) ;
#580 = FILL_AREA_STYLE_COLOUR ( '', #7574 ) ;
#581 = CARTESIAN_POINT ( 'NONE',  ( 25.04108258044395896, -11.23269720503880365, 42.49999999999999289 ) ) ;
#582 = CARTESIAN_POINT ( 'NONE',  ( 14.24999999999983835, 15.50000000000015987, -2.266821225221747863E-17 ) ) ;
#583 = SURFACE_SIDE_STYLE ('',( #6054 ) ) ;
#584 =( NAMED_UNIT ( * ) PLANE_ANGLE_UNIT ( ) SI_UNIT ( $, .RADIAN. ) );
#585 = EDGE_LOOP ( 'NONE', ( #5219, #8737 ) ) ;
#586 = EDGE_CURVE ( 'NONE', #6978, #823, #5490, .T. ) ;
#587 = COLOUR_RGB ( '',0.2509803921568627416, 0.2509803921568627416, 0.2509803921568627416 ) ;
#588 = DIRECTION ( 'NONE',  ( 0.000000000000000000, 1.000000000000000000, -0.000000000000000000 ) ) ;
#589 =( LENGTH_UNIT ( ) NAMED_UNIT ( * ) SI_UNIT ( .MILLI., .METRE. ) );
#590 = UNCERTAINTY_MEASURE_WITH_UNIT (LENGTH_MEASURE( 1.000000000000000082E-05 ), #6987, 'distance_accuracy_value', 'NONE');
#591 = CARTESIAN_POINT ( 'NONE',  ( 17.29999999999983729, 15.99999999999897682, 45.39999999999999858 ) ) ;
#592 = EDGE_CURVE ( 'NONE', #5224, #1542, #2415, .T. ) ;
#593 = DIRECTION ( 'NONE',  ( -1.334402673828317777E-15, -1.000000000000000000, 0.000000000000000000 ) ) ;
#594 = DIRECTION ( 'NONE',  ( 0.000000000000000000, 0.000000000000000000, 1.000000000000000000 ) ) ;
#595 = LINE ( 'NONE', #5976, #5505 ) ;
#596 = CARTESIAN_POINT ( 'NONE',  ( 13.69999999999983764, -16.00000000000102318, 45.39999999999999858 ) ) ;
#597 = CYLINDRICAL_SURFACE ( 'NONE', #7937, 25.00000000000000000 ) ;
#598 = SURFACE_STYLE_FILL_AREA ( #6599 ) ;
#599 = DIRECTION ( 'NONE',  ( -0.8571673007021116675, 0.000000000000000000, -0.5150380749100552658 ) ) ;
#600 = VERTEX_POINT ( 'NONE', #2359 ) ;
#601 = CARTESIAN_POINT ( 'NONE',  ( -15.49999999999994316, -15.50000000000004974, -2.266821225221747863E-17 ) ) ;
#602 = ORIENTED_EDGE ( 'NONE', *, *, #2776, .T. ) ;
#603 = SURFACE_STYLE_FILL_AREA ( #4653 ) ;
#604 = VECTOR ( 'NONE', #686, 1000.000000000000000 ) ;
#605 = ORIENTED_EDGE ( 'NONE', *, *, #9901, .F. ) ;
#606 = EDGE_CURVE ( 'NONE', #1520, #6073, #6256, .T. ) ;
#607 = LINE ( 'NONE', #6975, #10007 ) ;
#608 = PRESENTATION_STYLE_ASSIGNMENT (( #1389 ) ) ;
#609 = ORIENTED_EDGE ( 'NONE', *, *, #5606, .F. ) ;
#610 = CIRCLE ( 'NONE', #4580, 1.249999999999997558 ) ;
#611 =( BOUNDED_SURFACE ( )  B_SPLINE_SURFACE ( 3, 2, ( 
 ( #3550, #3851, #9297 ),
 ( #4563, #7667, #570 ),
 ( #2931, #9905, #9145 ),
 ( #5233, #6091, #6937 ) ),
 .UNSPECIFIED., .F., .F., .F. ) 
 B_SPLINE_SURFACE_WITH_KNOTS ( ( 4, 4 ),
 ( 3, 3 ),
 ( 4.390638425988010241, 4.712388980384689674 ),
 ( 0.000000000000000000, 1.000000000000000000 ),
 .UNSPECIFIED. ) 
 GEOMETRIC_REPRESENTATION_ITEM ( )  RATIONAL_B_SPLINE_SURFACE ( (
 ( 1.000000000000000000, 0.7416198487095697622, 1.000000000000000000),
 ( 1.000000000000000000, 0.7307758147742089427, 1.000000000000000000),
 ( 1.000000000000000000, 0.7190998675408903917, 1.000000000000000000),
 ( 1.000000000000000000, 0.7071067811865475727, 1.000000000000000000) ) ) 
 REPRESENTATION_ITEM ( '' )  SURFACE ( )  );
#612 = ORIENTED_EDGE ( 'NONE', *, *, #485, .T. ) ;
#613 = SURFACE_STYLE_USAGE ( .BOTH. , #503 ) ;
#614 = ORIENTED_EDGE ( 'NONE', *, *, #9588, .F. ) ;
#615 = COLOUR_RGB ( '',0.2509803921568627416, 0.2509803921568627416, 0.2509803921568627416 ) ;
#616 = FILL_AREA_STYLE ('',( #6985 ) ) ;
#617 = LINE ( 'NONE', #8460, #6190 ) ;
#618 = LINE ( 'NONE', #1300, #1167 ) ;
#619 = DIRECTION ( 'NONE',  ( -1.000000000000000000, 0.000000000000000000, 0.000000000000000000 ) ) ;
#620 = MECHANICAL_DESIGN_GEOMETRIC_PRESENTATION_REPRESENTATION (  '', ( #2964 ), #3303 ) ;
#621 = CARTESIAN_POINT ( 'NONE',  ( -14.24999999999994316, -15.50000000000004974, -2.266821225221747863E-17 ) ) ;
#622 = AXIS2_PLACEMENT_3D ( 'NONE', #8540, #8376, #5309 ) ;
#623 = ADVANCED_FACE ( 'NONE', ( #2290 ), #4110, .T. ) ;
#624 = LINE ( 'NONE', #5290, #9699 ) ;
#625 = CARTESIAN_POINT ( 'NONE',  ( 13.69999999999983764, 0.000000000000000000, 45.39999999999999858 ) ) ;
#626 = EDGE_LOOP ( 'NONE', ( #2213, #2000, #6251, #9434 ) ) ;
#627 = FILL_AREA_STYLE_COLOUR ( '', #9915 ) ;
#628 = EDGE_CURVE ( 'NONE', #671, #8401, #2815, .T. ) ;
#629 = VECTOR ( 'NONE', #6724, 1000.000000000000000 ) ;
#630 = VECTOR ( 'NONE', #5636, 1000.000000000000000 ) ;
#631 = STYLED_ITEM ( 'NONE', ( #6161 ), #152 ) ;
#632 = DIRECTION ( 'NONE',  ( 0.000000000000000000, 0.000000000000000000, 1.000000000000000000 ) ) ;
#633 = DIRECTION ( 'NONE',  ( -8.202002250481357549E-17, 1.000000000000000000, 0.000000000000000000 ) ) ;
#634 = MECHANICAL_DESIGN_GEOMETRIC_PRESENTATION_REPRESENTATION (  '', ( #2977 ), #4285 ) ;
#635 = EDGE_CURVE ( 'NONE', #8874, #6704, #7940, .T. ) ;
#636 = DIRECTION ( 'NONE',  ( -0.000000000000000000, -0.000000000000000000, 1.000000000000000000 ) ) ;
#637 = DIRECTION ( 'NONE',  ( -0.1961161351381841833, 0.000000000000000000, -0.9805806756909201116 ) ) ;
#638 =( GEOMETRIC_REPRESENTATION_CONTEXT ( 3 ) GLOBAL_UNCERTAINTY_ASSIGNED_CONTEXT ( ( #7062 ) ) GLOBAL_UNIT_ASSIGNED_CONTEXT ( ( #6160, #3259, #9312 ) ) REPRESENTATION_CONTEXT ( 'NONE', 'WORKASPACE' ) );
#639 = FACE_OUTER_BOUND ( 'NONE', #1006, .T. ) ;
#640 = ORIENTED_EDGE ( 'NONE', *, *, #6213, .T. ) ;
#641 = CIRCLE ( 'NONE', #6746, 0.5000000000000004441 ) ;
#642 = DIRECTION ( 'NONE',  ( 1.000000000000000000, 1.334402673828310480E-15, 0.000000000000000000 ) ) ;
#643 = UNCERTAINTY_MEASURE_WITH_UNIT (LENGTH_MEASURE( 1.000000000000000082E-05 ), #8372, 'distance_accuracy_value', 'NONE');
#644 = MECHANICAL_DESIGN_GEOMETRIC_PRESENTATION_REPRESENTATION (  '', ( #2656 ), #8593 ) ;
#645 = SURFACE_STYLE_USAGE ( .BOTH. , #6020 ) ;
#646 = EDGE_CURVE ( 'NONE', #2476, #5707, #143, .T. ) ;
#647 =( LENGTH_UNIT ( ) NAMED_UNIT ( * ) SI_UNIT ( .MILLI., .METRE. ) );
#648 = VECTOR ( 'NONE', #8397, 1000.000000000000000 ) ;
#649 = CARTESIAN_POINT ( 'NONE',  ( 24.49416538541828814, -11.75371763297026995, 42.33084983867499318 ) ) ;
#650 = CARTESIAN_POINT ( 'NONE',  ( 28.14999999999999858, 9.779240779943870976, 38.00000000000000000 ) ) ;
#651 = CARTESIAN_POINT ( 'NONE',  ( 5.626851092634242768, 2.000000000000000000, -23.56571032415539690 ) ) ;
#652 = DIRECTION ( 'NONE',  ( 5.337610695313263217E-15, -1.000000000000000000, 0.000000000000000000 ) ) ;
#653 =( LENGTH_UNIT ( ) NAMED_UNIT ( * ) SI_UNIT ( .MILLI., .METRE. ) );
#654 = ORIENTED_EDGE ( 'NONE', *, *, #5897, .T. ) ;
#655 = FILL_AREA_STYLE_COLOUR ( '', #6159 ) ;
#656 = DIRECTION ( 'NONE',  ( -0.9486832980505146562, -0.3162277660168358873, 0.000000000000000000 ) ) ;
#657 = VERTEX_POINT ( 'NONE', #4069 ) ;
#658 = DIRECTION ( 'NONE',  ( -0.000000000000000000, -0.000000000000000000, -1.000000000000000000 ) ) ;
#659 = LINE ( 'NONE', #5133, #2282 ) ;
#660 = EDGE_CURVE ( 'NONE', #9317, #4253, #2467, .T. ) ;
#661 = MECHANICAL_DESIGN_GEOMETRIC_PRESENTATION_REPRESENTATION (  '', ( #1821 ), #1488 ) ;
#662 = ORIENTED_EDGE ( 'NONE', *, *, #3795, .F. ) ;
#663 = VERTEX_POINT ( 'NONE', #1717 ) ;
#664 = AXIS2_PLACEMENT_3D ( 'NONE', #1334, #6813, #1277 ) ;
#665 = DIRECTION ( 'NONE',  ( -0.000000000000000000, -0.000000000000000000, -1.000000000000000000 ) ) ;
#666 =( NAMED_UNIT ( * ) SI_UNIT ( $, .STERADIAN. ) SOLID_ANGLE_UNIT ( ) );
#667 = DIRECTION ( 'NONE',  ( -0.7071067811865460184, 8.659560562354913137E-17, 0.7071067811865489050 ) ) ;
#668 = SURFACE_SIDE_STYLE ('',( #4602 ) ) ;
#669 = CARTESIAN_POINT ( 'NONE',  ( 28.14999999999999858, 6.520106648094790458, 42.49999999999999289 ) ) ;
#670 = SURFACE_STYLE_FILL_AREA ( #3237 ) ;
#671 = VERTEX_POINT ( 'NONE', #895 ) ;
#672 = VECTOR ( 'NONE', #1113, 1000.000000000000000 ) ;
#673 = EDGE_CURVE ( 'NONE', #4823, #9706, #1470, .T. ) ;
#674 = ORIENTED_EDGE ( 'NONE', *, *, #5978, .T. ) ;
#675 = CARTESIAN_POINT ( 'NONE',  ( 25.02420453416708668, -11.29458337472978080, 38.49130268458792870 ) ) ;
#676 = MECHANICAL_DESIGN_GEOMETRIC_PRESENTATION_REPRESENTATION (  '', ( #2003 ), #4983 ) ;
#677 = ORIENTED_EDGE ( 'NONE', *, *, #4763, .F. ) ;
#678 = CARTESIAN_POINT ( 'NONE',  ( 28.21546164077680174, 6.520106648094790458, 42.00000000003269918 ) ) ;
#679 = SURFACE_STYLE_USAGE ( .BOTH. , #8566 ) ;
#680 = CIRCLE ( 'NONE', #6955, 0.5000000000000004441 ) ;
#681 = DIRECTION ( 'NONE',  ( 1.000000000000000000, -1.334402673828317777E-15, 0.000000000000000000 ) ) ;
#682 = DIRECTION ( 'NONE',  ( -1.000000000000000000, 0.000000000000000000, 0.000000000000000000 ) ) ;
#683 = PRESENTATION_STYLE_ASSIGNMENT (( #7997 ) ) ;
#684 = UNCERTAINTY_MEASURE_WITH_UNIT (LENGTH_MEASURE( 1.000000000000000082E-05 ), #8496, 'distance_accuracy_value', 'NONE');
#685 = ADVANCED_FACE ( 'NONE', ( #9703 ), #2052, .F. ) ;
#686 = DIRECTION ( 'NONE',  ( 1.000000000000000000, -1.334402673828317777E-15, 0.000000000000000000 ) ) ;
#687 = FILL_AREA_STYLE ('',( #4833 ) ) ;
#688 = VERTEX_POINT ( 'NONE', #1818 ) ;
#689 = PLANE ( 'NONE',  #4339 ) ;
#690 = DIRECTION ( 'NONE',  ( 0.000000000000000000, 0.000000000000000000, 1.000000000000000000 ) ) ;
#691 = DIRECTION ( 'NONE',  ( -1.334402673828310480E-15, -1.000000000000000000, 0.000000000000000000 ) ) ;
#692 = CARTESIAN_POINT ( 'NONE',  ( 48.64999999999999858, -1.698780669118019615, 40.49999999999995737 ) ) ;
#693 = PRESENTATION_STYLE_ASSIGNMENT (( #5600 ) ) ;
#694 = ORIENTED_EDGE ( 'NONE', *, *, #3167, .T. ) ;
#695 = PRESENTATION_LAYER_ASSIGNMENT (  '', '', ( #6972 ) ) ;
#696 = ADVANCED_FACE ( 'NONE', ( #5207 ), #4918, .T. ) ;
#697 = CARTESIAN_POINT ( 'NONE',  ( -13.70000000000016094, -16.00000000000102318, 46.39999999999999858 ) ) ;
#698 = VECTOR ( 'NONE', #8054, 1000.000000000000000 ) ;
#699 = CARTESIAN_POINT ( 'NONE',  ( 14.99999999999983302, 14.99999999999897504, 46.39999999999999858 ) ) ;
#700 = FACE_OUTER_BOUND ( 'NONE', #8217, .T. ) ;
#701 = CARTESIAN_POINT ( 'NONE',  ( 13.32957238623955831, 21.14999999999999858, 8.000000000000000000 ) ) ;
#702 = SURFACE_SIDE_STYLE ('',( #10065 ) ) ;
#703 = LINE ( 'NONE', #535, #983 ) ;
#704 = VERTEX_POINT ( 'NONE', #5782 ) ;
#705 = CARTESIAN_POINT ( 'NONE',  ( 24.55811388300841713, -11.39586701372285305, 38.98274590317942057 ) ) ;
#706 = SURFACE_STYLE_FILL_AREA ( #9269 ) ;
#707 = PRESENTATION_STYLE_ASSIGNMENT (( #1593 ) ) ;
#708 = ORIENTED_EDGE ( 'NONE', *, *, #8235, .T. ) ;
#709 = DIRECTION ( 'NONE',  ( 1.000000000000000000, -1.334402673828317777E-15, 0.000000000000000000 ) ) ;
#710 = SURFACE_STYLE_USAGE ( .BOTH. , #6918 ) ;
#711 =( GEOMETRIC_REPRESENTATION_CONTEXT ( 3 ) GLOBAL_UNCERTAINTY_ASSIGNED_CONTEXT ( ( #3528 ) ) GLOBAL_UNIT_ASSIGNED_CONTEXT ( ( #3919, #2539, #8826 ) ) REPRESENTATION_CONTEXT ( 'NONE', 'WORKASPACE' ) );
#712 = MECHANICAL_DESIGN_GEOMETRIC_PRESENTATION_REPRESENTATION (  '', ( #8012 ), #9922 ) ;
#713 = FILL_AREA_STYLE ('',( #7807 ) ) ;
#714 = ORIENTED_EDGE ( 'NONE', *, *, #7255, .F. ) ;
#715 = SURFACE_STYLE_USAGE ( .BOTH. , #6189 ) ;
#716 = ORIENTED_EDGE ( 'NONE', *, *, #1177, .F. ) ;
#717 = MECHANICAL_DESIGN_GEOMETRIC_PRESENTATION_REPRESENTATION (  '', ( #2039 ), #369 ) ;
#718 =( NAMED_UNIT ( * ) PLANE_ANGLE_UNIT ( ) SI_UNIT ( $, .RADIAN. ) );
#719 =( LENGTH_UNIT ( ) NAMED_UNIT ( * ) SI_UNIT ( .MILLI., .METRE. ) );
#720 =( GEOMETRIC_REPRESENTATION_CONTEXT ( 3 ) GLOBAL_UNCERTAINTY_ASSIGNED_CONTEXT ( ( #7705 ) ) GLOBAL_UNIT_ASSIGNED_CONTEXT ( ( #7745, #6233, #7597 ) ) REPRESENTATION_CONTEXT ( 'NONE', 'WORKASPACE' ) );
#721 = SURFACE_STYLE_FILL_AREA ( #9977 ) ;
#722 = DIRECTION ( 'NONE',  ( -0.000000000000000000, -0.000000000000000000, 1.000000000000000000 ) ) ;
#723 = DIRECTION ( 'NONE',  ( 1.000000000000000000, 0.000000000000000000, 0.000000000000000000 ) ) ;
#724 = PLANE ( 'NONE',  #5129 ) ;
#725 = ORIENTED_EDGE ( 'NONE', *, *, #5397, .F. ) ;
#726 = EDGE_CURVE ( 'NONE', #2164, #8742, #8433, .T. ) ;
#727 = EDGE_LOOP ( 'NONE', ( #7604, #1560, #1549, #4181 ) ) ;
#728 = CARTESIAN_POINT ( 'NONE',  ( 25.05811388300841713, -11.17024909563580337, 38.50000000000000000 ) ) ;
#729 =( GEOMETRIC_REPRESENTATION_CONTEXT ( 3 ) GLOBAL_UNCERTAINTY_ASSIGNED_CONTEXT ( ( #1719 ) ) GLOBAL_UNIT_ASSIGNED_CONTEXT ( ( #2929, #4504, #6254 ) ) REPRESENTATION_CONTEXT ( 'NONE', 'WORKASPACE' ) );
#730 = EDGE_LOOP ( 'NONE', ( #9672, #8375 ) ) ;
#731 = CARTESIAN_POINT ( 'NONE',  ( 28.58689319642920523, 6.271916132843240455, 42.49638103050343574 ) ) ;
#732 = LINE ( 'NONE', #1398, #5974 ) ;
#733 = SURFACE_STYLE_FILL_AREA ( #4614 ) ;
#734 = CARTESIAN_POINT ( 'NONE',  ( 17.14999999999998437, -21.15000000000000213, 37.00000000000000000 ) ) ;
#735 =( LENGTH_UNIT ( ) NAMED_UNIT ( * ) SI_UNIT ( .MILLI., .METRE. ) );
#736 = EDGE_CURVE ( 'NONE', #40, #1810, #4976, .T. ) ;
#737 = STYLED_ITEM ( 'NONE', ( #9355 ), #7640 ) ;
#738 = STYLED_ITEM ( 'NONE', ( #1129 ), #2254 ) ;
#739 = COLOUR_RGB ( '',0.2509803921568627416, 0.2509803921568627416, 0.2509803921568627416 ) ;
#740 = MECHANICAL_DESIGN_GEOMETRIC_PRESENTATION_REPRESENTATION (  '', ( #6666 ), #3410 ) ;
#741 =( LENGTH_UNIT ( ) NAMED_UNIT ( * ) SI_UNIT ( .MILLI., .METRE. ) );
#742 = ORIENTED_EDGE ( 'NONE', *, *, #2961, .T. ) ;
#743 = FACE_OUTER_BOUND ( 'NONE', #5743, .T. ) ;
#744 = AXIS2_PLACEMENT_3D ( 'NONE', #1669, #8202, #3538 ) ;
#745 = VECTOR ( 'NONE', #8979, 1000.000000000000000 ) ;
#746 = STYLED_ITEM ( 'NONE', ( #7520 ), #5733 ) ;
#747 = PRESENTATION_STYLE_ASSIGNMENT (( #9255 ) ) ;
#748 = DIRECTION ( 'NONE',  ( 0.000000000000000000, 0.000000000000000000, -1.000000000000000000 ) ) ;
#749 = DIRECTION ( 'NONE',  ( 0.000000000000000000, 0.000000000000000000, 1.000000000000000000 ) ) ;
#750 = EDGE_CURVE ( 'NONE', #926, #1599, #8051, .T. ) ;
#751 = DIRECTION ( 'NONE',  ( -0.000000000000000000, -0.000000000000000000, -1.000000000000000000 ) ) ;
#752 = EDGE_LOOP ( 'NONE', ( #4558, #7387 ) ) ;
#753 = VECTOR ( 'NONE', #6927, 1000.000000000000000 ) ;
#754 = FACE_OUTER_BOUND ( 'NONE', #1948, .T. ) ;
#755 = UNCERTAINTY_MEASURE_WITH_UNIT (LENGTH_MEASURE( 1.000000000000000082E-05 ), #1744, 'distance_accuracy_value', 'NONE');
#756 = EDGE_CURVE ( 'NONE', #782, #6419, #1715, .T. ) ;
#757 = FACE_OUTER_BOUND ( 'NONE', #1038, .T. ) ;
#758 = CARTESIAN_POINT ( 'NONE',  ( 16.00000000000000000, 1.959434878635765131E-15, 0.000000000000000000 ) ) ;
#759 = FILL_AREA_STYLE_COLOUR ( '', #5846 ) ;
#760 = CARTESIAN_POINT ( 'NONE',  ( -16.00000000000020606, -30.99999999999995737, 45.39999999999999858 ) ) ;
#761 = CARTESIAN_POINT ( 'NONE',  ( 28.64999999999999858, -6.020106648094795787, 0.000000000000000000 ) ) ;
#762 = CARTESIAN_POINT ( 'NONE',  ( 28.14999999999999858, 7.020106648094791346, 39.00000000000000000 ) ) ;
#763 = ORIENTED_EDGE ( 'NONE', *, *, #2607, .F. ) ;
#764 = CARTESIAN_POINT ( 'NONE',  ( 2.000000000000015543, 0.000000000000000000, -24.00000000000000000 ) ) ;
#765 = FILL_AREA_STYLE_COLOUR ( '', #2345 ) ;
#766 = ORIENTED_EDGE ( 'NONE', *, *, #4076, .F. ) ;
#767 = CARTESIAN_POINT ( 'NONE',  ( 27.96622776601683569, -10.72792407799439118, 44.63675444679662974 ) ) ;
#768 = CARTESIAN_POINT ( 'NONE',  ( 14.99999999999984013, -13.70000000000102425, 46.39999999999999858 ) ) ;
#769 = EDGE_CURVE ( 'NONE', #3335, #9331, #2197, .T. ) ;
#770 = CARTESIAN_POINT ( 'NONE',  ( -18.25000000000016698, 15.49999999999897504, 46.40000000000000568 ) ) ;
#771 = ORIENTED_EDGE ( 'NONE', *, *, #8341, .T. ) ;
#772 = CARTESIAN_POINT ( 'NONE',  ( 0.000000000000000000, 0.000000000000000000, -1.734723475976807094E-15 ) ) ;
#773 = ORIENTED_EDGE ( 'NONE', *, *, #9588, .T. ) ;
#774 = DIRECTION ( 'NONE',  ( 1.000000000000000000, 1.334402673828310480E-15, 0.000000000000000000 ) ) ;
#775 = CARTESIAN_POINT ( 'NONE',  ( -21.14999999999999503, -17.15000000000000213, 47.00000000000000000 ) ) ;
#776 = DIRECTION ( 'NONE',  ( 1.000000000000000000, 0.000000000000000000, 0.000000000000000000 ) ) ;
#777 = LINE ( 'NONE', #8707, #9151 ) ;
#778 = PLANE ( 'NONE',  #4538 ) ;
#779 = ORIENTED_EDGE ( 'NONE', *, *, #1586, .F. ) ;
#780 = VECTOR ( 'NONE', #7672, 1000.000000000000114 ) ;
#781 = ORIENTED_EDGE ( 'NONE', *, *, #8790, .F. ) ;
#782 = VERTEX_POINT ( 'NONE', #6024 ) ;
#783 = FACE_OUTER_BOUND ( 'NONE', #3740, .T. ) ;
#784 = EDGE_CURVE ( 'NONE', #6011, #4557, #257, .T. ) ;
#785 = PRESENTATION_STYLE_ASSIGNMENT (( #1345 ) ) ;
#786 =( NAMED_UNIT ( * ) PLANE_ANGLE_UNIT ( ) SI_UNIT ( $, .RADIAN. ) );
#787 = CONICAL_SURFACE ( 'NONE', #5402, 1.249999999999999334, 1.029744258676653867 ) ;
#788 = CARTESIAN_POINT ( 'NONE',  ( 0.000000000000000000, 0.000000000000000000, 0.000000000000000000 ) ) ;
#789 = LINE ( 'NONE', #1994, #6517 ) ;
#790 = CARTESIAN_POINT ( 'NONE',  ( 25.00811388300841642, 11.35358242896913161, 42.52565835097473723 ) ) ;
#791 = VERTEX_POINT ( 'NONE', #8951 ) ;
#792 = UNCERTAINTY_MEASURE_WITH_UNIT (LENGTH_MEASURE( 1.000000000000000082E-05 ), #1509, 'distance_accuracy_value', 'NONE');
#793 = LINE ( 'NONE', #8994, #4758 ) ;
#794 = SURFACE_SIDE_STYLE ('',( #8465 ) ) ;
#795 = PRESENTATION_LAYER_ASSIGNMENT (  '', '', ( #6895 ) ) ;
#796 = EDGE_CURVE ( 'NONE', #3675, #9026, #1623, .T. ) ;
#797 = ORIENTED_EDGE ( 'NONE', *, *, #1014, .F. ) ;
#798 = FILL_AREA_STYLE_COLOUR ( '', #2189 ) ;
#799 = CARTESIAN_POINT ( 'NONE',  ( 24.21622776601683213, 11.97792407799438585, 38.00000000000000000 ) ) ;
#800 = PRESENTATION_LAYER_ASSIGNMENT (  '', '', ( #8411 ) ) ;
#801 = STYLED_ITEM ( 'NONE', ( #7488 ), #2844 ) ;
#802 = CARTESIAN_POINT ( 'NONE',  ( 28.14999999999999858, -7.020106648094795787, 39.00000000000000000 ) ) ;
#803 = SURFACE_STYLE_FILL_AREA ( #6322 ) ;
#804 = SURFACE_STYLE_USAGE ( .BOTH. , #8729 ) ;
#805 = PLANE ( 'NONE',  #6833 ) ;
#806 = LINE ( 'NONE', #8014, #1138 ) ;
#807 = VERTEX_POINT ( 'NONE', #3484 ) ;
#808 = DIRECTION ( 'NONE',  ( 0.3162277660168358873, 0.9486832980505145452, 0.000000000000000000 ) ) ;
#809 = AXIS2_PLACEMENT_3D ( 'NONE', #4524, #2136, #5301 ) ;
#810 = ADVANCED_FACE ( 'NONE', ( #7356 ), #8201, .F. ) ;
#811 = MECHANICAL_DESIGN_GEOMETRIC_PRESENTATION_REPRESENTATION (  '', ( #4771 ), #975 ) ;
#812 = FACE_OUTER_BOUND ( 'NONE', #327, .T. ) ;
#813 = FILL_AREA_STYLE ('',( #5700 ) ) ;
#814 = SURFACE_STYLE_USAGE ( .BOTH. , #2596 ) ;
#815 = SURFACE_STYLE_USAGE ( .BOTH. , #3878 ) ;
#816 =( LENGTH_UNIT ( ) NAMED_UNIT ( * ) SI_UNIT ( .MILLI., .METRE. ) );
#817 = VERTEX_POINT ( 'NONE', #9379 ) ;
#818 = MECHANICAL_DESIGN_GEOMETRIC_PRESENTATION_REPRESENTATION (  '', ( #1640 ), #5458 ) ;
#819 = CIRCLE ( 'NONE', #6076, 0.5000000000000004441 ) ;
#820 = CARTESIAN_POINT ( 'NONE',  ( -15.00000000000012434, -4.003208021484980664E-14, 46.39999999999999858 ) ) ;
#821 = PLANE ( 'NONE',  #57 ) ;
#822 = DIRECTION ( 'NONE',  ( -1.000000000000000000, -0.000000000000000000, -0.000000000000000000 ) ) ;
#823 = VERTEX_POINT ( 'NONE', #8691 ) ;
#824 = CARTESIAN_POINT ( 'NONE',  ( 2.001604010742336977E-14, -16.00000000000104805, 46.39999999999999858 ) ) ;
#825 = SURFACE_SIDE_STYLE ('',( #7293 ) ) ;
#826 = ORIENTED_EDGE ( 'NONE', *, *, #2160, .F. ) ;
#827 =( NAMED_UNIT ( * ) PLANE_ANGLE_UNIT ( ) SI_UNIT ( $, .RADIAN. ) );
#828 = VECTOR ( 'NONE', #2773, 1000.000000000000000 ) ;
#829 = COLOUR_RGB ( '',0.2509803921568627416, 0.2509803921568627416, 0.2509803921568627416 ) ;
#830 = VERTEX_POINT ( 'NONE', #9324 ) ;
#831 = EDGE_CURVE ( 'NONE', #5224, #9533, #7498, .T. ) ;
#832 = CARTESIAN_POINT ( 'NONE',  ( 0.000000000000000000, 0.000000000000000000, 37.00000000000000000 ) ) ;
#833 = SURFACE_STYLE_FILL_AREA ( #5569 ) ;
#834 = DIRECTION ( 'NONE',  ( 0.000000000000000000, -0.000000000000000000, 1.000000000000000000 ) ) ;
#835 = CARTESIAN_POINT ( 'NONE',  ( 17.29999999999983729, -16.00000000000102318, 46.39999999999999858 ) ) ;
#836 = VERTEX_POINT ( 'NONE', #10010 ) ;
#837 = STYLED_ITEM ( 'NONE', ( #7929 ), #6084 ) ;
#838 = VERTEX_POINT ( 'NONE', #6064 ) ;
#839 = SURFACE_STYLE_FILL_AREA ( #8618 ) ;
#840 = AXIS2_PLACEMENT_3D ( 'NONE', #7532, #1259, #4280 ) ;
#841 = ORIENTED_EDGE ( 'NONE', *, *, #5006, .T. ) ;
#842 = FILL_AREA_STYLE_COLOUR ( '', #4531 ) ;
#843 = STYLED_ITEM ( 'NONE', ( #6455 ), #8937 ) ;
#844 =( NAMED_UNIT ( * ) SI_UNIT ( $, .STERADIAN. ) SOLID_ANGLE_UNIT ( ) );
#845 = SURFACE_STYLE_FILL_AREA ( #8624 ) ;
#846 = DIRECTION ( 'NONE',  ( -0.000000000000000000, -0.000000000000000000, 1.000000000000000000 ) ) ;
#847 = CIRCLE ( 'NONE', #4473, 1.201219330881977854 ) ;
#848 = CARTESIAN_POINT ( 'NONE',  ( 14.99999999999983302, -16.00000000000102673, 46.39999999999999858 ) ) ;
#849 = FACE_OUTER_BOUND ( 'NONE', #8619, .T. ) ;
#850 = STYLED_ITEM ( 'NONE', ( #6696 ), #9296 ) ;
#851 = CARTESIAN_POINT ( 'NONE',  ( -15.00000000000016342, -16.00000000000102673, 45.39999999999999858 ) ) ;
#852 = ORIENTED_EDGE ( 'NONE', *, *, #6681, .F. ) ;
#853 =( NAMED_UNIT ( * ) SI_UNIT ( $, .STERADIAN. ) SOLID_ANGLE_UNIT ( ) );
#854 = CONICAL_SURFACE ( 'NONE', #6613, 1.249999999999997558, 1.029744258676653867 ) ;
#855 = DIRECTION ( 'NONE',  ( 1.000000000000000000, 0.000000000000000000, 0.000000000000000000 ) ) ;
#856 =( NAMED_UNIT ( * ) PLANE_ANGLE_UNIT ( ) SI_UNIT ( $, .RADIAN. ) );
#857 = LINE ( 'NONE', #64, #5838 ) ;
#858 = DIRECTION ( 'NONE',  ( -1.000000000000000000, 0.000000000000000000, 0.000000000000000000 ) ) ;
#859 = MECHANICAL_DESIGN_GEOMETRIC_PRESENTATION_REPRESENTATION (  '', ( #7304 ), #4987 ) ;
#860 = VERTEX_POINT ( 'NONE', #2325 ) ;
#861 = UNCERTAINTY_MEASURE_WITH_UNIT (LENGTH_MEASURE( 1.000000000000000082E-05 ), #213, 'distance_accuracy_value', 'NONE');
#862 = EDGE_LOOP ( 'NONE', ( #5682, #1918, #6304 ) ) ;
#863 = PRESENTATION_STYLE_ASSIGNMENT (( #2441 ) ) ;
#864 = AXIS2_PLACEMENT_3D ( 'NONE', #1726, #905, #8776 ) ;
#865 = EDGE_LOOP ( 'NONE', ( #7528, #2445, #7960, #6645 ) ) ;
#866 = EDGE_CURVE ( 'NONE', #9800, #7652, #4352, .T. ) ;
#867 = DIRECTION ( 'NONE',  ( 0.000000000000000000, 0.000000000000000000, -1.000000000000000000 ) ) ;
#868 = CARTESIAN_POINT ( 'NONE',  ( 25.05811388300841713, -11.50358242896913730, 38.94868329805051133 ) ) ;
#869 = PRESENTATION_STYLE_ASSIGNMENT (( #3224 ) ) ;
#870 = ORIENTED_EDGE ( 'NONE', *, *, #4310, .F. ) ;
#871 = CARTESIAN_POINT ( 'NONE',  ( 0.000000000000000000, 0.000000000000000000, 7.999999999999992895 ) ) ;
#872 = DIRECTION ( 'NONE',  ( -0.000000000000000000, -0.000000000000000000, -1.000000000000000000 ) ) ;
#873 = VERTEX_POINT ( 'NONE', #8543 ) ;
#874 = PRESENTATION_LAYER_ASSIGNMENT (  '', '', ( #4035 ) ) ;
#875 = FILL_AREA_STYLE ('',( #1941 ) ) ;
#876 = ORIENTED_EDGE ( 'NONE', *, *, #6264, .F. ) ;
#877 = UNCERTAINTY_MEASURE_WITH_UNIT (LENGTH_MEASURE( 1.000000000000000082E-05 ), #735, 'distance_accuracy_value', 'NONE');
#878 = FACE_OUTER_BOUND ( 'NONE', #1639, .T. ) ;
#879 = DIRECTION ( 'NONE',  ( -1.000000000000000000, -8.202002250481356316E-17, 0.000000000000000000 ) ) ;
#880 = SURFACE_STYLE_FILL_AREA ( #4057 ) ;
#881 = EDGE_CURVE ( 'NONE', #4411, #4300, #7694, .T. ) ;
#882 = SURFACE_STYLE_USAGE ( .BOTH. , #199 ) ;
#883 = CARTESIAN_POINT ( 'NONE',  ( 24.63926546838040110, 11.83691151053986168, 38.22296044593220898 ) ) ;
#884 = CARTESIAN_POINT ( 'NONE',  ( 14.99999999999983658, 15.99999999999897327, 46.39999999999999858 ) ) ;
#885 = ORIENTED_EDGE ( 'NONE', *, *, #4220, .T. ) ;
#886 = COLOUR_RGB ( '',0.2509803921568627416, 0.2509803921568627416, 0.2509803921568627416 ) ;
#887 = AXIS2_PLACEMENT_3D ( 'NONE', #6449, #9444, #9503 ) ;
#888 = EDGE_CURVE ( 'NONE', #9023, #1607, #1902, .T. ) ;
#889 = EDGE_LOOP ( 'NONE', ( #5090, #3000, #368, #6551, #5083, #2711 ) ) ;
#890 = CARTESIAN_POINT ( 'NONE',  ( 13.31369220013741206, -21.16000000000000725, -53.84951795962939514 ) ) ;
#891 = ORIENTED_EDGE ( 'NONE', *, *, #5863, .F. ) ;
#892 = AXIS2_PLACEMENT_3D ( 'NONE', #7933, #1808, #4152 ) ;
#893 = AXIS2_PLACEMENT_3D ( 'NONE', #8275, #2597, #9818 ) ;
#894 = DIRECTION ( 'NONE',  ( 0.000000000000000000, 0.000000000000000000, -1.000000000000000000 ) ) ;
#895 = CARTESIAN_POINT ( 'NONE',  ( 12.14999999999984226, 15.49999999999897504, 47.00000000000000000 ) ) ;
#896 = PRESENTATION_STYLE_ASSIGNMENT (( #3293 ) ) ;
#897 =( NAMED_UNIT ( * ) PLANE_ANGLE_UNIT ( ) SI_UNIT ( $, .RADIAN. ) );
#898 = AXIS2_PLACEMENT_3D ( 'NONE', #554, #6817, #6079 ) ;
#899 = FILL_AREA_STYLE_COLOUR ( '', #10203 ) ;
#900 = UNCERTAINTY_MEASURE_WITH_UNIT (LENGTH_MEASURE( 1.000000000000000082E-05 ), #6917, 'distance_accuracy_value', 'NONE');
#901 = CARTESIAN_POINT ( 'NONE',  ( 24.49416538541812471, 11.75371763297047067, 42.33084983867504292 ) ) ;
#902 =( NAMED_UNIT ( * ) SI_UNIT ( $, .STERADIAN. ) SOLID_ANGLE_UNIT ( ) );
#903 = COLOUR_RGB ( '',0.2509803921568627416, 0.2509803921568627416, 0.2509803921568627416 ) ;
#904 = VERTEX_POINT ( 'NONE', #7643 ) ;
#905 = DIRECTION ( 'NONE',  ( 1.000000000000000000, 0.000000000000000000, 0.000000000000000000 ) ) ;
#906 = MECHANICAL_DESIGN_GEOMETRIC_PRESENTATION_REPRESENTATION (  '', ( #1559 ), #63 ) ;
#907 = CARTESIAN_POINT ( 'NONE',  ( -2.001604010742331613E-14, -16.00000000000100542, 45.39999999999999858 ) ) ;
#908 = FILL_AREA_STYLE_COLOUR ( '', #1880 ) ;
#909 = AXIS2_PLACEMENT_3D ( 'NONE', #9480, #8580, #66 ) ;
#910 = CARTESIAN_POINT ( 'NONE',  ( 28.45727336512991812, -6.819773480208533023, 38.39983341605662304 ) ) ;
#911 = UNCERTAINTY_MEASURE_WITH_UNIT (LENGTH_MEASURE( 1.000000000000000082E-05 ), #5659, 'distance_accuracy_value', 'NONE');
#912 = VERTEX_POINT ( 'NONE', #3820 ) ;
#913 = LINE ( 'NONE', #8017, #9037 ) ;
#914 = SURFACE_SIDE_STYLE ('',( #5510 ) ) ;
#915 = VECTOR ( 'NONE', #5430, 1000.000000000000000 ) ;
#916 = STYLED_ITEM ( 'NONE', ( #8690 ), #5593 ) ;
#917 = FILL_AREA_STYLE ('',( #5555 ) ) ;
#918 = PRESENTATION_STYLE_ASSIGNMENT (( #814 ) ) ;
#919 = MECHANICAL_DESIGN_GEOMETRIC_PRESENTATION_REPRESENTATION (  '', ( #9799 ), #7857 ) ;
#920 = EDGE_CURVE ( 'NONE', #3240, #1713, #6673, .T. ) ;
#921 = DIRECTION ( 'NONE',  ( 1.000000000000000000, -1.334402673828317777E-15, 0.000000000000000000 ) ) ;
#922 = DIRECTION ( 'NONE',  ( 0.000000000000000000, 0.000000000000000000, -1.000000000000000000 ) ) ;
#923 = STYLED_ITEM ( 'NONE', ( #785 ), #5775 ) ;
#924 = SURFACE_STYLE_FILL_AREA ( #1540 ) ;
#925 = CARTESIAN_POINT ( 'NONE',  ( 28.14999999999999858, -9.779240779943883410, 38.00000000000000000 ) ) ;
#926 = VERTEX_POINT ( 'NONE', #6114 ) ;
#927 = DIRECTION ( 'NONE',  ( -1.224646799147353207E-16, 1.000000000000000000, 0.000000000000000000 ) ) ;
#928 = ORIENTED_EDGE ( 'NONE', *, *, #9572, .F. ) ;
#929 = CLOSED_SHELL ( 'NONE', ( #9488, #5871, #1344, #8676, #6133, #5940, #9532, #4970, #4465, #1189, #9908, #6857, #100, #10109, #9361, #5694, #5733, #9128, #6657, #4105, #5166, #3531, #4208, #8552, #2086, #7364, #3154, #1997, #1396, #8184, #2078, #9636, #2145, #4397, #2174, #4711, #2933, #6084, #6142, #1886, #9651, #175, #6095, #1133, #9035, #6493, #7082, #9372, #4895, #4882, #7317, #9789, #9038, #9296, #3088, #685, #5250, #10035, #8937, #6731, #3346, #6561, #3509, #9396, #4177, #8728, #5375, #4731, #2844, #8023, #294, #8095, #5310, #4628, #1053, #1620, #3723, #8804, #6121, #10208, #7373, #5775, #6849, #152, #7311, #3422, #4435, #1320, #9304, #8860, #7640, #4197, #2734, #8320, #9157, #6376, #7143, #1255, #8654, #6870, #4351, #5739, #4844, #3144, #2254, #3439, #989, #17, #4577, #5074, #5546, #953, #7740, #6664, #5834, #248, #2031, #5852, #962, #7009, #5444, #4492, #2169, #549, #810, #6221, #9944, #9274, #1408, #1697, #5437, #2610, #5151, #2365, #8144, #7870, #10160, #623, #1230, #9982, #4117, #5409, #1968, #9676, #8276, #3685, #6809, #8634, #7492, #3230, #4581, #8231, #5786, #6572, #1575, #9400, #7129, #4676, #1766, #4955, #2806, #5195, #3657, #35, #1632, #2622, #7233, #5067, #7891, #6410, #5593, #9749, #1292, #5279, #2044, #3741, #2974, #2460, #4484, #1274, #3052, #9658, #3481, #4965, #3648, #5823, #1303, #7046, #4424, #5668, #4904, #7120, #9463, #4291, #8016, #5526, #3134, #1241, #1204, #9518, #4192, #6712, #3405, #8457, #3543, #5055, #342, #198, #5119, #8101 ) ) ;
#930 = DIRECTION ( 'NONE',  ( 1.000000000000000000, 1.334402673828310480E-15, 0.000000000000000000 ) ) ;
#931 = EDGE_CURVE ( 'NONE', #9033, #3675, #7677, .T. ) ;
#932 = ORIENTED_EDGE ( 'NONE', *, *, #8718, .F. ) ;
#933 = FILL_AREA_STYLE ('',( #1756 ) ) ;
#934 = SURFACE_STYLE_FILL_AREA ( #1759 ) ;
#935 = DIRECTION ( 'NONE',  ( 1.000000000000000000, 0.000000000000000000, 0.000000000000000000 ) ) ;
#936 = ORIENTED_EDGE ( 'NONE', *, *, #7712, .T. ) ;
#937 = VERTEX_POINT ( 'NONE', #701 ) ;
#938 = EDGE_CURVE ( 'NONE', #4027, #2349, #8036, .T. ) ;
#939 = ORIENTED_EDGE ( 'NONE', *, *, #1492, .F. ) ;
#940 = CARTESIAN_POINT ( 'NONE',  ( 28.64999999999999858, 6.020106648094788682, 38.00000000000000000 ) ) ;
#941 = FACE_BOUND ( 'NONE', #3394, .T. ) ;
#942 = DIRECTION ( 'NONE',  ( 0.000000000000000000, -0.000000000000000000, -1.000000000000000000 ) ) ;
#943 = LINE ( 'NONE', #6411, #2916 ) ;
#944 = VERTEX_POINT ( 'NONE', #1424 ) ;
#945 = CARTESIAN_POINT ( 'NONE',  ( 27.80811388300841713, 10.25358242896912664, 43.00000000000000000 ) ) ;
#946 = FILL_AREA_STYLE_COLOUR ( '', #8466 ) ;
#947 = ORIENTED_EDGE ( 'NONE', *, *, #222, .F. ) ;
#948 = FILL_AREA_STYLE ('',( #9416 ) ) ;
#949 = CIRCLE ( 'NONE', #5721, 0.5000000000000029976 ) ;
#950 = SURFACE_SIDE_STYLE ('',( #7106 ) ) ;
#951 =( NAMED_UNIT ( * ) SI_UNIT ( $, .STERADIAN. ) SOLID_ANGLE_UNIT ( ) );
#952 = FILL_AREA_STYLE ('',( #4121 ) ) ;
#953 = ADVANCED_FACE ( 'NONE', ( #7738 ), #5515, .F. ) ;
#954 = FACE_OUTER_BOUND ( 'NONE', #9521, .T. ) ;
#955 = DIRECTION ( 'NONE',  ( 0.000000000000000000, 0.000000000000000000, 1.000000000000000000 ) ) ;
#956 = ORIENTED_EDGE ( 'NONE', *, *, #1085, .T. ) ;
#957 = COLOUR_RGB ( '',0.2509803921568627416, 0.2509803921568627416, 0.2509803921568627416 ) ;
#958 = DIRECTION ( 'NONE',  ( 0.000000000000000000, 0.000000000000000000, 1.000000000000000000 ) ) ;
#959 = UNCERTAINTY_MEASURE_WITH_UNIT (LENGTH_MEASURE( 1.000000000000000082E-05 ), #5904, 'distance_accuracy_value', 'NONE');
#960 = DIRECTION ( 'NONE',  ( -1.000000000000000000, 0.000000000000000000, 0.000000000000000000 ) ) ;
#961 = CIRCLE ( 'NONE', #3131, 25.00000000000000000 ) ;
#962 = ADVANCED_FACE ( 'NONE', ( #3270 ), #1165, .F. ) ;
#963 =( BOUNDED_CURVE ( )  B_SPLINE_CURVE ( 3, ( #8226, #5338, #423, #326 ),
 .UNSPECIFIED., .F., .T. ) 
 B_SPLINE_CURVE_WITH_KNOTS ( ( 4, 4 ),
 ( 4.712388980384689674, 6.283185307179586232 ),
 .UNSPECIFIED. ) 
 CURVE ( )  GEOMETRIC_REPRESENTATION_ITEM ( )  RATIONAL_B_SPLINE_CURVE ( ( 1.000000000000000000, 0.8047378541243649375, 0.8047378541243649375, 1.000000000000000000 ) ) 
 REPRESENTATION_ITEM ( '' )  );
#964 =( GEOMETRIC_REPRESENTATION_CONTEXT ( 3 ) GLOBAL_UNCERTAINTY_ASSIGNED_CONTEXT ( ( #9056 ) ) GLOBAL_UNIT_ASSIGNED_CONTEXT ( ( #2854, #426, #7690 ) ) REPRESENTATION_CONTEXT ( 'NONE', 'WORKASPACE' ) );
#965 = EDGE_CURVE ( 'NONE', #2945, #5737, #8841, .T. ) ;
#966 = ORIENTED_EDGE ( 'NONE', *, *, #978, .T. ) ;
#967 = CARTESIAN_POINT ( 'NONE',  ( 30.99999999999997868, 14.99999999999899458, 45.39999999999999858 ) ) ;
#968 = FILL_AREA_STYLE ('',( #4281 ) ) ;
#969 = VECTOR ( 'NONE', #5967, 1000.000000000000000 ) ;
#970 = FACE_OUTER_BOUND ( 'NONE', #6875, .T. ) ;
#971 = DIRECTION ( 'NONE',  ( 5.211847922874171178E-16, 1.000000000000000000, 0.000000000000000000 ) ) ;
#972 = ORIENTED_EDGE ( 'NONE', *, *, #1525, .F. ) ;
#973 = VECTOR ( 'NONE', #281, 1000.000000000000000 ) ;
#974 =( LENGTH_UNIT ( ) NAMED_UNIT ( * ) SI_UNIT ( .MILLI., .METRE. ) );
#975 =( GEOMETRIC_REPRESENTATION_CONTEXT ( 3 ) GLOBAL_UNCERTAINTY_ASSIGNED_CONTEXT ( ( #6431 ) ) GLOBAL_UNIT_ASSIGNED_CONTEXT ( ( #6526, #4735, #5506 ) ) REPRESENTATION_CONTEXT ( 'NONE', 'WORKASPACE' ) );
#976 = DIRECTION ( 'NONE',  ( 1.000000000000000000, 0.000000000000000000, 0.000000000000000000 ) ) ;
#977 = COLOUR_RGB ( '',0.2509803921568627416, 0.2509803921568627416, 0.2509803921568627416 ) ;
#978 = EDGE_CURVE ( 'NONE', #2266, #7873, #4793, .T. ) ;
#979 = STYLED_ITEM ( 'NONE', ( #4031 ), #10109 ) ;
#980 = EDGE_LOOP ( 'NONE', ( #9261, #1929, #9043, #9403, #4498, #362, #8199, #4244 ) ) ;
#981 = UNCERTAINTY_MEASURE_WITH_UNIT (LENGTH_MEASURE( 1.000000000000000082E-05 ), #4225, 'distance_accuracy_value', 'NONE');
#982 = CARTESIAN_POINT ( 'NONE',  ( 21.16000000000000014, 0.000000000000000000, 35.00200000000000955 ) ) ;
#983 = VECTOR ( 'NONE', #7697, 1000.000000000000000 ) ;
#984 = DIRECTION ( 'NONE',  ( 1.000000000000000000, 0.000000000000000000, 0.000000000000000000 ) ) ;
#985 = AXIS2_PLACEMENT_3D ( 'NONE', #3702, #2135, #9155 ) ;
#986 = FILL_AREA_STYLE ('',( #250 ) ) ;
#987 = CARTESIAN_POINT ( 'NONE',  ( 48.64999999999999858, 1.698780669118024722, 39.29878066911801682 ) ) ;
#988 = ORIENTED_EDGE ( 'NONE', *, *, #10120, .F. ) ;
#989 = ADVANCED_FACE ( 'NONE', ( #3216 ), #6386, .F. ) ;
#990 = ORIENTED_EDGE ( 'NONE', *, *, #5335, .F. ) ;
#991 = EDGE_LOOP ( 'NONE', ( #7949, #6869, #9811, #7599, #6134, #6470, #7406, #1276, #10206, #2662, #8249, #1965 ) ) ;
#992 = CARTESIAN_POINT ( 'NONE',  ( 28.64999999999999858, -6.020106648094795787, 43.00000000000000000 ) ) ;
#993 = FILL_AREA_STYLE ('',( #1609 ) ) ;
#994 = CARTESIAN_POINT ( 'NONE',  ( 24.94122574922874591, 11.59883891949457180, 42.59616463470199932 ) ) ;
#995 = CARTESIAN_POINT ( 'NONE',  ( 14.99999999999984013, 17.29999999999897753, 45.39999999999999858 ) ) ;
#996 = COLOUR_RGB ( '',0.2509803921568627416, 0.2509803921568627416, 0.2509803921568627416 ) ;
#997 = VECTOR ( 'NONE', #3782, 1000.000000000000000 ) ;
#998 = SURFACE_STYLE_FILL_AREA ( #7157 ) ;
#999 = PRESENTATION_STYLE_ASSIGNMENT (( #9656 ) ) ;
#1000 = ORIENTED_EDGE ( 'NONE', *, *, #1363, .F. ) ;
#1001 = EDGE_CURVE ( 'NONE', #4261, #1652, #4134, .T. ) ;
#1002 = CARTESIAN_POINT ( 'NONE',  ( 24.58711449353201672, 11.43032072754403927, 42.47497857196155024 ) ) ;
#1003 = SURFACE_STYLE_USAGE ( .BOTH. , #3545 ) ;
#1004 = AXIS2_PLACEMENT_3D ( 'NONE', #7023, #9386, #2157 ) ;
#1005 = AXIS2_PLACEMENT_3D ( 'NONE', #3767, #1426, #8435 ) ;
#1006 = EDGE_LOOP ( 'NONE', ( #5374, #6430, #6283, #5026 ) ) ;
#1007 = CARTESIAN_POINT ( 'NONE',  ( 21.16000000000000014, -12.99666666666666970, -53.84951795962939514 ) ) ;
#1008 =( NAMED_UNIT ( * ) PLANE_ANGLE_UNIT ( ) SI_UNIT ( $, .RADIAN. ) );
#1009 = PLANE ( 'NONE',  #1144 ) ;
#1010 = CARTESIAN_POINT ( 'NONE',  ( 17.29999999999983729, 14.99999999999897682, 45.39999999999999858 ) ) ;
#1011 = CARTESIAN_POINT ( 'NONE',  ( 28.21546164077672358, -7.020106648061920751, 38.50000000000000000 ) ) ;
#1012 =( NAMED_UNIT ( * ) PLANE_ANGLE_UNIT ( ) SI_UNIT ( $, .RADIAN. ) );
#1013 = UNCERTAINTY_MEASURE_WITH_UNIT (LENGTH_MEASURE( 1.000000000000000082E-05 ), #1283, 'distance_accuracy_value', 'NONE');
#1014 = EDGE_CURVE ( 'NONE', #6627, #9507, #8024, .T. ) ;
#1015 = VECTOR ( 'NONE', #6967, 1000.000000000000000 ) ;
#1016 = ORIENTED_EDGE ( 'NONE', *, *, #9049, .T. ) ;
#1017 = CARTESIAN_POINT ( 'NONE',  ( 25.02420453416634416, -11.29458337472967244, 42.50869731541196472 ) ) ;
#1018 = DIRECTION ( 'NONE',  ( 0.000000000000000000, -0.3015113445777746204, -0.9534625892455887985 ) ) ;
#1019 = EDGE_CURVE ( 'NONE', #2286, #1889, #9914, .T. ) ;
#1020 =( GEOMETRIC_REPRESENTATION_CONTEXT ( 3 ) GLOBAL_UNCERTAINTY_ASSIGNED_CONTEXT ( ( #7281 ) ) GLOBAL_UNIT_ASSIGNED_CONTEXT ( ( #1372, #6914, #4588 ) ) REPRESENTATION_CONTEXT ( 'NONE', 'WORKASPACE' ) );
#1021 = EDGE_LOOP ( 'NONE', ( #4698, #548, #6808 ) ) ;
#1022 = CARTESIAN_POINT ( 'NONE',  ( 0.000000000000000000, 0.000000000000000000, -1.734723475976807094E-15 ) ) ;
#1023 = EDGE_CURVE ( 'NONE', #3905, #3679, #4233, .T. ) ;
#1024 = FILL_AREA_STYLE_COLOUR ( '', #5858 ) ;
#1025 = LINE ( 'NONE', #4899, #8635 ) ;
#1026 = ORIENTED_EDGE ( 'NONE', *, *, #1514, .F. ) ;
#1027 = LINE ( 'NONE', #1122, #8586 ) ;
#1028 = FILL_AREA_STYLE ('',( #8124 ) ) ;
#1029 = UNCERTAINTY_MEASURE_WITH_UNIT (LENGTH_MEASURE( 1.000000000000000082E-05 ), #5928, 'distance_accuracy_value', 'NONE');
#1030 = ORIENTED_EDGE ( 'NONE', *, *, #5103, .F. ) ;
#1031 = CARTESIAN_POINT ( 'NONE',  ( -16.74999999999999289, 15.50000000000000000, 4.500000000000000888 ) ) ;
#1032 = SURFACE_STYLE_USAGE ( .BOTH. , #3470 ) ;
#1033 = CARTESIAN_POINT ( 'NONE',  ( 48.64999999999999858, -1.698780669118019393, 39.29878066911798129 ) ) ;
#1034 =( NAMED_UNIT ( * ) SI_UNIT ( $, .STERADIAN. ) SOLID_ANGLE_UNIT ( ) );
#1035 = CARTESIAN_POINT ( 'NONE',  ( 28.64999999999999858, 8.673617379884035472E-16, 38.80121933088197039 ) ) ;
#1036 = ORIENTED_EDGE ( 'NONE', *, *, #7673, .T. ) ;
#1037 =( GEOMETRIC_REPRESENTATION_CONTEXT ( 3 ) GLOBAL_UNCERTAINTY_ASSIGNED_CONTEXT ( ( #5639 ) ) GLOBAL_UNIT_ASSIGNED_CONTEXT ( ( #4988, #1054, #3908 ) ) REPRESENTATION_CONTEXT ( 'NONE', 'WORKASPACE' ) );
#1038 = EDGE_LOOP ( 'NONE', ( #3480, #2269, #3633, #445, #4900 ) ) ;
#1039 = CARTESIAN_POINT ( 'NONE',  ( -21.15999999999998948, 13.31369220013744581, -53.84951795962939514 ) ) ;
#1040 = ORIENTED_EDGE ( 'NONE', *, *, #9796, .T. ) ;
#1041 = DIRECTION ( 'NONE',  ( 1.000000000000000000, 0.000000000000000000, -0.000000000000000000 ) ) ;
#1042 = COLOUR_RGB ( '',1.000000000000000000, 1.000000000000000000, 1.000000000000000000 ) ;
#1043 = FILL_AREA_STYLE ('',( #5126 ) ) ;
#1044 = CARTESIAN_POINT ( 'NONE',  ( 24.55811388300841358, 11.39586701372284772, 38.98274590317942767 ) ) ;
#1045 =( LENGTH_UNIT ( ) NAMED_UNIT ( * ) SI_UNIT ( .MILLI., .METRE. ) );
#1047 = EDGE_CURVE ( 'NONE', #9946, #7700, #3817, .T. ) ;
#1046 = ORIENTED_EDGE ( 'NONE', *, *, #6892, .T. ) ;
#1048 = CARTESIAN_POINT ( 'NONE',  ( 24.31498063939982046, 11.94500645353338797, 42.94795266577103376 ) ) ;
#1049 = VECTOR ( 'NONE', #1555, 999.9999999999998863 ) ;
#1050 = MECHANICAL_DESIGN_GEOMETRIC_PRESENTATION_REPRESENTATION (  '', ( #1710 ), #366 ) ;
#1051 = EDGE_LOOP ( 'NONE', ( #4012, #2706, #5177, #5984 ) ) ;
#1052 = DIRECTION ( 'NONE',  ( -1.000000000000000000, 0.000000000000000000, 0.000000000000000000 ) ) ;
#1053 = ADVANCED_FACE ( 'NONE', ( #9018 ), #275, .F. ) ;
#1054 =( NAMED_UNIT ( * ) PLANE_ANGLE_UNIT ( ) SI_UNIT ( $, .RADIAN. ) );
#1055 = DIRECTION ( 'NONE',  ( 1.000000000000000000, 0.000000000000000000, 0.000000000000000000 ) ) ;
#1056 = PLANE ( 'NONE',  #6072 ) ;
#1057 = SURFACE_STYLE_FILL_AREA ( #9666 ) ;
#1058 = SURFACE_STYLE_USAGE ( .BOTH. , #4122 ) ;
#1059 = CARTESIAN_POINT ( 'NONE',  ( 28.64999999999999858, -6.020106648094794899, 38.00000000000000000 ) ) ;
#1060 = CARTESIAN_POINT ( 'NONE',  ( 24.39623407393785470, -11.87558144723548637, 38.40626511872309123 ) ) ;
#1061 = ORIENTED_EDGE ( 'NONE', *, *, #231, .T. ) ;
#1062 = CARTESIAN_POINT ( 'NONE',  ( 24.55811388300841713, -11.17024909563580337, 41.99999999999999289 ) ) ;
#1063 = UNCERTAINTY_MEASURE_WITH_UNIT (LENGTH_MEASURE( 1.000000000000000082E-05 ), #7132, 'distance_accuracy_value', 'NONE');
#1064 = CARTESIAN_POINT ( 'NONE',  ( 24.55811388300841358, 10.80986948560773619, 42.29289321881346098 ) ) ;
#1065 = STYLED_ITEM ( 'NONE', ( #3041 ), #7311 ) ;
#1066 = AXIS2_PLACEMENT_3D ( 'NONE', #4575, #637, #4417 ) ;
#1067 = EDGE_CURVE ( 'NONE', #1333, #4088, #420, .T. ) ;
#1068 = DIRECTION ( 'NONE',  ( 0.000000000000000000, 0.000000000000000000, 1.000000000000000000 ) ) ;
#1069 = LINE ( 'NONE', #374, #8339 ) ;
#1070 =( LENGTH_UNIT ( ) NAMED_UNIT ( * ) SI_UNIT ( .MILLI., .METRE. ) );
#1071 = CARTESIAN_POINT ( 'NONE',  ( -16.00000000000008882, -8.540177112501267849E-14, 46.39999999999999858 ) ) ;
#1072 = EDGE_LOOP ( 'NONE', ( #3842, #2396, #7372 ) ) ;
#1073 = VECTOR ( 'NONE', #289, 1000.000000000000000 ) ;
#1074 = VECTOR ( 'NONE', #2216, 1000.000000000000000 ) ;
#1075 =( NAMED_UNIT ( * ) PLANE_ANGLE_UNIT ( ) SI_UNIT ( $, .RADIAN. ) );
#1076 = CARTESIAN_POINT ( 'NONE',  ( 24.55811388300841358, 11.17024909563579627, 41.99999999999999289 ) ) ;
#1077 = ORIENTED_EDGE ( 'NONE', *, *, #7905, .T. ) ;
#1078 = MECHANICAL_DESIGN_GEOMETRIC_PRESENTATION_REPRESENTATION (  '', ( #3719 ), #4081 ) ;
#1079 = AXIS2_PLACEMENT_3D ( 'NONE', #8171, #7379, #8888 ) ;
#1080 =( GEOMETRIC_REPRESENTATION_CONTEXT ( 3 ) GLOBAL_UNCERTAINTY_ASSIGNED_CONTEXT ( ( #3196 ) ) GLOBAL_UNIT_ASSIGNED_CONTEXT ( ( #4173, #1008, #7318 ) ) REPRESENTATION_CONTEXT ( 'NONE', 'WORKASPACE' ) );
#1081 =( NAMED_UNIT ( * ) PLANE_ANGLE_UNIT ( ) SI_UNIT ( $, .RADIAN. ) );
#1082 = FILL_AREA_STYLE_COLOUR ( '', #4452 ) ;
#1083 = LINE ( 'NONE', #5930, #6508 ) ;
#1084 = DIRECTION ( 'NONE',  ( -1.000000000000000000, 2.668805347656628059E-15, 0.000000000000000000 ) ) ;
#1085 = EDGE_CURVE ( 'NONE', #3944, #77, #3107, .T. ) ;
#1086 = CARTESIAN_POINT ( 'NONE',  ( 21.16000000000000014, 13.31369220013742272, 39.00000000000000000 ) ) ;
#1087 = ORIENTED_EDGE ( 'NONE', *, *, #1023, .F. ) ;
#1088 = VECTOR ( 'NONE', #2402, 1000.000000000000000 ) ;
#1089 = VERTEX_POINT ( 'NONE', #6795 ) ;
#1090 = DIRECTION ( 'NONE',  ( -2.668805347656620959E-15, -1.000000000000000000, 0.000000000000000000 ) ) ;
#1091 = ORIENTED_EDGE ( 'NONE', *, *, #3520, .F. ) ;
#1092 = SURFACE_SIDE_STYLE ('',( #1921 ) ) ;
#1093 = EDGE_CURVE ( 'NONE', #5486, #2738, #1168, .T. ) ;
#1094 = CARTESIAN_POINT ( 'NONE',  ( 24.55811388300841713, -10.80986948560773975, 39.00000000000000000 ) ) ;
#1095 = DIRECTION ( 'NONE',  ( 1.000000000000000000, 0.000000000000000000, 0.000000000000000000 ) ) ;
#1096 =( LENGTH_UNIT ( ) NAMED_UNIT ( * ) SI_UNIT ( .MILLI., .METRE. ) );
#1097 = ORIENTED_EDGE ( 'NONE', *, *, #6815, .F. ) ;
#1098 = DIRECTION ( 'NONE',  ( 0.000000000000000000, -1.000000000000000000, 0.000000000000000000 ) ) ;
#1099 = CARTESIAN_POINT ( 'NONE',  ( 28.64999999999999858, -6.020106648094795787, 43.00000000000000000 ) ) ;
#1100 = MANIFOLD_SOLID_BREP ( 'Ô²½Ç8', #929 ) ;
#1101 = ORIENTED_EDGE ( 'NONE', *, *, #10047, .F. ) ;
#1102 = LINE ( 'NONE', #5135, #9450 ) ;
#1103 = EDGE_CURVE ( 'NONE', #1139, #3459, #1256, .T. ) ;
#1104 = PRESENTATION_STYLE_ASSIGNMENT (( #2025 ) ) ;
#1105 = FILL_AREA_STYLE ('',( #8154 ) ) ;
#1106 = DIRECTION ( 'NONE',  ( -0.000000000000000000, -0.000000000000000000, -1.000000000000000000 ) ) ;
#1107 = DIRECTION ( 'NONE',  ( -1.000000000000000000, 0.000000000000000000, 0.000000000000000000 ) ) ;
#1108 = UNCERTAINTY_MEASURE_WITH_UNIT (LENGTH_MEASURE( 1.000000000000000082E-05 ), #2319, 'distance_accuracy_value', 'NONE');
#1109 = CARTESIAN_POINT ( 'NONE',  ( 24.31237550419756488, -11.93724077501536662, 38.20815788674535440 ) ) ;
#1110 = ORIENTED_EDGE ( 'NONE', *, *, #2919, .T. ) ;
#1111 = EDGE_CURVE ( 'NONE', #3789, #6848, #7005, .T. ) ;
#1112 = CARTESIAN_POINT ( 'NONE',  ( 25.04115241211979281, -11.23244115556024170, 42.49999999999999289 ) ) ;
#1113 = DIRECTION ( 'NONE',  ( -0.000000000000000000, -0.000000000000000000, -1.000000000000000000 ) ) ;
#1114 = ORIENTED_EDGE ( 'NONE', *, *, #9614, .T. ) ;
#1115 = PRESENTATION_STYLE_ASSIGNMENT (( #8221 ) ) ;
#1116 = FILL_AREA_STYLE ('',( #8170 ) ) ;
#1117 = FACE_OUTER_BOUND ( 'NONE', #4699, .T. ) ;
#1118 = DIRECTION ( 'NONE',  ( 1.000000000000000000, 0.000000000000000000, 0.000000000000000000 ) ) ;
#1119 = CARTESIAN_POINT ( 'NONE',  ( 18.84999999999982734, 15.49999999999897504, 47.00000000000000000 ) ) ;
#1120 = EDGE_LOOP ( 'NONE', ( #5483, #2842, #9545, #1508 ) ) ;
#1121 = EDGE_CURVE ( 'NONE', #2476, #5633, #3044, .T. ) ;
#1122 = CARTESIAN_POINT ( 'NONE',  ( 21.16000000000000014, -0.000000000000000000, 39.00000000000000000 ) ) ;
#1123 = SURFACE_STYLE_FILL_AREA ( #8326 ) ;
#1124 = VECTOR ( 'NONE', #5872, 1000.000000000000000 ) ;
#1125 = ORIENTED_EDGE ( 'NONE', *, *, #7976, .F. ) ;
#1126 =( LENGTH_UNIT ( ) NAMED_UNIT ( * ) SI_UNIT ( .MILLI., .METRE. ) );
#1127 = VECTOR ( 'NONE', #5983, 1000.000000000000000 ) ;
#1128 = AXIS2_PLACEMENT_3D ( 'NONE', #3666, #9205, #6801 ) ;
#1129 = PRESENTATION_STYLE_ASSIGNMENT (( #2709 ) ) ;
#1130 = CARTESIAN_POINT ( 'NONE',  ( 27.65000000000000213, 8.337722339831620033, 42.49999999999999289 ) ) ;
#1131 = ORIENTED_EDGE ( 'NONE', *, *, #9174, .T. ) ;
#1132 = UNCERTAINTY_MEASURE_WITH_UNIT (LENGTH_MEASURE( 1.000000000000000082E-05 ), #4812, 'distance_accuracy_value', 'NONE');
#1133 = ADVANCED_FACE ( 'NONE', ( #8472 ), #3101, .F. ) ;
#1134 = FILL_AREA_STYLE_COLOUR ( '', #9190 ) ;
#1135 = STYLED_ITEM ( 'NONE', ( #7953 ), #10035 ) ;
#1136 = ORIENTED_EDGE ( 'NONE', *, *, #7961, .T. ) ;
#1137 = CARTESIAN_POINT ( 'NONE',  ( 15.49999999999983480, -15.50000000000102496, 47.00000000000000000 ) ) ;
#1138 = VECTOR ( 'NONE', #4180, 1000.000000000000000 ) ;
#1139 = VERTEX_POINT ( 'NONE', #582 ) ;
#1140 = VECTOR ( 'NONE', #9407, 1000.000000000000000 ) ;
#1141 = VECTOR ( 'NONE', #636, 1000.000000000000000 ) ;
#1142 = DIRECTION ( 'NONE',  ( 0.000000000000000000, 1.000000000000000000, -0.000000000000000000 ) ) ;
#1143 = LINE ( 'NONE', #8300, #403 ) ;
#1144 = AXIS2_PLACEMENT_3D ( 'NONE', #6473, #9617, #4174 ) ;
#1145 = FACE_OUTER_BOUND ( 'NONE', #3389, .T. ) ;
#1146 = FACE_OUTER_BOUND ( 'NONE', #9657, .T. ) ;
#1147 = EDGE_LOOP ( 'NONE', ( #2262, #9837 ) ) ;
#1148 = ADVANCED_FACE ( 'NONE', ( #9369 ), #6164, .T. ) ;
#1149 = STYLED_ITEM ( 'NONE', ( #8485 ), #8184 ) ;
#1150 = SURFACE_STYLE_USAGE ( .BOTH. , #3069 ) ;
#1151 = FACE_OUTER_BOUND ( 'NONE', #3774, .T. ) ;
#1152 = EDGE_LOOP ( 'NONE', ( #3950, #8029, #8993, #7616 ) ) ;
#1153 = DIRECTION ( 'NONE',  ( -0.000000000000000000, -1.000000000000000000, 0.000000000000000000 ) ) ;
#1154 = CARTESIAN_POINT ( 'NONE',  ( 24.87085538829666120, 11.58907856769534028, 38.37199901937339064 ) ) ;
#1155 = AXIS2_PLACEMENT_3D ( 'NONE', #9820, #1170, #7485 ) ;
#1156 = SURFACE_SIDE_STYLE ('',( #1057 ) ) ;
#1157 = SURFACE_STYLE_USAGE ( .BOTH. , #9809 ) ;
#1158 =( NAMED_UNIT ( * ) PLANE_ANGLE_UNIT ( ) SI_UNIT ( $, .RADIAN. ) );
#1159 = ORIENTED_EDGE ( 'NONE', *, *, #1975, .T. ) ;
#1160 = COLOUR_RGB ( '',0.2509803921568627416, 0.2509803921568627416, 0.2509803921568627416 ) ;
#1161 = PRESENTATION_LAYER_ASSIGNMENT (  '', '', ( #1661 ) ) ;
#1162 = DIRECTION ( 'NONE',  ( -2.668805347656620959E-15, -1.000000000000000000, 0.000000000000000000 ) ) ;
#1163 = ORIENTED_EDGE ( 'NONE', *, *, #4671, .T. ) ;
#1164 = PRESENTATION_LAYER_ASSIGNMENT (  '', '', ( #172 ) ) ;
#1165 = CONICAL_SURFACE ( 'NONE', #2523, 2.750000000000000888, 0.7853981633974461696 ) ;
#1166 = COLOUR_RGB ( '',0.2509803921568627416, 0.2509803921568627416, 0.2509803921568627416 ) ;
#1167 = VECTOR ( 'NONE', #3691, 1000.000000000000000 ) ;
#1168 = LINE ( 'NONE', #3610, #8879 ) ;
#1169 = CARTESIAN_POINT ( 'NONE',  ( -13.32957238623955831, 21.14999999999999858, 5.999999999999998224 ) ) ;
#1170 = DIRECTION ( 'NONE',  ( -1.000000000000000000, -0.000000000000000000, -0.000000000000000000 ) ) ;
#1171 =( NAMED_UNIT ( * ) SI_UNIT ( $, .STERADIAN. ) SOLID_ANGLE_UNIT ( ) );
#1172 = CIRCLE ( 'NONE', #3821, 2.000000000000001776 ) ;
#1173 = ORIENTED_EDGE ( 'NONE', *, *, #2267, .F. ) ;
#1174 = EDGE_CURVE ( 'NONE', #4103, #4253, #6053, .T. ) ;
#1175 = VECTOR ( 'NONE', #971, 1000.000000000000000 ) ;
#1176 = MECHANICAL_DESIGN_GEOMETRIC_PRESENTATION_REPRESENTATION (  '', ( #6457 ), #2697 ) ;
#1177 = EDGE_CURVE ( 'NONE', #6262, #6516, #6916, .T. ) ;
#1178 = CARTESIAN_POINT ( 'NONE',  ( 21.14999999999999858, -13.00000000000000533, 46.00000000000000000 ) ) ;
#1179 = PLANE ( 'NONE',  #10077 ) ;
#1180 =( NAMED_UNIT ( * ) PLANE_ANGLE_UNIT ( ) SI_UNIT ( $, .RADIAN. ) );
#1181 = CARTESIAN_POINT ( 'NONE',  ( 21.14999999999999858, 21.14999999999999858, 39.00000000000000000 ) ) ;
#1182 = CARTESIAN_POINT ( 'NONE',  ( 13.69999999999983764, 14.99999999999897682, 46.39999999999999858 ) ) ;
#1183 = PRESENTATION_STYLE_ASSIGNMENT (( #5116 ) ) ;
#1184 = CARTESIAN_POINT ( 'NONE',  ( 27.64999999999999858, 6.520106648094790458, 39.00000000000000000 ) ) ;
#1185 = VERTEX_POINT ( 'NONE', #1474 ) ;
#1186 = ORIENTED_EDGE ( 'NONE', *, *, #7354, .T. ) ;
#1187 = FILL_AREA_STYLE ('',( #2914 ) ) ;
#1188 = ORIENTED_EDGE ( 'NONE', *, *, #5485, .T. ) ;
#1189 = ADVANCED_FACE ( 'NONE', ( #8636 ), #2137, .F. ) ;
#1190 =( LENGTH_UNIT ( ) NAMED_UNIT ( * ) SI_UNIT ( .MILLI., .METRE. ) );
#1191 = ORIENTED_EDGE ( 'NONE', *, *, #358, .T. ) ;
#1192 = COLOUR_RGB ( '',0.2509803921568627416, 0.2509803921568627416, 0.2509803921568627416 ) ;
#1193 = EDGE_CURVE ( 'NONE', #5707, #5766, #5132, .T. ) ;
#1194 = FILL_AREA_STYLE_COLOUR ( '', #9243 ) ;
#1195 = ORIENTED_EDGE ( 'NONE', *, *, #4037, .T. ) ;
#1196 = DIRECTION ( 'NONE',  ( -1.334402673828310480E-15, -1.000000000000000000, 0.000000000000000000 ) ) ;
#1197 = CIRCLE ( 'NONE', #8162, 2.750000000000000888 ) ;
#1198 = CARTESIAN_POINT ( 'NONE',  ( 24.43330456577418985, 11.83815750963163183, 38.50027040800257083 ) ) ;
#1199 = LINE ( 'NONE', #6674, #6852 ) ;
#1200 = FILL_AREA_STYLE ('',( #4175 ) ) ;
#1201 = SURFACE_STYLE_USAGE ( .BOTH. , #1933 ) ;
#1202 = DIRECTION ( 'NONE',  ( -1.334402673828310480E-15, -1.000000000000000000, 0.000000000000000000 ) ) ;
#1203 = UNCERTAINTY_MEASURE_WITH_UNIT (LENGTH_MEASURE( 1.000000000000000082E-05 ), #6662, 'distance_accuracy_value', 'NONE');
#1204 = ADVANCED_FACE ( 'NONE', ( #954 ), #7990, .F. ) ;
#1205 = CARTESIAN_POINT ( 'NONE',  ( 17.29999999999983729, -16.00000000000102318, 45.39999999999999858 ) ) ;
#1206 =( GEOMETRIC_REPRESENTATION_CONTEXT ( 3 ) GLOBAL_UNCERTAINTY_ASSIGNED_CONTEXT ( ( #1614 ) ) GLOBAL_UNIT_ASSIGNED_CONTEXT ( ( #2928, #7715, #7617 ) ) REPRESENTATION_CONTEXT ( 'NONE', 'WORKASPACE' ) );
#1207 = PRESENTATION_LAYER_ASSIGNMENT (  '', '', ( #2391 ) ) ;
#1208 = CARTESIAN_POINT ( 'NONE',  ( 27.65000000000000213, -8.337722339831627139, 42.49999999999999289 ) ) ;
#1209 = VECTOR ( 'NONE', #3059, 1000.000000000000000 ) ;
#1210 = CARTESIAN_POINT ( 'NONE',  ( -19.15000000000005898, 19.14999999999992752, 47.00000000000000000 ) ) ;
#1211 = ORIENTED_EDGE ( 'NONE', *, *, #9686, .F. ) ;
#1212 = PRESENTATION_LAYER_ASSIGNMENT (  '', '', ( #5665 ) ) ;
#1213 = CARTESIAN_POINT ( 'NONE',  ( 2.001604010742336977E-14, 14.99999999999895373, 45.39999999999999858 ) ) ;
#1214 = VECTOR ( 'NONE', #7592, 1000.000000000000000 ) ;
#1215 =( NAMED_UNIT ( * ) PLANE_ANGLE_UNIT ( ) SI_UNIT ( $, .RADIAN. ) );
#1216 = SURFACE_STYLE_USAGE ( .BOTH. , #583 ) ;
#1217 = CARTESIAN_POINT ( 'NONE',  ( 24.63926546838041531, -11.83691151053986701, 42.77703955406777681 ) ) ;
#1218 = SURFACE_SIDE_STYLE ('',( #8323 ) ) ;
#1219 = ORIENTED_EDGE ( 'NONE', *, *, #7026, .F. ) ;
#1220 =( LENGTH_UNIT ( ) NAMED_UNIT ( * ) SI_UNIT ( .MILLI., .METRE. ) );
#1221 = CARTESIAN_POINT ( 'NONE',  ( -19.14999999999996305, 19.15000000000003055, 8.000000000000000000 ) ) ;
#1222 = EDGE_CURVE ( 'NONE', #1926, #2945, #3402, .T. ) ;
#1223 = CARTESIAN_POINT ( 'NONE',  ( 24.99250597426871323, -11.41081142761274414, 42.54211053132954135 ) ) ;
#1224 = DIRECTION ( 'NONE',  ( 0.000000000000000000, 0.000000000000000000, -1.000000000000000000 ) ) ;
#1225 = CARTESIAN_POINT ( 'NONE',  ( 0.000000000000000000, 0.000000000000000000, 37.00000000000000000 ) ) ;
#1226 = DIRECTION ( 'NONE',  ( 0.000000000000000000, 0.000000000000000000, -1.000000000000000000 ) ) ;
#1227 = SURFACE_STYLE_USAGE ( .BOTH. , #2765 ) ;
#1228 = VERTEX_POINT ( 'NONE', #699 ) ;
#1229 =( NAMED_UNIT ( * ) SI_UNIT ( $, .STERADIAN. ) SOLID_ANGLE_UNIT ( ) );
#1230 = ADVANCED_FACE ( 'NONE', ( #2098 ), #1422, .F. ) ;
#1231 = ORIENTED_EDGE ( 'NONE', *, *, #3581, .F. ) ;
#1232 = VECTOR ( 'NONE', #4292, 1000.000000000000000 ) ;
#1233 = MECHANICAL_DESIGN_GEOMETRIC_PRESENTATION_REPRESENTATION (  '', ( #561 ), #2592 ) ;
#1234 = STYLED_ITEM ( 'NONE', ( #9051 ), #5694 ) ;
#1235 = ORIENTED_EDGE ( 'NONE', *, *, #6592, .F. ) ;
#1236 = PRESENTATION_STYLE_ASSIGNMENT (( #8297 ) ) ;
#1237 = DIRECTION ( 'NONE',  ( 0.000000000000000000, 0.000000000000000000, 1.000000000000000000 ) ) ;
#1238 =( LENGTH_UNIT ( ) NAMED_UNIT ( * ) SI_UNIT ( .MILLI., .METRE. ) );
#1239 =( GEOMETRIC_REPRESENTATION_CONTEXT ( 3 ) GLOBAL_UNCERTAINTY_ASSIGNED_CONTEXT ( ( #62 ) ) GLOBAL_UNIT_ASSIGNED_CONTEXT ( ( #9897, #8347, #5127 ) ) REPRESENTATION_CONTEXT ( 'NONE', 'WORKASPACE' ) );
#1240 = EDGE_LOOP ( 'NONE', ( #4727, #7907 ) ) ;
#1241 = ADVANCED_FACE ( 'NONE', ( #3108 ), #9265, .F. ) ;
#1242 = PLANE ( 'NONE',  #4919 ) ;
#1243 = CARTESIAN_POINT ( 'NONE',  ( 28.64999999999999858, -6.605893085721699975, 38.29289321881345387 ) ) ;
#1244 = VERTEX_POINT ( 'NONE', #758 ) ;
#1245 = PLANE ( 'NONE',  #10075 ) ;
#1246 = FACE_OUTER_BOUND ( 'NONE', #3049, .T. ) ;
#1247 = EDGE_CURVE ( 'NONE', #9424, #2303, #5359, .T. ) ;
#1248 = CARTESIAN_POINT ( 'NONE',  ( 15.99999999999983658, 15.99999999999897327, 45.39999999999999858 ) ) ;
#1249 = LINE ( 'NONE', #6829, #7452 ) ;
#1250 =( NAMED_UNIT ( * ) PLANE_ANGLE_UNIT ( ) SI_UNIT ( $, .RADIAN. ) );
#1251 = DIRECTION ( 'NONE',  ( 1.000000000000000000, 0.000000000000000000, 0.000000000000000000 ) ) ;
#1252 =( NAMED_UNIT ( * ) SI_UNIT ( $, .STERADIAN. ) SOLID_ANGLE_UNIT ( ) );
#1253 = VERTEX_POINT ( 'NONE', #591 ) ;
#1254 = DIRECTION ( 'NONE',  ( 0.000000000000000000, 0.000000000000000000, -1.000000000000000000 ) ) ;
#1255 = ADVANCED_FACE ( 'NONE', ( #7065 ), #7813, .F. ) ;
#1256 = CIRCLE ( 'NONE', #6209, 1.249999999999997558 ) ;
#1257 = SURFACE_STYLE_USAGE ( .BOTH. , #6793 ) ;
#1258 = LINE ( 'NONE', #7579, #4931 ) ;
#1259 = DIRECTION ( 'NONE',  ( 1.000000000000000000, 0.000000000000000000, 0.000000000000000000 ) ) ;
#1260 = DIRECTION ( 'NONE',  ( 1.000000000000000000, 0.000000000000000000, 0.000000000000000000 ) ) ;
#1261 = DIRECTION ( 'NONE',  ( 0.000000000000000000, 0.000000000000000000, 1.000000000000000000 ) ) ;
#1262 = DIRECTION ( 'NONE',  ( 1.000000000000000000, 0.000000000000000000, -0.000000000000000000 ) ) ;
#1263 = EDGE_LOOP ( 'NONE', ( #714, #7138, #7284, #1447 ) ) ;
#1264 = EDGE_CURVE ( 'NONE', #2266, #4286, #1338, .T. ) ;
#1265 = VECTOR ( 'NONE', #1098, 1000.000000000000000 ) ;
#1266 = SURFACE_STYLE_USAGE ( .BOTH. , #1322 ) ;
#1267 = CARTESIAN_POINT ( 'NONE',  ( 15.49999999999983658, 15.50000000000015987, 4.500000000000000888 ) ) ;
#1268 = DIRECTION ( 'NONE',  ( 0.000000000000000000, -1.000000000000000000, 0.000000000000000000 ) ) ;
#1269 =( NAMED_UNIT ( * ) PLANE_ANGLE_UNIT ( ) SI_UNIT ( $, .RADIAN. ) );
#1270 = SURFACE_SIDE_STYLE ('',( #4642 ) ) ;
#1271 = LINE ( 'NONE', #5117, #3819 ) ;
#1272 = EDGE_LOOP ( 'NONE', ( #3835, #3170, #4645, #7393, #3859, #4610, #2913, #409, #1963, #9650, #4474, #4318 ) ) ;
#1273 = CARTESIAN_POINT ( 'NONE',  ( 28.64999999999485780, 6.118291982030610754, 42.90181466606487959 ) ) ;
#1274 = ADVANCED_FACE ( 'NONE', ( #6193 ), #9340, .T. ) ;
#1275 = COLOUR_RGB ( '',0.2509803921568627416, 0.2509803921568627416, 0.2509803921568627416 ) ;
#1276 = ORIENTED_EDGE ( 'NONE', *, *, #6394, .F. ) ;
#1277 = DIRECTION ( 'NONE',  ( 1.000000000000000000, 0.000000000000000000, -0.000000000000000000 ) ) ;
#1278 = AXIS2_PLACEMENT_3D ( 'NONE', #7548, #4488, #9220 ) ;
#1279 =( BOUNDED_CURVE ( )  B_SPLINE_CURVE ( 3, ( #7253, #8809, #9693, #7344 ),
 .UNSPECIFIED., .F., .T. ) 
 B_SPLINE_CURVE_WITH_KNOTS ( ( 4, 4 ),
 ( 1.249045772398256204, 1.570796326794898334 ),
 .UNSPECIFIED. ) 
 CURVE ( )  GEOMETRIC_REPRESENTATION_ITEM ( )  RATIONAL_B_SPLINE_CURVE ( ( 1.000000000000000000, 0.9913916384249976677, 0.9913916384249976677, 1.000000000000000000 ) ) 
 REPRESENTATION_ITEM ( '' )  );
#1280 = EDGE_LOOP ( 'NONE', ( #7586, #2272, #3980, #4903 ) ) ;
#1281 = PRESENTATION_LAYER_ASSIGNMENT (  '', '', ( #1449 ) ) ;
#1282 =( LENGTH_UNIT ( ) NAMED_UNIT ( * ) SI_UNIT ( .MILLI., .METRE. ) );
#1283 =( LENGTH_UNIT ( ) NAMED_UNIT ( * ) SI_UNIT ( .MILLI., .METRE. ) );
#1284 = DIRECTION ( 'NONE',  ( 1.000000000000000000, 0.000000000000000000, 0.000000000000000000 ) ) ;
#1285 = CARTESIAN_POINT ( 'NONE',  ( -21.14999999999999503, 17.15000000000000924, 0.000000000000000000 ) ) ;
#1286 = EDGE_CURVE ( 'NONE', #263, #9498, #8396, .T. ) ;
#1287 = SURFACE_STYLE_FILL_AREA ( #8399 ) ;
#1288 = FILL_AREA_STYLE ('',( #5994 ) ) ;
#1289 = ORIENTED_EDGE ( 'NONE', *, *, #8001, .T. ) ;
#1290 = AXIS2_PLACEMENT_3D ( 'NONE', #2091, #9816, #8423 ) ;
#1291 = CIRCLE ( 'NONE', #7079, 3.000000000000002665 ) ;
#1292 = ADVANCED_FACE ( 'NONE', ( #5426 ), #4442, .T. ) ;
#1293 =( GEOMETRIC_REPRESENTATION_CONTEXT ( 3 ) GLOBAL_UNCERTAINTY_ASSIGNED_CONTEXT ( ( #6110 ) ) GLOBAL_UNIT_ASSIGNED_CONTEXT ( ( #2484, #3357, #5652 ) ) REPRESENTATION_CONTEXT ( 'NONE', 'WORKASPACE' ) );
#1294 = DIRECTION ( 'NONE',  ( 1.000000000000000000, 0.000000000000000000, 0.000000000000000000 ) ) ;
#1295 = AXIS2_PLACEMENT_3D ( 'NONE', #4269, #4358, #3596 ) ;
#1296 = ORIENTED_EDGE ( 'NONE', *, *, #1469, .T. ) ;
#1297 = DIRECTION ( 'NONE',  ( 0.000000000000000000, 0.000000000000000000, -1.000000000000000000 ) ) ;
#1298 = PRESENTATION_LAYER_ASSIGNMENT (  '', '', ( #2123 ) ) ;
#1299 = CARTESIAN_POINT ( 'NONE',  ( -15.49999999999999645, 15.50000000000000000, 0.000000000000000000 ) ) ;
#1300 = CARTESIAN_POINT ( 'NONE',  ( 28.14999999999999858, 9.779240779943870976, 38.50000000000000000 ) ) ;
#1301 = CARTESIAN_POINT ( 'NONE',  ( 24.55811388300841713, -11.50358242896913730, 38.94868329805051133 ) ) ;
#1302 = COLOUR_RGB ( '',0.2509803921568627416, 0.2509803921568627416, 0.2509803921568627416 ) ;
#1303 = ADVANCED_FACE ( 'NONE', ( #5625, #5533 ), #3232, .T. ) ;
#1304 = VECTOR ( 'NONE', #5156, 1000.000000000000000 ) ;
#1305 = UNCERTAINTY_MEASURE_WITH_UNIT (LENGTH_MEASURE( 1.000000000000000082E-05 ), #3834, 'distance_accuracy_value', 'NONE');
#1306 = DIRECTION ( 'NONE',  ( -1.000000000000000000, 0.000000000000000000, 0.000000000000000000 ) ) ;
#1307 = CARTESIAN_POINT ( 'NONE',  ( 17.15000000000002345, 21.14999999999999858, 8.000000000000000000 ) ) ;
#1308 = COLOUR_RGB ( '',0.2509803921568627416, 0.2509803921568627416, 0.2509803921568627416 ) ;
#1309 = ORIENTED_EDGE ( 'NONE', *, *, #8711, .F. ) ;
#1310 = UNCERTAINTY_MEASURE_WITH_UNIT (LENGTH_MEASURE( 1.000000000000000082E-05 ), #3952, 'distance_accuracy_value', 'NONE');
#1311 = CARTESIAN_POINT ( 'NONE',  ( -21.14999999999999503, 13.32957238623956364, 98.84951795962938093 ) ) ;
#1312 = CARTESIAN_POINT ( 'NONE',  ( 25.02427119529535560, -11.29433895058367909, 42.50862704841027551 ) ) ;
#1313 = EDGE_CURVE ( 'NONE', #6298, #3929, #4517, .T. ) ;
#1314 =( NAMED_UNIT ( * ) PLANE_ANGLE_UNIT ( ) SI_UNIT ( $, .RADIAN. ) );
#1315 = CARTESIAN_POINT ( 'NONE',  ( 25.65000000000000213, 8.337722339831621809, 42.49999999999999289 ) ) ;
#1316 = COLOUR_RGB ( '',0.2509803921568627416, 0.2509803921568627416, 0.2509803921568627416 ) ;
#1317 = VECTOR ( 'NONE', #2673, 1000.000000000000000 ) ;
#1318 = ORIENTED_EDGE ( 'NONE', *, *, #3177, .T. ) ;
#1319 = SURFACE_STYLE_USAGE ( .BOTH. , #10058 ) ;
#1320 = ADVANCED_FACE ( 'NONE', ( #9596, #7201 ), #7876, .T. ) ;
#1321 = UNCERTAINTY_MEASURE_WITH_UNIT (LENGTH_MEASURE( 1.000000000000000082E-05 ), #2138, 'distance_accuracy_value', 'NONE');
#1322 = SURFACE_SIDE_STYLE ('',( #481 ) ) ;
#1323 = DIRECTION ( 'NONE',  ( -0.000000000000000000, -0.000000000000000000, 1.000000000000000000 ) ) ;
#1325 = DIRECTION ( 'NONE',  ( -2.668805347656620959E-15, -1.000000000000000000, 0.000000000000000000 ) ) ;
#1324 =( GEOMETRIC_REPRESENTATION_CONTEXT ( 3 ) GLOBAL_UNCERTAINTY_ASSIGNED_CONTEXT ( ( #9857 ) ) GLOBAL_UNIT_ASSIGNED_CONTEXT ( ( #6607, #3287, #9223 ) ) REPRESENTATION_CONTEXT ( 'NONE', 'WORKASPACE' ) );
#1326 = LINE ( 'NONE', #2260, #1964 ) ;
#1327 =( LENGTH_UNIT ( ) NAMED_UNIT ( * ) SI_UNIT ( .MILLI., .METRE. ) );
#1328 = CARTESIAN_POINT ( 'NONE',  ( 21.16000000000000014, -12.99666666666666792, 35.00200000000000955 ) ) ;
#1329 = DIRECTION ( 'NONE',  ( 1.000000000000000000, 0.000000000000000000, 0.000000000000000000 ) ) ;
#1330 = ORIENTED_EDGE ( 'NONE', *, *, #3920, .T. ) ;
#1331 = MECHANICAL_DESIGN_GEOMETRIC_PRESENTATION_REPRESENTATION (  '', ( #6784 ), #2354 ) ;
#1332 = CARTESIAN_POINT ( 'NONE',  ( -21.15999999999998948, 13.31369220013744581, 5.999999999999998224 ) ) ;
#1333 = VERTEX_POINT ( 'NONE', #775 ) ;
#1334 = CARTESIAN_POINT ( 'NONE',  ( 0.000000000000000000, 0.000000000000000000, 6.000000000000000000 ) ) ;
#1335 = ORIENTED_EDGE ( 'NONE', *, *, #866, .T. ) ;
#1336 = SURFACE_STYLE_USAGE ( .BOTH. , #4600 ) ;
#1337 = STYLED_ITEM ( 'NONE', ( #7847 ), #9372 ) ;
#1338 = LINE ( 'NONE', #3736, #99 ) ;
#1339 = DIRECTION ( 'NONE',  ( 1.000000000000000000, 0.000000000000000000, 0.000000000000000000 ) ) ;
#1340 = SURFACE_STYLE_FILL_AREA ( #2219 ) ;
#1341 = ORIENTED_EDGE ( 'NONE', *, *, #606, .T. ) ;
#1342 = VERTEX_POINT ( 'NONE', #7083 ) ;
#1343 = CARTESIAN_POINT ( 'NONE',  ( 0.000000000000000000, 0.000000000000000000, 39.00000000000000000 ) ) ;
#1344 = ADVANCED_FACE ( 'NONE', ( #878 ), #7491, .F. ) ;
#1345 = SURFACE_STYLE_USAGE ( .BOTH. , #7829 ) ;
#1346 = DIRECTION ( 'NONE',  ( 0.000000000000000000, 0.000000000000000000, -1.000000000000000000 ) ) ;
#1347 = DIRECTION ( 'NONE',  ( -8.202002250481356316E-17, 1.000000000000000000, -0.000000000000000000 ) ) ;
#1348 = LINE ( 'NONE', #8571, #9997 ) ;
#1349 = COLOUR_RGB ( '',0.2509803921568627416, 0.2509803921568627416, 0.2509803921568627416 ) ;
#1350 = CARTESIAN_POINT ( 'NONE',  ( -16.00000000000015987, 13.69999999999897611, 45.39999999999999858 ) ) ;
#1351 = EDGE_CURVE ( 'NONE', #1916, #3783, #7339, .T. ) ;
#1352 = ORIENTED_EDGE ( 'NONE', *, *, #1679, .T. ) ;
#1353 =( LENGTH_UNIT ( ) NAMED_UNIT ( * ) SI_UNIT ( .MILLI., .METRE. ) );
#1354 = LINE ( 'NONE', #3802, #9627 ) ;
#1355 = DIRECTION ( 'NONE',  ( 1.000000000000000000, 0.000000000000000000, 0.000000000000000000 ) ) ;
#1356 = FILL_AREA_STYLE ('',( #3562 ) ) ;
#1357 = FILL_AREA_STYLE ('',( #10113 ) ) ;
#1358 =( GEOMETRIC_REPRESENTATION_CONTEXT ( 3 ) GLOBAL_UNCERTAINTY_ASSIGNED_CONTEXT ( ( #3927 ) ) GLOBAL_UNIT_ASSIGNED_CONTEXT ( ( #3377, #195, #5876 ) ) REPRESENTATION_CONTEXT ( 'NONE', 'WORKASPACE' ) );
#1359 = FILL_AREA_STYLE_COLOUR ( '', #4477 ) ;
#1360 = ORIENTED_EDGE ( 'NONE', *, *, #8857, .F. ) ;
#1361 = SURFACE_STYLE_FILL_AREA ( #527 ) ;
#1362 =( NAMED_UNIT ( * ) SI_UNIT ( $, .STERADIAN. ) SOLID_ANGLE_UNIT ( ) );
#1363 = EDGE_CURVE ( 'NONE', #3063, #255, #6497, .T. ) ;
#1364 =( GEOMETRIC_REPRESENTATION_CONTEXT ( 3 ) GLOBAL_UNCERTAINTY_ASSIGNED_CONTEXT ( ( #6367 ) ) GLOBAL_UNIT_ASSIGNED_CONTEXT ( ( #5415, #8440, #4646 ) ) REPRESENTATION_CONTEXT ( 'NONE', 'WORKASPACE' ) );
#1365 = CIRCLE ( 'NONE', #1709, 2.750000000000000888 ) ;
#1366 = COLOUR_RGB ( '',0.2509803921568627416, 0.2509803921568627416, 0.2509803921568627416 ) ;
#1367 = UNCERTAINTY_MEASURE_WITH_UNIT (LENGTH_MEASURE( 1.000000000000000082E-05 ), #2029, 'distance_accuracy_value', 'NONE');
#1368 =( LENGTH_UNIT ( ) NAMED_UNIT ( * ) SI_UNIT ( .MILLI., .METRE. ) );
#1369 = DIRECTION ( 'NONE',  ( 0.000000000000000000, 0.000000000000000000, -1.000000000000000000 ) ) ;
#1370 = CARTESIAN_POINT ( 'NONE',  ( 14.99999999999991296, -8.540177112501267849E-14, 46.39999999999999858 ) ) ;
#1371 = CARTESIAN_POINT ( 'NONE',  ( 0.000000000000000000, 0.000000000000000000, 0.5000000000000000000 ) ) ;
#1372 =( LENGTH_UNIT ( ) NAMED_UNIT ( * ) SI_UNIT ( .MILLI., .METRE. ) );
#1373 = EDGE_LOOP ( 'NONE', ( #6328, #5324, #3188, #7922 ) ) ;
#1374 = STYLED_ITEM ( 'NONE', ( #2264 ), #7082 ) ;
#1375 = MECHANICAL_DESIGN_GEOMETRIC_PRESENTATION_REPRESENTATION (  '', ( #8989 ), #2895 ) ;
#1376 = SURFACE_STYLE_FILL_AREA ( #7750 ) ;
#1377 = DIRECTION ( 'NONE',  ( -0.000000000000000000, -0.000000000000000000, -1.000000000000000000 ) ) ;
#1378 = ORIENTED_EDGE ( 'NONE', *, *, #7530, .F. ) ;
#1379 = ORIENTED_EDGE ( 'NONE', *, *, #2672, .F. ) ;
#1380 = STYLED_ITEM ( 'NONE', ( #5454 ), #7364 ) ;
#1381 = MECHANICAL_DESIGN_GEOMETRIC_PRESENTATION_REPRESENTATION (  '', ( #5829 ), #6832 ) ;
#1382 = PRESENTATION_LAYER_ASSIGNMENT (  '', '', ( #6007 ) ) ;
#1383 = CARTESIAN_POINT ( 'NONE',  ( -15.49999999999994316, -15.50000000000004974, -2.266821225221747863E-17 ) ) ;
#1384 = EDGE_CURVE ( 'NONE', #9800, #5541, #9076, .T. ) ;
#1385 = FILL_AREA_STYLE_COLOUR ( '', #5824 ) ;
#1386 = LINE ( 'NONE', #4656, #7104 ) ;
#1387 = SURFACE_STYLE_USAGE ( .BOTH. , #3896 ) ;
#1388 = CARTESIAN_POINT ( 'NONE',  ( 0.000000000000000000, 0.000000000000000000, 39.00000000000000000 ) ) ;
#1389 = SURFACE_STYLE_USAGE ( .BOTH. , #9397 ) ;
#1390 = ORIENTED_EDGE ( 'NONE', *, *, #1558, .T. ) ;
#1391 = COLOUR_RGB ( '',0.2509803921568627416, 0.2509803921568627416, 0.2509803921568627416 ) ;
#1392 = PRESENTATION_LAYER_ASSIGNMENT (  '', '', ( #7196 ) ) ;
#1393 = STYLED_ITEM ( 'NONE', ( #9119 ), #2365 ) ;
#1394 = VECTOR ( 'NONE', #5077, 1000.000000000000114 ) ;
#1395 = VECTOR ( 'NONE', #774, 1000.000000000000000 ) ;
#1396 = ADVANCED_FACE ( 'NONE', ( #9641, #8284, #8940, #9688, #333, #4331 ), #3469, .T. ) ;
#1397 = ORIENTED_EDGE ( 'NONE', *, *, #2601, .T. ) ;
#1398 = CARTESIAN_POINT ( 'NONE',  ( 17.14999999999996660, 21.14999999999999858, 37.00000000000000000 ) ) ;
#1399 = MECHANICAL_DESIGN_GEOMETRIC_PRESENTATION_REPRESENTATION (  '', ( #8204 ), #3729 ) ;
#1400 =( NAMED_UNIT ( * ) SI_UNIT ( $, .STERADIAN. ) SOLID_ANGLE_UNIT ( ) );
#1401 = STYLED_ITEM ( 'NONE', ( #4950 ), #2622 ) ;
#1402 = DIRECTION ( 'NONE',  ( -0.000000000000000000, -0.000000000000000000, 1.000000000000000000 ) ) ;
#1403 = VECTOR ( 'NONE', #9868, 1000.000000000000000 ) ;
#1404 =( NAMED_UNIT ( * ) SI_UNIT ( $, .STERADIAN. ) SOLID_ANGLE_UNIT ( ) );
#1405 = UNCERTAINTY_MEASURE_WITH_UNIT (LENGTH_MEASURE( 1.000000000000000082E-05 ), #2346, 'distance_accuracy_value', 'NONE');
#1406 = FILL_AREA_STYLE_COLOUR ( '', #2975 ) ;
#1407 = FACE_OUTER_BOUND ( 'NONE', #1450, .T. ) ;
#1408 = ADVANCED_FACE ( 'NONE', ( #5817 ), #1179, .F. ) ;
#1409 = CARTESIAN_POINT ( 'NONE',  ( 24.55811388300841358, 11.50358242896913019, 42.05131670194948157 ) ) ;
#1410 = ORIENTED_EDGE ( 'NONE', *, *, #325, .T. ) ;
#1411 =( NAMED_UNIT ( * ) SI_UNIT ( $, .STERADIAN. ) SOLID_ANGLE_UNIT ( ) );
#1412 =( NAMED_UNIT ( * ) SI_UNIT ( $, .STERADIAN. ) SOLID_ANGLE_UNIT ( ) );
#1413 = FILL_AREA_STYLE_COLOUR ( '', #7423 ) ;
#1414 = LINE ( 'NONE', #1311, #3634 ) ;
#1415 = UNCERTAINTY_MEASURE_WITH_UNIT (LENGTH_MEASURE( 1.000000000000000082E-05 ), #6144, 'distance_accuracy_value', 'NONE');
#1416 = EDGE_CURVE ( 'NONE', #6262, #6049, #5314, .T. ) ;
#1417 = LINE ( 'NONE', #524, #7624 ) ;
#1418 = VERTEX_POINT ( 'NONE', #8483 ) ;
#1419 = COLOUR_RGB ( '',0.2509803921568627416, 0.2509803921568627416, 0.2509803921568627416 ) ;
#1420 = CARTESIAN_POINT ( 'NONE',  ( 21.14999999999999858, 21.14999999999999858, 37.00000000000000000 ) ) ;
#1421 = FACE_OUTER_BOUND ( 'NONE', #4118, .T. ) ;
#1422 = PLANE ( 'NONE',  #4348 ) ;
#1423 =( NAMED_UNIT ( * ) SI_UNIT ( $, .STERADIAN. ) SOLID_ANGLE_UNIT ( ) );
#1424 = CARTESIAN_POINT ( 'NONE',  ( 1.387719793734910390, 2.000000000000000000, -23.56571032415539690 ) ) ;
#1425 = DIRECTION ( 'NONE',  ( -1.000000000000000000, 2.668805347656620959E-15, 0.000000000000000000 ) ) ;
#1426 = DIRECTION ( 'NONE',  ( -1.334402673828317777E-15, -1.000000000000000000, 0.000000000000000000 ) ) ;
#1427 = LINE ( 'NONE', #2154, #7426 ) ;
#1428 = ORIENTED_EDGE ( 'NONE', *, *, #6948, .T. ) ;
#1429 = EDGE_CURVE ( 'NONE', #600, #4347, #7541, .T. ) ;
#1430 = CARTESIAN_POINT ( 'NONE',  ( 28.64999999999999858, -6.020106648094795787, 38.00000000000000000 ) ) ;
#1431 = PLANE ( 'NONE',  #5511 ) ;
#1432 = ORIENTED_EDGE ( 'NONE', *, *, #3068, .F. ) ;
#1433 = CARTESIAN_POINT ( 'NONE',  ( 28.62223219557734311, 6.218428161621854855, 42.80167848647368345 ) ) ;
#1434 = FILL_AREA_STYLE ('',( #10074 ) ) ;
#1435 = CARTESIAN_POINT ( 'NONE',  ( 17.29999999999983729, 0.000000000000000000, 45.39999999999999858 ) ) ;
#1436 = ORIENTED_EDGE ( 'NONE', *, *, #493, .T. ) ;
#1437 = SURFACE_STYLE_FILL_AREA ( #1491 ) ;
#1438 = VECTOR ( 'NONE', #958, 1000.000000000000000 ) ;
#1439 = ORIENTED_EDGE ( 'NONE', *, *, #5225, .T. ) ;
#1440 =( NAMED_UNIT ( * ) PLANE_ANGLE_UNIT ( ) SI_UNIT ( $, .RADIAN. ) );
#1441 = CARTESIAN_POINT ( 'NONE',  ( 24.55811388300841713, -10.80986948560773975, 38.50000000000000000 ) ) ;
#1442 = DIRECTION ( 'NONE',  ( 0.000000000000000000, 0.000000000000000000, 1.000000000000000000 ) ) ;
#1443 = EDGE_CURVE ( 'NONE', #4041, #7094, #2203, .T. ) ;
#1444 = CARTESIAN_POINT ( 'NONE',  ( 0.000000000000000000, 0.000000000000000000, -53.84951795962939514 ) ) ;
#1445 = FILL_AREA_STYLE ('',( #7524 ) ) ;
#1446 = DIRECTION ( 'NONE',  ( 0.7071067811865502373, 0.7071067811865447972, -0.000000000000000000 ) ) ;
#1447 = ORIENTED_EDGE ( 'NONE', *, *, #4529, .T. ) ;
#1448 = TOROIDAL_SURFACE ( 'NONE', #2097, 0.5000000000000000000, 0.5000000000000000000 ) ;
#1449 = STYLED_ITEM ( 'NONE', ( #7232 ), #3052 ) ;
#1450 = EDGE_LOOP ( 'NONE', ( #4095, #4377, #1188, #515, #6812, #6235, #1360, #708 ) ) ;
#1451 = FILL_AREA_STYLE ('',( #1505 ) ) ;
#1452 = EDGE_LOOP ( 'NONE', ( #4892, #2926, #4996, #3096, #1791, #1594, #9203, #7478 ) ) ;
#1453 = SURFACE_STYLE_FILL_AREA ( #616 ) ;
#1454 = FILL_AREA_STYLE_COLOUR ( '', #5373 ) ;
#1455 = DIRECTION ( 'NONE',  ( 0.000000000000000000, -1.000000000000000000, 0.000000000000000000 ) ) ;
#1456 = PRESENTATION_STYLE_ASSIGNMENT (( #6310 ) ) ;
#1457 =( GEOMETRIC_REPRESENTATION_CONTEXT ( 3 ) GLOBAL_UNCERTAINTY_ASSIGNED_CONTEXT ( ( #2317 ) ) GLOBAL_UNIT_ASSIGNED_CONTEXT ( ( #6052, #2040, #2795 ) ) REPRESENTATION_CONTEXT ( 'NONE', 'WORKASPACE' ) );
#1458 = PRESENTATION_STYLE_ASSIGNMENT (( #4374 ) ) ;
#1459 =( NAMED_UNIT ( * ) SI_UNIT ( $, .STERADIAN. ) SOLID_ANGLE_UNIT ( ) );
#1460 = AXIS2_PLACEMENT_3D ( 'NONE', #5616, #7191, #8798 ) ;
#1461 = STYLED_ITEM ( 'NONE', ( #7780 ), #9518 ) ;
#1462 = SURFACE_SIDE_STYLE ('',( #6045 ) ) ;
#1463 = CARTESIAN_POINT ( 'NONE',  ( 26.28245553203367635, 10.23508893593264801, 38.50000000000000000 ) ) ;
#1464 = MECHANICAL_DESIGN_GEOMETRIC_PRESENTATION_REPRESENTATION (  '', ( #1135 ), #4119 ) ;
#1465 = ORIENTED_EDGE ( 'NONE', *, *, #750, .F. ) ;
#1466 = SURFACE_STYLE_USAGE ( .BOTH. , #3700 ) ;
#1467 =( GEOMETRIC_REPRESENTATION_CONTEXT ( 3 ) GLOBAL_UNCERTAINTY_ASSIGNED_CONTEXT ( ( #2705 ) ) GLOBAL_UNIT_ASSIGNED_CONTEXT ( ( #1070, #3414, #8225 ) ) REPRESENTATION_CONTEXT ( 'NONE', 'WORKASPACE' ) );
#1468 = DIRECTION ( 'NONE',  ( 0.000000000000000000, 0.000000000000000000, 1.000000000000000000 ) ) ;
#1469 = EDGE_CURVE ( 'NONE', #1763, #9794, #7695, .T. ) ;
#1470 = CIRCLE ( 'NONE', #8595, 25.00000000000000000 ) ;
#1471 = AXIS2_PLACEMENT_3D ( 'NONE', #3561, #6532, #6691 ) ;
#1472 = LINE ( 'NONE', #4626, #8269 ) ;
#1473 = DIRECTION ( 'NONE',  ( -1.000000000000000000, -0.000000000000000000, -0.000000000000000000 ) ) ;
#1474 = CARTESIAN_POINT ( 'NONE',  ( 25.05811388300841713, -10.64320281894107190, 42.49999999999999289 ) ) ;
#1475 =( NAMED_UNIT ( * ) SI_UNIT ( $, .STERADIAN. ) SOLID_ANGLE_UNIT ( ) );
#1476 = ORIENTED_EDGE ( 'NONE', *, *, #660, .T. ) ;
#1477 = UNCERTAINTY_MEASURE_WITH_UNIT (LENGTH_MEASURE( 1.000000000000000082E-05 ), #9359, 'distance_accuracy_value', 'NONE');
#1478 = DIRECTION ( 'NONE',  ( -0.000000000000000000, -0.000000000000000000, 1.000000000000000000 ) ) ;
#1479 =( GEOMETRIC_REPRESENTATION_CONTEXT ( 3 ) GLOBAL_UNCERTAINTY_ASSIGNED_CONTEXT ( ( #9877 ) ) GLOBAL_UNIT_ASSIGNED_CONTEXT ( ( #3680, #6035, #666 ) ) REPRESENTATION_CONTEXT ( 'NONE', 'WORKASPACE' ) );
#1480 = FACE_OUTER_BOUND ( 'NONE', #3172, .T. ) ;
#1481 = SURFACE_STYLE_USAGE ( .BOTH. , #702 ) ;
#1482 = CARTESIAN_POINT ( 'NONE',  ( 24.21622776601682858, 11.97792407799438585, 38.00000000000000000 ) ) ;
#1483 = ORIENTED_EDGE ( 'NONE', *, *, #2641, .F. ) ;
#1484 = CARTESIAN_POINT ( 'NONE',  ( 17.29999999999983729, -15.00000000000102318, 45.39999999999999858 ) ) ;
#1485 = CARTESIAN_POINT ( 'NONE',  ( -17.30000000000016414, -16.00000000000102318, 45.39999999999999858 ) ) ;
#1486 = VERTEX_POINT ( 'NONE', #4385 ) ;
#1487 = LINE ( 'NONE', #4592, #5895 ) ;
#1488 =( GEOMETRIC_REPRESENTATION_CONTEXT ( 3 ) GLOBAL_UNCERTAINTY_ASSIGNED_CONTEXT ( ( #120 ) ) GLOBAL_UNIT_ASSIGNED_CONTEXT ( ( #9089, #6036, #4497 ) ) REPRESENTATION_CONTEXT ( 'NONE', 'WORKASPACE' ) );
#1489 = VECTOR ( 'NONE', #9819, 1000.000000000000000 ) ;
#1490 = ORIENTED_EDGE ( 'NONE', *, *, #5006, .F. ) ;
#1491 = FILL_AREA_STYLE ('',( #6297 ) ) ;
#1492 = EDGE_CURVE ( 'NONE', #8267, #4061, #9267, .T. ) ;
#1493 = ORIENTED_EDGE ( 'NONE', *, *, #3807, .T. ) ;
#1494 = MECHANICAL_DESIGN_GEOMETRIC_PRESENTATION_REPRESENTATION (  '', ( #3 ), #1324 ) ;
#1495 = UNCERTAINTY_MEASURE_WITH_UNIT (LENGTH_MEASURE( 1.000000000000000082E-05 ), #5500, 'distance_accuracy_value', 'NONE');
#1496 = DIRECTION ( 'NONE',  ( -1.000000000000000000, 2.668805347656628059E-15, 0.000000000000000000 ) ) ;
#1497 = CARTESIAN_POINT ( 'NONE',  ( 2.001604010742336977E-14, 14.99999999999895373, 45.39999999999999858 ) ) ;
#1498 =( GEOMETRIC_REPRESENTATION_CONTEXT ( 3 ) GLOBAL_UNCERTAINTY_ASSIGNED_CONTEXT ( ( #7794 ) ) GLOBAL_UNIT_ASSIGNED_CONTEXT ( ( #6754, #7448, #3117 ) ) REPRESENTATION_CONTEXT ( 'NONE', 'WORKASPACE' ) );
#1499 = FACE_OUTER_BOUND ( 'NONE', #3584, .T. ) ;
#1500 = DIRECTION ( 'NONE',  ( -0.000000000000000000, 1.000000000000000000, -0.000000000000000000 ) ) ;
#1501 = LINE ( 'NONE', #6601, #479 ) ;
#1502 = ORIENTED_EDGE ( 'NONE', *, *, #4890, .F. ) ;
#1503 = VECTOR ( 'NONE', #3555, 1000.000000000000000 ) ;
#1504 = ORIENTED_EDGE ( 'NONE', *, *, #6718, .T. ) ;
#1505 = FILL_AREA_STYLE_COLOUR ( '', #9423 ) ;
#1506 = EDGE_CURVE ( 'NONE', #150, #1916, #533, .T. ) ;
#1507 = MECHANICAL_DESIGN_GEOMETRIC_PRESENTATION_REPRESENTATION (  '', ( #850 ), #3178 ) ;
#1508 = ORIENTED_EDGE ( 'NONE', *, *, #2853, .T. ) ;
#1509 =( LENGTH_UNIT ( ) NAMED_UNIT ( * ) SI_UNIT ( .MILLI., .METRE. ) );
#1510 = CARTESIAN_POINT ( 'NONE',  ( 28.64999999999999858, 6.151029934685736222, 38.06546164329511583 ) ) ;
#1511 =( NAMED_UNIT ( * ) PLANE_ANGLE_UNIT ( ) SI_UNIT ( $, .RADIAN. ) );
#1512 =( LENGTH_UNIT ( ) NAMED_UNIT ( * ) SI_UNIT ( .MILLI., .METRE. ) );
#1513 = FILL_AREA_STYLE ('',( #1 ) ) ;
#1514 = EDGE_CURVE ( 'NONE', #5213, #8475, #595, .T. ) ;
#1515 = DIRECTION ( 'NONE',  ( -0.000000000000000000, -0.000000000000000000, -1.000000000000000000 ) ) ;
#1516 = UNCERTAINTY_MEASURE_WITH_UNIT (LENGTH_MEASURE( 1.000000000000000082E-05 ), #8006, 'distance_accuracy_value', 'NONE');
#1517 = DIRECTION ( 'NONE',  ( 1.000000000000000000, 0.000000000000000000, 0.000000000000000000 ) ) ;
#1518 = CARTESIAN_POINT ( 'NONE',  ( 0.000000000000000000, 21.15999999999999659, 5.999999999999998224 ) ) ;
#1519 =( LENGTH_UNIT ( ) NAMED_UNIT ( * ) SI_UNIT ( .MILLI., .METRE. ) );
#1520 = VERTEX_POINT ( 'NONE', #3716 ) ;
#1521 = SURFACE_SIDE_STYLE ('',( #3255 ) ) ;
#1522 = DIRECTION ( 'NONE',  ( -0.000000000000000000, -0.000000000000000000, 1.000000000000000000 ) ) ;
#1523 = DIRECTION ( 'NONE',  ( 0.000000000000000000, 0.000000000000000000, -1.000000000000000000 ) ) ;
#1524 =( NAMED_UNIT ( * ) PLANE_ANGLE_UNIT ( ) SI_UNIT ( $, .RADIAN. ) );
#1525 = EDGE_CURVE ( 'NONE', #564, #3027, #2153, .T. ) ;
#1526 = FILL_AREA_STYLE ('',( #8533 ) ) ;
#1527 = FILL_AREA_STYLE_COLOUR ( '', #3243 ) ;
#1528 = UNCERTAINTY_MEASURE_WITH_UNIT (LENGTH_MEASURE( 1.000000000000000082E-05 ), #6893, 'distance_accuracy_value', 'NONE');
#1529 = SURFACE_SIDE_STYLE ('',( #6897 ) ) ;
#1530 = VERTEX_POINT ( 'NONE', #9325 ) ;
#1531 = VECTOR ( 'NONE', #9242, 1000.000000000000000 ) ;
#1532 = CARTESIAN_POINT ( 'NONE',  ( 28.64999999999999858, 6.020106648094790458, 38.00000000000000000 ) ) ;
#1533 = CARTESIAN_POINT ( 'NONE',  ( -21.14999999999999503, 17.15000000000000924, 10.00000000000000000 ) ) ;
#1534 = EDGE_CURVE ( 'NONE', #3027, #3679, #6804, .T. ) ;
#1535 =( LENGTH_UNIT ( ) NAMED_UNIT ( * ) SI_UNIT ( .MILLI., .METRE. ) );
#1536 = CARTESIAN_POINT ( 'NONE',  ( 0.000000000000000000, 0.000000000000000000, 5.999999999999998224 ) ) ;
#1537 = SURFACE_STYLE_FILL_AREA ( #2383 ) ;
#1538 = DIRECTION ( 'NONE',  ( 1.000000000000000000, 0.000000000000000000, 0.000000000000000000 ) ) ;
#1539 = ORIENTED_EDGE ( 'NONE', *, *, #4163, .T. ) ;
#1540 = FILL_AREA_STYLE ('',( #9433 ) ) ;
#1541 = DIRECTION ( 'NONE',  ( -0.000000000000000000, -0.000000000000000000, -1.000000000000000000 ) ) ;
#1542 = VERTEX_POINT ( 'NONE', #2259 ) ;
#1543 = PRESENTATION_STYLE_ASSIGNMENT (( #5416 ) ) ;
#1544 = VECTOR ( 'NONE', #5333, 1000.000000000000000 ) ;
#1545 = VECTOR ( 'NONE', #7418, 1000.000000000000000 ) ;
#1546 = MECHANICAL_DESIGN_GEOMETRIC_PRESENTATION_REPRESENTATION (  '', ( #4681 ), #9923 ) ;
#1548 = EDGE_CURVE ( 'NONE', #4823, #3115, #5208, .T. ) ;
#1547 = VERTEX_POINT ( 'NONE', #9882 ) ;
#1549 = ORIENTED_EDGE ( 'NONE', *, *, #8039, .T. ) ;
#1550 = CARTESIAN_POINT ( 'NONE',  ( -17.30000000000016414, -31.00000000000000000, 45.39999999999999858 ) ) ;
#1551 =( NAMED_UNIT ( * ) PLANE_ANGLE_UNIT ( ) SI_UNIT ( $, .RADIAN. ) );
#1552 = MECHANICAL_DESIGN_GEOMETRIC_PRESENTATION_REPRESENTATION (  '', ( #3873 ), #720 ) ;
#1553 = DIRECTION ( 'NONE',  ( -1.000000000000000000, 0.000000000000000000, 0.000000000000000000 ) ) ;
#1554 = DIRECTION ( 'NONE',  ( 1.000000000000000000, 0.000000000000000000, 0.000000000000000000 ) ) ;
#1555 = DIRECTION ( 'NONE',  ( -0.7071067811865462405, 0.7071067811865489050, -0.000000000000000000 ) ) ;
#1556 = CARTESIAN_POINT ( 'NONE',  ( 19.14999999999992752, -19.15000000000007319, 8.000000000000000000 ) ) ;
#1557 = ORIENTED_EDGE ( 'NONE', *, *, #10188, .F. ) ;
#1558 = EDGE_CURVE ( 'NONE', #3063, #4097, #2883, .T. ) ;
#1559 = STYLED_ITEM ( 'NONE', ( #2480 ), #7317 ) ;
#1560 = ORIENTED_EDGE ( 'NONE', *, *, #4599, .F. ) ;
#1561 = CARTESIAN_POINT ( 'NONE',  ( 24.55811388300841713, -11.36721879260550061, 38.51746361711847300 ) ) ;
#1562 = PRESENTATION_LAYER_ASSIGNMENT (  '', '', ( #8021 ) ) ;
#1563 = VECTOR ( 'NONE', #9961, 1000.000000000000000 ) ;
#1564 = ORIENTED_EDGE ( 'NONE', *, *, #10128, .F. ) ;
#1565 = CARTESIAN_POINT ( 'NONE',  ( 28.14999999999999858, 6.520106648094783353, 42.49999999999999289 ) ) ;
#1566 = PLANE ( 'NONE',  #234 ) ;
#1567 = CARTESIAN_POINT ( 'NONE',  ( 24.55811388300841358, 11.28333052398417813, 42.00000000002314238 ) ) ;
#1568 = AXIS2_PLACEMENT_3D ( 'NONE', #6425, #6475, #267 ) ;
#1569 = CIRCLE ( 'NONE', #1735, 0.5000000000000004441 ) ;
#1570 = STYLED_ITEM ( 'NONE', ( #9704 ), #2031 ) ;
#1571 = AXIS2_PLACEMENT_3D ( 'NONE', #6192, #7080, #7926 ) ;
#1572 = EDGE_CURVE ( 'NONE', #944, #6344, #3765, .T. ) ;
#1573 = FACE_OUTER_BOUND ( 'NONE', #1754, .T. ) ;
#1574 = ORIENTED_EDGE ( 'NONE', *, *, #6883, .T. ) ;
#1575 = ADVANCED_FACE ( 'NONE', ( #4429 ), #7593, .T. ) ;
#1576 = CIRCLE ( 'NONE', #8693, 0.5000000000000004441 ) ;
#1577 = PRESENTATION_LAYER_ASSIGNMENT (  '', '', ( #9144 ) ) ;
#1578 = SURFACE_SIDE_STYLE ('',( #9996 ) ) ;
#1579 =( NAMED_UNIT ( * ) SI_UNIT ( $, .STERADIAN. ) SOLID_ANGLE_UNIT ( ) );
#1580 = CYLINDRICAL_SURFACE ( 'NONE', #5508, 0.5000000000000004441 ) ;
#1581 = SURFACE_STYLE_USAGE ( .BOTH. , #5706 ) ;
#1582 = ORIENTED_EDGE ( 'NONE', *, *, #10006, .F. ) ;
#1583 =( GEOMETRIC_REPRESENTATION_CONTEXT ( 3 ) GLOBAL_UNCERTAINTY_ASSIGNED_CONTEXT ( ( #3204 ) ) GLOBAL_UNIT_ASSIGNED_CONTEXT ( ( #10136, #9230, #5481 ) ) REPRESENTATION_CONTEXT ( 'NONE', 'WORKASPACE' ) );
#1584 = CARTESIAN_POINT ( 'NONE',  ( 15.99999999999983302, 14.99999999999897504, 45.39999999999999858 ) ) ;
#1585 = PLANE ( 'NONE',  #10167 ) ;
#1586 = EDGE_CURVE ( 'NONE', #2589, #8874, #3217, .T. ) ;
#1587 = ORIENTED_EDGE ( 'NONE', *, *, #8235, .F. ) ;
#1588 = LINE ( 'NONE', #9378, #572 ) ;
#1589 = PLANE ( 'NONE',  #9768 ) ;
#1590 = ORIENTED_EDGE ( 'NONE', *, *, #1548, .T. ) ;
#1591 = EDGE_CURVE ( 'NONE', #9791, #5696, #2549, .T. ) ;
#1592 = CARTESIAN_POINT ( 'NONE',  ( -16.00000000000016342, 15.99999999999897327, 45.39999999999999858 ) ) ;
#1593 = SURFACE_STYLE_USAGE ( .BOTH. , #2332 ) ;
#1594 = ORIENTED_EDGE ( 'NONE', *, *, #4890, .T. ) ;
#1595 = CARTESIAN_POINT ( 'NONE',  ( 15.99999999999984013, -13.70000000000102425, 45.39999999999999858 ) ) ;
#1596 = DIRECTION ( 'NONE',  ( 0.000000000000000000, 0.000000000000000000, 1.000000000000000000 ) ) ;
#1597 = ORIENTED_EDGE ( 'NONE', *, *, #506, .F. ) ;
#1598 = CYLINDRICAL_SURFACE ( 'NONE', #1662, 3.500000000000000000 ) ;
#1599 = VERTEX_POINT ( 'NONE', #1690 ) ;
#1600 = UNCERTAINTY_MEASURE_WITH_UNIT (LENGTH_MEASURE( 1.000000000000000082E-05 ), #10165, 'distance_accuracy_value', 'NONE');
#1601 = CARTESIAN_POINT ( 'NONE',  ( 30.99999999999997868, -16.00000000000100542, 46.39999999999999858 ) ) ;
#1602 =( NAMED_UNIT ( * ) PLANE_ANGLE_UNIT ( ) SI_UNIT ( $, .RADIAN. ) );
#1603 = SURFACE_STYLE_USAGE ( .BOTH. , #6352 ) ;
#1604 = ORIENTED_EDGE ( 'NONE', *, *, #9583, .T. ) ;
#1605 = AXIS2_PLACEMENT_3D ( 'NONE', #181, #1733, #5656 ) ;
#1606 = ORIENTED_EDGE ( 'NONE', *, *, #3942, .T. ) ;
#1607 = VERTEX_POINT ( 'NONE', #3111 ) ;
#1608 = DIRECTION ( 'NONE',  ( 1.000000000000000000, 0.000000000000000000, 0.000000000000000000 ) ) ;
#1609 = FILL_AREA_STYLE_COLOUR ( '', #3981 ) ;
#1610 =( NAMED_UNIT ( * ) SI_UNIT ( $, .STERADIAN. ) SOLID_ANGLE_UNIT ( ) );
#1611 =( GEOMETRIC_REPRESENTATION_CONTEXT ( 3 ) GLOBAL_UNCERTAINTY_ASSIGNED_CONTEXT ( ( #2878 ) ) GLOBAL_UNIT_ASSIGNED_CONTEXT ( ( #6492, #3327, #1647 ) ) REPRESENTATION_CONTEXT ( 'NONE', 'WORKASPACE' ) );
#1612 = FILL_AREA_STYLE_COLOUR ( '', #6355 ) ;
#1613 = EDGE_CURVE ( 'NONE', #2802, #8617, #7014, .T. ) ;
#1614 = UNCERTAINTY_MEASURE_WITH_UNIT (LENGTH_MEASURE( 1.000000000000000082E-05 ), #2928, 'distance_accuracy_value', 'NONE');
#1615 = CARTESIAN_POINT ( 'NONE',  ( 28.64999999999999858, 1.698780669118024500, 40.49999999999999289 ) ) ;
#1616 = DIRECTION ( 'NONE',  ( -1.334402673828317777E-15, -1.000000000000000000, 0.000000000000000000 ) ) ;
#1617 = PRESENTATION_LAYER_ASSIGNMENT (  '', '', ( #9684 ) ) ;
#1618 = EDGE_LOOP ( 'NONE', ( #6770, #3889, #2714, #3404 ) ) ;
#1619 = FACE_OUTER_BOUND ( 'NONE', #3450, .T. ) ;
#1620 = ADVANCED_FACE ( 'NONE', ( #1480 ), #1589, .F. ) ;
#1621 = SURFACE_STYLE_USAGE ( .BOTH. , #170 ) ;
#1622 = STYLED_ITEM ( 'NONE', ( #2533 ), #9636 ) ;
#1623 =( BOUNDED_CURVE ( )  B_SPLINE_CURVE ( 3, ( #8142, #5030, #1044, #4210 ),
 .UNSPECIFIED., .F., .T. ) 
 B_SPLINE_CURVE_WITH_KNOTS ( ( 4, 4 ),
 ( 1.570796326794896558, 1.892546881191544905 ),
 .UNSPECIFIED. ) 
 CURVE ( )  GEOMETRIC_REPRESENTATION_ITEM ( )  RATIONAL_B_SPLINE_CURVE ( ( 1.000000000000000000, 0.9913916384249974456, 0.9913916384249974456, 1.000000000000000000 ) ) 
 REPRESENTATION_ITEM ( '' )  );
#1624 =( LENGTH_UNIT ( ) NAMED_UNIT ( * ) SI_UNIT ( .MILLI., .METRE. ) );
#1625 = PRESENTATION_STYLE_ASSIGNMENT (( #9578 ) ) ;
#1626 = UNCERTAINTY_MEASURE_WITH_UNIT (LENGTH_MEASURE( 1.000000000000000082E-05 ), #4627, 'distance_accuracy_value', 'NONE');
#1627 = DIRECTION ( 'NONE',  ( -1.000000000000000000, 0.000000000000000000, 0.000000000000000000 ) ) ;
#1628 = ORIENTED_EDGE ( 'NONE', *, *, #3899, .F. ) ;
#1629 = LINE ( 'NONE', #1584, #10163 ) ;
#1630 = COLOUR_RGB ( '',0.2509803921568627416, 0.2509803921568627416, 0.2509803921568627416 ) ;
#1631 = STYLED_ITEM ( 'NONE', ( #4620 ), #9532 ) ;
#1632 = ADVANCED_FACE ( 'NONE', ( #4742 ), #2442, .T. ) ;
#1633 = PRESENTATION_LAYER_ASSIGNMENT (  '', '', ( #2977 ) ) ;
#1634 = EDGE_LOOP ( 'NONE', ( #1628, #7546, #1410, #3286 ) ) ;
#1635 = STYLED_ITEM ( 'NONE', ( #8919 ), #10208 ) ;
#1636 = FILL_AREA_STYLE ('',( #6533 ) ) ;
#1637 = DIRECTION ( 'NONE',  ( -0.000000000000000000, -0.000000000000000000, 1.000000000000000000 ) ) ;
#1638 = FACE_OUTER_BOUND ( 'NONE', #4821, .T. ) ;
#1639 = EDGE_LOOP ( 'NONE', ( #1490, #1077, #1663, #2065 ) ) ;
#1640 = STYLED_ITEM ( 'NONE', ( #7970 ), #6376 ) ;
#1641 = AXIS2_PLACEMENT_3D ( 'NONE', #6399, #9549, #834 ) ;
#1642 = CARTESIAN_POINT ( 'NONE',  ( 24.21622776601682858, 11.97792407799438585, 38.50000000000000000 ) ) ;
#1643 = EDGE_CURVE ( 'NONE', #10034, #91, #1897, .T. ) ;
#1644 = CARTESIAN_POINT ( 'NONE',  ( 28.14999999999999858, -6.520106648094795787, 41.99999999999999289 ) ) ;
#1645 = ORIENTED_EDGE ( 'NONE', *, *, #3855, .T. ) ;
#1646 = CARTESIAN_POINT ( 'NONE',  ( 25.05811388300841713, -11.33691576230247300, 38.50000000000000000 ) ) ;
#1647 =( NAMED_UNIT ( * ) SI_UNIT ( $, .STERADIAN. ) SOLID_ANGLE_UNIT ( ) );
#1648 = ORIENTED_EDGE ( 'NONE', *, *, #231, .F. ) ;
#1649 =( NAMED_UNIT ( * ) PLANE_ANGLE_UNIT ( ) SI_UNIT ( $, .RADIAN. ) );
#1650 = PRESENTATION_LAYER_ASSIGNMENT (  '', '', ( #7433 ) ) ;
#1651 = AXIS2_PLACEMENT_3D ( 'NONE', #8719, #6147, #4769 ) ;
#1652 = VERTEX_POINT ( 'NONE', #9019 ) ;
#1653 = PRESENTATION_STYLE_ASSIGNMENT (( #9546 ) ) ;
#1654 = SURFACE_STYLE_USAGE ( .BOTH. , #2399 ) ;
#1655 = SURFACE_STYLE_FILL_AREA ( #986 ) ;
#1656 = DIRECTION ( 'NONE',  ( 2.668805347656632003E-15, -1.000000000000000000, 0.000000000000000000 ) ) ;
#1657 = LINE ( 'NONE', #5678, #6150 ) ;
#1658 = DIRECTION ( 'NONE',  ( 1.000000000000000000, 0.000000000000000000, 0.000000000000000000 ) ) ;
#1659 = VERTEX_POINT ( 'NONE', #6693 ) ;
#1660 = STYLED_ITEM ( 'NONE', ( #8285 ), #6133 ) ;
#1661 = STYLED_ITEM ( 'NONE', ( #999 ), #8634 ) ;
#1662 = AXIS2_PLACEMENT_3D ( 'NONE', #772, #5476, #7030 ) ;
#1663 = ORIENTED_EDGE ( 'NONE', *, *, #6172, .F. ) ;
#1664 = DIRECTION ( 'NONE',  ( 0.000000000000000000, 0.000000000000000000, 1.000000000000000000 ) ) ;
#1665 = ORIENTED_EDGE ( 'NONE', *, *, #7539, .T. ) ;
#1666 = CARTESIAN_POINT ( 'NONE',  ( 31.00000000000000000, 13.69999999999897611, 45.39999999999999858 ) ) ;
#1667 = EDGE_CURVE ( 'NONE', #10170, #5271, #9770, .T. ) ;
#1668 = AXIS2_PLACEMENT_3D ( 'NONE', #8461, #1346, #4506 ) ;
#1669 = CARTESIAN_POINT ( 'NONE',  ( 15.49999999999983480, 15.49999999999897504, 47.00000000000000000 ) ) ;
#1670 = CARTESIAN_POINT ( 'NONE',  ( 21.14999999999999858, -13.32957238623955654, 98.84951795962938093 ) ) ;
#1671 = AXIS2_PLACEMENT_3D ( 'NONE', #3871, #4687, #9485 ) ;
#1672 = CARTESIAN_POINT ( 'NONE',  ( 14.99999999999983302, 14.99999999999897504, 45.39999999999999858 ) ) ;
#1673 = ORIENTED_EDGE ( 'NONE', *, *, #4813, .F. ) ;
#1674 = LINE ( 'NONE', #4832, #604 ) ;
#1675 = COLOUR_RGB ( '',0.2509803921568627416, 0.2509803921568627416, 0.2509803921568627416 ) ;
#1676 = ORIENTED_EDGE ( 'NONE', *, *, #9990, .T. ) ;
#1677 = PRESENTATION_STYLE_ASSIGNMENT (( #4776 ) ) ;
#1678 = AXIS2_PLACEMENT_3D ( 'NONE', #2872, #9238, #5997 ) ;
#1679 = EDGE_CURVE ( 'NONE', #4858, #860, #8503, .T. ) ;
#1680 = DIRECTION ( 'NONE',  ( 0.000000000000000000, 0.000000000000000000, -1.000000000000000000 ) ) ;
#1681 = CARTESIAN_POINT ( 'NONE',  ( 28.31042662533637611, -6.534525835925967030, 38.51441918783029195 ) ) ;
#1682 =( NAMED_UNIT ( * ) PLANE_ANGLE_UNIT ( ) SI_UNIT ( $, .RADIAN. ) );
#1683 =( NAMED_UNIT ( * ) SI_UNIT ( $, .STERADIAN. ) SOLID_ANGLE_UNIT ( ) );
#1684 = ORIENTED_EDGE ( 'NONE', *, *, #1548, .F. ) ;
#1685 = EDGE_CURVE ( 'NONE', #2451, #6541, #3365, .T. ) ;
#1686 = PRESENTATION_STYLE_ASSIGNMENT (( #7964 ) ) ;
#1687 =( BOUNDED_CURVE ( )  B_SPLINE_CURVE ( 3, ( #9797, #7404, #346, #4259 ),
 .UNSPECIFIED., .F., .T. ) 
 B_SPLINE_CURVE_WITH_KNOTS ( ( 4, 4 ),
 ( 1.892546881191540242, 3.141592653589793116 ),
 .UNSPECIFIED. ) 
 CURVE ( )  GEOMETRIC_REPRESENTATION_ITEM ( )  RATIONAL_B_SPLINE_CURVE ( ( 1.000000000000000000, 0.8741614567837074912, 0.8741614567837074912, 1.000000000000000000 ) ) 
 REPRESENTATION_ITEM ( '' )  );
#1688 = EDGE_LOOP ( 'NONE', ( #4185, #9963, #7031, #5422, #3730 ) ) ;
#1689 = DIRECTION ( 'NONE',  ( -0.000000000000000000, -0.000000000000000000, 1.000000000000000000 ) ) ;
#1690 = CARTESIAN_POINT ( 'NONE',  ( 24.21622776601682858, 11.97792407799438585, 43.00000000000000000 ) ) ;
#1691 = STYLED_ITEM ( 'NONE', ( #115 ), #4970 ) ;
#1692 = LINE ( 'NONE', #3319, #6277 ) ;
#1693 = DIRECTION ( 'NONE',  ( -0.000000000000000000, -0.000000000000000000, 1.000000000000000000 ) ) ;
#1694 =( LENGTH_UNIT ( ) NAMED_UNIT ( * ) SI_UNIT ( .MILLI., .METRE. ) );
#1695 = CARTESIAN_POINT ( 'NONE',  ( 14.99999999999984013, -17.30000000000102389, 45.39999999999999858 ) ) ;
#1696 = VERTEX_POINT ( 'NONE', #1943 ) ;
#1697 = ADVANCED_FACE ( 'NONE', ( #1117 ), #5098, .T. ) ;
#1698 = DIRECTION ( 'NONE',  ( 1.000000000000000000, 0.000000000000000000, 0.000000000000000000 ) ) ;
#1699 = ORIENTED_EDGE ( 'NONE', *, *, #8679, .F. ) ;
#1700 = CARTESIAN_POINT ( 'NONE',  ( 28.14999999999999858, 7.020106648094790458, 42.49999999999999289 ) ) ;
#1701 = ORIENTED_EDGE ( 'NONE', *, *, #5000, .F. ) ;
#1702 = FILL_AREA_STYLE ('',( #3280 ) ) ;
#1703 = SURFACE_STYLE_FILL_AREA ( #10133 ) ;
#1704 = FILL_AREA_STYLE ('',( #7251 ) ) ;
#1705 = PRESENTATION_STYLE_ASSIGNMENT (( #9598 ) ) ;
#1706 = CYLINDRICAL_SURFACE ( 'NONE', #3694, 2.500000000000000000 ) ;
#1707 = FACE_OUTER_BOUND ( 'NONE', #9222, .T. ) ;
#1708 = EDGE_LOOP ( 'NONE', ( #2702, #3022, #6458, #4756, #8684, #2243, #2440, #6087, #4337, #5799, #742, #3070 ) ) ;
#1709 = AXIS2_PLACEMENT_3D ( 'NONE', #9288, #2220, #723 ) ;
#1710 = STYLED_ITEM ( 'NONE', ( #6244 ), #1320 ) ;
#1711 = STYLED_ITEM ( 'NONE', ( #1625 ), #1204 ) ;
#1712 = ORIENTED_EDGE ( 'NONE', *, *, #4067, .T. ) ;
#1713 = VERTEX_POINT ( 'NONE', #1169 ) ;
#1714 = EDGE_CURVE ( 'NONE', #8404, #8903, #2698, .T. ) ;
#1715 = CIRCLE ( 'NONE', #3055, 1.249999999999997558 ) ;
#1716 = VECTOR ( 'NONE', #5806, 1000.000000000000000 ) ;
#1717 = CARTESIAN_POINT ( 'NONE',  ( 28.64999999999999858, 6.020106648094790458, 43.00000000000000000 ) ) ;
#1718 = PRESENTATION_LAYER_ASSIGNMENT (  '', '', ( #377 ) ) ;
#1719 = UNCERTAINTY_MEASURE_WITH_UNIT (LENGTH_MEASURE( 1.000000000000000082E-05 ), #2929, 'distance_accuracy_value', 'NONE');
#1720 = CIRCLE ( 'NONE', #9621, 11.50000000000000000 ) ;
#1721 = COLOUR_RGB ( '',0.2509803921568627416, 0.2509803921568627416, 0.2509803921568627416 ) ;
#1722 = LINE ( 'NONE', #8209, #3948 ) ;
#1723 = EDGE_CURVE ( 'NONE', #4088, #6073, #4322, .T. ) ;
#1724 = ORIENTED_EDGE ( 'NONE', *, *, #1019, .F. ) ;
#1725 = CARTESIAN_POINT ( 'NONE',  ( 24.21622776601683213, -11.97792407799439474, 42.49999999999999289 ) ) ;
#1726 = CARTESIAN_POINT ( 'NONE',  ( 48.64999999999999858, -1.698780669118019615, 40.49999999999995737 ) ) ;
#1727 = MECHANICAL_DESIGN_GEOMETRIC_PRESENTATION_REPRESENTATION (  '', ( #1065 ), #6498 ) ;
#1728 = DIRECTION ( 'NONE',  ( 0.000000000000000000, 0.3015113445777935497, 0.9534625892455829144 ) ) ;
#1729 = DIRECTION ( 'NONE',  ( -0.000000000000000000, -0.000000000000000000, 1.000000000000000000 ) ) ;
#1730 = SURFACE_STYLE_FILL_AREA ( #176 ) ;
#1731 = EDGE_LOOP ( 'NONE', ( #6191, #4548, #9700, #7550 ) ) ;
#1732 = EDGE_CURVE ( 'NONE', #7804, #704, #1069, .T. ) ;
#1733 = DIRECTION ( 'NONE',  ( 0.000000000000000000, 0.000000000000000000, 1.000000000000000000 ) ) ;
#1734 = VECTOR ( 'NONE', #3793, 1000.000000000000000 ) ;
#1735 = AXIS2_PLACEMENT_3D ( 'NONE', #8134, #5065, #3525 ) ;
#1736 = COLOUR_RGB ( '',0.2509803921568627416, 0.2509803921568627416, 0.2509803921568627416 ) ;
#1737 = COLOUR_RGB ( '',0.2509803921568627416, 0.2509803921568627416, 0.2509803921568627416 ) ;
#1738 = ORIENTED_EDGE ( 'NONE', *, *, #5173, .F. ) ;
#1739 = EDGE_CURVE ( 'NONE', #317, #1244, #4713, .T. ) ;
#1740 =( NAMED_UNIT ( * ) PLANE_ANGLE_UNIT ( ) SI_UNIT ( $, .RADIAN. ) );
#1741 = DIRECTION ( 'NONE',  ( 0.000000000000000000, -0.000000000000000000, -1.000000000000000000 ) ) ;
#1742 =( GEOMETRIC_REPRESENTATION_CONTEXT ( 3 ) GLOBAL_UNCERTAINTY_ASSIGNED_CONTEXT ( ( #3922 ) ) GLOBAL_UNIT_ASSIGNED_CONTEXT ( ( #6612, #8246, #6710 ) ) REPRESENTATION_CONTEXT ( 'NONE', 'WORKASPACE' ) );
#1743 = LINE ( 'NONE', #5466, #3655 ) ;
#1744 =( LENGTH_UNIT ( ) NAMED_UNIT ( * ) SI_UNIT ( .MILLI., .METRE. ) );
#1745 = DIRECTION ( 'NONE',  ( -1.000000000000000000, 0.000000000000000000, 0.000000000000000000 ) ) ;
#1746 = SURFACE_SIDE_STYLE ('',( #10069 ) ) ;
#1747 = CARTESIAN_POINT ( 'NONE',  ( 13.69999999999983764, 0.000000000000000000, 46.39999999999999858 ) ) ;
#1748 = ORIENTED_EDGE ( 'NONE', *, *, #8286, .T. ) ;
#1749 = CARTESIAN_POINT ( 'NONE',  ( 24.55811388300841713, -10.80986948560773975, 42.49999999999999289 ) ) ;
#1750 =( LENGTH_UNIT ( ) NAMED_UNIT ( * ) SI_UNIT ( .MILLI., .METRE. ) );
#1751 = UNCERTAINTY_MEASURE_WITH_UNIT (LENGTH_MEASURE( 1.000000000000000082E-05 ), #2401, 'distance_accuracy_value', 'NONE');
#1752 = VERTEX_POINT ( 'NONE', #6581 ) ;
#1753 = CLOSED_SHELL ( 'NONE', ( #7515, #1148, #2481, #6582 ) ) ;
#1754 = EDGE_LOOP ( 'NONE', ( #2501, #9602, #4354 ) ) ;
#1755 = EDGE_CURVE ( 'NONE', #10096, #9033, #5058, .T. ) ;
#1756 = FILL_AREA_STYLE_COLOUR ( '', #9139 ) ;
#1757 = PRESENTATION_STYLE_ASSIGNMENT (( #4907 ) ) ;
#1758 = CARTESIAN_POINT ( 'NONE',  ( -16.00000000000008882, -31.00000000000008527, 45.39999999999999858 ) ) ;
#1759 = FILL_AREA_STYLE ('',( #4009 ) ) ;
#1760 = DIRECTION ( 'NONE',  ( -0.000000000000000000, -0.000000000000000000, -1.000000000000000000 ) ) ;
#1761 = DIRECTION ( 'NONE',  ( 0.000000000000000000, -1.000000000000000000, 0.000000000000000000 ) ) ;
#1762 = ORIENTED_EDGE ( 'NONE', *, *, #6213, .F. ) ;
#1763 = VERTEX_POINT ( 'NONE', #2798 ) ;
#1764 = SURFACE_STYLE_USAGE ( .BOTH. , #5778 ) ;
#1765 = ORIENTED_EDGE ( 'NONE', *, *, #3395, .F. ) ;
#1766 = ADVANCED_FACE ( 'NONE', ( #8224 ), #8067, .T. ) ;
#1767 = CARTESIAN_POINT ( 'NONE',  ( 28.44289321881344890, -7.020106648094795787, 42.49999999999999289 ) ) ;
#1768 = SURFACE_STYLE_FILL_AREA ( #5688 ) ;
#1769 = CARTESIAN_POINT ( 'NONE',  ( 13.69999999999983764, -31.00000000000000000, 45.39999999999999858 ) ) ;
#1770 = CARTESIAN_POINT ( 'NONE',  ( -15.00000000000016342, 14.99999999999897504, 45.39999999999999858 ) ) ;
#1771 = FACE_OUTER_BOUND ( 'NONE', #2595, .T. ) ;
#1772 = CIRCLE ( 'NONE', #6714, 16.00000000000000000 ) ;
#1773 =( LENGTH_UNIT ( ) NAMED_UNIT ( * ) SI_UNIT ( .MILLI., .METRE. ) );
#1774 = FILL_AREA_STYLE_COLOUR ( '', #7968 ) ;
#1775 = ORIENTED_EDGE ( 'NONE', *, *, #4242, .F. ) ;
#1776 = FACE_OUTER_BOUND ( 'NONE', #6034, .T. ) ;
#1777 = STYLED_ITEM ( 'NONE', ( #4398 ), #3422 ) ;
#1778 = CARTESIAN_POINT ( 'NONE',  ( -15.50000000000016520, -15.50000000000102496, 46.40000000000000568 ) ) ;
#1779 = CARTESIAN_POINT ( 'NONE',  ( -15.00000000000016165, 15.99999999999897327, 45.39999999999999858 ) ) ;
#1780 = CARTESIAN_POINT ( 'NONE',  ( 15.49999999999983658, 15.50000000000015987, -2.266821225221747863E-17 ) ) ;
#1781 =( NAMED_UNIT ( * ) PLANE_ANGLE_UNIT ( ) SI_UNIT ( $, .RADIAN. ) );
#1782 = PRESENTATION_STYLE_ASSIGNMENT (( #8880 ) ) ;
#1783 = DIRECTION ( 'NONE',  ( -1.000000000000000000, -0.000000000000000000, -0.000000000000000000 ) ) ;
#1784 = EDGE_LOOP ( 'NONE', ( #1901, #6366, #7517, #5165 ) ) ;
#1785 = VECTOR ( 'NONE', #3816, 1000.000000000000000 ) ;
#1786 = CARTESIAN_POINT ( 'NONE',  ( 24.55811388300841713, -11.36721879260550239, 42.48253638288154121 ) ) ;
#1787 = UNCERTAINTY_MEASURE_WITH_UNIT (LENGTH_MEASURE( 1.000000000000000082E-05 ), #8981, 'distance_accuracy_value', 'NONE');
#1788 = CARTESIAN_POINT ( 'NONE',  ( -15.00000000000016165, -17.30000000000102389, 45.39999999999999858 ) ) ;
#1789 = VECTOR ( 'NONE', #642, 1000.000000000000000 ) ;
#1790 =( GEOMETRIC_REPRESENTATION_CONTEXT ( 3 ) GLOBAL_UNCERTAINTY_ASSIGNED_CONTEXT ( ( #1108 ) ) GLOBAL_UNIT_ASSIGNED_CONTEXT ( ( #2319, #7176, #8789 ) ) REPRESENTATION_CONTEXT ( 'NONE', 'WORKASPACE' ) );
#1791 = ORIENTED_EDGE ( 'NONE', *, *, #3914, .F. ) ;
#1792 = CARTESIAN_POINT ( 'NONE',  ( 13.69999999999983764, 0.000000000000000000, 45.39999999999999858 ) ) ;
#1793 = FILL_AREA_STYLE ('',( #4948 ) ) ;
#1794 = CARTESIAN_POINT ( 'NONE',  ( 13.31369220013742805, 21.15999999999999659, 5.999999999999998224 ) ) ;
#1795 = VECTOR ( 'NONE', #6794, 1000.000000000000000 ) ;
#1796 =( NAMED_UNIT ( * ) PLANE_ANGLE_UNIT ( ) SI_UNIT ( $, .RADIAN. ) );
#1797 = CARTESIAN_POINT ( 'NONE',  ( 24.55811388300841003, 11.72654287490134983, 42.19232926940401285 ) ) ;
#1798 = ORIENTED_EDGE ( 'NONE', *, *, #288, .F. ) ;
#1799 = AXIS2_PLACEMENT_3D ( 'NONE', #6491, #1851, #1949 ) ;
#1800 = PRESENTATION_LAYER_ASSIGNMENT (  '', '', ( #4771 ) ) ;
#1801 = LINE ( 'NONE', #243, #2109 ) ;
#1802 =( GEOMETRIC_REPRESENTATION_CONTEXT ( 3 ) GLOBAL_UNCERTAINTY_ASSIGNED_CONTEXT ( ( #2139 ) ) GLOBAL_UNIT_ASSIGNED_CONTEXT ( ( #1624, #856, #3260 ) ) REPRESENTATION_CONTEXT ( 'NONE', 'WORKASPACE' ) );
#1803 = CIRCLE ( 'NONE', #5434, 0.5000000000000011102 ) ;
#1804 = ORIENTED_EDGE ( 'NONE', *, *, #2987, .T. ) ;
#1805 = VECTOR ( 'NONE', #6535, 1000.000000000000000 ) ;
#1806 = DIRECTION ( 'NONE',  ( 1.000000000000000000, 0.000000000000000000, 0.000000000000000000 ) ) ;
#1807 = CARTESIAN_POINT ( 'NONE',  ( -21.16000000000001080, -13.31369220013740495, 39.00000000000000000 ) ) ;
#1808 = DIRECTION ( 'NONE',  ( 2.668805347656628059E-15, 1.000000000000000000, 0.000000000000000000 ) ) ;
#1809 = PLANE ( 'NONE',  #7451 ) ;
#1810 = VERTEX_POINT ( 'NONE', #3912 ) ;
#1811 = EDGE_CURVE ( 'NONE', #3016, #4239, #4670, .T. ) ;
#1812 = PRESENTATION_LAYER_ASSIGNMENT (  '', '', ( #6259 ) ) ;
#1813 = ORIENTED_EDGE ( 'NONE', *, *, #8213, .T. ) ;
#1814 =( NAMED_UNIT ( * ) PLANE_ANGLE_UNIT ( ) SI_UNIT ( $, .RADIAN. ) );
#1815 = ORIENTED_EDGE ( 'NONE', *, *, #726, .F. ) ;
#1816 = DIRECTION ( 'NONE',  ( 0.000000000000000000, 0.000000000000000000, 1.000000000000000000 ) ) ;
#1817 = CARTESIAN_POINT ( 'NONE',  ( 1.500000000000000222, 2.000000000000000000, -24.00000000000000000 ) ) ;
#1818 = CARTESIAN_POINT ( 'NONE',  ( 24.55811388300841713, -10.80986948560773975, 41.99999999999999289 ) ) ;
#1819 = SURFACE_SIDE_STYLE ('',( #4211 ) ) ;
#1820 = AXIS2_PLACEMENT_3D ( 'NONE', #7034, #9976, #10084 ) ;
#1821 = STYLED_ITEM ( 'NONE', ( #8303 ), #8676 ) ;
#1822 = CARTESIAN_POINT ( 'NONE',  ( 0.000000000000000000, -31.00000000000000000, 46.39999999999999858 ) ) ;
#1823 = ORIENTED_EDGE ( 'NONE', *, *, #2830, .F. ) ;
#1824 = EDGE_CURVE ( 'NONE', #8147, #4641, #421, .T. ) ;
#1825 = CARTESIAN_POINT ( 'NONE',  ( 24.58894254029466708, 11.81134529178329373, 42.79686744063865689 ) ) ;
#1826 = CARTESIAN_POINT ( 'NONE',  ( 28.54983341605686675, -6.327380013224471966, 42.38545326974071514 ) ) ;
#1827 = PRESENTATION_LAYER_ASSIGNMENT (  '', '', ( #9580 ) ) ;
#1828 = ORIENTED_EDGE ( 'NONE', *, *, #1667, .F. ) ;
#1829 = PRESENTATION_STYLE_ASSIGNMENT (( #6375 ) ) ;
#1830 = EDGE_CURVE ( 'NONE', #5622, #3371, #2236, .T. ) ;
#1831 = AXIS2_PLACEMENT_3D ( 'NONE', #1137, #2112, #3533 ) ;
#1832 = DIRECTION ( 'NONE',  ( -1.000000000000000000, 0.000000000000000000, 0.000000000000000000 ) ) ;
#1833 = DIRECTION ( 'NONE',  ( -0.7071067811865487940, 0.7071067811865463515, -0.000000000000000000 ) ) ;
#1834 = CARTESIAN_POINT ( 'NONE',  ( 0.000000000000000000, 0.000000000000000000, 5.999999999999998224 ) ) ;
#1835 = CARTESIAN_POINT ( 'NONE',  ( 28.52625658817158438, -6.384847858779614249, 38.36474121068474119 ) ) ;
#1836 = CARTESIAN_POINT ( 'NONE',  ( 31.00000000000004263, -15.00000000000106759, 45.39999999999999858 ) ) ;
#1837 = UNCERTAINTY_MEASURE_WITH_UNIT (LENGTH_MEASURE( 1.000000000000000082E-05 ), #158, 'distance_accuracy_value', 'NONE');
#1838 = VERTEX_POINT ( 'NONE', #10150 ) ;
#1839 = FACE_OUTER_BOUND ( 'NONE', #4612, .T. ) ;
#1840 = MECHANICAL_DESIGN_GEOMETRIC_PRESENTATION_REPRESENTATION (  '', ( #7963 ), #4164 ) ;
#1841 = LINE ( 'NONE', #5053, #672 ) ;
#1842 = EDGE_CURVE ( 'NONE', #5964, #7398, #789, .T. ) ;
#1843 = SURFACE_STYLE_USAGE ( .BOTH. , #2695 ) ;
#1844 =( NAMED_UNIT ( * ) PLANE_ANGLE_UNIT ( ) SI_UNIT ( $, .RADIAN. ) );
#1846 =( NAMED_UNIT ( * ) PLANE_ANGLE_UNIT ( ) SI_UNIT ( $, .RADIAN. ) );
#1845 = STYLED_ITEM ( 'NONE', ( #6932 ), #4341 ) ;
#1847 = DIRECTION ( 'NONE',  ( -0.000000000000000000, -0.000000000000000000, -1.000000000000000000 ) ) ;
#1848 = FILL_AREA_STYLE_COLOUR ( '', #469 ) ;
#1849 = CARTESIAN_POINT ( 'NONE',  ( 24.55811388300841358, 11.50358242896913019, 42.05131670194948157 ) ) ;
#1850 = ORIENTED_EDGE ( 'NONE', *, *, #6761, .F. ) ;
#1851 = DIRECTION ( 'NONE',  ( 0.000000000000000000, 0.000000000000000000, -1.000000000000000000 ) ) ;
#1852 =( NAMED_UNIT ( * ) SI_UNIT ( $, .STERADIAN. ) SOLID_ANGLE_UNIT ( ) );
#1853 = UNCERTAINTY_MEASURE_WITH_UNIT (LENGTH_MEASURE( 1.000000000000000082E-05 ), #7236, 'distance_accuracy_value', 'NONE');
#1854 = ORIENTED_EDGE ( 'NONE', *, *, #6545, .F. ) ;
#1855 = DIRECTION ( 'NONE',  ( -0.000000000000000000, -0.000000000000000000, 1.000000000000000000 ) ) ;
#1856 = SURFACE_STYLE_USAGE ( .BOTH. , #2605 ) ;
#1857 = DIRECTION ( 'NONE',  ( -1.000000000000000000, 0.000000000000000000, -0.000000000000000000 ) ) ;
#1858 = CARTESIAN_POINT ( 'NONE',  ( 17.14999999999998437, -21.15000000000000213, 37.00000000000000000 ) ) ;
#1859 = DIRECTION ( 'NONE',  ( 2.668805347656624115E-15, -1.000000000000000000, 0.000000000000000000 ) ) ;
#1860 = SURFACE_SIDE_STYLE ('',( #3625 ) ) ;
#1861 = ORIENTED_EDGE ( 'NONE', *, *, #10047, .T. ) ;
#1862 = DIRECTION ( 'NONE',  ( 1.000000000000000000, 0.000000000000000000, -0.000000000000000000 ) ) ;
#1863 = EDGE_CURVE ( 'NONE', #807, #791, #2361, .T. ) ;
#1864 = MECHANICAL_DESIGN_GEOMETRIC_PRESENTATION_REPRESENTATION (  '', ( #6309 ), #3038 ) ;
#1865 = ORIENTED_EDGE ( 'NONE', *, *, #866, .F. ) ;
#1866 = ORIENTED_EDGE ( 'NONE', *, *, #3573, .T. ) ;
#1867 = CARTESIAN_POINT ( 'NONE',  ( 3.500000000000000000, 4.286263797015736595E-16, -1.734723475976807094E-15 ) ) ;
#1868 = PRESENTATION_LAYER_ASSIGNMENT (  '', '', ( #3045 ) ) ;
#1869 = DIRECTION ( 'NONE',  ( -0.000000000000000000, -0.000000000000000000, -1.000000000000000000 ) ) ;
#1870 = DIRECTION ( 'NONE',  ( -1.000000000000000000, 2.668805347656628059E-15, 0.000000000000000000 ) ) ;
#1871 = EDGE_CURVE ( 'NONE', #8065, #6826, #4416, .T. ) ;
#1872 = SURFACE_SIDE_STYLE ('',( #1287 ) ) ;
#1873 = DIRECTION ( 'NONE',  ( 0.000000000000000000, 1.000000000000000000, -0.000000000000000000 ) ) ;
#1874 = ORIENTED_EDGE ( 'NONE', *, *, #4471, .T. ) ;
#1875 = STYLED_ITEM ( 'NONE', ( #5214 ), #4955 ) ;
#1876 = MECHANICAL_DESIGN_GEOMETRIC_PRESENTATION_REPRESENTATION (  '', ( #2881 ), #4679 ) ;
#1877 = CARTESIAN_POINT ( 'NONE',  ( 28.64999999999999858, -6.151029934685702472, 42.93453835670490548 ) ) ;
#1878 = VECTOR ( 'NONE', #1637, 1000.000000000000000 ) ;
#1879 = VERTEX_POINT ( 'NONE', #9158 ) ;
#1880 = COLOUR_RGB ( '',0.2509803921568627416, 0.2509803921568627416, 0.2509803921568627416 ) ;
#1881 = CARTESIAN_POINT ( 'NONE',  ( 24.55811388300841358, 11.50358242896914795, 38.94868329805049711 ) ) ;
#1882 = SURFACE_STYLE_USAGE ( .BOTH. , #5898 ) ;
#1883 = FACE_OUTER_BOUND ( 'NONE', #5543, .T. ) ;
#1884 = FILL_AREA_STYLE_COLOUR ( '', #8087 ) ;
#1885 = PRESENTATION_STYLE_ASSIGNMENT (( #2628 ) ) ;
#1886 = ADVANCED_FACE ( 'NONE', ( #5492 ), #7533, .F. ) ;
#1887 = FILL_AREA_STYLE_COLOUR ( '', #8970 ) ;
#1888 = FILL_AREA_STYLE_COLOUR ( '', #5750 ) ;
#1889 = VERTEX_POINT ( 'NONE', #2294 ) ;
#1890 = FILL_AREA_STYLE ('',( #5800 ) ) ;
#1891 = LINE ( 'NONE', #4317, #5952 ) ;
#1892 = CARTESIAN_POINT ( 'NONE',  ( -15.00000000000016165, -15.00000000000102673, 45.39999999999999858 ) ) ;
#1893 = AXIS2_PLACEMENT_3D ( 'NONE', #1383, #2868, #9281 ) ;
#1894 = STYLED_ITEM ( 'NONE', ( #4993 ), #6712 ) ;
#1895 = FILL_AREA_STYLE ('',( #9675 ) ) ;
#1896 = CARTESIAN_POINT ( 'NONE',  ( 17.15000000000002345, 21.14999999999999858, 10.00000000000000000 ) ) ;
#1897 = LINE ( 'NONE', #7287, #4513 ) ;
#1898 = LINE ( 'NONE', #7380, #480 ) ;
#1899 = LINE ( 'NONE', #5099, #2825 ) ;
#1900 = LINE ( 'NONE', #5059, #3502 ) ;
#1901 = ORIENTED_EDGE ( 'NONE', *, *, #3933, .F. ) ;
#1902 = CIRCLE ( 'NONE', #6345, 1.201219330881977854 ) ;
#1903 = PRESENTATION_LAYER_ASSIGNMENT (  '', '', ( #9307 ) ) ;
#1904 = AXIS2_PLACEMENT_3D ( 'NONE', #5818, #1859, #1915 ) ;
#1905 = AXIS2_PLACEMENT_3D ( 'NONE', #5032, #2018, #9133 ) ;
#1906 = MECHANICAL_DESIGN_GEOMETRIC_PRESENTATION_REPRESENTATION (  '', ( #5851 ), #8031 ) ;
#1907 = CARTESIAN_POINT ( 'NONE',  ( -15.00000000000012434, -4.003208021484980664E-14, 45.39999999999999858 ) ) ;
#1908 = CARTESIAN_POINT ( 'NONE',  ( -16.00000000000016698, 14.99999999999897504, 45.39999999999999858 ) ) ;
#1909 = VERTEX_POINT ( 'NONE', #3853 ) ;
#1910 = CIRCLE ( 'NONE', #80, 2.500000000000000000 ) ;
#1911 = PRESENTATION_LAYER_ASSIGNMENT (  '', '', ( #7360 ) ) ;
#1912 = MECHANICAL_DESIGN_GEOMETRIC_PRESENTATION_REPRESENTATION (  '', ( #1234 ), #7020 ) ;
#1913 = SURFACE_STYLE_USAGE ( .BOTH. , #3576 ) ;
#1914 = PRESENTATION_STYLE_ASSIGNMENT (( #1032 ) ) ;
#1915 = DIRECTION ( 'NONE',  ( 1.000000000000000000, 2.668805347656624115E-15, 0.000000000000000000 ) ) ;
#1916 = VERTEX_POINT ( 'NONE', #8910 ) ;
#1917 = DIRECTION ( 'NONE',  ( 0.000000000000000000, 0.000000000000000000, 1.000000000000000000 ) ) ;
#1918 = ORIENTED_EDGE ( 'NONE', *, *, #8665, .F. ) ;
#1919 = PLANE ( 'NONE',  #664 ) ;
#1920 = ORIENTED_EDGE ( 'NONE', *, *, #10090, .T. ) ;
#1921 = SURFACE_STYLE_FILL_AREA ( #8907 ) ;
#1922 = SURFACE_SIDE_STYLE ('',( #9744 ) ) ;
#1923 = SURFACE_STYLE_USAGE ( .BOTH. , #3586 ) ;
#1924 = LINE ( 'NONE', #5888, #1394 ) ;
#1925 =( NAMED_UNIT ( * ) SI_UNIT ( $, .STERADIAN. ) SOLID_ANGLE_UNIT ( ) );
#1926 = VERTEX_POINT ( 'NONE', #1770 ) ;
#1927 = STYLED_ITEM ( 'NONE', ( #4478 ), #1255 ) ;
#1928 = CARTESIAN_POINT ( 'NONE',  ( 28.21546164077673424, -7.020106648061920751, 42.49999999999999289 ) ) ;
#1929 = ORIENTED_EDGE ( 'NONE', *, *, #1067, .T. ) ;
#1930 = CARTESIAN_POINT ( 'NONE',  ( 24.57740079426784874, 11.61199060320979193, 38.45835714485019707 ) ) ;
#1931 = FILL_AREA_STYLE_COLOUR ( '', #3734 ) ;
#1932 =( NAMED_UNIT ( * ) SI_UNIT ( $, .STERADIAN. ) SOLID_ANGLE_UNIT ( ) );
#1933 = SURFACE_SIDE_STYLE ('',( #2125 ) ) ;
#1934 = DIRECTION ( 'NONE',  ( 1.000000000000000000, 0.000000000000000000, 0.000000000000000000 ) ) ;
#1935 = UNCERTAINTY_MEASURE_WITH_UNIT (LENGTH_MEASURE( 1.000000000000000082E-05 ), #135, 'distance_accuracy_value', 'NONE');
#1936 = ORIENTED_EDGE ( 'NONE', *, *, #9824, .T. ) ;
#1937 = DIRECTION ( 'NONE',  ( -1.334402673828310480E-15, -1.000000000000000000, 0.000000000000000000 ) ) ;
#1938 = VECTOR ( 'NONE', #6481, 1000.000000000000000 ) ;
#1939 = EDGE_CURVE ( 'NONE', #7575, #7768, #8145, .T. ) ;
#1940 = ORIENTED_EDGE ( 'NONE', *, *, #4994, .T. ) ;
#1941 = FILL_AREA_STYLE_COLOUR ( '', #3858 ) ;
#1942 = SURFACE_SIDE_STYLE ('',( #6634 ) ) ;
#1943 = CARTESIAN_POINT ( 'NONE',  ( 48.64999999999999858, 1.014468678852257216E-15, 37.59999999999999432 ) ) ;
#1944 = CARTESIAN_POINT ( 'NONE',  ( -16.00000000000020606, -30.99999999999995737, 46.39999999999999858 ) ) ;
#1946 = STYLED_ITEM ( 'NONE', ( #6341 ), #3481 ) ;
#1945 = LINE ( 'NONE', #2745, #2318 ) ;
#1947 = FACE_OUTER_BOUND ( 'NONE', #3429, .T. ) ;
#1948 = EDGE_LOOP ( 'NONE', ( #5971, #10158, #8427, #9235 ) ) ;
#1949 = DIRECTION ( 'NONE',  ( -1.000000000000000000, 0.000000000000000000, 0.000000000000000000 ) ) ;
#1950 = LINE ( 'NONE', #2002, #3773 ) ;
#1951 = EDGE_CURVE ( 'NONE', #5995, #2665, #2471, .T. ) ;
#1952 = MECHANICAL_DESIGN_GEOMETRIC_PRESENTATION_REPRESENTATION (  '', ( #3451 ), #5247 ) ;
#1953 = EDGE_LOOP ( 'NONE', ( #7412, #3132, #7105, #4916 ) ) ;
#1954 = AXIS2_PLACEMENT_3D ( 'NONE', #4772, #9568, #5586 ) ;
#1955 = EDGE_CURVE ( 'NONE', #4871, #7537, #943, .T. ) ;
#1956 = DIRECTION ( 'NONE',  ( -0.000000000000000000, -0.000000000000000000, -1.000000000000000000 ) ) ;
#1957 = SURFACE_SIDE_STYLE ('',( #5879 ) ) ;
#1958 =( LENGTH_UNIT ( ) NAMED_UNIT ( * ) SI_UNIT ( .MILLI., .METRE. ) );
#1959 = ORIENTED_EDGE ( 'NONE', *, *, #3899, .T. ) ;
#1960 = UNCERTAINTY_MEASURE_WITH_UNIT (LENGTH_MEASURE( 1.000000000000000082E-05 ), #8345, 'distance_accuracy_value', 'NONE');
#1961 = FILL_AREA_STYLE ('',( #5883 ) ) ;
#1962 = AXIS2_PLACEMENT_3D ( 'NONE', #9998, #2991, #9154 ) ;
#1963 = ORIENTED_EDGE ( 'NONE', *, *, #1429, .T. ) ;
#1964 = VECTOR ( 'NONE', #3822, 1000.000000000000000 ) ;
#1965 = ORIENTED_EDGE ( 'NONE', *, *, #3002, .T. ) ;
#1966 = CIRCLE ( 'NONE', #985, 25.00000000000000000 ) ;
#1967 = FILL_AREA_STYLE ('',( #2772 ) ) ;
#1968 = ADVANCED_FACE ( 'NONE', ( #8766 ), #4768, .F. ) ;
#1969 = LINE ( 'NONE', #6765, #2132 ) ;
#1970 = DIRECTION ( 'NONE',  ( -0.000000000000000000, -0.000000000000000000, 1.000000000000000000 ) ) ;
#1971 = FILL_AREA_STYLE_COLOUR ( '', #6179 ) ;
#1972 = SURFACE_STYLE_FILL_AREA ( #1288 ) ;
#1973 = ORIENTED_EDGE ( 'NONE', *, *, #5345, .T. ) ;
#1974 = PRESENTATION_LAYER_ASSIGNMENT (  '', '', ( #7755 ) ) ;
#1975 = EDGE_CURVE ( 'NONE', #9500, #8848, #8868, .T. ) ;
#1976 = ORIENTED_EDGE ( 'NONE', *, *, #2780, .F. ) ;
#1977 =( LENGTH_UNIT ( ) NAMED_UNIT ( * ) SI_UNIT ( .MILLI., .METRE. ) );
#1978 = CONICAL_SURFACE ( 'NONE', #7766, 2.750000000000000888, 0.7853981633974461696 ) ;
#1979 = CARTESIAN_POINT ( 'NONE',  ( 24.26560420270805096, 11.96146526576398017, 38.10409466845859328 ) ) ;
#1980 = VECTOR ( 'NONE', #8026, 1000.000000000000114 ) ;
#1981 = CARTESIAN_POINT ( 'NONE',  ( 13.32957238623974661, -21.14999999999988134, 8.000000000000000000 ) ) ;
#1982 =( NAMED_UNIT ( * ) PLANE_ANGLE_UNIT ( ) SI_UNIT ( $, .RADIAN. ) );
#1983 = DIRECTION ( 'NONE',  ( 0.000000000000000000, 0.000000000000000000, 1.000000000000000000 ) ) ;
#1984 = AXIS2_PLACEMENT_3D ( 'NONE', #5064, #5769, #8941 ) ;
#1985 = COLOUR_RGB ( '',0.2509803921568627416, 0.2509803921568627416, 0.2509803921568627416 ) ;
#1986 = EDGE_CURVE ( 'NONE', #399, #7647, #7350, .T. ) ;
#1987 = LINE ( 'NONE', #5143, #2351 ) ;
#1988 = ORIENTED_EDGE ( 'NONE', *, *, #3418, .F. ) ;
#1989 =( LENGTH_UNIT ( ) NAMED_UNIT ( * ) SI_UNIT ( .MILLI., .METRE. ) );
#1990 = DIRECTION ( 'NONE',  ( 2.668805347656632003E-15, -1.000000000000000000, 0.000000000000000000 ) ) ;
#1991 = LINE ( 'NONE', #2941, #1795 ) ;
#1992 = COLOUR_RGB ( '',0.2509803921568627416, 0.2509803921568627416, 0.2509803921568627416 ) ;
#1993 =( NAMED_UNIT ( * ) SI_UNIT ( $, .STERADIAN. ) SOLID_ANGLE_UNIT ( ) );
#1994 = CARTESIAN_POINT ( 'NONE',  ( 30.99999999999997868, 14.99999999999899458, 45.39999999999999858 ) ) ;
#1995 = SURFACE_SIDE_STYLE ('',( #6488 ) ) ;
#1996 = FACE_OUTER_BOUND ( 'NONE', #4604, .T. ) ;
#1997 = ADVANCED_FACE ( 'NONE', ( #163, #7218 ), #7264, .T. ) ;
#1998 = CYLINDRICAL_SURFACE ( 'NONE', #7615, 11.00000000000000000 ) ;
#1999 = AXIS2_PLACEMENT_3D ( 'NONE', #5906, #8218, #960 ) ;
#2000 = ORIENTED_EDGE ( 'NONE', *, *, #5216, .T. ) ;
#2001 = DIRECTION ( 'NONE',  ( -1.000000000000000000, 0.000000000000000000, 0.000000000000000000 ) ) ;
#2002 = CARTESIAN_POINT ( 'NONE',  ( 28.14999999999999858, -6.520106648094795787, 39.00000000000000000 ) ) ;
#2003 = STYLED_ITEM ( 'NONE', ( #6278 ), #9361 ) ;
#2004 = LINE ( 'NONE', #7337, #8198 ) ;
#2005 =( NAMED_UNIT ( * ) PLANE_ANGLE_UNIT ( ) SI_UNIT ( $, .RADIAN. ) );
#2006 =( LENGTH_UNIT ( ) NAMED_UNIT ( * ) SI_UNIT ( .MILLI., .METRE. ) );
#2007 =( NAMED_UNIT ( * ) PLANE_ANGLE_UNIT ( ) SI_UNIT ( $, .RADIAN. ) );
#2008 = EDGE_CURVE ( 'NONE', #3783, #6527, #1687, .T. ) ;
#2009 = FILL_AREA_STYLE_COLOUR ( '', #5044 ) ;
#2010 = PRESENTATION_STYLE_ASSIGNMENT (( #5066 ) ) ;
#2011 = FILL_AREA_STYLE ('',( #9886 ) ) ;
#2012 = ORIENTED_EDGE ( 'NONE', *, *, #1019, .T. ) ;
#2013 = SURFACE_STYLE_FILL_AREA ( #1961 ) ;
#2014 = VERTEX_POINT ( 'NONE', #9087 ) ;
#2015 =( BOUNDED_CURVE ( )  B_SPLINE_CURVE ( 3, ( #5149, #1217, #7535, #9247 ),
 .UNSPECIFIED., .F., .T. ) 
 B_SPLINE_CURVE_WITH_KNOTS ( ( 4, 4 ),
 ( 1.570796326794895892, 2.819842099193151874 ),
 .UNSPECIFIED. ) 
 CURVE ( )  GEOMETRIC_REPRESENTATION_ITEM ( )  RATIONAL_B_SPLINE_CURVE ( ( 1.000000000000000000, 0.8741614567837068250, 0.8741614567837068250, 1.000000000000000000 ) ) 
 REPRESENTATION_ITEM ( '' )  );
#2016 = ORIENTED_EDGE ( 'NONE', *, *, #406, .F. ) ;
#2017 = FILL_AREA_STYLE_COLOUR ( '', #3087 ) ;
#2018 = DIRECTION ( 'NONE',  ( -1.000000000000000000, 1.334402673828310480E-15, 0.000000000000000000 ) ) ;
#2019 = ORIENTED_EDGE ( 'NONE', *, *, #7712, .F. ) ;
#2020 = DIRECTION ( 'NONE',  ( -1.000000000000000000, 0.000000000000000000, 0.000000000000000000 ) ) ;
#2021 = CARTESIAN_POINT ( 'NONE',  ( 28.64999999999999858, -10.22516167180832269, 44.50000000000002132 ) ) ;
#2022 = ORIENTED_EDGE ( 'NONE', *, *, #8419, .F. ) ;
#2023 = FILL_AREA_STYLE_COLOUR ( '', #8166 ) ;
#2024 = COLOUR_RGB ( '',0.2509803921568627416, 0.2509803921568627416, 0.2509803921568627416 ) ;
#2025 = SURFACE_STYLE_USAGE ( .BOTH. , #5951 ) ;
#2026 = FACE_OUTER_BOUND ( 'NONE', #7743, .T. ) ;
#2027 = PRODUCT_CONTEXT ( 'NONE', #3324, 'mechanical' ) ;
#2028 = DIRECTION ( 'NONE',  ( -1.000000000000000000, -0.000000000000000000, -0.000000000000000000 ) ) ;
#2029 =( LENGTH_UNIT ( ) NAMED_UNIT ( * ) SI_UNIT ( .MILLI., .METRE. ) );
#2030 = UNCERTAINTY_MEASURE_WITH_UNIT (LENGTH_MEASURE( 1.000000000000000082E-05 ), #8123, 'distance_accuracy_value', 'NONE');
#2031 = ADVANCED_FACE ( 'NONE', ( #1145 ), #6769, .T. ) ;
#2032 = CARTESIAN_POINT ( 'NONE',  ( 24.67060365606482009, -11.75905781286776985, 38.25013520400169398 ) ) ;
#2033 = STYLED_ITEM ( 'NONE', ( #7518 ), #4904 ) ;
#2034 = STYLED_ITEM ( 'NONE', ( #1782 ), #6731 ) ;
#2035 = CARTESIAN_POINT ( 'NONE',  ( 0.000000000000000000, 0.000000000000000000, 45.39999999999999858 ) ) ;
#2036 = CARTESIAN_POINT ( 'NONE',  ( -12.15000000000017089, 15.49999999999897504, 47.00000000000000000 ) ) ;
#2037 = VERTEX_POINT ( 'NONE', #7511 ) ;
#2038 = PRESENTATION_STYLE_ASSIGNMENT (( #1466 ) ) ;
#2039 = STYLED_ITEM ( 'NONE', ( #2149 ), #1230 ) ;
#2040 =( NAMED_UNIT ( * ) PLANE_ANGLE_UNIT ( ) SI_UNIT ( $, .RADIAN. ) );
#2041 = DIRECTION ( 'NONE',  ( -1.000000000000000000, -0.000000000000000000, -0.000000000000000000 ) ) ;
#2042 = DIRECTION ( 'NONE',  ( 1.000000000000000000, 0.000000000000000000, 0.000000000000000000 ) ) ;
#2043 = FILL_AREA_STYLE ('',( #2848 ) ) ;
#2044 = ADVANCED_FACE ( 'NONE', ( #4445 ), #397, .T. ) ;
#2045 = DIRECTION ( 'NONE',  ( 1.000000000000000000, 0.000000000000000000, 0.000000000000000000 ) ) ;
#2046 =( NAMED_UNIT ( * ) SI_UNIT ( $, .STERADIAN. ) SOLID_ANGLE_UNIT ( ) );
#2047 = ORIENTED_EDGE ( 'NONE', *, *, #3386, .F. ) ;
#2048 = DIRECTION ( 'NONE',  ( 0.000000000000000000, -0.000000000000000000, -1.000000000000000000 ) ) ;
#2049 = STYLED_ITEM ( 'NONE', ( #4207 ), #5195 ) ;
#2050 = EDGE_CURVE ( 'NONE', #6419, #782, #9635, .T. ) ;
#2051 = CARTESIAN_POINT ( 'NONE',  ( 24.67060365606443639, -11.75905781286811802, 42.74986479599858313 ) ) ;
#2052 = PLANE ( 'NONE',  #3874 ) ;
#2053 = DIRECTION ( 'NONE',  ( -0.000000000000000000, -0.000000000000000000, 1.000000000000000000 ) ) ;
#2054 = MECHANICAL_DESIGN_GEOMETRIC_PRESENTATION_REPRESENTATION (  '', ( #7196 ), #7678 ) ;
#2055 = EDGE_CURVE ( 'NONE', #1253, #5696, #3539, .T. ) ;
#2056 = CARTESIAN_POINT ( 'NONE',  ( 25.05811388300841358, -11.17024909563580515, 41.99999999999999289 ) ) ;
#2057 =( GEOMETRIC_REPRESENTATION_CONTEXT ( 3 ) GLOBAL_UNCERTAINTY_ASSIGNED_CONTEXT ( ( #1203 ) ) GLOBAL_UNIT_ASSIGNED_CONTEXT ( ( #6662, #8203, #5992 ) ) REPRESENTATION_CONTEXT ( 'NONE', 'WORKASPACE' ) );
#2058 = DIRECTION ( 'NONE',  ( -1.000000000000000000, -0.000000000000000000, 0.000000000000000000 ) ) ;
#2059 = PRESENTATION_LAYER_ASSIGNMENT (  '', '', ( #9783 ) ) ;
#2060 =( LENGTH_UNIT ( ) NAMED_UNIT ( * ) SI_UNIT ( .MILLI., .METRE. ) );
#2061 =( NAMED_UNIT ( * ) PLANE_ANGLE_UNIT ( ) SI_UNIT ( $, .RADIAN. ) );
#2062 = ORIENTED_EDGE ( 'NONE', *, *, #8332, .F. ) ;
#2063 = FACE_OUTER_BOUND ( 'NONE', #7068, .T. ) ;
#2064 =( LENGTH_UNIT ( ) NAMED_UNIT ( * ) SI_UNIT ( .MILLI., .METRE. ) );
#2065 = ORIENTED_EDGE ( 'NONE', *, *, #8039, .F. ) ;
#2066 = DIRECTION ( 'NONE',  ( -1.000000000000000000, 0.000000000000000000, 0.000000000000000000 ) ) ;
#2067 = COLOUR_RGB ( '',0.2509803921568627416, 0.2509803921568627416, 0.2509803921568627416 ) ;
#2068 = EDGE_CURVE ( 'NONE', #8489, #8401, #1924, .T. ) ;
#2069 = EDGE_LOOP ( 'NONE', ( #5332, #1493, #2388, #3340 ) ) ;
#2070 =( LENGTH_UNIT ( ) NAMED_UNIT ( * ) SI_UNIT ( .MILLI., .METRE. ) );
#2071 = DIRECTION ( 'NONE',  ( 1.000000000000000000, 0.000000000000000000, 0.000000000000000000 ) ) ;
#2072 = FILL_AREA_STYLE ('',( #4444 ) ) ;
#2073 = CARTESIAN_POINT ( 'NONE',  ( 15.50000000000010481, -15.49999999999989164, 4.500000000000000888 ) ) ;
#2074 = DIRECTION ( 'NONE',  ( 0.000000000000000000, 0.000000000000000000, 1.000000000000000000 ) ) ;
#2075 = PRESENTATION_LAYER_ASSIGNMENT (  '', '', ( #3909 ) ) ;
#2076 = ORIENTED_EDGE ( 'NONE', *, *, #1093, .T. ) ;
#2077 = LINE ( 'NONE', #5176, #4171 ) ;
#2078 = ADVANCED_FACE ( 'NONE', ( #8247 ), #9041, .T. ) ;
#2079 = ORIENTED_EDGE ( 'NONE', *, *, #8643, .T. ) ;
#2080 = LINE ( 'NONE', #5950, #521 ) ;
#2081 =( NAMED_UNIT ( * ) PLANE_ANGLE_UNIT ( ) SI_UNIT ( $, .RADIAN. ) );
#2082 = CARTESIAN_POINT ( 'NONE',  ( -16.00000000000016342, 15.99999999999897327, 45.39999999999999858 ) ) ;
#2083 = CARTESIAN_POINT ( 'NONE',  ( 24.42774661719862550, -11.90741779426712910, 38.44592089186443928 ) ) ;
#2084 =( NAMED_UNIT ( * ) SI_UNIT ( $, .STERADIAN. ) SOLID_ANGLE_UNIT ( ) );
#2085 = CARTESIAN_POINT ( 'NONE',  ( -21.14999999999999503, 17.14999999999998082, 37.00000000000000000 ) ) ;
#2086 = ADVANCED_FACE ( 'NONE', ( #9233 ), #557, .F. ) ;
#2087 = VERTEX_POINT ( 'NONE', #2923 ) ;
#2088 = PRESENTATION_LAYER_ASSIGNMENT (  '', '', ( #9341 ) ) ;
#2089 = CARTESIAN_POINT ( 'NONE',  ( 24.55811388300841713, -10.80986948560773975, 42.49999999999999289 ) ) ;
#2090 =( NAMED_UNIT ( * ) PLANE_ANGLE_UNIT ( ) SI_UNIT ( $, .RADIAN. ) );
#2091 = CARTESIAN_POINT ( 'NONE',  ( 0.000000000000000000, 0.000000000000000000, -24.00000000000000000 ) ) ;
#2092 = SURFACE_STYLE_FILL_AREA ( #9869 ) ;
#2093 = VERTEX_POINT ( 'NONE', #8611 ) ;
#2094 = PRESENTATION_LAYER_ASSIGNMENT (  '', '', ( #2946 ) ) ;
#2095 = SURFACE_STYLE_FILL_AREA ( #6853 ) ;
#2096 = SURFACE_SIDE_STYLE ('',( #9264 ) ) ;
#2097 = AXIS2_PLACEMENT_3D ( 'NONE', #9592, #8702, #8074 ) ;
#2098 = FACE_OUTER_BOUND ( 'NONE', #3103, .T. ) ;
#2099 = CARTESIAN_POINT ( 'NONE',  ( 24.31498063939983822, -11.94500645353339507, 42.94795266577102666 ) ) ;
#2100 = SURFACE_SIDE_STYLE ('',( #1768 ) ) ;
#2101 = PLANE ( 'NONE',  #3975 ) ;
#2102 = CARTESIAN_POINT ( 'NONE',  ( 27.65000000000000213, 8.337722339831620033, 42.49999999999999289 ) ) ;
#2103 = CARTESIAN_POINT ( 'NONE',  ( 24.55811388300841713, -11.28379111273216928, 39.00000000000000000 ) ) ;
#2104 = DIRECTION ( 'NONE',  ( 0.000000000000000000, 0.000000000000000000, -1.000000000000000000 ) ) ;
#2105 = CARTESIAN_POINT ( 'NONE',  ( 28.38926546838041887, 10.58691151053985458, 44.55214690632393371 ) ) ;
#2106 = ORIENTED_EDGE ( 'NONE', *, *, #4763, .T. ) ;
#2107 = CARTESIAN_POINT ( 'NONE',  ( 27.96622776601683569, 10.72792407799438585, 38.00000000000000000 ) ) ;
#2108 = SURFACE_STYLE_USAGE ( .BOTH. , #436 ) ;
#2109 = VECTOR ( 'NONE', #3462, 1000.000000000000000 ) ;
#2111 = EDGE_CURVE ( 'NONE', #3546, #9392, #9487, .T. ) ;
#2110 = ORIENTED_EDGE ( 'NONE', *, *, #3766, .T. ) ;
#2112 = DIRECTION ( 'NONE',  ( -0.000000000000000000, -0.000000000000000000, -1.000000000000000000 ) ) ;
#2113 = VERTEX_POINT ( 'NONE', #4555 ) ;
#2114 = AXIS2_PLACEMENT_3D ( 'NONE', #9529, #4633, #808 ) ;
#2115 = FILL_AREA_STYLE ('',( #2017 ) ) ;
#2116 = ORIENTED_EDGE ( 'NONE', *, *, #5970, .F. ) ;
#2117 = EDGE_CURVE ( 'NONE', #6073, #3130, #2971, .T. ) ;
#2118 = AXIS2_PLACEMENT_3D ( 'NONE', #3608, #7633, #9065 ) ;
#2119 = AXIS2_PLACEMENT_3D ( 'NONE', #1749, #9389, #7805 ) ;
#2120 = MECHANICAL_DESIGN_GEOMETRIC_PRESENTATION_REPRESENTATION (  '', ( #7749 ), #3870 ) ;
#2121 = ORIENTED_EDGE ( 'NONE', *, *, #1755, .T. ) ;
#2122 = CARTESIAN_POINT ( 'NONE',  ( 28.14999999999999858, 7.020106648094790458, 38.50000000000000000 ) ) ;
#2123 = STYLED_ITEM ( 'NONE', ( #8828 ), #10160 ) ;
#2124 = CARTESIAN_POINT ( 'NONE',  ( -21.14999999999999503, 13.32957238623956364, 39.00000000000000000 ) ) ;
#2125 = SURFACE_STYLE_FILL_AREA ( #413 ) ;
#2126 = VECTOR ( 'NONE', #5209, 1000.000000000000000 ) ;
#2127 = UNCERTAINTY_MEASURE_WITH_UNIT (LENGTH_MEASURE( 1.000000000000000082E-05 ), #974, 'distance_accuracy_value', 'NONE');
#2128 = EDGE_CURVE ( 'NONE', #688, #5633, #6080, .T. ) ;
#2129 = FILL_AREA_STYLE ('',( #1406 ) ) ;
#2130 = CARTESIAN_POINT ( 'NONE',  ( 24.21622776601683213, -11.97792407799439474, 38.00000000000000000 ) ) ;
#2131 =( LENGTH_UNIT ( ) NAMED_UNIT ( * ) SI_UNIT ( .MILLI., .METRE. ) );
#2132 = VECTOR ( 'NONE', #4257, 1000.000000000000000 ) ;
#2133 = ORIENTED_EDGE ( 'NONE', *, *, #6948, .F. ) ;
#2134 = DIRECTION ( 'NONE',  ( 5.337610695313264006E-15, -1.000000000000000000, 0.000000000000000000 ) ) ;
#2135 = DIRECTION ( 'NONE',  ( 0.000000000000000000, 0.000000000000000000, 1.000000000000000000 ) ) ;
#2136 = DIRECTION ( 'NONE',  ( -0.000000000000000000, -0.000000000000000000, 1.000000000000000000 ) ) ;
#2137 = CYLINDRICAL_SURFACE ( 'NONE', #5174, 2.799999999999999822 ) ;
#2138 =( LENGTH_UNIT ( ) NAMED_UNIT ( * ) SI_UNIT ( .MILLI., .METRE. ) );
#2139 = UNCERTAINTY_MEASURE_WITH_UNIT (LENGTH_MEASURE( 1.000000000000000082E-05 ), #1624, 'distance_accuracy_value', 'NONE');
#2140 = AXIS2_PLACEMENT_3D ( 'NONE', #7877, #879, #196 ) ;
#2141 = STYLED_ITEM ( 'NONE', ( #3129 ), #8804 ) ;
#2142 = SURFACE_SIDE_STYLE ('',( #6954 ) ) ;
#2143 = ORIENTED_EDGE ( 'NONE', *, *, #9967, .T. ) ;
#2144 = DIRECTION ( 'NONE',  ( 0.000000000000000000, 0.000000000000000000, 1.000000000000000000 ) ) ;
#2145 = ADVANCED_FACE ( 'NONE', ( #1499 ), #6928, .T. ) ;
#2146 = UNCERTAINTY_MEASURE_WITH_UNIT (LENGTH_MEASURE( 1.000000000000000082E-05 ), #3578, 'distance_accuracy_value', 'NONE');
#2147 = CIRCLE ( 'NONE', #4966, 1.249999999999999334 ) ;
#2148 = CIRCLE ( 'NONE', #1668, 15.50000000000000000 ) ;
#2149 = PRESENTATION_STYLE_ASSIGNMENT (( #3057 ) ) ;
#2150 = PLANE ( 'NONE',  #4231 ) ;
#2151 = DIRECTION ( 'NONE',  ( 1.000000000000000000, 0.000000000000000000, 0.000000000000000000 ) ) ;
#2153 = LINE ( 'NONE', #4535, #9458 ) ;
#2152 = VECTOR ( 'NONE', #8112, 1000.000000000000000 ) ;
#2154 = CARTESIAN_POINT ( 'NONE',  ( -21.14999999999999503, -13.32957238623956364, 98.84951795962938093 ) ) ;
#2155 = FILL_AREA_STYLE_COLOUR ( '', #8196 ) ;
#2156 = SURFACE_STYLE_USAGE ( .BOTH. , #2907 ) ;
#2157 = DIRECTION ( 'NONE',  ( 0.000000000000000000, 0.000000000000000000, -1.000000000000000000 ) ) ;
#2158 = ORIENTED_EDGE ( 'NONE', *, *, #3706, .T. ) ;
#2159 = DIRECTION ( 'NONE',  ( 0.9486832980505137680, -0.3162277660168379967, -0.000000000000000000 ) ) ;
#2160 = EDGE_CURVE ( 'NONE', #1752, #3279, #7985, .T. ) ;
#2161 = PRESENTATION_LAYER_ASSIGNMENT (  '', '', ( #7965 ) ) ;
#2162 = ORIENTED_EDGE ( 'NONE', *, *, #1121, .F. ) ;
#2163 = SURFACE_SIDE_STYLE ('',( #6074 ) ) ;
#2164 = VERTEX_POINT ( 'NONE', #5536 ) ;
#2165 = DIRECTION ( 'NONE',  ( 0.000000000000000000, 0.000000000000000000, -1.000000000000000000 ) ) ;
#2166 = PRESENTATION_STYLE_ASSIGNMENT (( #9937 ) ) ;
#2167 = SURFACE_SIDE_STYLE ('',( #5327 ) ) ;
#2168 = DIRECTION ( 'NONE',  ( -1.000000000000000000, 0.000000000000000000, -0.000000000000000000 ) ) ;
#2170 = VERTEX_POINT ( 'NONE', #7878 ) ;
#2169 = ADVANCED_FACE ( 'NONE', ( #38 ), #6400, .T. ) ;
#2171 = DIRECTION ( 'NONE',  ( 1.000000000000000000, 2.668805347656624115E-15, 0.000000000000000000 ) ) ;
#2172 = ORIENTED_EDGE ( 'NONE', *, *, #6631, .T. ) ;
#2173 = SURFACE_SIDE_STYLE ('',( #9241 ) ) ;
#2174 = ADVANCED_FACE ( 'NONE', ( #4818 ), #778, .F. ) ;
#2175 = CARTESIAN_POINT ( 'NONE',  ( 28.14999999999999858, 6.520106648094790458, 38.50000000000000000 ) ) ;
#2176 = COLOUR_RGB ( '',0.2509803921568627416, 0.2509803921568627416, 0.2509803921568627416 ) ;
#2177 = CARTESIAN_POINT ( 'NONE',  ( -18.85000000000015774, -15.50000000000102496, 47.00000000000000000 ) ) ;
#2178 = FILL_AREA_STYLE_COLOUR ( '', #8450 ) ;
#2179 = DIRECTION ( 'NONE',  ( -1.000000000000000000, 0.000000000000000000, 0.000000000000000000 ) ) ;
#2180 =( NAMED_UNIT ( * ) PLANE_ANGLE_UNIT ( ) SI_UNIT ( $, .RADIAN. ) );
#2181 = DIRECTION ( 'NONE',  ( 0.000000000000000000, 0.000000000000000000, -1.000000000000000000 ) ) ;
#2182 = LINE ( 'NONE', #4409, #4743 ) ;
#2183 = AXIS2_PLACEMENT_3D ( 'NONE', #9594, #9865, #930 ) ;
#2184 = LINE ( 'NONE', #625, #8788 ) ;
#2185 = VERTEX_POINT ( 'NONE', #3579 ) ;
#2186 = EDGE_CURVE ( 'NONE', #1838, #8564, #1569, .T. ) ;
#2187 = PLANE ( 'NONE',  #7414 ) ;
#2188 = DIRECTION ( 'NONE',  ( 0.8571673007021116675, 1.049727191138617833E-16, -0.5150380749100552658 ) ) ;
#2189 = COLOUR_RGB ( '',0.2509803921568627416, 0.2509803921568627416, 0.2509803921568627416 ) ;
#2191 = PRESENTATION_STYLE_ASSIGNMENT (( #1216 ) ) ;
#2190 = AXIS2_PLACEMENT_3D ( 'NONE', #3979, #117, #9579 ) ;
#2192 = ORIENTED_EDGE ( 'NONE', *, *, #6786, .T. ) ;
#2193 = PRODUCT_DEFINITION_CONTEXT ( 'detailed design', #8272, 'design' ) ;
#2194 = LINE ( 'NONE', #9875, #7906 ) ;
#2195 =( GEOMETRIC_REPRESENTATION_CONTEXT ( 3 ) GLOBAL_UNCERTAINTY_ASSIGNED_CONTEXT ( ( #981 ) ) GLOBAL_UNIT_ASSIGNED_CONTEXT ( ( #4225, #1012, #4179 ) ) REPRESENTATION_CONTEXT ( 'NONE', 'WORKASPACE' ) );
#2196 = EDGE_CURVE ( 'NONE', #6412, #40, #6546, .T. ) ;
#2197 = CIRCLE ( 'NONE', #8337, 1.249999999999997558 ) ;
#2198 = COLOUR_RGB ( '',0.2509803921568627416, 0.2509803921568627416, 0.2509803921568627416 ) ;
#2199 = CARTESIAN_POINT ( 'NONE',  ( 25.05811388300841713, -10.80986948560773975, 41.99999999999999289 ) ) ;
#2200 = DIRECTION ( 'NONE',  ( 1.000000000000000000, -1.334402673828317777E-15, 0.000000000000000000 ) ) ;
#2201 =( GEOMETRIC_REPRESENTATION_CONTEXT ( 3 ) GLOBAL_UNCERTAINTY_ASSIGNED_CONTEXT ( ( #4526 ) ) GLOBAL_UNIT_ASSIGNED_CONTEXT ( ( #9178, #5326, #7707 ) ) REPRESENTATION_CONTEXT ( 'NONE', 'WORKASPACE' ) );
#2202 = DIRECTION ( 'NONE',  ( 0.000000000000000000, 0.000000000000000000, -1.000000000000000000 ) ) ;
#2203 = LINE ( 'NONE', #3620, #1209 ) ;
#2204 = SURFACE_STYLE_FILL_AREA ( #9268 ) ;
#2205 = CARTESIAN_POINT ( 'NONE',  ( 25.05811388300841713, -11.17024909563580515, 42.49999999999999289 ) ) ;
#2206 = CARTESIAN_POINT ( 'NONE',  ( -16.00000000000008882, -31.00000000000008527, 46.39999999999999858 ) ) ;
#2207 = DIRECTION ( 'NONE',  ( 1.000000000000000000, 0.000000000000000000, -0.000000000000000000 ) ) ;
#2208 = ORIENTED_EDGE ( 'NONE', *, *, #8364, .T. ) ;
#2209 = COLOUR_RGB ( '',0.2509803921568627416, 0.2509803921568627416, 0.2509803921568627416 ) ;
#2210 = MECHANICAL_DESIGN_GEOMETRIC_PRESENTATION_REPRESENTATION (  '', ( #3705 ), #9469 ) ;
#2211 = EDGE_LOOP ( 'NONE', ( #6199, #2079, #5918, #773, #9718, #3301, #7187, #1136 ) ) ;
#2212 = PRESENTATION_STYLE_ASSIGNMENT (( #9336 ) ) ;
#2213 = ORIENTED_EDGE ( 'NONE', *, *, #7569, .F. ) ;
#2214 = STYLED_ITEM ( 'NONE', ( #1885 ), #7373 ) ;
#2215 = PRESENTATION_LAYER_ASSIGNMENT (  '', '', ( #6666 ) ) ;
#2216 = DIRECTION ( 'NONE',  ( 0.000000000000000000, -1.000000000000000000, 0.000000000000000000 ) ) ;
#2217 = LINE ( 'NONE', #4601, #4956 ) ;
#2218 = FACE_OUTER_BOUND ( 'NONE', #4217, .T. ) ;
#2219 = FILL_AREA_STYLE ('',( #7036 ) ) ;
#2220 = DIRECTION ( 'NONE',  ( 0.000000000000000000, 0.000000000000000000, 1.000000000000000000 ) ) ;
#2221 = LINE ( 'NONE', #8561, #9405 ) ;
#2222 = EDGE_LOOP ( 'NONE', ( #7352, #6979, #4205, #3225 ) ) ;
#2223 = AXIS2_PLACEMENT_3D ( 'NONE', #5313, #7798, #6859 ) ;
#2224 = CIRCLE ( 'NONE', #9942, 1.000000000000000888 ) ;
#2225 = AXIS2_PLACEMENT_3D ( 'NONE', #2456, #9447, #6454 ) ;
#2226 = EDGE_CURVE ( 'NONE', #6344, #2164, #272, .T. ) ;
#2227 = ORIENTED_EDGE ( 'NONE', *, *, #4076, .T. ) ;
#2228 = CARTESIAN_POINT ( 'NONE',  ( 6.015000000000000568, 18.04499999999999815, 39.00000000000000000 ) ) ;
#2229 = ORIENTED_EDGE ( 'NONE', *, *, #8844, .F. ) ;
#2230 = CARTESIAN_POINT ( 'NONE',  ( 28.40180948139497019, 6.456999845913055758, 38.87378639563675620 ) ) ;
#2231 = PRESENTATION_LAYER_ASSIGNMENT (  '', '', ( #10116 ) ) ;
#2232 = DIRECTION ( 'NONE',  ( 0.000000000000000000, -1.000000000000000000, 0.000000000000000000 ) ) ;
#2233 = LINE ( 'NONE', #2981, #5292 ) ;
#2234 = MECHANICAL_DESIGN_GEOMETRIC_PRESENTATION_REPRESENTATION (  '', ( #7862 ), #9801 ) ;
#2235 = SURFACE_STYLE_USAGE ( .BOTH. , #6145 ) ;
#2236 = LINE ( 'NONE', #8319, #8207 ) ;
#2237 = FILL_AREA_STYLE ('',( #1848 ) ) ;
#2238 = UNCERTAINTY_MEASURE_WITH_UNIT (LENGTH_MEASURE( 1.000000000000000082E-05 ), #4674, 'distance_accuracy_value', 'NONE');
#2239 =( LENGTH_UNIT ( ) NAMED_UNIT ( * ) SI_UNIT ( .MILLI., .METRE. ) );
#2240 = CARTESIAN_POINT ( 'NONE',  ( -13.31369220013742805, 21.15999999999999659, 5.999999999999998224 ) ) ;
#2241 = CLOSED_SHELL ( 'NONE', ( #7245, #8539, #696, #6618 ) ) ;
#2242 = FACE_OUTER_BOUND ( 'NONE', #8666, .T. ) ;
#2243 = ORIENTED_EDGE ( 'NONE', *, *, #7777, .T. ) ;
#2244 = SURFACE_SIDE_STYLE ('',( #7727 ) ) ;
#2245 = SURFACE_SIDE_STYLE ('',( #8529 ) ) ;
#2246 = DIRECTION ( 'NONE',  ( 0.000000000000000000, 0.000000000000000000, -1.000000000000000000 ) ) ;
#2247 = LINE ( 'NONE', #8577, #7338 ) ;
#2248 =( NAMED_UNIT ( * ) SI_UNIT ( $, .STERADIAN. ) SOLID_ANGLE_UNIT ( ) );
#2249 = CARTESIAN_POINT ( 'NONE',  ( 0.000000000000000000, 21.14999999999999858, 37.00000000000000000 ) ) ;
#2250 = UNCERTAINTY_MEASURE_WITH_UNIT (LENGTH_MEASURE( 1.000000000000000082E-05 ), #8371, 'distance_accuracy_value', 'NONE');
#2251 = SURFACE_STYLE_USAGE ( .BOTH. , #6218 ) ;
#2252 = VERTEX_POINT ( 'NONE', #6702 ) ;
#2253 = MECHANICAL_DESIGN_GEOMETRIC_PRESENTATION_REPRESENTATION (  '', ( #1927 ), #5874 ) ;
#2254 = ADVANCED_FACE ( 'NONE', ( #251 ), #7494, .T. ) ;
#2255 = CARTESIAN_POINT ( 'NONE',  ( 27.64999999999999858, 7.020106648094791346, 38.50000000000000000 ) ) ;
#2256 =( NAMED_UNIT ( * ) PLANE_ANGLE_UNIT ( ) SI_UNIT ( $, .RADIAN. ) );
#2257 = SURFACE_SIDE_STYLE ('',( #6856 ) ) ;
#2258 = CARTESIAN_POINT ( 'NONE',  ( 13.31369220013741206, -21.16000000000000725, 39.00000000000000000 ) ) ;
#2259 = CARTESIAN_POINT ( 'NONE',  ( 28.64999999999999858, 6.020106648094790458, 38.00000000000000000 ) ) ;
#2260 = CARTESIAN_POINT ( 'NONE',  ( 16.75000000000010658, -15.49999999999989164, -0.000000000000000000 ) ) ;
#2261 = SURFACE_STYLE_FILL_AREA ( #6180 ) ;
#2262 = ORIENTED_EDGE ( 'NONE', *, *, #2794, .F. ) ;
#2263 = SURFACE_STYLE_USAGE ( .BOTH. , #10013 ) ;
#2264 = PRESENTATION_STYLE_ASSIGNMENT (( #2156 ) ) ;
#2265 = LINE ( 'NONE', #1485, #4159 ) ;
#2266 = VERTEX_POINT ( 'NONE', #2763 ) ;
#2267 = EDGE_CURVE ( 'NONE', #9382, #9822, #6751, .T. ) ;
#2268 = LINE ( 'NONE', #10190, #9365 ) ;
#2269 = ORIENTED_EDGE ( 'NONE', *, *, #1193, .T. ) ;
#2270 = DIRECTION ( 'NONE',  ( 1.000000000000000000, 0.000000000000000000, 0.000000000000000000 ) ) ;
#2271 = VECTOR ( 'NONE', #7781, 1000.000000000000000 ) ;
#2272 = ORIENTED_EDGE ( 'NONE', *, *, #5041, .F. ) ;
#2273 = EDGE_CURVE ( 'NONE', #5631, #5998, #335, .T. ) ;
#2274 = SURFACE_STYLE_USAGE ( .BOTH. , #5424 ) ;
#2275 = DIRECTION ( 'NONE',  ( 1.000000000000000000, 3.690901012716600198E-15, 0.000000000000000000 ) ) ;
#2276 = CARTESIAN_POINT ( 'NONE',  ( 0.000000000000000000, -17.30000000000102389, 46.39999999999999858 ) ) ;
#2277 = DIRECTION ( 'NONE',  ( 0.000000000000000000, -1.000000000000000000, 0.000000000000000000 ) ) ;
#2278 = PRESENTATION_STYLE_ASSIGNMENT (( #6977 ) ) ;
#2279 = CARTESIAN_POINT ( 'NONE',  ( 0.000000000000000000, 0.000000000000000000, -24.00000000000000000 ) ) ;
#2280 = LINE ( 'NONE', #7879, #997 ) ;
#2281 = ORIENTED_EDGE ( 'NONE', *, *, #9057, .F. ) ;
#2282 = VECTOR ( 'NONE', #6970, 1000.000000000000000 ) ;
#2283 = PRODUCT_DEFINITION_SHAPE ( 'NONE', 'NONE',  #6022 ) ;
#2284 =( GEOMETRIC_REPRESENTATION_CONTEXT ( 3 ) GLOBAL_UNCERTAINTY_ASSIGNED_CONTEXT ( ( #2634 ) ) GLOBAL_UNIT_ASSIGNED_CONTEXT ( ( #7806, #6186, #9333 ) ) REPRESENTATION_CONTEXT ( 'NONE', 'WORKASPACE' ) );
#2285 = PRESENTATION_LAYER_ASSIGNMENT (  '', '', ( #8078 ) ) ;
#2286 = VERTEX_POINT ( 'NONE', #5016 ) ;
#2287 = CARTESIAN_POINT ( 'NONE',  ( 28.64999999999999858, -6.312999866908247881, 38.58578643762690064 ) ) ;
#2288 = ORIENTED_EDGE ( 'NONE', *, *, #5712, .T. ) ;
#2289 = CARTESIAN_POINT ( 'NONE',  ( 28.31042662533666032, 6.534525835926178416, 42.48558081216911120 ) ) ;
#2290 = FACE_OUTER_BOUND ( 'NONE', #1634, .T. ) ;
#2291 =( NAMED_UNIT ( * ) PLANE_ANGLE_UNIT ( ) SI_UNIT ( $, .RADIAN. ) );
#2292 =( GEOMETRIC_REPRESENTATION_CONTEXT ( 3 ) GLOBAL_UNCERTAINTY_ASSIGNED_CONTEXT ( ( #643 ) ) GLOBAL_UNIT_ASSIGNED_CONTEXT ( ( #8372, #5147, #473 ) ) REPRESENTATION_CONTEXT ( 'NONE', 'WORKASPACE' ) );
#2293 =( BOUNDED_CURVE ( )  B_SPLINE_CURVE ( 3, ( #7986, #883, #7204, #96 ),
 .UNSPECIFIED., .F., .T. ) 
 B_SPLINE_CURVE_WITH_KNOTS ( ( 4, 4 ),
 ( 4.712388980384688786, 5.961434752782910351 ),
 .UNSPECIFIED. ) 
 CURVE ( )  GEOMETRIC_REPRESENTATION_ITEM ( )  RATIONAL_B_SPLINE_CURVE ( ( 1.000000000000000000, 0.8741614567837135974, 0.8741614567837135974, 1.000000000000000000 ) ) 
 REPRESENTATION_ITEM ( '' )  );
#2294 = CARTESIAN_POINT ( 'NONE',  ( -17.14999999999998792, 21.14999999999999858, 8.000000000000000000 ) ) ;
#2295 = DIRECTION ( 'NONE',  ( -1.000000000000000000, 1.559641304993420110E-12, 0.000000000000000000 ) ) ;
#2296 = CIRCLE ( 'NONE', #1460, 2.434289675844611089 ) ;
#2297 = PRESENTATION_LAYER_ASSIGNMENT (  '', '', ( #5919 ) ) ;
#2298 = CARTESIAN_POINT ( 'NONE',  ( 19.14999999999992752, -19.15000000000007319, -0.000000000000000000 ) ) ;
#2299 = PRESENTATION_STYLE_ASSIGNMENT (( #4024 ) ) ;
#2300 = MECHANICAL_DESIGN_GEOMETRIC_PRESENTATION_REPRESENTATION (  '', ( #451 ), #10177 ) ;
#2301 = PRESENTATION_STYLE_ASSIGNMENT (( #8003 ) ) ;
#2302 =( GEOMETRIC_REPRESENTATION_CONTEXT ( 3 ) GLOBAL_UNCERTAINTY_ASSIGNED_CONTEXT ( ( #5605 ) ) GLOBAL_UNIT_ASSIGNED_CONTEXT ( ( #8009, #8103, #951 ) ) REPRESENTATION_CONTEXT ( 'NONE', 'WORKASPACE' ) );
#2303 = VERTEX_POINT ( 'NONE', #1807 ) ;
#2304 = CARTESIAN_POINT ( 'NONE',  ( 0.000000000000000000, 0.000000000000000000, 6.000000000000000000 ) ) ;
#2305 = VECTOR ( 'NONE', #10181, 1000.000000000000000 ) ;
#2306 =( LENGTH_UNIT ( ) NAMED_UNIT ( * ) SI_UNIT ( .MILLI., .METRE. ) );
#2307 = AXIS2_PLACEMENT_3D ( 'NONE', #6965, #3721, #3165 ) ;
#2308 = MECHANICAL_DESIGN_GEOMETRIC_PRESENTATION_REPRESENTATION (  '', ( #631 ), #9054 ) ;
#2309 = CARTESIAN_POINT ( 'NONE',  ( 21.14999999999999858, 21.14999999999999858, 10.00000000000000000 ) ) ;
#2310 = CARTESIAN_POINT ( 'NONE',  ( -15.50000000000016520, 15.49999999999897504, 47.00000000000000000 ) ) ;
#2311 = DIRECTION ( 'NONE',  ( -0.000000000000000000, -0.000000000000000000, -1.000000000000000000 ) ) ;
#2312 = DIRECTION ( 'NONE',  ( -1.000000000000000000, 0.000000000000000000, 0.000000000000000000 ) ) ;
#2313 =( LENGTH_UNIT ( ) NAMED_UNIT ( * ) SI_UNIT ( .MILLI., .METRE. ) );
#2314 = ORIENTED_EDGE ( 'NONE', *, *, #1111, .F. ) ;
#2315 = EDGE_CURVE ( 'NONE', #3944, #4027, #5157, .T. ) ;
#2316 = MECHANICAL_DESIGN_GEOMETRIC_PRESENTATION_REPRESENTATION (  '', ( #7755 ), #6585 ) ;
#2317 = UNCERTAINTY_MEASURE_WITH_UNIT (LENGTH_MEASURE( 1.000000000000000082E-05 ), #6052, 'distance_accuracy_value', 'NONE');
#2318 = VECTOR ( 'NONE', #9679, 1000.000000000000000 ) ;
#2319 =( LENGTH_UNIT ( ) NAMED_UNIT ( * ) SI_UNIT ( .MILLI., .METRE. ) );
#2320 =( NAMED_UNIT ( * ) SI_UNIT ( $, .STERADIAN. ) SOLID_ANGLE_UNIT ( ) );
#2321 = MECHANICAL_DESIGN_GEOMETRIC_PRESENTATION_REPRESENTATION (  '', ( #4791 ), #2997 ) ;
#2322 = EDGE_CURVE ( 'NONE', #263, #5541, #1083, .T. ) ;
#2323 = DIRECTION ( 'NONE',  ( 0.7071067811865451302, -0.7071067811865500152, -0.000000000000000000 ) ) ;
#2324 = PRESENTATION_LAYER_ASSIGNMENT (  '', '', ( #2141 ) ) ;
#2325 = CARTESIAN_POINT ( 'NONE',  ( 28.64999999999999858, -9.779240779943883410, 43.00000000000000000 ) ) ;
#2326 = FILL_AREA_STYLE ('',( #6226 ) ) ;
#2327 = DIRECTION ( 'NONE',  ( -0.000000000000000000, -0.000000000000000000, 1.000000000000000000 ) ) ;
#2328 = FILL_AREA_STYLE ('',( #7861 ) ) ;
#2329 = VERTEX_POINT ( 'NONE', #1182 ) ;
#2330 = CARTESIAN_POINT ( 'NONE',  ( 48.64999999999999858, 8.673617379884035472E-16, 40.49999999999999289 ) ) ;
#2331 = DIRECTION ( 'NONE',  ( -1.000000000000000000, 0.000000000000000000, 0.000000000000000000 ) ) ;
#2332 = SURFACE_SIDE_STYLE ('',( #7803 ) ) ;
#2333 = ORIENTED_EDGE ( 'NONE', *, *, #7770, .F. ) ;
#2334 = SURFACE_STYLE_USAGE ( .BOTH. , #8745 ) ;
#2335 = COLOUR_RGB ( '',0.2509803921568627416, 0.2509803921568627416, 0.2509803921568627416 ) ;
#2336 = ORIENTED_EDGE ( 'NONE', *, *, #7149, .T. ) ;
#2337 =( NAMED_UNIT ( * ) SI_UNIT ( $, .STERADIAN. ) SOLID_ANGLE_UNIT ( ) );
#2338 = ORIENTED_EDGE ( 'NONE', *, *, #7898, .F. ) ;
#2339 = PRESENTATION_LAYER_ASSIGNMENT (  '', '', ( #4303 ) ) ;
#2340 = UNCERTAINTY_MEASURE_WITH_UNIT (LENGTH_MEASURE( 1.000000000000000082E-05 ), #5158, 'distance_accuracy_value', 'NONE');
#2341 = EDGE_CURVE ( 'NONE', #7714, #3580, #10107, .T. ) ;
#2342 =( NAMED_UNIT ( * ) PLANE_ANGLE_UNIT ( ) SI_UNIT ( $, .RADIAN. ) );
#2343 =( NAMED_UNIT ( * ) PLANE_ANGLE_UNIT ( ) SI_UNIT ( $, .RADIAN. ) );
#2344 = LINE ( 'NONE', #7035, #753 ) ;
#2345 = COLOUR_RGB ( '',0.2509803921568627416, 0.2509803921568627416, 0.2509803921568627416 ) ;
#2346 =( LENGTH_UNIT ( ) NAMED_UNIT ( * ) SI_UNIT ( .MILLI., .METRE. ) );
#2347 = PRESENTATION_STYLE_ASSIGNMENT (( #7816 ) ) ;
#2348 = FACE_BOUND ( 'NONE', #730, .T. ) ;
#2349 = VERTEX_POINT ( 'NONE', #5979 ) ;
#2350 = EDGE_CURVE ( 'NONE', #6516, #2778, #7343, .T. ) ;
#2351 = VECTOR ( 'NONE', #7283, 1000.000000000000000 ) ;
#2352 = ORIENTED_EDGE ( 'NONE', *, *, #6764, .F. ) ;
#2353 = LINE ( 'NONE', #7093, #3190 ) ;
#2354 =( GEOMETRIC_REPRESENTATION_CONTEXT ( 3 ) GLOBAL_UNCERTAINTY_ASSIGNED_CONTEXT ( ( #1063 ) ) GLOBAL_UNIT_ASSIGNED_CONTEXT ( ( #7132, #3325, #8847 ) ) REPRESENTATION_CONTEXT ( 'NONE', 'WORKASPACE' ) );
#2355 = ORIENTED_EDGE ( 'NONE', *, *, #3982, .F. ) ;
#2356 =( NAMED_UNIT ( * ) SI_UNIT ( $, .STERADIAN. ) SOLID_ANGLE_UNIT ( ) );
#2357 = FILL_AREA_STYLE ('',( #842 ) ) ;
#2358 = VECTOR ( 'NONE', #7769, 1000.000000000000000 ) ;
#2359 = CARTESIAN_POINT ( 'NONE',  ( 28.64999999999999858, 9.779240779943870976, 43.00000000000000000 ) ) ;
#2360 = LINE ( 'NONE', #10045, #4219 ) ;
#2361 = LINE ( 'NONE', #5388, #6018 ) ;
#2362 = SURFACE_STYLE_FILL_AREA ( #9516 ) ;
#2363 = ORIENTED_EDGE ( 'NONE', *, *, #2601, .F. ) ;
#2364 = UNCERTAINTY_MEASURE_WITH_UNIT (LENGTH_MEASURE( 1.000000000000000082E-05 ), #1220, 'distance_accuracy_value', 'NONE');
#2365 = ADVANCED_FACE ( 'NONE', ( #4249 ), #7197, .F. ) ;
#2366 = CARTESIAN_POINT ( 'NONE',  ( -21.14999999999999503, -21.15000000000000568, 37.00000000000000000 ) ) ;
#2367 = PRESENTATION_STYLE_ASSIGNMENT (( #6997 ) ) ;
#2368 = ORIENTED_EDGE ( 'NONE', *, *, #4246, .F. ) ;
#2369 = DIRECTION ( 'NONE',  ( 0.000000000000000000, 0.000000000000000000, 1.000000000000000000 ) ) ;
#2370 =( GEOMETRIC_REPRESENTATION_CONTEXT ( 3 ) GLOBAL_UNCERTAINTY_ASSIGNED_CONTEXT ( ( #7220 ) ) GLOBAL_UNIT_ASSIGNED_CONTEXT ( ( #2781, #3496, #7564 ) ) REPRESENTATION_CONTEXT ( 'NONE', 'WORKASPACE' ) );
#2371 = FILL_AREA_STYLE_COLOUR ( '', #7668 ) ;
#2372 = CARTESIAN_POINT ( 'NONE',  ( 0.000000000000000000, 0.000000000000000000, 1.000000000000000000 ) ) ;
#2373 = SURFACE_STYLE_FILL_AREA ( #4887 ) ;
#2374 = EDGE_CURVE ( 'NONE', #6120, #2476, #232, .T. ) ;
#2375 = CARTESIAN_POINT ( 'NONE',  ( 25.05811388300841713, -11.17024909563580515, 38.50000000000000000 ) ) ;
#2376 = EDGE_LOOP ( 'NONE', ( #7184, #8455, #9362, #3532 ) ) ;
#2377 = DIRECTION ( 'NONE',  ( 1.000000000000000000, 0.000000000000000000, 0.000000000000000000 ) ) ;
#2378 = EDGE_CURVE ( 'NONE', #8489, #904, #7851, .T. ) ;
#2379 = MECHANICAL_DESIGN_GEOMETRIC_PRESENTATION_REPRESENTATION (  '', ( #1894 ), #6315 ) ;
#2380 = EDGE_LOOP ( 'NONE', ( #1097, #3156, #2562, #6946 ) ) ;
#2381 = CARTESIAN_POINT ( 'NONE',  ( 28.14999999999999858, -6.020106648094795787, 0.000000000000000000 ) ) ;
#2382 = DIRECTION ( 'NONE',  ( -0.7071067811865500152, 0.7071067811865451302, -0.000000000000000000 ) ) ;
#2383 = FILL_AREA_STYLE ('',( #8843 ) ) ;
#2384 = DIRECTION ( 'NONE',  ( -0.000000000000000000, -0.000000000000000000, 1.000000000000000000 ) ) ;
#2385 = VERTEX_POINT ( 'NONE', #6912 ) ;
#2386 =( NAMED_UNIT ( * ) SI_UNIT ( $, .STERADIAN. ) SOLID_ANGLE_UNIT ( ) );
#2387 = PRESENTATION_STYLE_ASSIGNMENT (( #7866 ) ) ;
#2388 = ORIENTED_EDGE ( 'NONE', *, *, #4407, .F. ) ;
#2389 = LINE ( 'NONE', #88, #5909 ) ;
#2390 = PRESENTATION_LAYER_ASSIGNMENT (  '', '', ( #2033 ) ) ;
#2391 = STYLED_ITEM ( 'NONE', ( #2347 ), #6809 ) ;
#2392 = CARTESIAN_POINT ( 'NONE',  ( 15.50000000000010481, -15.49999999999989164, 4.500000000000000888 ) ) ;
#2393 = ORIENTED_EDGE ( 'NONE', *, *, #6004, .T. ) ;
#2394 = FACE_OUTER_BOUND ( 'NONE', #9537, .T. ) ;
#2395 = VECTOR ( 'NONE', #6377, 1000.000000000000000 ) ;
#2396 = ORIENTED_EDGE ( 'NONE', *, *, #5391, .T. ) ;
#2397 = EDGE_CURVE ( 'NONE', #4001, #8617, #6118, .T. ) ;
#2398 =( LENGTH_UNIT ( ) NAMED_UNIT ( * ) SI_UNIT ( .MILLI., .METRE. ) );
#2399 = SURFACE_SIDE_STYLE ('',( #2454 ) ) ;
#2400 = STYLED_ITEM ( 'NONE', ( #2387 ), #7143 ) ;
#2401 =( LENGTH_UNIT ( ) NAMED_UNIT ( * ) SI_UNIT ( .MILLI., .METRE. ) );
#2402 = DIRECTION ( 'NONE',  ( 0.000000000000000000, -1.000000000000000000, 0.000000000000000000 ) ) ;
#2403 = SURFACE_SIDE_STYLE ('',( #4909 ) ) ;
#2404 = SURFACE_SIDE_STYLE ('',( #8808 ) ) ;
#2405 = ORIENTED_EDGE ( 'NONE', *, *, #10006, .T. ) ;
#2406 = PRESENTATION_LAYER_ASSIGNMENT (  '', '', ( #3705 ) ) ;
#2407 = EDGE_CURVE ( 'NONE', #9930, #937, #9328, .T. ) ;
#2408 = MECHANICAL_DESIGN_GEOMETRIC_PRESENTATION_REPRESENTATION (  '', ( #3064 ), #2741 ) ;
#2409 = ORIENTED_EDGE ( 'NONE', *, *, #1443, .T. ) ;
#2410 = SURFACE_SIDE_STYLE ('',( #7822 ) ) ;
#2411 = MECHANICAL_DESIGN_GEOMETRIC_PRESENTATION_REPRESENTATION (  '', ( #8021 ), #6501 ) ;
#2412 = VECTOR ( 'NONE', #751, 1000.000000000000000 ) ;
#2413 = ORIENTED_EDGE ( 'NONE', *, *, #2721, .F. ) ;
#2414 = DIRECTION ( 'NONE',  ( 0.000000000000000000, 0.000000000000000000, 1.000000000000000000 ) ) ;
#2415 = LINE ( 'NONE', #3140, #1140 ) ;
#2416 = SURFACE_STYLE_USAGE ( .BOTH. , #9462 ) ;
#2417 = CARTESIAN_POINT ( 'NONE',  ( 27.64999999999999858, 9.779240779943870976, 38.00000000000000000 ) ) ;
#2418 = CONICAL_SURFACE ( 'NONE', #5043, 2.750000000000000888, 0.7853981633974461696 ) ;
#2419 = VECTOR ( 'NONE', #5317, 1000.000000000000000 ) ;
#2420 =( GEOMETRIC_REPRESENTATION_CONTEXT ( 3 ) GLOBAL_UNCERTAINTY_ASSIGNED_CONTEXT ( ( #6783 ) ) GLOBAL_UNIT_ASSIGNED_CONTEXT ( ( #6246, #3839, #9287 ) ) REPRESENTATION_CONTEXT ( 'NONE', 'WORKASPACE' ) );
#2421 = AXIS2_PLACEMENT_3D ( 'NONE', #1550, #4703, #7875 ) ;
#2422 =( NAMED_UNIT ( * ) PLANE_ANGLE_UNIT ( ) SI_UNIT ( $, .RADIAN. ) );
#2423 = EDGE_CURVE ( 'NONE', #3640, #9036, #7645, .T. ) ;
#2424 = LINE ( 'NONE', #3857, #5557 ) ;
#2425 = ORIENTED_EDGE ( 'NONE', *, *, #5675, .T. ) ;
#2426 = PRESENTATION_LAYER_ASSIGNMENT (  '', '', ( #9142 ) ) ;
#2427 = VECTOR ( 'NONE', #8795, 1000.000000000000000 ) ;
#2428 = STYLED_ITEM ( 'NONE', ( #1458 ), #1766 ) ;
#2429 = VECTOR ( 'NONE', #3549, 1000.000000000000000 ) ;
#2430 = FILL_AREA_STYLE ('',( #3258 ) ) ;
#2431 = EDGE_CURVE ( 'NONE', #3554, #6412, #8548, .T. ) ;
#2432 = SURFACE_STYLE_FILL_AREA ( #7056 ) ;
#2433 = SURFACE_SIDE_STYLE ('',( #6474 ) ) ;
#2434 = DIRECTION ( 'NONE',  ( 1.000000000000000000, 0.000000000000000000, 0.000000000000000000 ) ) ;
#2435 =( NAMED_UNIT ( * ) SI_UNIT ( $, .STERADIAN. ) SOLID_ANGLE_UNIT ( ) );
#2436 = SURFACE_STYLE_FILL_AREA ( #3264 ) ;
#2437 = VERTEX_POINT ( 'NONE', #1328 ) ;
#2438 = SURFACE_STYLE_FILL_AREA ( #8685 ) ;
#2439 = UNCERTAINTY_MEASURE_WITH_UNIT (LENGTH_MEASURE( 1.000000000000000082E-05 ), #653, 'distance_accuracy_value', 'NONE');
#2440 = ORIENTED_EDGE ( 'NONE', *, *, #3296, .T. ) ;
#2441 = SURFACE_STYLE_USAGE ( .BOTH. , #4848 ) ;
#2442 = PLANE ( 'NONE',  #10088 ) ;
#2443 = LINE ( 'NONE', #3988, #461 ) ;
#2444 = PRESENTATION_STYLE_ASSIGNMENT (( #7971 ) ) ;
#2445 = ORIENTED_EDGE ( 'NONE', *, *, #1613, .F. ) ;
#2446 = DIRECTION ( 'NONE',  ( 1.000000000000000000, 0.000000000000000000, 0.000000000000000000 ) ) ;
#2447 = DIRECTION ( 'NONE',  ( -0.000000000000000000, -0.9534625892455913521, -0.3015113445777672929 ) ) ;
#2448 = EDGE_LOOP ( 'NONE', ( #8803, #4342, #7662, #4195 ) ) ;
#2449 = ORIENTED_EDGE ( 'NONE', *, *, #4813, .T. ) ;
#2450 =( LENGTH_UNIT ( ) NAMED_UNIT ( * ) SI_UNIT ( .MILLI., .METRE. ) );
#2451 = VERTEX_POINT ( 'NONE', #1484 ) ;
#2452 = UNCERTAINTY_MEASURE_WITH_UNIT (LENGTH_MEASURE( 1.000000000000000082E-05 ), #200, 'distance_accuracy_value', 'NONE');
#2453 = FILL_AREA_STYLE ('',( #2510 ) ) ;
#2454 = SURFACE_STYLE_FILL_AREA ( #6301 ) ;
#2455 = FACE_OUTER_BOUND ( 'NONE', #5908, .T. ) ;
#2456 = CARTESIAN_POINT ( 'NONE',  ( 0.000000000000000000, 0.000000000000000000, -53.84951795962939514 ) ) ;
#2457 = CARTESIAN_POINT ( 'NONE',  ( 21.14999999999999858, -13.00000000000000533, 46.00000000000000000 ) ) ;
#2458 = DIRECTION ( 'NONE',  ( -0.8571673007021120005, 0.000000000000000000, -0.5150380749100547106 ) ) ;
#2459 = EDGE_LOOP ( 'NONE', ( #605, #8748, #8797, #5268 ) ) ;
#2460 = ADVANCED_FACE ( 'NONE', ( #3116 ), #6850, .T. ) ;
#2461 = STYLED_ITEM ( 'NONE', ( #2299 ), #3346 ) ;
#2462 = VERTEX_POINT ( 'NONE', #1430 ) ;
#2463 =( NAMED_UNIT ( * ) PLANE_ANGLE_UNIT ( ) SI_UNIT ( $, .RADIAN. ) );
#2464 = EDGE_LOOP ( 'NONE', ( #295, #5008, #5040, #1439 ) ) ;
#2465 = DIRECTION ( 'NONE',  ( 1.000000000000000000, 0.000000000000000000, 0.000000000000000000 ) ) ;
#2466 = DIRECTION ( 'NONE',  ( -0.1961161351381824902, 0.000000000000000000, 0.9805806756909204447 ) ) ;
#2467 = LINE ( 'NONE', #4826, #8262 ) ;
#2468 = MECHANICAL_DESIGN_GEOMETRIC_PRESENTATION_REPRESENTATION (  '', ( #1946 ), #1611 ) ;
#2469 = DIRECTION ( 'NONE',  ( 0.000000000000000000, 0.000000000000000000, 1.000000000000000000 ) ) ;
#2470 = EDGE_CURVE ( 'NONE', #2945, #4253, #27, .T. ) ;
#2471 = LINE ( 'NONE', #4212, #7860 ) ;
#2472 = SURFACE_SIDE_STYLE ('',( #2362 ) ) ;
#2473 = DIRECTION ( 'NONE',  ( -1.000000000000000000, 0.000000000000000000, 0.000000000000000000 ) ) ;
#2474 = FILL_AREA_STYLE ('',( #9520 ) ) ;
#2475 = CIRCLE ( 'NONE', #444, 2.000000000000001776 ) ;
#2476 = VERTEX_POINT ( 'NONE', #9539 ) ;
#2477 = COLOUR_RGB ( '',0.2509803921568627416, 0.2509803921568627416, 0.2509803921568627416 ) ;
#2478 = MECHANICAL_DESIGN_GEOMETRIC_PRESENTATION_REPRESENTATION (  '', ( #5575 ), #2620 ) ;
#2479 = CARTESIAN_POINT ( 'NONE',  ( 2.799999999999999822, 3.429011037612588783E-16, 1.000000000000000000 ) ) ;
#2480 = PRESENTATION_STYLE_ASSIGNMENT (( #9476 ) ) ;
#2481 = ADVANCED_FACE ( 'NONE', ( #970 ), #3222, .T. ) ;
#2482 = CARTESIAN_POINT ( 'NONE',  ( 28.14999999999999858, -6.520106648094795787, 38.50000000000000000 ) ) ;
#2483 = CYLINDRICAL_SURFACE ( 'NONE', #8163, 1.249999999999999334 ) ;
#2484 =( LENGTH_UNIT ( ) NAMED_UNIT ( * ) SI_UNIT ( .MILLI., .METRE. ) );
#2485 = ORIENTED_EDGE ( 'NONE', *, *, #6394, .T. ) ;
#2486 = CARTESIAN_POINT ( 'NONE',  ( 30.99999999999997868, 14.99999999999899458, 46.39999999999999858 ) ) ;
#2487 = MECHANICAL_DESIGN_GEOMETRIC_PRESENTATION_REPRESENTATION (  '', ( #4427 ), #2292 ) ;
#2488 = FILL_AREA_STYLE ('',( #8019 ) ) ;
#2489 = CIRCLE ( 'NONE', #8261, 0.5000000000000004441 ) ;
#2490 = AXIS2_PLACEMENT_3D ( 'NONE', #3247, #6362, #9513 ) ;
#2491 = PRESENTATION_LAYER_ASSIGNMENT (  '', '', ( #7749 ) ) ;
#2492 = ORIENTED_EDGE ( 'NONE', *, *, #4220, .F. ) ;
#2493 = DIRECTION ( 'NONE',  ( 0.7071067811865500152, -0.7071067811865451302, 0.000000000000000000 ) ) ;
#2494 = CARTESIAN_POINT ( 'NONE',  ( 14.99999999999983658, -15.00000000000102673, 45.39999999999999858 ) ) ;
#2495 =( NAMED_UNIT ( * ) SI_UNIT ( $, .STERADIAN. ) SOLID_ANGLE_UNIT ( ) );
#2496 = ORIENTED_EDGE ( 'NONE', *, *, #485, .F. ) ;
#2497 = AXIS2_PLACEMENT_3D ( 'NONE', #4764, #4109, #9607 ) ;
#2498 =( GEOMETRIC_REPRESENTATION_CONTEXT ( 3 ) GLOBAL_UNCERTAINTY_ASSIGNED_CONTEXT ( ( #2439 ) ) GLOBAL_UNIT_ASSIGNED_CONTEXT ( ( #653, #7019, #4640 ) ) REPRESENTATION_CONTEXT ( 'NONE', 'WORKASPACE' ) );
#2499 =( NAMED_UNIT ( * ) PLANE_ANGLE_UNIT ( ) SI_UNIT ( $, .RADIAN. ) );
#2500 = DIRECTION ( 'NONE',  ( -1.000000000000000000, -2.668805347656632003E-15, 0.000000000000000000 ) ) ;
#2501 = ORIENTED_EDGE ( 'NONE', *, *, #9917, .F. ) ;
#2502 = CARTESIAN_POINT ( 'NONE',  ( -16.00000000000016698, 14.99999999999897504, 46.39999999999999858 ) ) ;
#2503 = EDGE_CURVE ( 'NONE', #2093, #3972, #4092, .T. ) ;
#2504 =( LENGTH_UNIT ( ) NAMED_UNIT ( * ) SI_UNIT ( .MILLI., .METRE. ) );
#2505 = ORIENTED_EDGE ( 'NONE', *, *, #1739, .F. ) ;
#2506 =( NAMED_UNIT ( * ) SI_UNIT ( $, .STERADIAN. ) SOLID_ANGLE_UNIT ( ) );
#2507 =( GEOMETRIC_REPRESENTATION_CONTEXT ( 3 ) GLOBAL_UNCERTAINTY_ASSIGNED_CONTEXT ( ( #1029 ) ) GLOBAL_UNIT_ASSIGNED_CONTEXT ( ( #5928, #1180, #4386 ) ) REPRESENTATION_CONTEXT ( 'NONE', 'WORKASPACE' ) );
#2508 = CIRCLE ( 'NONE', #10009, 1.000000000000000888 ) ;
#2509 = ORIENTED_EDGE ( 'NONE', *, *, #9673, .F. ) ;
#2510 = FILL_AREA_STYLE_COLOUR ( '', #4702 ) ;
#2511 = DIRECTION ( 'NONE',  ( 0.000000000000000000, 0.000000000000000000, 1.000000000000000000 ) ) ;
#2512 = FACE_OUTER_BOUND ( 'NONE', #434, .T. ) ;
#2513 = CARTESIAN_POINT ( 'NONE',  ( 28.64999999999999858, 6.605893085721695535, 42.70710678118653192 ) ) ;
#2514 = EDGE_CURVE ( 'NONE', #1659, #8136, #9496, .T. ) ;
#2515 = FILL_AREA_STYLE_COLOUR ( '', #8360 ) ;
#2516 = SURFACE_SIDE_STYLE ('',( #4910 ) ) ;
#2517 = SURFACE_STYLE_USAGE ( .BOTH. , #9553 ) ;
#2518 = ORIENTED_EDGE ( 'NONE', *, *, #7213, .T. ) ;
#2519 = CIRCLE ( 'NONE', #7773, 3.349999999999993427 ) ;
#2520 = CONICAL_SURFACE ( 'NONE', #3487, 2.750000000000000888, 0.7853981633974461696 ) ;
#2521 = MECHANICAL_DESIGN_GEOMETRIC_PRESENTATION_REPRESENTATION (  '', ( #172 ), #8446 ) ;
#2522 = ORIENTED_EDGE ( 'NONE', *, *, #4275, .T. ) ;
#2523 = AXIS2_PLACEMENT_3D ( 'NONE', #126, #7181, #9629 ) ;
#2524 = ORIENTED_EDGE ( 'NONE', *, *, #6039, .T. ) ;
#2525 = AXIS2_PLACEMENT_3D ( 'NONE', #8190, #3526, #9031 ) ;
#2526 = VECTOR ( 'NONE', #3746, 1000.000000000000114 ) ;
#2527 = EDGE_CURVE ( 'NONE', #3504, #1889, #7973, .T. ) ;
#2528 = PLANE ( 'NONE',  #2497 ) ;
#2529 = DIRECTION ( 'NONE',  ( -0.000000000000000000, -0.000000000000000000, -1.000000000000000000 ) ) ;
#2530 = CARTESIAN_POINT ( 'NONE',  ( -13.32957238623954765, -21.15000000000000568, 98.84951795962938093 ) ) ;
#2531 = VECTOR ( 'NONE', #8973, 1000.000000000000000 ) ;
#2532 = ORIENTED_EDGE ( 'NONE', *, *, #4660, .T. ) ;
#2533 = PRESENTATION_STYLE_ASSIGNMENT (( #8192 ) ) ;
#2534 = CARTESIAN_POINT ( 'NONE',  ( 0.000000000000000000, 0.000000000000000000, -2.000000000000000000 ) ) ;
#2535 = AXIS2_PLACEMENT_3D ( 'NONE', #4324, #5868, #5199 ) ;
#2536 = CARTESIAN_POINT ( 'NONE',  ( 28.40180948139497019, -6.456999845913060199, 42.12621360436324380 ) ) ;
#2537 = EDGE_CURVE ( 'NONE', #6619, #9581, #4712, .T. ) ;
#2538 = VERTEX_POINT ( 'NONE', #7238 ) ;
#2539 =( NAMED_UNIT ( * ) PLANE_ANGLE_UNIT ( ) SI_UNIT ( $, .RADIAN. ) );
#2540 = LINE ( 'NONE', #7275, #5645 ) ;
#2541 = CARTESIAN_POINT ( 'NONE',  ( -21.14999999999997726, 21.14999999999999858, 8.000000000000000000 ) ) ;
#2542 = CARTESIAN_POINT ( 'NONE',  ( 28.28087395097011836, -6.507092982787818336, 38.97397266938582305 ) ) ;
#2543 = SURFACE_SIDE_STYLE ('',( #2436 ) ) ;
#2544 = CARTESIAN_POINT ( 'NONE',  ( 15.99999999999983302, 14.99999999999897504, 46.39999999999999858 ) ) ;
#2545 = ORIENTED_EDGE ( 'NONE', *, *, #4519, .F. ) ;
#2546 = DIRECTION ( 'NONE',  ( 1.000000000000000000, 8.202002250481357549E-17, -0.000000000000000000 ) ) ;
#2547 = EDGE_CURVE ( 'NONE', #4261, #807, #5559, .T. ) ;
#2548 = VERTEX_POINT ( 'NONE', #7290 ) ;
#2549 = LINE ( 'NONE', #3164, #5022 ) ;
#2550 = CARTESIAN_POINT ( 'NONE',  ( 15.49999999999983658, 15.50000000000015987, 4.500000000000000888 ) ) ;
#2551 = DIRECTION ( 'NONE',  ( -1.334402673828310480E-15, -1.000000000000000000, 0.000000000000000000 ) ) ;
#2552 = FACE_OUTER_BOUND ( 'NONE', #6670, .T. ) ;
#2553 = EDGE_LOOP ( 'NONE', ( #3882, #5122 ) ) ;
#2554 = EDGE_CURVE ( 'NONE', #5607, #8147, #3731, .T. ) ;
#2555 = VERTEX_POINT ( 'NONE', #764 ) ;
#2556 = CIRCLE ( 'NONE', #8321, 2.000000000000015543 ) ;
#2557 = ORIENTED_EDGE ( 'NONE', *, *, #3559, .T. ) ;
#2558 = DIRECTION ( 'NONE',  ( 0.8571673007021116675, 1.049727191138617833E-16, -0.5150380749100552658 ) ) ;
#2559 = SURFACE_STYLE_FILL_AREA ( #7140 ) ;
#2560 = FILL_AREA_STYLE_COLOUR ( '', #996 ) ;
#2561 = FILL_AREA_STYLE ('',( #4819 ) ) ;
#2562 = ORIENTED_EDGE ( 'NONE', *, *, #351, .F. ) ;
#2563 = STYLED_ITEM ( 'NONE', ( #3600 ), #6849 ) ;
#2564 = VECTOR ( 'NONE', #2053, 1000.000000000000000 ) ;
#2565 = MECHANICAL_DESIGN_GEOMETRIC_PRESENTATION_REPRESENTATION (  '', ( #5665 ), #8555 ) ;
#2566 = VERTEX_POINT ( 'NONE', #1592 ) ;
#2567 = PLANE ( 'NONE',  #9251 ) ;
#2568 = ORIENTED_EDGE ( 'NONE', *, *, #1824, .F. ) ;
#2569 = AXIS2_PLACEMENT_3D ( 'NONE', #6119, #6029, #5469 ) ;
#2571 =( GEOMETRIC_REPRESENTATION_CONTEXT ( 3 ) GLOBAL_UNCERTAINTY_ASSIGNED_CONTEXT ( ( #1837 ) ) GLOBAL_UNIT_ASSIGNED_CONTEXT ( ( #158, #4258, #2574 ) ) REPRESENTATION_CONTEXT ( 'NONE', 'WORKASPACE' ) );
#2570 = CARTESIAN_POINT ( 'NONE',  ( 28.14999999999999858, -7.020106648094795787, 42.49999999999999289 ) ) ;
#2572 =( GEOMETRIC_REPRESENTATION_CONTEXT ( 3 ) GLOBAL_UNCERTAINTY_ASSIGNED_CONTEXT ( ( #7623 ) ) GLOBAL_UNIT_ASSIGNED_CONTEXT ( ( #5661, #8735, #8692 ) ) REPRESENTATION_CONTEXT ( 'NONE', 'WORKASPACE' ) );
#2573 = FILL_AREA_STYLE ('',( #157 ) ) ;
#2574 =( NAMED_UNIT ( * ) SI_UNIT ( $, .STERADIAN. ) SOLID_ANGLE_UNIT ( ) );
#2575 = DIRECTION ( 'NONE',  ( 0.000000000000000000, 0.000000000000000000, 1.000000000000000000 ) ) ;
#2576 = CARTESIAN_POINT ( 'NONE',  ( 21.15000000000000213, -17.15000000000001634, 10.00000000000000000 ) ) ;
#2577 = DIRECTION ( 'NONE',  ( -0.000000000000000000, -0.000000000000000000, -1.000000000000000000 ) ) ;
#2578 = CARTESIAN_POINT ( 'NONE',  ( 28.14999999999999858, -6.520106648094788682, 42.49999999999999289 ) ) ;
#2579 = ORIENTED_EDGE ( 'NONE', *, *, #888, .F. ) ;
#2580 = CARTESIAN_POINT ( 'NONE',  ( 15.49999999999983658, 15.50000000000015987, 0.000000000000000000 ) ) ;
#2581 =( NAMED_UNIT ( * ) SI_UNIT ( $, .STERADIAN. ) SOLID_ANGLE_UNIT ( ) );
#2582 = VECTOR ( 'NONE', #4359, 1000.000000000000000 ) ;
#2583 = DIRECTION ( 'NONE',  ( -1.000000000000000000, -0.000000000000000000, -0.000000000000000000 ) ) ;
#2584 = CARTESIAN_POINT ( 'NONE',  ( 25.05811388300841358, 9.779240779943870976, 39.00000000000000000 ) ) ;
#2585 = PRESENTATION_LAYER_ASSIGNMENT (  '', '', ( #7012 ) ) ;
#2586 = SURFACE_STYLE_FILL_AREA ( #8963 ) ;
#2587 = FILL_AREA_STYLE ('',( #1887 ) ) ;
#2588 = UNCERTAINTY_MEASURE_WITH_UNIT (LENGTH_MEASURE( 1.000000000000000082E-05 ), #7328, 'distance_accuracy_value', 'NONE');
#2589 = VERTEX_POINT ( 'NONE', #3168 ) ;
#2590 = PRESENTATION_STYLE_ASSIGNMENT (( #6628 ) ) ;
#2592 =( GEOMETRIC_REPRESENTATION_CONTEXT ( 3 ) GLOBAL_UNCERTAINTY_ASSIGNED_CONTEXT ( ( #7722 ) ) GLOBAL_UNIT_ASSIGNED_CONTEXT ( ( #95, #5726, #147 ) ) REPRESENTATION_CONTEXT ( 'NONE', 'WORKASPACE' ) );
#2591 = CARTESIAN_POINT ( 'NONE',  ( 24.55811388300841358, 10.80986948560773619, 41.99999999999999289 ) ) ;
#2593 =( GEOMETRIC_REPRESENTATION_CONTEXT ( 3 ) GLOBAL_UNCERTAINTY_ASSIGNED_CONTEXT ( ( #4508 ) ) GLOBAL_UNIT_ASSIGNED_CONTEXT ( ( #1045, #5637, #4921 ) ) REPRESENTATION_CONTEXT ( 'NONE', 'WORKASPACE' ) );
#2594 = MECHANICAL_DESIGN_GEOMETRIC_PRESENTATION_REPRESENTATION (  '', ( #5054 ), #8697 ) ;
#2595 = EDGE_LOOP ( 'NONE', ( #254, #841 ) ) ;
#2596 = SURFACE_SIDE_STYLE ('',( #7909 ) ) ;
#2597 = DIRECTION ( 'NONE',  ( 0.000000000000000000, -1.000000000000000000, 0.000000000000000000 ) ) ;
#2598 = AXIS2_PLACEMENT_3D ( 'NONE', #3838, #2277, #7085 ) ;
#2599 = SURFACE_SIDE_STYLE ('',( #9066 ) ) ;
#2600 = CARTESIAN_POINT ( 'NONE',  ( 21.14999999999999858, -13.00000000000000178, 35.00000000000000711 ) ) ;
#2601 = EDGE_CURVE ( 'NONE', #1599, #8194, #4851, .T. ) ;
#2602 = ORIENTED_EDGE ( 'NONE', *, *, #9135, .T. ) ;
#2603 =( LENGTH_UNIT ( ) NAMED_UNIT ( * ) SI_UNIT ( .MILLI., .METRE. ) );
#2604 = EDGE_LOOP ( 'NONE', ( #4800, #2579 ) ) ;
#2605 = SURFACE_SIDE_STYLE ('',( #4247 ) ) ;
#2606 = CARTESIAN_POINT ( 'NONE',  ( 28.64999999999999858, -6.020106648094795787, 43.00000000000000000 ) ) ;
#2607 = EDGE_CURVE ( 'NONE', #6358, #2185, #9491, .T. ) ;
#2608 = FACE_OUTER_BOUND ( 'NONE', #5629, .T. ) ;
#2609 = ORIENTED_EDGE ( 'NONE', *, *, #2226, .F. ) ;
#2610 = ADVANCED_FACE ( 'NONE', ( #130 ), #8845, .T. ) ;
#2611 = ORIENTED_EDGE ( 'NONE', *, *, #5538, .F. ) ;
#2612 = SURFACE_SIDE_STYLE ('',( #7397 ) ) ;
#2613 = ORIENTED_EDGE ( 'NONE', *, *, #8413, .T. ) ;
#2614 = VECTOR ( 'NONE', #5354, 1000.000000000000000 ) ;
#2615 = FACE_OUTER_BOUND ( 'NONE', #2464, .T. ) ;
#2616 = CARTESIAN_POINT ( 'NONE',  ( 0.000000000000000000, 0.000000000000000000, 1.000000000000000000 ) ) ;
#2617 = CARTESIAN_POINT ( 'NONE',  ( 17.29999999999983729, -16.00000000000102318, 45.39999999999999858 ) ) ;
#2618 = CARTESIAN_POINT ( 'NONE',  ( 24.76522066419495616, -10.74083389187889104, 42.49999999999999289 ) ) ;
#2619 = EDGE_LOOP ( 'NONE', ( #2425, #1114, #1648, #10129, #1684, #9972, #205, #966 ) ) ;
#2620 =( GEOMETRIC_REPRESENTATION_CONTEXT ( 3 ) GLOBAL_UNCERTAINTY_ASSIGNED_CONTEXT ( ( #9248 ) ) GLOBAL_UNIT_ASSIGNED_CONTEXT ( ( #5051, #2736, #4893 ) ) REPRESENTATION_CONTEXT ( 'NONE', 'WORKASPACE' ) );
#2621 = CARTESIAN_POINT ( 'NONE',  ( 24.35997896498303561, 11.91199363726367544, 42.84277660247969521 ) ) ;
#2622 = ADVANCED_FACE ( 'NONE', ( #5664 ), #9543, .T. ) ;
#2623 = ORIENTED_EDGE ( 'NONE', *, *, #6369, .F. ) ;
#2624 = LINE ( 'NONE', #6041, #1544 ) ;
#2625 = AXIS2_PLACEMENT_3D ( 'NONE', #5588, #4263, #7269 ) ;
#2626 = CARTESIAN_POINT ( 'NONE',  ( 21.15000000000000213, -17.14999999999995950, 37.00000000000000000 ) ) ;
#2627 = LINE ( 'NONE', #1779, #7584 ) ;
#2628 = SURFACE_STYLE_USAGE ( .BOTH. , #3306 ) ;
#2629 = CARTESIAN_POINT ( 'NONE',  ( 28.58689319642934379, -6.523725617591517256, 38.25180948474812226 ) ) ;
#2630 = FILL_AREA_STYLE_COLOUR ( '', #4065 ) ;
#2631 = CARTESIAN_POINT ( 'NONE',  ( 24.54992289684097884, -11.60766137412037047, 38.86731668987835064 ) ) ;
#2632 = ORIENTED_EDGE ( 'NONE', *, *, #1591, .T. ) ;
#2633 = MECHANICAL_DESIGN_GEOMETRIC_PRESENTATION_REPRESENTATION (  '', ( #9184 ), #4274 ) ;
#2634 = UNCERTAINTY_MEASURE_WITH_UNIT (LENGTH_MEASURE( 1.000000000000000082E-05 ), #7806, 'distance_accuracy_value', 'NONE');
#2635 = CARTESIAN_POINT ( 'NONE',  ( 13.31369220013742805, 21.15999999999999659, 39.00000000000000000 ) ) ;
#2636 = CONICAL_SURFACE ( 'NONE', #9191, 2.750000000000000888, 0.7853981633974461696 ) ;
#2637 = COLOUR_RGB ( '',0.2509803921568627416, 0.2509803921568627416, 0.2509803921568627416 ) ;
#2638 = SURFACE_SIDE_STYLE ('',( #8274 ) ) ;
#2639 = FILL_AREA_STYLE_COLOUR ( '', #1391 ) ;
#2640 = CARTESIAN_POINT ( 'NONE',  ( 17.29999999999983729, -15.00000000000102318, 45.39999999999999858 ) ) ;
#2641 = EDGE_CURVE ( 'NONE', #3275, #1333, #7920, .T. ) ;
#2642 = CARTESIAN_POINT ( 'NONE',  ( -17.30000000000016414, 14.99999999999897682, 45.39999999999999858 ) ) ;
#2643 = DIRECTION ( 'NONE',  ( 1.334402673828310480E-15, -1.000000000000000000, 0.000000000000000000 ) ) ;
#2644 = CIRCLE ( 'NONE', #5256, 1.999999999999998224 ) ;
#2645 = FILL_AREA_STYLE_COLOUR ( '', #5781 ) ;
#2646 = ORIENTED_EDGE ( 'NONE', *, *, #8452, .F. ) ;
#2647 = CIRCLE ( 'NONE', #9844, 25.00000000000000000 ) ;
#2648 = CARTESIAN_POINT ( 'NONE',  ( 17.29999999999983729, 0.000000000000000000, 45.39999999999999858 ) ) ;
#2649 = COLOUR_RGB ( '',1.000000000000000000, 1.000000000000000000, 1.000000000000000000 ) ;
#2650 = SURFACE_STYLE_USAGE ( .BOTH. , #4193 ) ;
#2651 = AXIS2_PLACEMENT_3D ( 'NONE', #1780, #1106, #7416 ) ;
#2652 = EDGE_CURVE ( 'NONE', #9794, #4001, #5669, .T. ) ;
#2653 = VERTEX_POINT ( 'NONE', #3885 ) ;
#2654 = VECTOR ( 'NONE', #9117, 1000.000000000000000 ) ;
#2655 = SURFACE_STYLE_USAGE ( .BOTH. , #4196 ) ;
#2656 = STYLED_ITEM ( 'NONE', ( #8384 ), #8125 ) ;
#2657 =( NAMED_UNIT ( * ) SI_UNIT ( $, .STERADIAN. ) SOLID_ANGLE_UNIT ( ) );
#2658 = PLANE ( 'NONE',  #1984 ) ;
#2659 = LINE ( 'NONE', #146, #9206 ) ;
#2660 = FILL_AREA_STYLE_COLOUR ( '', #9137 ) ;
#2661 = CARTESIAN_POINT ( 'NONE',  ( 14.99999999999984013, 17.29999999999897753, 46.39999999999999858 ) ) ;
#2662 = ORIENTED_EDGE ( 'NONE', *, *, #736, .F. ) ;
#2663 =( GEOMETRIC_REPRESENTATION_CONTEXT ( 3 ) GLOBAL_UNCERTAINTY_ASSIGNED_CONTEXT ( ( #4145 ) ) GLOBAL_UNIT_ASSIGNED_CONTEXT ( ( #3434, #3636, #2869 ) ) REPRESENTATION_CONTEXT ( 'NONE', 'WORKASPACE' ) );
#2664 = AXIS2_PLACEMENT_3D ( 'NONE', #6992, #6940, #2295 ) ;
#2665 = VERTEX_POINT ( 'NONE', #2502 ) ;
#2666 =( NAMED_UNIT ( * ) PLANE_ANGLE_UNIT ( ) SI_UNIT ( $, .RADIAN. ) );
#2667 = EDGE_CURVE ( 'NONE', #944, #6344, #2296, .T. ) ;
#2668 = VERTEX_POINT ( 'NONE', #1595 ) ;
#2669 = AXIS2_PLACEMENT_3D ( 'NONE', #8558, #6819, #9284 ) ;
#2670 = COLOUR_RGB ( '',0.2509803921568627416, 0.2509803921568627416, 0.2509803921568627416 ) ;
#2671 = DIRECTION ( 'NONE',  ( 0.000000000000000000, 0.000000000000000000, 1.000000000000000000 ) ) ;
#2672 = EDGE_CURVE ( 'NONE', #2989, #9015, #7075, .T. ) ;
#2673 = DIRECTION ( 'NONE',  ( 1.000000000000000000, 0.000000000000000000, 0.000000000000000000 ) ) ;
#2674 = EDGE_LOOP ( 'NONE', ( #8107, #8, #5881, #2492 ) ) ;
#2675 = CARTESIAN_POINT ( 'NONE',  ( 24.26560420270802965, 11.96146526576398728, 42.89590533154136409 ) ) ;
#2676 = CARTESIAN_POINT ( 'NONE',  ( 28.45727336512967298, -6.419940064151663961, 42.20033316788619260 ) ) ;
#2677 = PRESENTATION_LAYER_ASSIGNMENT (  '', '', ( #5948 ) ) ;
#2678 = VECTOR ( 'NONE', #681, 1000.000000000000000 ) ;
#2679 = ORIENTED_EDGE ( 'NONE', *, *, #8606, .T. ) ;
#2680 = SURFACE_STYLE_FILL_AREA ( #8098 ) ;
#2681 = PLANE ( 'NONE',  #202 ) ;
#2682 = COLOUR_RGB ( '',0.2509803921568627416, 0.2509803921568627416, 0.2509803921568627416 ) ;
#2683 = FILL_AREA_STYLE_COLOUR ( '', #8208 ) ;
#2684 = SURFACE_SIDE_STYLE ('',( #8056 ) ) ;
#2685 = EDGE_CURVE ( 'NONE', #8404, #4750, #2389, .T. ) ;
#2686 = UNCERTAINTY_MEASURE_WITH_UNIT (LENGTH_MEASURE( 1.000000000000000082E-05 ), #2603, 'distance_accuracy_value', 'NONE');
#2687 = VECTOR ( 'NONE', #7186, 1000.000000000000000 ) ;
#2688 = SURFACE_STYLE_FILL_AREA ( #6573 ) ;
#2689 = ORIENTED_EDGE ( 'NONE', *, *, #9701, .T. ) ;
#2690 = CARTESIAN_POINT ( 'NONE',  ( 25.05811388300842069, -11.17024909563580337, 42.49999999999999289 ) ) ;
#2691 = VECTOR ( 'NONE', #6945, 1000.000000000000000 ) ;
#2692 = CARTESIAN_POINT ( 'NONE',  ( -15.00000000000016165, -13.70000000000102425, 45.39999999999999858 ) ) ;
#2693 = EDGE_CURVE ( 'NONE', #263, #6656, #2647, .T. ) ;
#2694 = DIRECTION ( 'NONE',  ( 0.000000000000000000, 0.000000000000000000, 1.000000000000000000 ) ) ;
#2695 = SURFACE_SIDE_STYLE ('',( #5146 ) ) ;
#2696 = CARTESIAN_POINT ( 'NONE',  ( 48.64999999999999858, -1.698780669118019615, 40.49999999999995737 ) ) ;
#2698 = LINE ( 'NONE', #276, #6153 ) ;
#2697 =( GEOMETRIC_REPRESENTATION_CONTEXT ( 3 ) GLOBAL_UNCERTAINTY_ASSIGNED_CONTEXT ( ( #360 ) ) GLOBAL_UNIT_ASSIGNED_CONTEXT ( ( #3349, #5741, #8915 ) ) REPRESENTATION_CONTEXT ( 'NONE', 'WORKASPACE' ) );
#2699 = LINE ( 'NONE', #1944, #1805 ) ;
#2700 = DIRECTION ( 'NONE',  ( 1.000000000000000000, 1.334402673828310480E-15, 0.000000000000000000 ) ) ;
#2701 = SURFACE_STYLE_USAGE ( .BOTH. , #1218 ) ;
#2702 = ORIENTED_EDGE ( 'NONE', *, *, #3942, .F. ) ;
#2703 = SURFACE_SIDE_STYLE ('',( #9732 ) ) ;
#2704 = FILL_AREA_STYLE_COLOUR ( '', #4418 ) ;
#2705 = UNCERTAINTY_MEASURE_WITH_UNIT (LENGTH_MEASURE( 1.000000000000000082E-05 ), #1070, 'distance_accuracy_value', 'NONE');
#2706 = ORIENTED_EDGE ( 'NONE', *, *, #8966, .T. ) ;
#2707 = PRESENTATION_LAYER_ASSIGNMENT (  '', '', ( #7148 ) ) ;
#2708 =( BOUNDED_CURVE ( )  B_SPLINE_CURVE ( 3, ( #9105, #1312, #581, #8532 ),
 .UNSPECIFIED., .F., .T. ) 
 B_SPLINE_CURVE_WITH_KNOTS ( ( 4, 4 ),
 ( 4.390638425988051985, 4.712388980384689674 ),
 .UNSPECIFIED. ) 
 CURVE ( )  GEOMETRIC_REPRESENTATION_ITEM ( )  RATIONAL_B_SPLINE_CURVE ( ( 1.000000000000000000, 0.9913916384249980007, 0.9913916384249980007, 1.000000000000000000 ) ) 
 REPRESENTATION_ITEM ( '' )  );
#2709 = SURFACE_STYLE_USAGE ( .BOTH. , #9737 ) ;
#2710 = FACE_OUTER_BOUND ( 'NONE', #7848, .T. ) ;
#2711 = ORIENTED_EDGE ( 'NONE', *, *, #5767, .T. ) ;
#2712 = UNCERTAINTY_MEASURE_WITH_UNIT (LENGTH_MEASURE( 1.000000000000000082E-05 ), #1282, 'distance_accuracy_value', 'NONE');
#2713 = MECHANICAL_DESIGN_GEOMETRIC_PRESENTATION_REPRESENTATION (  '', ( #354 ), #3530 ) ;
#2714 = ORIENTED_EDGE ( 'NONE', *, *, #6284, .T. ) ;
#2715 = PRESENTATION_STYLE_ASSIGNMENT (( #1764 ) ) ;
#2716 = VERTEX_POINT ( 'NONE', #7134 ) ;
#2717 = DIRECTION ( 'NONE',  ( -1.000000000000000000, -8.202002250481357549E-17, 0.000000000000000000 ) ) ;
#2718 =( LENGTH_UNIT ( ) NAMED_UNIT ( * ) SI_UNIT ( .MILLI., .METRE. ) );
#2719 = DIRECTION ( 'NONE',  ( -1.000000000000000000, 2.668805347656628059E-15, 0.000000000000000000 ) ) ;
#2720 = ORIENTED_EDGE ( 'NONE', *, *, #5328, .F. ) ;
#2721 = EDGE_CURVE ( 'NONE', #2185, #6864, #3965, .T. ) ;
#2722 = VECTOR ( 'NONE', #3897, 1000.000000000000000 ) ;
#2723 = CARTESIAN_POINT ( 'NONE',  ( 28.28087395097022494, -6.994079317480738744, 42.51301366530702097 ) ) ;
#2724 = VECTOR ( 'NONE', #4894, 1000.000000000000000 ) ;
#2725 = ORIENTED_EDGE ( 'NONE', *, *, #4067, .F. ) ;
#2726 = LINE ( 'NONE', #3442, #8969 ) ;
#2727 = CIRCLE ( 'NONE', #3229, 0.5000000000000004441 ) ;
#2728 = CARTESIAN_POINT ( 'NONE',  ( 24.51794613172585358, 11.70671498655213050, 38.74399803874680259 ) ) ;
#2729 = PLANE ( 'NONE',  #6687 ) ;
#2730 = FILL_AREA_STYLE_COLOUR ( '', #8426 ) ;
#2731 = PRESENTATION_STYLE_ASSIGNMENT (( #2834 ) ) ;
#2732 = MECHANICAL_DESIGN_GEOMETRIC_PRESENTATION_REPRESENTATION (  '', ( #5828 ), #7497 ) ;
#2733 = VECTOR ( 'NONE', #1496, 1000.000000000000000 ) ;
#2734 = ADVANCED_FACE ( 'NONE', ( #8744 ), #5562, .T. ) ;
#2735 = VERTEX_POINT ( 'NONE', #7869 ) ;
#2736 =( NAMED_UNIT ( * ) PLANE_ANGLE_UNIT ( ) SI_UNIT ( $, .RADIAN. ) );
#2737 = LINE ( 'NONE', #1788, #2152 ) ;
#2738 = VERTEX_POINT ( 'NONE', #767 ) ;
#2739 = EDGE_CURVE ( 'NONE', #7503, #5707, #3945, .T. ) ;
#2740 = FILL_AREA_STYLE ('',( #7428 ) ) ;
#2741 =( GEOMETRIC_REPRESENTATION_CONTEXT ( 3 ) GLOBAL_UNCERTAINTY_ASSIGNED_CONTEXT ( ( #5423 ) ) GLOBAL_UNIT_ASSIGNED_CONTEXT ( ( #5298, #3921, #3753 ) ) REPRESENTATION_CONTEXT ( 'NONE', 'WORKASPACE' ) );
#2742 = AXIS2_PLACEMENT_3D ( 'NONE', #3124, #5479, #4751 ) ;
#2743 =( LENGTH_UNIT ( ) NAMED_UNIT ( * ) SI_UNIT ( .MILLI., .METRE. ) );
#2744 = FILL_AREA_STYLE ('',( #5866 ) ) ;
#2745 = CARTESIAN_POINT ( 'NONE',  ( 21.15000000000012648, -21.14999999999984936, 8.000000000000000000 ) ) ;
#2746 = CARTESIAN_POINT ( 'NONE',  ( 16.74999999999983302, 15.50000000000015987, 4.500000000000000888 ) ) ;
#2747 = VERTEX_POINT ( 'NONE', #10189 ) ;
#2748 = STYLED_ITEM ( 'NONE', ( #918 ), #962 ) ;
#2749 = AXIS2_PLACEMENT_3D ( 'NONE', #8672, #6257, #3248 ) ;
#2750 = VECTOR ( 'NONE', #8080, 1000.000000000000114 ) ;
#2751 = STYLED_ITEM ( 'NONE', ( #3249 ), #1997 ) ;
#2752 = AXIS2_PLACEMENT_3D ( 'NONE', #7606, #495, #2968 ) ;
#2753 = DIRECTION ( 'NONE',  ( 0.000000000000000000, 0.000000000000000000, 1.000000000000000000 ) ) ;
#2754 = CARTESIAN_POINT ( 'NONE',  ( 27.65000000000000213, -9.779240779943883410, 42.49999999999999289 ) ) ;
#2755 = ORIENTED_EDGE ( 'NONE', *, *, #3418, .T. ) ;
#2756 = COLOUR_RGB ( '',1.000000000000000000, 1.000000000000000000, 1.000000000000000000 ) ;
#2757 = MECHANICAL_DESIGN_GEOMETRIC_PRESENTATION_REPRESENTATION (  '', ( #1401 ), #7859 ) ;
#2758 =( GEOMETRIC_REPRESENTATION_CONTEXT ( 3 ) GLOBAL_UNCERTAINTY_ASSIGNED_CONTEXT ( ( #7419 ) ) GLOBAL_UNIT_ASSIGNED_CONTEXT ( ( #9356, #1215, #2 ) ) REPRESENTATION_CONTEXT ( 'NONE', 'WORKASPACE' ) );
#2759 = MECHANICAL_DESIGN_GEOMETRIC_PRESENTATION_REPRESENTATION (  '', ( #9952 ), #1080 ) ;
#2760 = DIRECTION ( 'NONE',  ( -1.000000000000000000, 0.000000000000000000, -0.000000000000000000 ) ) ;
#2761 =( NAMED_UNIT ( * ) PLANE_ANGLE_UNIT ( ) SI_UNIT ( $, .RADIAN. ) );
#2762 = CARTESIAN_POINT ( 'NONE',  ( -15.50000000000016520, -15.50000000000102496, 47.00000000000000000 ) ) ;
#2763 = CARTESIAN_POINT ( 'NONE',  ( -21.14999999999997726, 17.15000000000000924, 8.000000000000000000 ) ) ;
#2764 = DIRECTION ( 'NONE',  ( -1.000000000000000000, 0.000000000000000000, 0.000000000000000000 ) ) ;
#2765 = SURFACE_SIDE_STYLE ('',( #5880 ) ) ;
#2766 = ORIENTED_EDGE ( 'NONE', *, *, #8219, .F. ) ;
#2767 = EDGE_CURVE ( 'NONE', #1926, #4103, #3276, .T. ) ;
#2768 = CYLINDRICAL_SURFACE ( 'NONE', #8077, 0.4999999999999997780 ) ;
#2769 = ORIENTED_EDGE ( 'NONE', *, *, #628, .T. ) ;
#2770 =( BOUNDED_CURVE ( )  B_SPLINE_CURVE ( 3, ( #9350, #9402, #2287, #10205 ),
 .UNSPECIFIED., .F., .T. ) 
 B_SPLINE_CURVE_WITH_KNOTS ( ( 4, 4 ),
 ( 3.141592653589793116, 4.712388980384689674 ),
 .UNSPECIFIED. ) 
 CURVE ( )  GEOMETRIC_REPRESENTATION_ITEM ( )  RATIONAL_B_SPLINE_CURVE ( ( 1.000000000000000000, 0.8047378541243649375, 0.8047378541243649375, 1.000000000000000000 ) ) 
 REPRESENTATION_ITEM ( '' )  );
#2771 = EDGE_LOOP ( 'NONE', ( #2613, #8757, #7449, #5643 ) ) ;
#2772 = FILL_AREA_STYLE_COLOUR ( '', #3391 ) ;
#2773 = DIRECTION ( 'NONE',  ( 1.000000000000000000, 2.668805347656624115E-15, 0.000000000000000000 ) ) ;
#2774 = CARTESIAN_POINT ( 'NONE',  ( 17.29999999999983729, 15.99999999999897682, 45.39999999999999858 ) ) ;
#2775 = CARTESIAN_POINT ( 'NONE',  ( 30.99999999999995737, -15.00000000000098410, 46.39999999999999858 ) ) ;
#2777 = ORIENTED_EDGE ( 'NONE', *, *, #1975, .F. ) ;
#2776 = EDGE_CURVE ( 'NONE', #1752, #3972, #3036, .T. ) ;
#2778 = VERTEX_POINT ( 'NONE', #380 ) ;
#2779 =( NAMED_UNIT ( * ) PLANE_ANGLE_UNIT ( ) SI_UNIT ( $, .RADIAN. ) );
#2780 = EDGE_CURVE ( 'NONE', #8947, #150, #1027, .T. ) ;
#2781 =( LENGTH_UNIT ( ) NAMED_UNIT ( * ) SI_UNIT ( .MILLI., .METRE. ) );
#2782 = CARTESIAN_POINT ( 'NONE',  ( -13.70000000000016094, 14.99999999999897682, 46.39999999999999858 ) ) ;
#2783 = SURFACE_SIDE_STYLE ('',( #6676 ) ) ;
#2784 = FACE_OUTER_BOUND ( 'NONE', #7128, .T. ) ;
#2785 = CARTESIAN_POINT ( 'NONE',  ( 26.28245553203367635, 10.23508893593264801, 42.49999999999999289 ) ) ;
#2786 = UNCERTAINTY_MEASURE_WITH_UNIT (LENGTH_MEASURE( 1.000000000000000082E-05 ), #6863, 'distance_accuracy_value', 'NONE');
#2787 = CARTESIAN_POINT ( 'NONE',  ( 15.99999999999984013, 13.69999999999897611, 45.39999999999999858 ) ) ;
#2788 = ORIENTED_EDGE ( 'NONE', *, *, #435, .T. ) ;
#2789 =( LENGTH_UNIT ( ) NAMED_UNIT ( * ) SI_UNIT ( .MILLI., .METRE. ) );
#2790 = LINE ( 'NONE', #9812, #9730 ) ;
#2791 =( GEOMETRIC_REPRESENTATION_CONTEXT ( 3 ) GLOBAL_UNCERTAINTY_ASSIGNED_CONTEXT ( ( #10046 ) ) GLOBAL_UNIT_ASSIGNED_CONTEXT ( ( #2789, #2838, #4459 ) ) REPRESENTATION_CONTEXT ( 'NONE', 'WORKASPACE' ) );
#2792 = ORIENTED_EDGE ( 'NONE', *, *, #6919, .T. ) ;
#2793 = CARTESIAN_POINT ( 'NONE',  ( 0.000000000000000000, 0.000000000000000000, 7.999999999999992895 ) ) ;
#2794 = EDGE_CURVE ( 'NONE', #5998, #4420, #4932, .T. ) ;
#2795 =( NAMED_UNIT ( * ) SI_UNIT ( $, .STERADIAN. ) SOLID_ANGLE_UNIT ( ) );
#2796 = CARTESIAN_POINT ( 'NONE',  ( 27.64999999999999858, 7.020106648094791346, 42.49999999999999289 ) ) ;
#2797 = CARTESIAN_POINT ( 'NONE',  ( -16.74999999999994316, -15.50000000000004974, 0.000000000000000000 ) ) ;
#2798 = CARTESIAN_POINT ( 'NONE',  ( -17.30000000000016414, -15.00000000000102318, 46.39999999999999858 ) ) ;
#2799 = SURFACE_STYLE_USAGE ( .BOTH. , #2599 ) ;
#2801 = CIRCLE ( 'NONE', #3443, 2.750000000000000888 ) ;
#2800 = LINE ( 'NONE', #9067, #3478 ) ;
#2802 = VERTEX_POINT ( 'NONE', #7436 ) ;
#2803 = SURFACE_STYLE_FILL_AREA ( #9823 ) ;
#2804 = SURFACE_STYLE_USAGE ( .BOTH. , #329 ) ;
#2805 = COLOUR_RGB ( '',0.2509803921568627416, 0.2509803921568627416, 0.2509803921568627416 ) ;
#2806 = ADVANCED_FACE ( 'NONE', ( #9071 ), #5811, .F. ) ;
#2807 = CIRCLE ( 'NONE', #151, 2.750000000000000888 ) ;
#2808 = VECTOR ( 'NONE', #4045, 1000.000000000000000 ) ;
#2809 = PRESENTATION_LAYER_ASSIGNMENT (  '', '', ( #1631 ) ) ;
#2810 = SURFACE_STYLE_FILL_AREA ( #2011 ) ;
#2811 = ORIENTED_EDGE ( 'NONE', *, *, #6530, .F. ) ;
#2812 = ORIENTED_EDGE ( 'NONE', *, *, #831, .T. ) ;
#2813 = AXIS2_PLACEMENT_3D ( 'NONE', #1858, #5770, #4008 ) ;
#2814 = ORIENTED_EDGE ( 'NONE', *, *, #931, .F. ) ;
#2815 = CIRCLE ( 'NONE', #3785, 3.349999999999993427 ) ;
#2816 = COLOUR_RGB ( '',0.2509803921568627416, 0.2509803921568627416, 0.2509803921568627416 ) ;
#2817 = EDGE_CURVE ( 'NONE', #5810, #2113, #9024, .T. ) ;
#2818 = FILL_AREA_STYLE_COLOUR ( '', #9861 ) ;
#2819 = CARTESIAN_POINT ( 'NONE',  ( -16.00000000000016698, -16.00000000000102673, 45.39999999999999858 ) ) ;
#2820 = MECHANICAL_DESIGN_GEOMETRIC_PRESENTATION_REPRESENTATION (  '', ( #1635 ), #2302 ) ;
#2821 =( NAMED_UNIT ( * ) PLANE_ANGLE_UNIT ( ) SI_UNIT ( $, .RADIAN. ) );
#2822 = SURFACE_STYLE_USAGE ( .BOTH. , #9841 ) ;
#2823 = VERTEX_POINT ( 'NONE', #3517 ) ;
#2824 = MECHANICAL_DESIGN_GEOMETRIC_PRESENTATION_REPRESENTATION (  '', ( #8755 ), #8271 ) ;
#2825 = VECTOR ( 'NONE', #376, 1000.000000000000114 ) ;
#2826 = CARTESIAN_POINT ( 'NONE',  ( 3.500000000000000000, 4.286263797015736595E-16, -1.734723475976807094E-15 ) ) ;
#2827 = CARTESIAN_POINT ( 'NONE',  ( 27.96622776601683569, -10.72792407799439118, 44.63675444679662974 ) ) ;
#2828 = ORIENTED_EDGE ( 'NONE', *, *, #5947, .F. ) ;
#2829 = PRESENTATION_STYLE_ASSIGNMENT (( #5999 ) ) ;
#2830 = EDGE_CURVE ( 'NONE', #1089, #140, #1291, .T. ) ;
#2831 = PRESENTATION_LAYER_ASSIGNMENT (  '', '', ( #837 ) ) ;
#2832 = CARTESIAN_POINT ( 'NONE',  ( 24.58894254029458182, 11.81134529178318004, 38.20313255936174812 ) ) ;
#2833 = CYLINDRICAL_SURFACE ( 'NONE', #398, 1.249999999999997558 ) ;
#2834 = SURFACE_STYLE_USAGE ( .BOTH. , #2783 ) ;
#2835 =( NAMED_UNIT ( * ) SI_UNIT ( $, .STERADIAN. ) SOLID_ANGLE_UNIT ( ) );
#2836 = CARTESIAN_POINT ( 'NONE',  ( 24.57179009200803677, -11.38835456465916174, 38.52375429019576814 ) ) ;
#2837 = EDGE_CURVE ( 'NONE', #1253, #7398, #6539, .T. ) ;
#2838 =( NAMED_UNIT ( * ) PLANE_ANGLE_UNIT ( ) SI_UNIT ( $, .RADIAN. ) );
#2839 = AXIS2_PLACEMENT_3D ( 'NONE', #1822, #8146, #5078 ) ;
#2840 =( GEOMETRIC_REPRESENTATION_CONTEXT ( 3 ) GLOBAL_UNCERTAINTY_ASSIGNED_CONTEXT ( ( #4243 ) ) GLOBAL_UNIT_ASSIGNED_CONTEXT ( ( #816, #7016, #7858 ) ) REPRESENTATION_CONTEXT ( 'NONE', 'WORKASPACE' ) );
#2841 = FILL_AREA_STYLE_COLOUR ( '', #5307 ) ;
#2842 = ORIENTED_EDGE ( 'NONE', *, *, #4366, .F. ) ;
#2843 = LINE ( 'NONE', #3801, #9439 ) ;
#2844 = ADVANCED_FACE ( 'NONE', ( #3461 ), #2636, .F. ) ;
#2845 = CARTESIAN_POINT ( 'NONE',  ( -16.00000000000008882, -31.00000000000008527, 45.39999999999999858 ) ) ;
#2846 = CIRCLE ( 'NONE', #5463, 0.4999999999999995004 ) ;
#2847 =( NAMED_UNIT ( * ) SI_UNIT ( $, .STERADIAN. ) SOLID_ANGLE_UNIT ( ) );
#2848 = FILL_AREA_STYLE_COLOUR ( '', #2067 ) ;
#2849 = DIRECTION ( 'NONE',  ( -0.000000000000000000, -0.000000000000000000, -1.000000000000000000 ) ) ;
#2850 =( NAMED_UNIT ( * ) PLANE_ANGLE_UNIT ( ) SI_UNIT ( $, .RADIAN. ) );
#2851 = VECTOR ( 'NONE', #1937, 1000.000000000000000 ) ;
#2852 = ORIENTED_EDGE ( 'NONE', *, *, #4915, .T. ) ;
#2853 = EDGE_CURVE ( 'NONE', #2185, #6358, #6559, .T. ) ;
#2854 =( LENGTH_UNIT ( ) NAMED_UNIT ( * ) SI_UNIT ( .MILLI., .METRE. ) );
#2855 = CARTESIAN_POINT ( 'NONE',  ( 24.96132732574492152, -11.47052656448558139, 42.56634165506081047 ) ) ;
#2856 = LINE ( 'NONE', #6115, #8093 ) ;
#2857 = FILL_AREA_STYLE ('',( #9884 ) ) ;
#2858 = DIRECTION ( 'NONE',  ( 1.000000000000000000, 0.000000000000000000, 0.000000000000000000 ) ) ;
#2859 = CYLINDRICAL_SURFACE ( 'NONE', #2569, 3.000000000000002665 ) ;
#2860 = CARTESIAN_POINT ( 'NONE',  ( 25.05811388300841358, 11.17024909563579627, 38.50000000000000000 ) ) ;
#2861 = EDGE_LOOP ( 'NONE', ( #1091, #8614, #7231, #939 ) ) ;
#2862 = EDGE_CURVE ( 'NONE', #860, #8523, #6899, .T. ) ;
#2863 = CARTESIAN_POINT ( 'NONE',  ( 28.64999999999999858, 6.151029934685729117, 42.93453835670489127 ) ) ;
#2864 = ORIENTED_EDGE ( 'NONE', *, *, #7354, .F. ) ;
#2865 = PRESENTATION_STYLE_ASSIGNMENT (( #341 ) ) ;
#2866 = ORIENTED_EDGE ( 'NONE', *, *, #4313, .T. ) ;
#2867 = UNCERTAINTY_MEASURE_WITH_UNIT (LENGTH_MEASURE( 1.000000000000000082E-05 ), #1694, 'distance_accuracy_value', 'NONE');
#2868 = DIRECTION ( 'NONE',  ( -0.000000000000000000, -0.000000000000000000, -1.000000000000000000 ) ) ;
#2869 =( NAMED_UNIT ( * ) SI_UNIT ( $, .STERADIAN. ) SOLID_ANGLE_UNIT ( ) );
#2870 = ORIENTED_EDGE ( 'NONE', *, *, #2527, .T. ) ;
#2871 = AXIS2_PLACEMENT_3D ( 'NONE', #3032, #3689, #1297 ) ;
#2872 = CARTESIAN_POINT ( 'NONE',  ( 27.64999999999999858, -9.779240779943883410, 0.000000000000000000 ) ) ;
#2873 = ORIENTED_EDGE ( 'NONE', *, *, #6008, .T. ) ;
#2874 = AXIS2_PLACEMENT_3D ( 'NONE', #4884, #3097, #9471 ) ;
#2875 = DIRECTION ( 'NONE',  ( 0.000000000000000000, 0.000000000000000000, 1.000000000000000000 ) ) ;
#2876 = CARTESIAN_POINT ( 'NONE',  ( 27.80811388300841713, -10.25358242896913907, 38.50000000000000000 ) ) ;
#2877 = LINE ( 'NONE', #6003, #9634 ) ;
#2878 = UNCERTAINTY_MEASURE_WITH_UNIT (LENGTH_MEASURE( 1.000000000000000082E-05 ), #6492, 'distance_accuracy_value', 'NONE');
#2879 = SURFACE_STYLE_USAGE ( .BOTH. , #4566 ) ;
#2880 = AXIS2_PLACEMENT_3D ( 'NONE', #2304, #2369, #5452 ) ;
#2881 = STYLED_ITEM ( 'NONE', ( #8041 ), #6857 ) ;
#2882 = LINE ( 'NONE', #3695, #7388 ) ;
#2883 = CIRCLE ( 'NONE', #9451, 2.750000000000000888 ) ;
#2884 = ORIENTED_EDGE ( 'NONE', *, *, #2961, .F. ) ;
#2885 =( NAMED_UNIT ( * ) SI_UNIT ( $, .STERADIAN. ) SOLID_ANGLE_UNIT ( ) );
#2886 = VECTOR ( 'NONE', #5931, 1000.000000000000000 ) ;
#2887 = DIRECTION ( 'NONE',  ( -1.000000000000000000, 0.000000000000000000, -0.000000000000000000 ) ) ;
#2888 = PRESENTATION_STYLE_ASSIGNMENT (( #5912 ) ) ;
#2889 = CARTESIAN_POINT ( 'NONE',  ( -17.14999999999999147, 21.14999999999999858, 10.00000000000000000 ) ) ;
#2890 =( NAMED_UNIT ( * ) SI_UNIT ( $, .STERADIAN. ) SOLID_ANGLE_UNIT ( ) );
#2891 = LINE ( 'NONE', #6586, #6 ) ;
#2892 = ORIENTED_EDGE ( 'NONE', *, *, #288, .T. ) ;
#2893 = EDGE_CURVE ( 'NONE', #3269, #8072, #7734, .T. ) ;
#2894 = PRESENTATION_LAYER_ASSIGNMENT (  '', '', ( #1559 ) ) ;
#2895 =( GEOMETRIC_REPRESENTATION_CONTEXT ( 3 ) GLOBAL_UNCERTAINTY_ASSIGNED_CONTEXT ( ( #164 ) ) GLOBAL_UNIT_ASSIGNED_CONTEXT ( ( #7508, #9839, #5780 ) ) REPRESENTATION_CONTEXT ( 'NONE', 'WORKASPACE' ) );
#2896 =( GEOMETRIC_REPRESENTATION_CONTEXT ( 3 ) GLOBAL_UNCERTAINTY_ASSIGNED_CONTEXT ( ( #6802 ) ) GLOBAL_UNIT_ASSIGNED_CONTEXT ( ( #7431, #9678, #6894 ) ) REPRESENTATION_CONTEXT ( 'NONE', 'WORKASPACE' ) );
#2897 = EDGE_CURVE ( 'NONE', #10194, #6864, #286, .T. ) ;
#2898 = CARTESIAN_POINT ( 'NONE',  ( 24.58921030454959933, -11.54368746851660177, 42.50884002229129521 ) ) ;
#2899 = CARTESIAN_POINT ( 'NONE',  ( 15.50000000000010481, -15.49999999999989164, 4.500000000000000888 ) ) ;
#2900 = CARTESIAN_POINT ( 'NONE',  ( 15.49999999999983480, -15.50000000000102496, 46.40000000000000568 ) ) ;
#2901 = AXIS2_PLACEMENT_3D ( 'NONE', #788, #51, #5387 ) ;
#2902 = FACE_OUTER_BOUND ( 'NONE', #8583, .T. ) ;
#2903 = MECHANICAL_DESIGN_GEOMETRIC_PRESENTATION_REPRESENTATION (  '', ( #738 ), #7521 ) ;
#2904 = AXIS2_PLACEMENT_3D ( 'NONE', #2073, #5835, #8953 ) ;
#2905 = FILL_AREA_STYLE_COLOUR ( '', #5111 ) ;
#2906 = DIRECTION ( 'NONE',  ( 1.000000000000000000, 0.000000000000000000, 0.000000000000000000 ) ) ;
#2907 = SURFACE_SIDE_STYLE ('',( #706 ) ) ;
#2908 =( NAMED_UNIT ( * ) PLANE_ANGLE_UNIT ( ) SI_UNIT ( $, .RADIAN. ) );
#2909 = ORIENTED_EDGE ( 'NONE', *, *, #931, .T. ) ;
#2910 = FILL_AREA_STYLE_COLOUR ( '', #6324 ) ;
#2911 = CARTESIAN_POINT ( 'NONE',  ( 15.49999999999983480, -15.50000000000102496, 47.00000000000000000 ) ) ;
#2912 = AXIS2_PLACEMENT_3D ( 'NONE', #8398, #7655, #9040 ) ;
#2913 = ORIENTED_EDGE ( 'NONE', *, *, #351, .T. ) ;
#2914 = FILL_AREA_STYLE_COLOUR ( '', #2682 ) ;
#2915 = MECHANICAL_DESIGN_GEOMETRIC_PRESENTATION_REPRESENTATION (  '', ( #9144 ), #4550 ) ;
#2916 = VECTOR ( 'NONE', #5690, 1000.000000000000114 ) ;
#2917 = CIRCLE ( 'NONE', #3081, 1.250000000000001110 ) ;
#2918 = ORIENTED_EDGE ( 'NONE', *, *, #3244, .T. ) ;
#2919 = EDGE_CURVE ( 'NONE', #2303, #2385, #6059, .T. ) ;
#2920 = SURFACE_STYLE_FILL_AREA ( #3635 ) ;
#2921 = DIRECTION ( 'NONE',  ( 1.000000000000000000, -1.334402673828317777E-15, 0.000000000000000000 ) ) ;
#2922 = PRESENTATION_STYLE_ASSIGNMENT (( #9939 ) ) ;
#2923 = CARTESIAN_POINT ( 'NONE',  ( -18.85000000000015774, 15.49999999999897504, 47.00000000000000000 ) ) ;
#2924 =( NAMED_UNIT ( * ) SI_UNIT ( $, .STERADIAN. ) SOLID_ANGLE_UNIT ( ) );
#2925 = COLOUR_RGB ( '',0.2509803921568627416, 0.2509803921568627416, 0.2509803921568627416 ) ;
#2926 = ORIENTED_EDGE ( 'NONE', *, *, #5084, .T. ) ;
#2927 = ORIENTED_EDGE ( 'NONE', *, *, #6777, .F. ) ;
#2928 =( LENGTH_UNIT ( ) NAMED_UNIT ( * ) SI_UNIT ( .MILLI., .METRE. ) );
#2929 =( LENGTH_UNIT ( ) NAMED_UNIT ( * ) SI_UNIT ( .MILLI., .METRE. ) );
#2930 =( LENGTH_UNIT ( ) NAMED_UNIT ( * ) SI_UNIT ( .MILLI., .METRE. ) );
#2931 = CARTESIAN_POINT ( 'NONE',  ( 25.04115241211959031, 11.23244115556023637, 38.50000000000000000 ) ) ;
#2932 = PRESENTATION_STYLE_ASSIGNMENT (( #1201 ) ) ;
#2933 = ADVANCED_FACE ( 'NONE', ( #4475 ), #6167, .F. ) ;
#2934 = CARTESIAN_POINT ( 'NONE',  ( -15.00000000000016165, 17.29999999999897753, 46.39999999999999858 ) ) ;
#2935 = PLANE ( 'NONE',  #9973 ) ;
#2936 = CARTESIAN_POINT ( 'NONE',  ( 17.29999999999983729, -31.00000000000000000, 45.39999999999999858 ) ) ;
#2937 = ORIENTED_EDGE ( 'NONE', *, *, #6405, .T. ) ;
#2938 = SURFACE_STYLE_FILL_AREA ( #5348 ) ;
#2939 = DIRECTION ( 'NONE',  ( -1.334402673828310480E-15, -1.000000000000000000, 0.000000000000000000 ) ) ;
#2940 = DIRECTION ( 'NONE',  ( 0.8571673007021120005, 1.049727191138618326E-16, -0.5150380749100547106 ) ) ;
#2941 = CARTESIAN_POINT ( 'NONE',  ( 2.500000000000000000, 0.000000000000000000, -24.00000000000000000 ) ) ;
#2942 = DIRECTION ( 'NONE',  ( 0.000000000000000000, 0.000000000000000000, 1.000000000000000000 ) ) ;
#2943 = FILL_AREA_STYLE ('',( #7634 ) ) ;
#2944 = DIRECTION ( 'NONE',  ( 0.000000000000000000, 0.000000000000000000, -1.000000000000000000 ) ) ;
#2945 = VERTEX_POINT ( 'NONE', #9920 ) ;
#2946 = STYLED_ITEM ( 'NONE', ( #2590 ), #3134 ) ;
#2947 = DIRECTION ( 'NONE',  ( -8.202002250481356316E-17, 1.000000000000000000, 0.000000000000000000 ) ) ;
#2948 = EDGE_CURVE ( 'NONE', #1547, #7575, #3709, .T. ) ;
#2949 = STYLED_ITEM ( 'NONE', ( #7410 ), #3405 ) ;
#2950 =( NAMED_UNIT ( * ) SI_UNIT ( $, .STERADIAN. ) SOLID_ANGLE_UNIT ( ) );
#2951 = PRESENTATION_STYLE_ASSIGNMENT (( #3764 ) ) ;
#2952 = DIRECTION ( 'NONE',  ( 1.000000000000000000, 0.000000000000000000, 0.000000000000000000 ) ) ;
#2953 = CARTESIAN_POINT ( 'NONE',  ( 1.500000000000000222, 2.000000000000000000, -23.50000000000000711 ) ) ;
#2954 = CARTESIAN_POINT ( 'NONE',  ( 24.55811388300841713, -11.50358242896913730, 38.94868329805051133 ) ) ;
#2955 =( NAMED_UNIT ( * ) SI_UNIT ( $, .STERADIAN. ) SOLID_ANGLE_UNIT ( ) );
#2956 = SURFACE_STYLE_USAGE ( .BOTH. , #6069 ) ;
#2957 = EDGE_LOOP ( 'NONE', ( #9787, #6929, #9623, #5576 ) ) ;
#2958 = DIRECTION ( 'NONE',  ( 0.000000000000000000, -0.000000000000000000, 1.000000000000000000 ) ) ;
#2959 =( LENGTH_UNIT ( ) NAMED_UNIT ( * ) SI_UNIT ( .MILLI., .METRE. ) );
#2960 = MECHANICAL_DESIGN_GEOMETRIC_PRESENTATION_REPRESENTATION (  '', ( #6895 ), #4593 ) ;
#2961 = EDGE_CURVE ( 'NONE', #8404, #9500, #3616, .T. ) ;
#2962 = ORIENTED_EDGE ( 'NONE', *, *, #7530, .T. ) ;
#2963 = FACE_OUTER_BOUND ( 'NONE', #6353, .T. ) ;
#2964 = STYLED_ITEM ( 'NONE', ( #3629 ), #9676 ) ;
#2965 = ORIENTED_EDGE ( 'NONE', *, *, #7629, .F. ) ;
#2966 = COLOUR_RGB ( '',0.2509803921568627416, 0.2509803921568627416, 0.2509803921568627416 ) ;
#2967 = UNCERTAINTY_MEASURE_WITH_UNIT (LENGTH_MEASURE( 1.000000000000000082E-05 ), #5453, 'distance_accuracy_value', 'NONE');
#2968 = DIRECTION ( 'NONE',  ( 0.000000000000000000, 0.000000000000000000, -1.000000000000000000 ) ) ;
#2969 = SURFACE_STYLE_USAGE ( .BOTH. , #2167 ) ;
#2970 = PRESENTATION_STYLE_ASSIGNMENT (( #1387 ) ) ;
#2971 = LINE ( 'NONE', #7709, #915 ) ;
#2972 = ORIENTED_EDGE ( 'NONE', *, *, #6930, .F. ) ;
#2973 = VECTOR ( 'NONE', #2940, 1000.000000000000000 ) ;
#2974 = ADVANCED_FACE ( 'NONE', ( #3814 ), #6957, .T. ) ;
#2975 = COLOUR_RGB ( '',0.2509803921568627416, 0.2509803921568627416, 0.2509803921568627416 ) ;
#2976 = CARTESIAN_POINT ( 'NONE',  ( 28.14999999999999858, -7.020106648094795787, 38.50000000000000000 ) ) ;
#2977 = STYLED_ITEM ( 'NONE', ( #3756 ), #1148 ) ;
#2978 = ORIENTED_EDGE ( 'NONE', *, *, #6462, .F. ) ;
#2979 = CARTESIAN_POINT ( 'NONE',  ( 28.54983341605690228, 6.634653378354149034, 38.30727336512965309 ) ) ;
#2980 = AXIS2_PLACEMENT_3D ( 'NONE', #2372, #748, #5499 ) ;
#2981 = CARTESIAN_POINT ( 'NONE',  ( 24.55811388300841713, -10.80986948560773975, 41.99999999999999289 ) ) ;
#2982 = FILL_AREA_STYLE_COLOUR ( '', #8525 ) ;
#2983 = MECHANICAL_DESIGN_GEOMETRIC_PRESENTATION_REPRESENTATION (  '', ( #8764 ), #2663 ) ;
#2984 = COLOUR_RGB ( '',0.2509803921568627416, 0.2509803921568627416, 0.2509803921568627416 ) ;
#2985 = UNCERTAINTY_MEASURE_WITH_UNIT (LENGTH_MEASURE( 1.000000000000000082E-05 ), #8195, 'distance_accuracy_value', 'NONE');
#2986 = LINE ( 'NONE', #6097, #8587 ) ;
#2987 = EDGE_CURVE ( 'NONE', #9739, #5995, #913, .T. ) ;
#2988 = DIRECTION ( 'NONE',  ( 0.000000000000000000, 0.000000000000000000, -1.000000000000000000 ) ) ;
#2989 = VERTEX_POINT ( 'NONE', #3311 ) ;
#2990 = CARTESIAN_POINT ( 'NONE',  ( -17.15000000000000568, -21.15000000000000568, 10.00000000000000000 ) ) ;
#2991 = DIRECTION ( 'NONE',  ( -1.000000000000000000, 0.000000000000000000, -0.000000000000000000 ) ) ;
#2992 =( NAMED_UNIT ( * ) PLANE_ANGLE_UNIT ( ) SI_UNIT ( $, .RADIAN. ) );
#2993 = LINE ( 'NONE', #1213, #447 ) ;
#2994 = CARTESIAN_POINT ( 'NONE',  ( 24.55811388300841713, -10.80986948560773975, 39.00000000000000000 ) ) ;
#2995 = SURFACE_SIDE_STYLE ('',( #2092 ) ) ;
#2996 = UNCERTAINTY_MEASURE_WITH_UNIT (LENGTH_MEASURE( 1.000000000000000082E-05 ), #7493, 'distance_accuracy_value', 'NONE');
#2997 =( GEOMETRIC_REPRESENTATION_CONTEXT ( 3 ) GLOBAL_UNCERTAINTY_ASSIGNED_CONTEXT ( ( #3006 ) ) GLOBAL_UNIT_ASSIGNED_CONTEXT ( ( #36, #7141, #9548 ) ) REPRESENTATION_CONTEXT ( 'NONE', 'WORKASPACE' ) );
#2998 =( GEOMETRIC_REPRESENTATION_CONTEXT ( 3 ) GLOBAL_UNCERTAINTY_ASSIGNED_CONTEXT ( ( #861 ) ) GLOBAL_UNIT_ASSIGNED_CONTEXT ( ( #213, #106, #5223 ) ) REPRESENTATION_CONTEXT ( 'NONE', 'WORKASPACE' ) );
#2999 = FILL_AREA_STYLE ('',( #9022 ) ) ;
#3000 = ORIENTED_EDGE ( 'NONE', *, *, #6319, .T. ) ;
#3001 = CARTESIAN_POINT ( 'NONE',  ( 0.000000000000000000, 0.000000000000000000, 0.5000000000000000000 ) ) ;
#3002 = EDGE_CURVE ( 'NONE', #9775, #8601, #3104, .T. ) ;
#3003 = COLOUR_RGB ( '',0.2509803921568627416, 0.2509803921568627416, 0.2509803921568627416 ) ;
#3004 = SURFACE_STYLE_USAGE ( .BOTH. , #2096 ) ;
#3005 = VECTOR ( 'NONE', #7481, 1000.000000000000000 ) ;
#3006 = UNCERTAINTY_MEASURE_WITH_UNIT (LENGTH_MEASURE( 1.000000000000000082E-05 ), #36, 'distance_accuracy_value', 'NONE');
#3007 = VECTOR ( 'NONE', #5773, 1000.000000000000000 ) ;
#3008 = CARTESIAN_POINT ( 'NONE',  ( 24.55811388300841713, -11.36721879260550239, 42.48253638288154121 ) ) ;
#3009 = CARTESIAN_POINT ( 'NONE',  ( 28.64999999999999858, -1.478586710707345573E-14, 42.19878066911801540 ) ) ;
#3010 = VECTOR ( 'NONE', #6154, 1000.000000000000114 ) ;
#3011 = DIRECTION ( 'NONE',  ( -1.334402673828310480E-15, -1.000000000000000000, 0.000000000000000000 ) ) ;
#3012 = PLANE ( 'NONE',  #5278 ) ;
#3013 = DIRECTION ( 'NONE',  ( 5.337610695313263217E-15, -1.000000000000000000, 0.000000000000000000 ) ) ;
#3014 = CARTESIAN_POINT ( 'NONE',  ( 27.64999999999999858, 7.020106648094791346, 41.99999999999999289 ) ) ;
#3015 = LINE ( 'NONE', #9270, #7957 ) ;
#3016 = VERTEX_POINT ( 'NONE', #2255 ) ;
#3017 = DIRECTION ( 'NONE',  ( 1.000000000000000000, 0.000000000000000000, 0.000000000000000000 ) ) ;
#3018 = CIRCLE ( 'NONE', #3661, 2.500000000000000000 ) ;
#3019 = SURFACE_STYLE_FILL_AREA ( #1434 ) ;
#3020 = AXIS2_PLACEMENT_3D ( 'NONE', #450, #563, #1294 ) ;
#3021 = ORIENTED_EDGE ( 'NONE', *, *, #9508, .F. ) ;
#3022 = ORIENTED_EDGE ( 'NONE', *, *, #3668, .F. ) ;
#3023 = LINE ( 'NONE', #6128, #1074 ) ;
#3024 = LINE ( 'NONE', #2276, #9561 ) ;
#3025 = SURFACE_SIDE_STYLE ('',( #4496 ) ) ;
#3026 = DIRECTION ( 'NONE',  ( 0.000000000000000000, 0.000000000000000000, 1.000000000000000000 ) ) ;
#3027 = VERTEX_POINT ( 'NONE', #3266 ) ;
#3028 = ORIENTED_EDGE ( 'NONE', *, *, #10060, .F. ) ;
#3029 = CARTESIAN_POINT ( 'NONE',  ( 24.55811388300842069, -11.29879872625226866, 38.52344206978403918 ) ) ;
#3030 = ORIENTED_EDGE ( 'NONE', *, *, #9246, .T. ) ;
#3031 = FACE_OUTER_BOUND ( 'NONE', #5484, .T. ) ;
#3032 = CARTESIAN_POINT ( 'NONE',  ( 28.14999999999999858, 7.020106648094790458, 41.99999999999999289 ) ) ;
#3033 = DIRECTION ( 'NONE',  ( 0.000000000000000000, -0.000000000000000000, 1.000000000000000000 ) ) ;
#3034 = DIRECTION ( 'NONE',  ( -0.000000000000000000, -0.000000000000000000, -1.000000000000000000 ) ) ;
#3035 = EDGE_CURVE ( 'NONE', #9398, #45, #6281, .T. ) ;
#3036 =( BOUNDED_CURVE ( )  B_SPLINE_CURVE ( 3, ( #7292, #8229, #4142, #9682 ),
 .UNSPECIFIED., .F., .T. ) 
 B_SPLINE_CURVE_WITH_KNOTS ( ( 4, 4 ),
 ( 4.712388980384689674, 6.283185307179586232 ),
 .UNSPECIFIED. ) 
 CURVE ( )  GEOMETRIC_REPRESENTATION_ITEM ( )  RATIONAL_B_SPLINE_CURVE ( ( 1.000000000000000000, 0.8047378541243649375, 0.8047378541243649375, 1.000000000000000000 ) ) 
 REPRESENTATION_ITEM ( '' )  );
#3037 = DIRECTION ( 'NONE',  ( 0.9486832980505137680, -0.3162277660168379967, 0.000000000000000000 ) ) ;
#3038 =( GEOMETRIC_REPRESENTATION_CONTEXT ( 3 ) GLOBAL_UNCERTAINTY_ASSIGNED_CONTEXT ( ( #5448 ) ) GLOBAL_UNIT_ASSIGNED_CONTEXT ( ( #5242, #4518, #2885 ) ) REPRESENTATION_CONTEXT ( 'NONE', 'WORKASPACE' ) );
#3039 = ORIENTED_EDGE ( 'NONE', *, *, #8253, .F. ) ;
#3040 = CARTESIAN_POINT ( 'NONE',  ( -15.50000000000016520, -15.50000000000102496, 46.40000000000000568 ) ) ;
#3041 = PRESENTATION_STYLE_ASSIGNMENT (( #8632 ) ) ;
#3042 = DIRECTION ( 'NONE',  ( 1.000000000000000000, 0.000000000000000000, 0.000000000000000000 ) ) ;
#3043 = EDGE_CURVE ( 'NONE', #5964, #9398, #1629, .T. ) ;
#3044 = LINE ( 'NONE', #2994, #7050 ) ;
#3045 = STYLED_ITEM ( 'NONE', ( #5844 ), #4844 ) ;
#3047 = FACE_OUTER_BOUND ( 'NONE', #6185, .T. ) ;
#3046 = AXIS2_PLACEMENT_3D ( 'NONE', #3954, #8310, #1202 ) ;
#3048 = PRESENTATION_LAYER_ASSIGNMENT (  '', '', ( #8494 ) ) ;
#3049 = EDGE_LOOP ( 'NONE', ( #640, #10048, #2509, #8551 ) ) ;
#3050 = DIRECTION ( 'NONE',  ( -0.000000000000000000, -0.000000000000000000, -1.000000000000000000 ) ) ;
#3051 = UNCERTAINTY_MEASURE_WITH_UNIT (LENGTH_MEASURE( 1.000000000000000082E-05 ), #8240, 'distance_accuracy_value', 'NONE');
#3052 = ADVANCED_FACE ( 'NONE', ( #3868 ), #7008, .T. ) ;
#3053 = COLOUR_RGB ( '',0.2509803921568627416, 0.2509803921568627416, 0.2509803921568627416 ) ;
#3054 = FILL_AREA_STYLE ('',( #7795 ) ) ;
#3055 = AXIS2_PLACEMENT_3D ( 'NONE', #2899, #1869, #482 ) ;
#3056 = MECHANICAL_DESIGN_GEOMETRIC_PRESENTATION_REPRESENTATION (  '', ( #4049 ), #2572 ) ;
#3057 = SURFACE_STYLE_USAGE ( .BOTH. , #9377 ) ;
#3058 = CARTESIAN_POINT ( 'NONE',  ( 24.29028932043205202, -11.95323689318442462, 42.92193226699681929 ) ) ;
#3059 = DIRECTION ( 'NONE',  ( 0.000000000000000000, 0.000000000000000000, -1.000000000000000000 ) ) ;
#3060 = ORIENTED_EDGE ( 'NONE', *, *, #3043, .F. ) ;
#3061 = DIRECTION ( 'NONE',  ( -0.000000000000000000, -1.000000000000000000, 0.000000000000000000 ) ) ;
#3062 = DIRECTION ( 'NONE',  ( -0.000000000000000000, -1.000000000000000000, -0.000000000000000000 ) ) ;
#3063 = VERTEX_POINT ( 'NONE', #3211 ) ;
#3064 = STYLED_ITEM ( 'NONE', ( #747 ), #7233 ) ;
#3065 = MECHANICAL_DESIGN_GEOMETRIC_PRESENTATION_REPRESENTATION (  '', ( #2049 ), #7843 ) ;
#3066 = CARTESIAN_POINT ( 'NONE',  ( 28.64999999999999858, 6.020106648094788682, 43.00000000000000000 ) ) ;
#3067 = PLANE ( 'NONE',  #5421 ) ;
#3068 = EDGE_CURVE ( 'NONE', #4239, #1542, #3368, .T. ) ;
#3069 = SURFACE_SIDE_STYLE ('',( #8251 ) ) ;
#3070 = ORIENTED_EDGE ( 'NONE', *, *, #4004, .F. ) ;
#3071 = CARTESIAN_POINT ( 'NONE',  ( 25.05811388300841358, 11.17024909563579627, 42.49999999999999289 ) ) ;
#3072 = EDGE_LOOP ( 'NONE', ( #220, #1582, #2355, #5319 ) ) ;
#3073 = AXIS2_PLACEMENT_3D ( 'NONE', #8727, #6950, #4781 ) ;
#3074 =( GEOMETRIC_REPRESENTATION_CONTEXT ( 3 ) GLOBAL_UNCERTAINTY_ASSIGNED_CONTEXT ( ( #9788 ) ) GLOBAL_UNIT_ASSIGNED_CONTEXT ( ( #332, #9825, #4245 ) ) REPRESENTATION_CONTEXT ( 'NONE', 'WORKASPACE' ) );
#3075 = FACE_OUTER_BOUND ( 'NONE', #4709, .T. ) ;
#3076 = SURFACE_SIDE_STYLE ('',( #4494 ) ) ;
#3077 = LINE ( 'NONE', #6194, #8771 ) ;
#3078 = EDGE_CURVE ( 'NONE', #2087, #4061, #5251, .T. ) ;
#3079 = ORIENTED_EDGE ( 'NONE', *, *, #6033, .T. ) ;
#3080 = CONICAL_SURFACE ( 'NONE', #1568, 2.000000000000015543, 0.7853981633974391752 ) ;
#3081 = AXIS2_PLACEMENT_3D ( 'NONE', #7797, #4740, #1832 ) ;
#3082 = VERTEX_POINT ( 'NONE', #3930 ) ;
#3083 = SURFACE_STYLE_USAGE ( .BOTH. , #3904 ) ;
#3084 = ORIENTED_EDGE ( 'NONE', *, *, #7063, .F. ) ;
#3085 = CARTESIAN_POINT ( 'NONE',  ( 28.40180948139486006, 6.893893043731420534, 42.56310680218168585 ) ) ;
#3086 = CARTESIAN_POINT ( 'NONE',  ( 28.58689319642920523, 6.271916132843240455, 38.50361896949656426 ) ) ;
#3087 = COLOUR_RGB ( '',1.000000000000000000, 1.000000000000000000, 1.000000000000000000 ) ;
#3088 = ADVANCED_FACE ( 'NONE', ( #754 ), #9425, .T. ) ;
#3089 =( NAMED_UNIT ( * ) PLANE_ANGLE_UNIT ( ) SI_UNIT ( $, .RADIAN. ) );
#3090 = SURFACE_SIDE_STYLE ('',( #4135 ) ) ;
#3091 = UNCERTAINTY_MEASURE_WITH_UNIT (LENGTH_MEASURE( 1.000000000000000082E-05 ), #7479, 'distance_accuracy_value', 'NONE');
#3092 = DIRECTION ( 'NONE',  ( 0.000000000000000000, 0.000000000000000000, -1.000000000000000000 ) ) ;
#3093 = DIRECTION ( 'NONE',  ( 1.000000000000000000, 0.000000000000000000, 0.000000000000000000 ) ) ;
#3094 = PRESENTATION_LAYER_ASSIGNMENT (  '', '', ( #4086 ) ) ;
#3095 = EDGE_CURVE ( 'NONE', #8391, #7991, #8268, .T. ) ;
#3096 = ORIENTED_EDGE ( 'NONE', *, *, #10128, .T. ) ;
#3097 = DIRECTION ( 'NONE',  ( 0.3162277660168379967, 0.9486832980505138790, 0.000000000000000000 ) ) ;
#3098 = DIRECTION ( 'NONE',  ( -0.000000000000000000, -0.000000000000000000, 1.000000000000000000 ) ) ;
#3099 =( BOUNDED_SURFACE ( )  B_SPLINE_SURFACE ( 3, 2, ( 
 ( #1099, #6669, #3493 ),
 ( #4168, #7411, #1877 ),
 ( #8873, #6562, #302 ),
 ( #9007, #7270, #5039 ),
 ( #1826, #9751, #4984 ),
 ( #2676, #8210, #6617 ),
 ( #2536, #5789, #6468 ),
 ( #166, #8959, #2723 ),
 ( #9612, #5842, #1928 ),
 ( #8252, #2578, #5695 ) ),
 .UNSPECIFIED., .F., .F., .F. ) 
 B_SPLINE_SURFACE_WITH_KNOTS ( ( 4, 2, 2, 2, 4 ),
 ( 3, 3 ),
 ( 4.712388980384689674, 5.105088062083414258, 5.497787143782137953, 5.890486225480861648, 6.283185307179586232 ),
 ( 0.000000000000000000, 1.000000000000000000 ),
 .UNSPECIFIED. ) 
 GEOMETRIC_REPRESENTATION_ITEM ( )  RATIONAL_B_SPLINE_SURFACE ( (
 ( 1.000000000000000000, 1.000000000000000000, 1.000000000000000000),
 ( 1.000000000000000000, 1.000158585517629595, 1.000000000000000000),
 ( 1.000000000000000000, 0.9867291829330876451, 1.000000000000000000),
 ( 1.000000000000000000, 0.9386556568292269143, 1.000000000000000000),
 ( 1.000000000000000000, 0.9038128751444500786, 1.000000000000000000),
 ( 1.000000000000000000, 0.8282379324244297791, 1.000000000000000000),
 ( 1.000000000000000000, 0.7876784991490027865, 1.000000000000000000),
 ( 1.000000000000000000, 0.7265517405482013746, 1.000000000000000000),
 ( 1.000000000000000000, 0.7066757558487539725, 1.000000000000000000),
 ( 1.000000000000000000, 0.7071067811865425767, 1.000000000000000000) ) ) 
 REPRESENTATION_ITEM ( '' )  SURFACE ( )  );
#3100 = DIRECTION ( 'NONE',  ( 0.000000000000000000, -1.000000000000000000, 0.000000000000000000 ) ) ;
#3101 = PLANE ( 'NONE',  #297 ) ;
#3102 = UNCERTAINTY_MEASURE_WITH_UNIT (LENGTH_MEASURE( 1.000000000000000082E-05 ), #7735, 'distance_accuracy_value', 'NONE');
#3103 = EDGE_LOOP ( 'NONE', ( #8985, #3726, #5398, #10142 ) ) ;
#3104 = LINE ( 'NONE', #7173, #122 ) ;
#3105 =( NAMED_UNIT ( * ) SI_UNIT ( $, .STERADIAN. ) SOLID_ANGLE_UNIT ( ) );
#3106 = EDGE_CURVE ( 'NONE', #3995, #926, #949, .T. ) ;
#3107 = CIRCLE ( 'NONE', #5717, 1.201219330881977854 ) ;
#3108 = FACE_OUTER_BOUND ( 'NONE', #1618, .T. ) ;
#3109 = LINE ( 'NONE', #5514, #9494 ) ;
#3110 = DIRECTION ( 'NONE',  ( 0.000000000000000000, -1.000000000000000000, 0.000000000000000000 ) ) ;
#3111 = CARTESIAN_POINT ( 'NONE',  ( 28.64999999999999858, -1.478586710707345573E-14, 43.39999999999999147 ) ) ;
#3112 = LINE ( 'NONE', #6227, #9204 ) ;
#3114 =( GEOMETRIC_REPRESENTATION_CONTEXT ( 3 ) GLOBAL_UNCERTAINTY_ASSIGNED_CONTEXT ( ( #7834 ) ) GLOBAL_UNIT_ASSIGNED_CONTEXT ( ( #7526, #512, #9058 ) ) REPRESENTATION_CONTEXT ( 'NONE', 'WORKASPACE' ) );
#3113 = DIRECTION ( 'NONE',  ( -0.000000000000000000, -0.000000000000000000, 1.000000000000000000 ) ) ;
#3115 = VERTEX_POINT ( 'NONE', #5756 ) ;
#3116 = FACE_OUTER_BOUND ( 'NONE', #2222, .T. ) ;
#3117 =( NAMED_UNIT ( * ) SI_UNIT ( $, .STERADIAN. ) SOLID_ANGLE_UNIT ( ) );
#3118 = ORIENTED_EDGE ( 'NONE', *, *, #4282, .T. ) ;
#3119 = FILL_AREA_STYLE_COLOUR ( '', #957 ) ;
#3120 = ORIENTED_EDGE ( 'NONE', *, *, #4471, .F. ) ;
#3121 =( NAMED_UNIT ( * ) PLANE_ANGLE_UNIT ( ) SI_UNIT ( $, .RADIAN. ) );
#3122 = STYLED_ITEM ( 'NONE', ( #6393 ), #3509 ) ;
#3123 = ORIENTED_EDGE ( 'NONE', *, *, #4789, .F. ) ;
#3124 = CARTESIAN_POINT ( 'NONE',  ( 48.64999999999999858, 1.698780669118024500, 40.49999999999999289 ) ) ;
#3125 = EDGE_CURVE ( 'NONE', #9734, #4411, #5856, .T. ) ;
#3126 = DIRECTION ( 'NONE',  ( 0.000000000000000000, 0.000000000000000000, -1.000000000000000000 ) ) ;
#3127 = DIRECTION ( 'NONE',  ( -0.000000000000000000, -0.000000000000000000, -1.000000000000000000 ) ) ;
#3128 = CARTESIAN_POINT ( 'NONE',  ( 48.64999999999999858, 8.673617379884035472E-16, 43.50000000000000000 ) ) ;
#3129 = PRESENTATION_STYLE_ASSIGNMENT (( #1603 ) ) ;
#3130 = VERTEX_POINT ( 'NONE', #6575 ) ;
#3131 = AXIS2_PLACEMENT_3D ( 'NONE', #3529, #7600, #8441 ) ;
#3132 = ORIENTED_EDGE ( 'NONE', *, *, #9614, .F. ) ;
#3133 = CARTESIAN_POINT ( 'NONE',  ( 24.55811388300841713, -11.39630482284047197, 38.98260745575490205 ) ) ;
#3134 = ADVANCED_FACE ( 'NONE', ( #4127 ), #6504, .F. ) ;
#3135 = EDGE_LOOP ( 'NONE', ( #3527, #6136, #3245, #2720 ) ) ;
#3136 = CARTESIAN_POINT ( 'NONE',  ( 28.28087395097011836, 6.507092982787813007, 42.02602733061417695 ) ) ;
#3137 = STYLED_ITEM ( 'NONE', ( #10175 ), #3741 ) ;
#3138 = CARTESIAN_POINT ( 'NONE',  ( 28.63698633608193944, 6.281854543328249996, 38.13087394761697624 ) ) ;
#3139 = SURFACE_STYLE_FILL_AREA ( #5178 ) ;
#3140 = CARTESIAN_POINT ( 'NONE',  ( 28.64999999999999858, 0.000000000000000000, 38.00000000000000000 ) ) ;
#3141 = LINE ( 'NONE', #4766, #3569 ) ;
#3142 = SURFACE_SIDE_STYLE ('',( #8569 ) ) ;
#3143 = PRESENTATION_STYLE_ASSIGNMENT (( #6368 ) ) ;
#3144 = ADVANCED_FACE ( 'NONE', ( #1839 ), #7374, .T. ) ;
#3145 = SURFACE_SIDE_STYLE ('',( #6211 ) ) ;
#3146 = MECHANICAL_DESIGN_GEOMETRIC_PRESENTATION_REPRESENTATION (  '', ( #979 ), #638 ) ;
#3147 = ORIENTED_EDGE ( 'NONE', *, *, #9384, .T. ) ;
#3148 = DIRECTION ( 'NONE',  ( 0.000000000000000000, 0.000000000000000000, 1.000000000000000000 ) ) ;
#3149 = SURFACE_STYLE_USAGE ( .BOTH. , #4779 ) ;
#3150 =( NAMED_UNIT ( * ) PLANE_ANGLE_UNIT ( ) SI_UNIT ( $, .RADIAN. ) );
#3151 = FACE_OUTER_BOUND ( 'NONE', #4625, .T. ) ;
#3152 = SURFACE_STYLE_USAGE ( .BOTH. , #7683 ) ;
#3153 = LINE ( 'NONE', #3207, #4696 ) ;
#3154 = ADVANCED_FACE ( 'NONE', ( #1407 ), #6725, .T. ) ;
#3155 = CARTESIAN_POINT ( 'NONE',  ( 15.49999999999983658, 15.50000000000015987, 0.000000000000000000 ) ) ;
#3156 = ORIENTED_EDGE ( 'NONE', *, *, #9441, .T. ) ;
#3157 = UNCERTAINTY_MEASURE_WITH_UNIT (LENGTH_MEASURE( 1.000000000000000082E-05 ), #9680, 'distance_accuracy_value', 'NONE');
#3158 = AXIS2_PLACEMENT_3D ( 'NONE', #9728, #3514, #5005 ) ;
#3159 = VERTEX_POINT ( 'NONE', #1208 ) ;
#3160 =( GEOMETRIC_REPRESENTATION_CONTEXT ( 3 ) GLOBAL_UNCERTAINTY_ASSIGNED_CONTEXT ( ( #1751 ) ) GLOBAL_UNIT_ASSIGNED_CONTEXT ( ( #2401, #4332, #3577 ) ) REPRESENTATION_CONTEXT ( 'NONE', 'WORKASPACE' ) );
#3161 = CARTESIAN_POINT ( 'NONE',  ( -16.00000000000015987, -13.70000000000102425, 46.39999999999999858 ) ) ;
#3162 = AXIS2_PLACEMENT_3D ( 'NONE', #5482, #10089, #3898 ) ;
#3163 =( LENGTH_UNIT ( ) NAMED_UNIT ( * ) SI_UNIT ( .MILLI., .METRE. ) );
#3164 = CARTESIAN_POINT ( 'NONE',  ( 30.99999999999995737, 15.99999999999901590, 46.39999999999999858 ) ) ;
#3165 = DIRECTION ( 'NONE',  ( 1.000000000000000000, 2.668805347656624115E-15, 0.000000000000000000 ) ) ;
#3166 = EDGE_LOOP ( 'NONE', ( #3630, #5728 ) ) ;
#3167 = EDGE_CURVE ( 'NONE', #6704, #1763, #2182, .T. ) ;
#3168 = CARTESIAN_POINT ( 'NONE',  ( -16.00000000000015987, -13.70000000000102425, 45.39999999999999858 ) ) ;
#3169 = LINE ( 'NONE', #4644, #5291 ) ;
#3170 = ORIENTED_EDGE ( 'NONE', *, *, #6236, .T. ) ;
#3171 =( NAMED_UNIT ( * ) SI_UNIT ( $, .STERADIAN. ) SOLID_ANGLE_UNIT ( ) );
#3172 = EDGE_LOOP ( 'NONE', ( #7992, #7164, #7998, #1597 ) ) ;
#3173 = EDGE_LOOP ( 'NONE', ( #3582, #6198 ) ) ;
#3174 = SURFACE_STYLE_FILL_AREA ( #1702 ) ;
#3175 = CARTESIAN_POINT ( 'NONE',  ( -15.50000000000016520, -15.50000000000102496, 46.40000000000000568 ) ) ;
#3176 = DIRECTION ( 'NONE',  ( 0.000000000000000000, 0.000000000000000000, -1.000000000000000000 ) ) ;
#3177 = EDGE_CURVE ( 'NONE', #8792, #4041, #7625, .T. ) ;
#3178 =( GEOMETRIC_REPRESENTATION_CONTEXT ( 3 ) GLOBAL_UNCERTAINTY_ASSIGNED_CONTEXT ( ( #5709 ) ) GLOBAL_UNIT_ASSIGNED_CONTEXT ( ( #9774, #9729, #2046 ) ) REPRESENTATION_CONTEXT ( 'NONE', 'WORKASPACE' ) );
#3179 =( NAMED_UNIT ( * ) PLANE_ANGLE_UNIT ( ) SI_UNIT ( $, .RADIAN. ) );
#3180 = LINE ( 'NONE', #6351, #7825 ) ;
#3181 = FILL_AREA_STYLE ('',( #4708 ) ) ;
#3182 = VERTEX_POINT ( 'NONE', #4365 ) ;
#3183 = VECTOR ( 'NONE', #8884, 1000.000000000000000 ) ;
#3184 = EDGE_CURVE ( 'NONE', #1244, #317, #1772, .T. ) ;
#3185 = EDGE_LOOP ( 'NONE', ( #3328, #5553, #9442, #1865 ) ) ;
#3186 = CARTESIAN_POINT ( 'NONE',  ( 24.55811388300841358, 11.50358242896913019, 42.49999999999999289 ) ) ;
#3187 = COLOUR_RGB ( '',0.2509803921568627416, 0.2509803921568627416, 0.2509803921568627416 ) ;
#3188 = ORIENTED_EDGE ( 'NONE', *, *, #3860, .F. ) ;
#3189 =( NAMED_UNIT ( * ) SI_UNIT ( $, .STERADIAN. ) SOLID_ANGLE_UNIT ( ) );
#3190 = VECTOR ( 'NONE', #1664, 1000.000000000000000 ) ;
#3191 =( NAMED_UNIT ( * ) PLANE_ANGLE_UNIT ( ) SI_UNIT ( $, .RADIAN. ) );
#3192 = SURFACE_STYLE_FILL_AREA ( #7155 ) ;
#3193 = SURFACE_STYLE_FILL_AREA ( #1513 ) ;
#3194 = DIRECTION ( 'NONE',  ( 1.000000000000000000, -1.334402673828317777E-15, 0.000000000000000000 ) ) ;
#3195 = PLANE ( 'NONE',  #1651 ) ;
#3196 = UNCERTAINTY_MEASURE_WITH_UNIT (LENGTH_MEASURE( 1.000000000000000082E-05 ), #4173, 'distance_accuracy_value', 'NONE');
#3197 = LINE ( 'NONE', #5070, #5584 ) ;
#3198 = PRESENTATION_STYLE_ASSIGNMENT (( #5449 ) ) ;
#3199 = PLANE ( 'NONE',  #8294 ) ;
#3200 = VERTEX_POINT ( 'NONE', #9907 ) ;
#3201 = LINE ( 'NONE', #1725, #698 ) ;
#3202 = COLOUR_RGB ( '',0.2509803921568627416, 0.2509803921568627416, 0.2509803921568627416 ) ;
#3203 = CARTESIAN_POINT ( 'NONE',  ( 24.31498063939977783, 11.94500645353340396, 38.05204733422930019 ) ) ;
#3204 = UNCERTAINTY_MEASURE_WITH_UNIT (LENGTH_MEASURE( 1.000000000000000082E-05 ), #10136, 'distance_accuracy_value', 'NONE');
#3205 = LINE ( 'NONE', #5596, #9201 ) ;
#3206 = DIRECTION ( 'NONE',  ( 1.000000000000000000, -0.000000000000000000, 0.000000000000000000 ) ) ;
#3207 = CARTESIAN_POINT ( 'NONE',  ( -16.00000000000016698, 14.99999999999897504, 45.39999999999999858 ) ) ;
#3208 = UNCERTAINTY_MEASURE_WITH_UNIT (LENGTH_MEASURE( 1.000000000000000082E-05 ), #10064, 'distance_accuracy_value', 'NONE');
#3209 = VERTEX_POINT ( 'NONE', #2130 ) ;
#3210 = VECTOR ( 'NONE', #9254, 1000.000000000000000 ) ;
#3211 = CARTESIAN_POINT ( 'NONE',  ( 18.24999999999983658, -15.50000000000102496, 46.40000000000000568 ) ) ;
#3212 = SURFACE_STYLE_USAGE ( .BOTH. , #914 ) ;
#3213 = AXIS2_PLACEMENT_3D ( 'NONE', #2580, #4986, #4929 ) ;
#3214 = AXIS2_PLACEMENT_3D ( 'NONE', #5797, #6476, #955 ) ;
#3215 = ORIENTED_EDGE ( 'NONE', *, *, #3125, .F. ) ;
#3216 = FACE_OUTER_BOUND ( 'NONE', #8497, .T. ) ;
#3217 = LINE ( 'NONE', #760, #523 ) ;
#3218 = EDGE_CURVE ( 'NONE', #8882, #5815, #2882, .T. ) ;
#3219 = DIRECTION ( 'NONE',  ( -0.000000000000000000, 0.000000000000000000, 1.000000000000000000 ) ) ;
#3220 = SURFACE_SIDE_STYLE ('',( #6489 ) ) ;
#3221 = ORIENTED_EDGE ( 'NONE', *, *, #7673, .F. ) ;
#3222 = PLANE ( 'NONE',  #7689 ) ;
#3223 =( NAMED_UNIT ( * ) PLANE_ANGLE_UNIT ( ) SI_UNIT ( $, .RADIAN. ) );
#3224 = SURFACE_STYLE_USAGE ( .BOTH. , #7240 ) ;
#3225 = ORIENTED_EDGE ( 'NONE', *, *, #2186, .F. ) ;
#3226 = PRESENTATION_LAYER_ASSIGNMENT (  '', '', ( #2563 ) ) ;
#3227 = SURFACE_STYLE_USAGE ( .BOTH. , #825 ) ;
#3228 = VERTEX_POINT ( 'NONE', #576 ) ;
#3229 = AXIS2_PLACEMENT_3D ( 'NONE', #802, #3206, #1523 ) ;
#3230 = ADVANCED_FACE ( 'NONE', ( #9955 ), #2935, .F. ) ;
#3231 = ORIENTED_EDGE ( 'NONE', *, *, #7835, .T. ) ;
#3232 = PLANE ( 'NONE',  #10092 ) ;
#3233 = VECTOR ( 'NONE', #3061, 1000.000000000000000 ) ;
#3234 = PLANE ( 'NONE',  #2140 ) ;
#3235 =( LENGTH_UNIT ( ) NAMED_UNIT ( * ) SI_UNIT ( .MILLI., .METRE. ) );
#3236 = PLANE ( 'NONE',  #892 ) ;
#3237 = FILL_AREA_STYLE ('',( #6248 ) ) ;
#3238 = ORIENTED_EDGE ( 'NONE', *, *, #8922, .T. ) ;
#3239 = MECHANICAL_DESIGN_GEOMETRIC_PRESENTATION_REPRESENTATION (  '', ( #8181 ), #8680 ) ;
#3240 = VERTEX_POINT ( 'NONE', #2240 ) ;
#3241 = CARTESIAN_POINT ( 'NONE',  ( 14.99999999999984013, -17.30000000000102389, 45.39999999999999858 ) ) ;
#3242 = PRESENTATION_LAYER_ASSIGNMENT (  '', '', ( #8989 ) ) ;
#3243 = COLOUR_RGB ( '',0.2509803921568627416, 0.2509803921568627416, 0.2509803921568627416 ) ;
#3244 = EDGE_CURVE ( 'NONE', #817, #7711, #6152, .T. ) ;
#3245 = ORIENTED_EDGE ( 'NONE', *, *, #3184, .T. ) ;
#3246 = SURFACE_SIDE_STYLE ('',( #103 ) ) ;
#3247 = CARTESIAN_POINT ( 'NONE',  ( 25.05811388300841713, -11.17024909563580515, 39.00000000000000000 ) ) ;
#3248 = DIRECTION ( 'NONE',  ( -1.000000000000000000, 0.000000000000000000, 0.000000000000000000 ) ) ;
#3249 = PRESENTATION_STYLE_ASSIGNMENT (( #52 ) ) ;
#3250 = FILL_AREA_STYLE_COLOUR ( '', #7434 ) ;
#3251 = MECHANICAL_DESIGN_GEOMETRIC_PRESENTATION_REPRESENTATION (  '', ( #3568 ), #4536 ) ;
#3252 =( NAMED_UNIT ( * ) SI_UNIT ( $, .STERADIAN. ) SOLID_ANGLE_UNIT ( ) );
#3253 =( LENGTH_UNIT ( ) NAMED_UNIT ( * ) SI_UNIT ( .MILLI., .METRE. ) );
#3254 = ORIENTED_EDGE ( 'NONE', *, *, #6299, .F. ) ;
#3255 = SURFACE_STYLE_FILL_AREA ( #60 ) ;
#3256 = VECTOR ( 'NONE', #9180, 1000.000000000000000 ) ;
#3257 = COLOUR_RGB ( '',0.2509803921568627416, 0.2509803921568627416, 0.2509803921568627416 ) ;
#3258 = FILL_AREA_STYLE_COLOUR ( '', #3521 ) ;
#3259 =( NAMED_UNIT ( * ) PLANE_ANGLE_UNIT ( ) SI_UNIT ( $, .RADIAN. ) );
#3260 =( NAMED_UNIT ( * ) SI_UNIT ( $, .STERADIAN. ) SOLID_ANGLE_UNIT ( ) );
#3261 = CARTESIAN_POINT ( 'NONE',  ( 0.000000000000000000, 0.000000000000000000, 39.00000000000000000 ) ) ;
#3262 = EDGE_CURVE ( 'NONE', #9069, #8605, #5080, .T. ) ;
#3263 = CARTESIAN_POINT ( 'NONE',  ( 25.00811388300841642, -11.35358242896913694, 38.47434164902526277 ) ) ;
#3264 = FILL_AREA_STYLE ('',( #7058 ) ) ;
#3265 = ORIENTED_EDGE ( 'NONE', *, *, #6236, .F. ) ;
#3266 = CARTESIAN_POINT ( 'NONE',  ( -13.70000000000016094, -16.00000000000102318, 45.39999999999999858 ) ) ;
#3267 = UNCERTAINTY_MEASURE_WITH_UNIT (LENGTH_MEASURE( 1.000000000000000082E-05 ), #3854, 'distance_accuracy_value', 'NONE');
#3268 = CARTESIAN_POINT ( 'NONE',  ( 25.00811388300841642, -11.35358242896913694, 38.47434164902526277 ) ) ;
#3269 = VERTEX_POINT ( 'NONE', #9360 ) ;
#3270 = FACE_OUTER_BOUND ( 'NONE', #10071, .T. ) ;
#3271 = DIRECTION ( 'NONE',  ( 0.000000000000000000, -0.000000000000000000, 1.000000000000000000 ) ) ;
#3272 = LINE ( 'NONE', #2600, #1980 ) ;
#3273 = ORIENTED_EDGE ( 'NONE', *, *, #2111, .F. ) ;
#3274 = DIRECTION ( 'NONE',  ( -1.000000000000000000, 0.000000000000000000, 0.000000000000000000 ) ) ;
#3275 = VERTEX_POINT ( 'NONE', #8572 ) ;
#3276 = LINE ( 'NONE', #1907, #973 ) ;
#3278 = EDGE_CURVE ( 'NONE', #3240, #8315, #8627, .T. ) ;
#3277 = ORIENTED_EDGE ( 'NONE', *, *, #8872, .T. ) ;
#3279 = VERTEX_POINT ( 'NONE', #1463 ) ;
#3280 = FILL_AREA_STYLE_COLOUR ( '', #387 ) ;
#3281 = FILL_AREA_STYLE_COLOUR ( '', #4847 ) ;
#3282 = DIRECTION ( 'NONE',  ( 0.000000000000000000, 3.154042683594198079E-16, -1.000000000000000000 ) ) ;
#3283 = FILL_AREA_STYLE_COLOUR ( '', #4805 ) ;
#3284 = ORIENTED_EDGE ( 'NONE', *, *, #4360, .T. ) ;
#3285 = EDGE_CURVE ( 'NONE', #7537, #2738, #4621, .T. ) ;
#3286 = ORIENTED_EDGE ( 'NONE', *, *, #3907, .T. ) ;
#3287 =( NAMED_UNIT ( * ) PLANE_ANGLE_UNIT ( ) SI_UNIT ( $, .RADIAN. ) );
#3288 = ORIENTED_EDGE ( 'NONE', *, *, #9974, .T. ) ;
#3289 = CYLINDRICAL_SURFACE ( 'NONE', #7002, 1.249999999999999334 ) ;
#3290 = CARTESIAN_POINT ( 'NONE',  ( 31.00000000000000000, 17.29999999999897753, 45.39999999999999858 ) ) ;
#3291 = CARTESIAN_POINT ( 'NONE',  ( -15.00000000000012434, -31.00000000000004263, 45.39999999999999858 ) ) ;
#3292 = COLOUR_RGB ( '',0.2509803921568627416, 0.2509803921568627416, 0.2509803921568627416 ) ;
#3293 = SURFACE_STYLE_USAGE ( .BOTH. , #9514 ) ;
#3294 =( NAMED_UNIT ( * ) SI_UNIT ( $, .STERADIAN. ) SOLID_ANGLE_UNIT ( ) );
#3295 = ORIENTED_EDGE ( 'NONE', *, *, #415, .T. ) ;
#3296 = EDGE_CURVE ( 'NONE', #5249, #5213, #1674, .T. ) ;
#3297 = AXIS2_PLACEMENT_3D ( 'NONE', #3001, #4421, #2001 ) ;
#3298 = CARTESIAN_POINT ( 'NONE',  ( 24.21622776601682503, 11.97792407799438585, 43.00000000000000000 ) ) ;
#3299 = SURFACE_STYLE_FILL_AREA ( #9100 ) ;
#3300 = COLOUR_RGB ( '',0.2509803921568627416, 0.2509803921568627416, 0.2509803921568627416 ) ;
#3301 = ORIENTED_EDGE ( 'NONE', *, *, #5335, .T. ) ;
#3302 = FACE_OUTER_BOUND ( 'NONE', #7902, .T. ) ;
#3303 =( GEOMETRIC_REPRESENTATION_CONTEXT ( 3 ) GLOBAL_UNCERTAINTY_ASSIGNED_CONTEXT ( ( #229 ) ) GLOBAL_UNIT_ASSIGNED_CONTEXT ( ( #2959, #5267, #6071 ) ) REPRESENTATION_CONTEXT ( 'NONE', 'WORKASPACE' ) );
#3304 = AXIS2_PLACEMENT_3D ( 'NONE', #7733, #5972, #7538 ) ;
#3305 = PLANE ( 'NONE',  #6736 ) ;
#3306 = SURFACE_SIDE_STYLE ('',( #7320 ) ) ;
#3307 =( LENGTH_UNIT ( ) NAMED_UNIT ( * ) SI_UNIT ( .MILLI., .METRE. ) );
#3308 = EDGE_CURVE ( 'NONE', #1342, #4858, #2424, .T. ) ;
#3309 = CARTESIAN_POINT ( 'NONE',  ( -21.14999999999999503, 17.14999999999998082, 47.00000000000000000 ) ) ;
#3310 = ORIENTED_EDGE ( 'NONE', *, *, #9339, .F. ) ;
#3311 = CARTESIAN_POINT ( 'NONE',  ( 28.14999999999999858, 6.520106648094790458, 39.00000000000000000 ) ) ;
#3312 = PRESENTATION_LAYER_ASSIGNMENT (  '', '', ( #7737 ) ) ;
#3313 = CARTESIAN_POINT ( 'NONE',  ( 48.64999999999999858, -1.463876016620960108E-14, 40.99756133823603932 ) ) ;
#3314 = MECHANICAL_DESIGN_GEOMETRIC_PRESENTATION_REPRESENTATION (  '', ( #5260 ), #5910 ) ;
#3315 = PRESENTATION_STYLE_ASSIGNMENT (( #125 ) ) ;
#3316 = AXIS2_PLACEMENT_3D ( 'NONE', #7729, #632, #10051 ) ;
#3317 =( NAMED_UNIT ( * ) SI_UNIT ( $, .STERADIAN. ) SOLID_ANGLE_UNIT ( ) );
#3318 =( NAMED_UNIT ( * ) SI_UNIT ( $, .STERADIAN. ) SOLID_ANGLE_UNIT ( ) );
#3319 = CARTESIAN_POINT ( 'NONE',  ( 28.64999999999999858, 9.779240779943870976, 44.50000000000000000 ) ) ;
#3320 = CARTESIAN_POINT ( 'NONE',  ( -12.75000000000016342, 15.49999999999897504, 46.40000000000000568 ) ) ;
#3321 = AXIS2_PLACEMENT_3D ( 'NONE', #8088, #9459, #5635 ) ;
#3322 = DIRECTION ( 'NONE',  ( -1.000000000000000000, 1.334402673828310480E-15, 0.000000000000000000 ) ) ;
#3323 = DIRECTION ( 'NONE',  ( -0.000000000000000000, -0.000000000000000000, 1.000000000000000000 ) ) ;
#3324 = APPLICATION_CONTEXT ( 'automotive_design' ) ;
#3325 =( NAMED_UNIT ( * ) PLANE_ANGLE_UNIT ( ) SI_UNIT ( $, .RADIAN. ) );
#3326 = EDGE_LOOP ( 'NONE', ( #2870, #10002, #7874, #9347 ) ) ;
#3327 =( NAMED_UNIT ( * ) PLANE_ANGLE_UNIT ( ) SI_UNIT ( $, .RADIAN. ) );
#3328 = ORIENTED_EDGE ( 'NONE', *, *, #1384, .T. ) ;
#3329 = PRESENTATION_LAYER_ASSIGNMENT (  '', '', ( #4791 ) ) ;
#3330 = ORIENTED_EDGE ( 'NONE', *, *, #4120, .T. ) ;
#3331 = SURFACE_SIDE_STYLE ('',( #5624 ) ) ;
#3332 =( LENGTH_UNIT ( ) NAMED_UNIT ( * ) SI_UNIT ( .MILLI., .METRE. ) );
#3333 = SURFACE_SIDE_STYLE ('',( #880 ) ) ;
#3334 = CARTESIAN_POINT ( 'NONE',  ( 0.000000000000000000, 0.000000000000000000, 0.000000000000000000 ) ) ;
#3335 = VERTEX_POINT ( 'NONE', #4672 ) ;
#3336 = MECHANICAL_DESIGN_GEOMETRIC_PRESENTATION_REPRESENTATION (  '', ( #1661 ), #4957 ) ;
#3337 = AXIS2_PLACEMENT_3D ( 'NONE', #9893, #9124, #2066 ) ;
#3338 = ORIENTED_EDGE ( 'NONE', *, *, #5231, .T. ) ;
#3339 = LINE ( 'NONE', #5683, #7952 ) ;
#3340 = ORIENTED_EDGE ( 'NONE', *, *, #1313, .T. ) ;
#3341 = DIRECTION ( 'NONE',  ( 0.000000000000000000, -0.000000000000000000, -1.000000000000000000 ) ) ;
#3342 = CARTESIAN_POINT ( 'NONE',  ( 24.21622776601682858, 11.97792407799438585, 43.00000000000000000 ) ) ;
#3343 = CARTESIAN_POINT ( 'NONE',  ( 31.00000000000004263, 15.99999999999893241, 45.39999999999999858 ) ) ;
#3344 = PRESENTATION_LAYER_ASSIGNMENT (  '', '', ( #7963 ) ) ;
#3345 = DIRECTION ( 'NONE',  ( 0.000000000000000000, 0.000000000000000000, -1.000000000000000000 ) ) ;
#3347 = ORIENTED_EDGE ( 'NONE', *, *, #9526, .T. ) ;
#3346 = ADVANCED_FACE ( 'NONE', ( #1573 ), #5564, .F. ) ;
#3348 = CARTESIAN_POINT ( 'NONE',  ( 24.55811388300841003, 11.50358242896913019, 42.05131670194948157 ) ) ;
#3349 =( LENGTH_UNIT ( ) NAMED_UNIT ( * ) SI_UNIT ( .MILLI., .METRE. ) );
#3350 = ORIENTED_EDGE ( 'NONE', *, *, #8799, .F. ) ;
#3351 = VECTOR ( 'NONE', #5382, 1000.000000000000000 ) ;
#3352 = EDGE_CURVE ( 'NONE', #7537, #860, #3597, .T. ) ;
#3353 = CARTESIAN_POINT ( 'NONE',  ( 24.55811388300841713, -10.80986948560773975, 39.00000000000000000 ) ) ;
#3354 = SURFACE_STYLE_USAGE ( .BOTH. , #2433 ) ;
#3355 = CARTESIAN_POINT ( 'NONE',  ( -15.50000000000016520, -15.50000000000102496, 46.40000000000000568 ) ) ;
#3356 =( LENGTH_UNIT ( ) NAMED_UNIT ( * ) SI_UNIT ( .MILLI., .METRE. ) );
#3357 =( NAMED_UNIT ( * ) PLANE_ANGLE_UNIT ( ) SI_UNIT ( $, .RADIAN. ) );
#3358 = ORIENTED_EDGE ( 'NONE', *, *, #1986, .F. ) ;
#3359 = FILL_AREA_STYLE_COLOUR ( '', #425 ) ;
#3360 = UNCERTAINTY_MEASURE_WITH_UNIT (LENGTH_MEASURE( 1.000000000000000082E-05 ), #2239, 'distance_accuracy_value', 'NONE');
#3361 = CARTESIAN_POINT ( 'NONE',  ( 0.000000000000000000, 21.14999999999999858, 47.00000000000000000 ) ) ;
#3362 = EDGE_CURVE ( 'NONE', #3335, #1139, #1722, .T. ) ;
#3363 = ORIENTED_EDGE ( 'NONE', *, *, #3833, .T. ) ;
#3364 = DIRECTION ( 'NONE',  ( 0.000000000000000000, 0.000000000000000000, -1.000000000000000000 ) ) ;
#3365 = LINE ( 'NONE', #2640, #6655 ) ;
#3366 = DIRECTION ( 'NONE',  ( -1.000000000000000000, 0.000000000000000000, 0.000000000000000000 ) ) ;
#3367 = PLANE ( 'NONE',  #7591 ) ;
#3368 =( BOUNDED_CURVE ( )  B_SPLINE_CURVE ( 3, ( #10117, #5461, #8640, #1532 ),
 .UNSPECIFIED., .F., .T. ) 
 B_SPLINE_CURVE_WITH_KNOTS ( ( 4, 4 ),
 ( 0.000000000000000000, 1.570796326794896558 ),
 .UNSPECIFIED. ) 
 CURVE ( )  GEOMETRIC_REPRESENTATION_ITEM ( )  RATIONAL_B_SPLINE_CURVE ( ( 1.000000000000000000, 0.8047378541243649375, 0.8047378541243649375, 1.000000000000000000 ) ) 
 REPRESENTATION_ITEM ( '' )  );
#3369 = SURFACE_STYLE_USAGE ( .BOTH. , #7331 ) ;
#3370 = EDGE_CURVE ( 'NONE', #4420, #5998, #4111, .T. ) ;
#3371 = VERTEX_POINT ( 'NONE', #4881 ) ;
#3372 =( NAMED_UNIT ( * ) PLANE_ANGLE_UNIT ( ) SI_UNIT ( $, .RADIAN. ) );
#3373 = FILL_AREA_STYLE_COLOUR ( '', #7903 ) ;
#3374 = AXIS2_PLACEMENT_3D ( 'NONE', #6633, #5145, #9016 ) ;
#3375 = EDGE_LOOP ( 'NONE', ( #2022, #6931, #1131, #8949 ) ) ;
#3376 = SURFACE_STYLE_FILL_AREA ( #8282 ) ;
#3377 =( LENGTH_UNIT ( ) NAMED_UNIT ( * ) SI_UNIT ( .MILLI., .METRE. ) );
#3378 = CARTESIAN_POINT ( 'NONE',  ( 27.65000000000000213, 9.779240779943872752, 38.50000000000000000 ) ) ;
#3379 = CARTESIAN_POINT ( 'NONE',  ( 0.000000000000000000, 0.000000000000000000, -24.00000000000000000 ) ) ;
#3380 = EDGE_LOOP ( 'NONE', ( #1330, #5368, #8995, #296 ) ) ;
#3381 = VECTOR ( 'NONE', #8945, 1000.000000000000000 ) ;
#3382 = ORIENTED_EDGE ( 'NONE', *, *, #5655, .T. ) ;
#3383 = CARTESIAN_POINT ( 'NONE',  ( -16.00000000000020606, 4.270088556250648439E-14, 45.39999999999999858 ) ) ;
#3384 = ORIENTED_EDGE ( 'NONE', *, *, #1955, .T. ) ;
#3385 = FILL_AREA_STYLE ('',( #8815 ) ) ;
#3386 = EDGE_CURVE ( 'NONE', #1838, #7732, #4913, .T. ) ;
#3387 = PRESENTATION_STYLE_ASSIGNMENT (( #7309 ) ) ;
#3388 = CARTESIAN_POINT ( 'NONE',  ( 24.55811388300841713, -10.80986948560773975, 41.99999999999999289 ) ) ;
#3389 = EDGE_LOOP ( 'NONE', ( #476, #5685, #8191, #4843 ) ) ;
#3390 = PRESENTATION_LAYER_ASSIGNMENT (  '', '', ( #3064 ) ) ;
#3391 = COLOUR_RGB ( '',0.2509803921568627416, 0.2509803921568627416, 0.2509803921568627416 ) ;
#3392 = CARTESIAN_POINT ( 'NONE',  ( 24.57179009200817532, 11.38835456465832152, 42.47624570980131153 ) ) ;
#3393 = PRESENTATION_STYLE_ASSIGNMENT (( #1003 ) ) ;
#3394 = EDGE_LOOP ( 'NONE', ( #4860, #2632, #3147, #4295, #6240, #6460, #1762, #4760, #3966, #5563, #525, #7818 ) ) ;
#3395 = EDGE_CURVE ( 'NONE', #4347, #9125, #9006, .T. ) ;
#3396 = DIRECTION ( 'NONE',  ( -0.000000000000000000, -0.000000000000000000, 1.000000000000000000 ) ) ;
#3397 = PRESENTATION_LAYER_ASSIGNMENT (  '', '', ( #9793 ) ) ;
#3398 =( LENGTH_UNIT ( ) NAMED_UNIT ( * ) SI_UNIT ( .MILLI., .METRE. ) );
#3399 = PRESENTATION_LAYER_ASSIGNMENT (  '', '', ( #1570 ) ) ;
#3400 = VECTOR ( 'NONE', #665, 1000.000000000000000 ) ;
#3401 =( LENGTH_UNIT ( ) NAMED_UNIT ( * ) SI_UNIT ( .MILLI., .METRE. ) );
#3402 = LINE ( 'NONE', #6904, #8827 ) ;
#3403 = UNCERTAINTY_MEASURE_WITH_UNIT (LENGTH_MEASURE( 1.000000000000000082E-05 ), #5097, 'distance_accuracy_value', 'NONE');
#3404 = ORIENTED_EDGE ( 'NONE', *, *, #541, .F. ) ;
#3405 = ADVANCED_FACE ( 'NONE', ( #6416 ), #6168, .F. ) ;
#3406 = CARTESIAN_POINT ( 'NONE',  ( 24.55811388300840648, -11.17024909563580337, 42.49999999999999289 ) ) ;
#3407 = COLOUR_RGB ( '',0.2509803921568627416, 0.2509803921568627416, 0.2509803921568627416 ) ;
#3409 = VECTOR ( 'NONE', #4797, 1000.000000000000000 ) ;
#3408 = CARTESIAN_POINT ( 'NONE',  ( 14.99999999999979394, 4.270088556250648439E-14, 46.39999999999999858 ) ) ;
#3410 =( GEOMETRIC_REPRESENTATION_CONTEXT ( 3 ) GLOBAL_UNCERTAINTY_ASSIGNED_CONTEXT ( ( #5882 ) ) GLOBAL_UNIT_ASSIGNED_CONTEXT ( ( #1126, #5875, #2950 ) ) REPRESENTATION_CONTEXT ( 'NONE', 'WORKASPACE' ) );
#3411 = FACE_OUTER_BOUND ( 'NONE', #7021, .T. ) ;
#3412 = CARTESIAN_POINT ( 'NONE',  ( 31.00000000000000000, -13.70000000000102425, 45.39999999999999858 ) ) ;
#3413 = CIRCLE ( 'NONE', #6522, 2.799999999999999822 ) ;
#3414 =( NAMED_UNIT ( * ) PLANE_ANGLE_UNIT ( ) SI_UNIT ( $, .RADIAN. ) );
#3415 = SURFACE_STYLE_USAGE ( .BOTH. , #3220 ) ;
#3416 = CARTESIAN_POINT ( 'NONE',  ( -21.16000000000000014, 1.102827020480174781E-14, 39.00000000000000000 ) ) ;
#3417 = EDGE_LOOP ( 'NONE', ( #5108, #3890, #8076, #9170 ) ) ;
#3418 = EDGE_CURVE ( 'NONE', #5475, #2170, #610, .T. ) ;
#3419 = DIRECTION ( 'NONE',  ( 0.000000000000000000, 0.000000000000000000, -1.000000000000000000 ) ) ;
#3420 = UNCERTAINTY_MEASURE_WITH_UNIT (LENGTH_MEASURE( 1.000000000000000082E-05 ), #7262, 'distance_accuracy_value', 'NONE');
#3421 = EDGE_LOOP ( 'NONE', ( #9685, #6268 ) ) ;
#3422 = ADVANCED_FACE ( 'NONE', ( #9092, #448 ), #9046, .T. ) ;
#3423 = DIRECTION ( 'NONE',  ( 0.9320546490018003505, -0.3106848830006002093, 0.1864109298003585324 ) ) ;
#3424 =( NAMED_UNIT ( * ) SI_UNIT ( $, .STERADIAN. ) SOLID_ANGLE_UNIT ( ) );
#3425 = CARTESIAN_POINT ( 'NONE',  ( 21.16000000000000014, -13.31369220013742272, -53.84951795962939514 ) ) ;
#3426 = CARTESIAN_POINT ( 'NONE',  ( 4.270088556250320273E-14, 15.99999999999893241, 45.39999999999999858 ) ) ;
#3427 = DIRECTION ( 'NONE',  ( 0.000000000000000000, 0.000000000000000000, -1.000000000000000000 ) ) ;
#3428 = VERTEX_POINT ( 'NONE', #9845 ) ;
#3429 = EDGE_LOOP ( 'NONE', ( #1061, #1920, #8700, #2545 ) ) ;
#3430 =( LENGTH_UNIT ( ) NAMED_UNIT ( * ) SI_UNIT ( .MILLI., .METRE. ) );
#3431 = ORIENTED_EDGE ( 'NONE', *, *, #7629, .T. ) ;
#3432 = MECHANICAL_DESIGN_GEOMETRIC_PRESENTATION_REPRESENTATION (  '', ( #6540 ), #5587 ) ;
#3433 = CARTESIAN_POINT ( 'NONE',  ( 28.64999999999999858, 9.779240779943870976, 38.00000000000000000 ) ) ;
#3434 =( LENGTH_UNIT ( ) NAMED_UNIT ( * ) SI_UNIT ( .MILLI., .METRE. ) );
#3435 = FILL_AREA_STYLE ('',( #5735 ) ) ;
#3436 = CARTESIAN_POINT ( 'NONE',  ( 27.64999999999999858, 9.779240779943870976, 0.000000000000000000 ) ) ;
#3437 = VERTEX_POINT ( 'NONE', #2826 ) ;
#3438 = PRESENTATION_LAYER_ASSIGNMENT (  '', '', ( #7897 ) ) ;
#3439 = ADVANCED_FACE ( 'NONE', ( #5081 ), #1242, .T. ) ;
#3440 = CARTESIAN_POINT ( 'NONE',  ( 24.67060365606448613, 11.75905781286803098, 42.74986479599851208 ) ) ;
#3441 = ORIENTED_EDGE ( 'NONE', *, *, #5897, .F. ) ;
#3442 = CARTESIAN_POINT ( 'NONE',  ( -21.14999999999999503, 17.14999999999998082, 37.00000000000000000 ) ) ;
#3443 = AXIS2_PLACEMENT_3D ( 'NONE', #5671, #1596, #976 ) ;
#3444 = CARTESIAN_POINT ( 'NONE',  ( 24.67060365606447903, 11.75905781286803808, 38.25013520400148082 ) ) ;
#3445 = CYLINDRICAL_SURFACE ( 'NONE', #6181, 0.5000000000000004441 ) ;
#3446 =( LENGTH_UNIT ( ) NAMED_UNIT ( * ) SI_UNIT ( .MILLI., .METRE. ) );
#3447 =( LENGTH_UNIT ( ) NAMED_UNIT ( * ) SI_UNIT ( .MILLI., .METRE. ) );
#3448 = FACE_OUTER_BOUND ( 'NONE', #9646, .T. ) ;
#3449 = CARTESIAN_POINT ( 'NONE',  ( 24.58711449353181067, -11.43032072754403927, 38.52502142803889740 ) ) ;
#3450 = EDGE_LOOP ( 'NONE', ( #8562, #4834, #8022, #716 ) ) ;
#3451 = STYLED_ITEM ( 'NONE', ( #7639 ), #3685 ) ;
#3452 = UNCERTAINTY_MEASURE_WITH_UNIT (LENGTH_MEASURE( 1.000000000000000082E-05 ), #4527, 'distance_accuracy_value', 'NONE');
#3453 = CARTESIAN_POINT ( 'NONE',  ( 0.000000000000000000, -13.70000000000102425, 45.39999999999999858 ) ) ;
#3454 = STYLED_ITEM ( 'NONE', ( #9964 ), #2974 ) ;
#3455 =( NAMED_UNIT ( * ) SI_UNIT ( $, .STERADIAN. ) SOLID_ANGLE_UNIT ( ) );
#3456 = DIRECTION ( 'NONE',  ( -1.000000000000000000, 0.000000000000000000, 0.000000000000000000 ) ) ;
#3457 = PRESENTATION_LAYER_ASSIGNMENT (  '', '', ( #6239 ) ) ;
#3458 = SURFACE_STYLE_USAGE ( .BOTH. , #3566 ) ;
#3459 = VERTEX_POINT ( 'NONE', #7027 ) ;
#3460 = EDGE_CURVE ( 'NONE', #2747, #1520, #659, .T. ) ;
#3461 = FACE_OUTER_BOUND ( 'NONE', #3490, .T. ) ;
#3462 = DIRECTION ( 'NONE',  ( 0.000000000000000000, -1.000000000000000000, 0.000000000000000000 ) ) ;
#3463 = VECTOR ( 'NONE', #9366, 1000.000000000000000 ) ;
#3464 = ORIENTED_EDGE ( 'NONE', *, *, #8329, .F. ) ;
#3465 = VECTOR ( 'NONE', #2327, 1000.000000000000000 ) ;
#3466 = EDGE_CURVE ( 'NONE', #9036, #4103, #1487, .T. ) ;
#3467 = DIRECTION ( 'NONE',  ( -2.668805347656620959E-15, -1.000000000000000000, 0.000000000000000000 ) ) ;
#3468 = MECHANICAL_DESIGN_GEOMETRIC_PRESENTATION_REPRESENTATION (  '', ( #9708 ), #9061 ) ;
#3469 = PLANE ( 'NONE',  #8824 ) ;
#3470 = SURFACE_SIDE_STYLE ('',( #9827 ) ) ;
#3471 = SURFACE_STYLE_FILL_AREA ( #386 ) ;
#3472 = DIRECTION ( 'NONE',  ( -1.000000000000000000, -0.000000000000000000, -0.000000000000000000 ) ) ;
#3473 = CARTESIAN_POINT ( 'NONE',  ( 0.000000000000000000, 0.000000000000000000, 1.000000000000000000 ) ) ;
#3474 = DIRECTION ( 'NONE',  ( 0.000000000000000000, 0.000000000000000000, -1.000000000000000000 ) ) ;
#3475 = ORIENTED_EDGE ( 'NONE', *, *, #8588, .T. ) ;
#3476 = FILL_AREA_STYLE ('',( #5547 ) ) ;
#3477 = VECTOR ( 'NONE', #8950, 1000.000000000000000 ) ;
#3478 = VECTOR ( 'NONE', #8932, 1000.000000000000000 ) ;
#3479 = ORIENTED_EDGE ( 'NONE', *, *, #2794, .T. ) ;
#3480 = ORIENTED_EDGE ( 'NONE', *, *, #358, .F. ) ;
#3481 = ADVANCED_FACE ( 'NONE', ( #10076 ), #1448, .T. ) ;
#3482 = CARTESIAN_POINT ( 'NONE',  ( 12.74999999999983480, 15.49999999999897504, 46.40000000000000568 ) ) ;
#3483 = FACE_OUTER_BOUND ( 'NONE', #3135, .T. ) ;
#3484 = CARTESIAN_POINT ( 'NONE',  ( -15.00000000000016165, 17.29999999999897753, 45.39999999999999858 ) ) ;
#3485 = PRESENTATION_STYLE_ASSIGNMENT (( #402 ) ) ;
#3486 = VECTOR ( 'NONE', #8806, 1000.000000000000000 ) ;
#3487 = AXIS2_PLACEMENT_3D ( 'NONE', #3541, #2074, #8451 ) ;
#3488 = DIRECTION ( 'NONE',  ( -0.000000000000000000, -0.000000000000000000, 1.000000000000000000 ) ) ;
#3489 =( NAMED_UNIT ( * ) PLANE_ANGLE_UNIT ( ) SI_UNIT ( $, .RADIAN. ) );
#3490 = EDGE_LOOP ( 'NONE', ( #4255, #1101, #5949, #10201 ) ) ;
#3491 = CARTESIAN_POINT ( 'NONE',  ( 28.64999999999999858, 10.49999999999999645, 44.50000000000000000 ) ) ;
#3492 = STYLED_ITEM ( 'NONE', ( #5148 ), #1053 ) ;
#3493 = CARTESIAN_POINT ( 'NONE',  ( 28.64999999999999858, -6.020106648094795787, 43.00000000000000000 ) ) ;
#3494 = ORIENTED_EDGE ( 'NONE', *, *, #1643, .F. ) ;
#3495 = SURFACE_SIDE_STYLE ('',( #2680 ) ) ;
#3496 =( NAMED_UNIT ( * ) PLANE_ANGLE_UNIT ( ) SI_UNIT ( $, .RADIAN. ) );
#3497 = VECTOR ( 'NONE', #2988, 1000.000000000000000 ) ;
#3498 = LINE ( 'NONE', #6622, #3791 ) ;
#3499 =( NAMED_UNIT ( * ) PLANE_ANGLE_UNIT ( ) SI_UNIT ( $, .RADIAN. ) );
#3500 = DIRECTION ( 'NONE',  ( 1.000000000000000000, 0.000000000000000000, 0.000000000000000000 ) ) ;
#3501 = UNCERTAINTY_MEASURE_WITH_UNIT (LENGTH_MEASURE( 1.000000000000000082E-05 ), #7051, 'distance_accuracy_value', 'NONE');
#3502 = VECTOR ( 'NONE', #6740, 1000.000000000000114 ) ;
#3503 = LINE ( 'NONE', #2787, #629 ) ;
#3504 = VERTEX_POINT ( 'NONE', #4649 ) ;
#3505 = SURFACE_STYLE_USAGE ( .BOTH. , #5554 ) ;
#3506 = LINE ( 'NONE', #3453, #2531 ) ;
#3507 = ORIENTED_EDGE ( 'NONE', *, *, #1824, .T. ) ;
#3508 = DIRECTION ( 'NONE',  ( 0.000000000000000000, 0.000000000000000000, -1.000000000000000000 ) ) ;
#3509 = ADVANCED_FACE ( 'NONE', ( #193 ), #787, .F. ) ;
#3510 = FILL_AREA_STYLE ('',( #8373 ) ) ;
#3512 = DIRECTION ( 'NONE',  ( 0.000000000000000000, 0.000000000000000000, -1.000000000000000000 ) ) ;
#3511 = STYLED_ITEM ( 'NONE', ( #2715 ), #4351 ) ;
#3513 = DIRECTION ( 'NONE',  ( 0.000000000000000000, 0.000000000000000000, 1.000000000000000000 ) ) ;
#3514 = DIRECTION ( 'NONE',  ( 0.000000000000000000, 0.000000000000000000, -1.000000000000000000 ) ) ;
#3515 = FILL_AREA_STYLE ('',( #3664 ) ) ;
#3516 = VERTEX_POINT ( 'NONE', #770 ) ;
#3517 = CARTESIAN_POINT ( 'NONE',  ( -17.30000000000016414, -15.00000000000102318, 45.39999999999999858 ) ) ;
#3518 = CYLINDRICAL_SURFACE ( 'NONE', #4927, 0.5000000000000004441 ) ;
#3519 = ORIENTED_EDGE ( 'NONE', *, *, #6815, .T. ) ;
#3520 = EDGE_CURVE ( 'NONE', #3516, #8267, #2801, .T. ) ;
#3521 = COLOUR_RGB ( '',0.2509803921568627416, 0.2509803921568627416, 0.2509803921568627416 ) ;
#3522 = DIRECTION ( 'NONE',  ( 1.000000000000000000, 0.000000000000000000, 0.000000000000000000 ) ) ;
#3523 = FILL_AREA_STYLE_COLOUR ( '', #4346 ) ;
#3524 = LINE ( 'NONE', #1181, #1304 ) ;
#3525 = DIRECTION ( 'NONE',  ( 1.000000000000000000, 0.000000000000000000, 0.000000000000000000 ) ) ;
#3526 = DIRECTION ( 'NONE',  ( 1.000000000000000000, 0.000000000000000000, 0.000000000000000000 ) ) ;
#3527 = ORIENTED_EDGE ( 'NONE', *, *, #7698, .F. ) ;
#3528 = UNCERTAINTY_MEASURE_WITH_UNIT (LENGTH_MEASURE( 1.000000000000000082E-05 ), #3919, 'distance_accuracy_value', 'NONE');
#3529 = CARTESIAN_POINT ( 'NONE',  ( 0.000000000000000000, 0.000000000000000000, 37.00000000000000000 ) ) ;
#3530 =( GEOMETRIC_REPRESENTATION_CONTEXT ( 3 ) GLOBAL_UNCERTAINTY_ASSIGNED_CONTEXT ( ( #3091 ) ) GLOBAL_UNIT_ASSIGNED_CONTEXT ( ( #7479, #8975, #9063 ) ) REPRESENTATION_CONTEXT ( 'NONE', 'WORKASPACE' ) );
#3531 = ADVANCED_FACE ( 'NONE', ( #10191 ), #5905, .F. ) ;
#3532 = ORIENTED_EDGE ( 'NONE', *, *, #3818, .F. ) ;
#3533 = DIRECTION ( 'NONE',  ( 1.000000000000000000, 0.000000000000000000, 0.000000000000000000 ) ) ;
#3534 = ORIENTED_EDGE ( 'NONE', *, *, #9009, .F. ) ;
#3535 = CIRCLE ( 'NONE', #8327, 0.4999999999999995004 ) ;
#3536 = STYLED_ITEM ( 'NONE', ( #3612 ), #6572 ) ;
#3537 = FACE_OUTER_BOUND ( 'NONE', #7078, .T. ) ;
#3538 = DIRECTION ( 'NONE',  ( 1.000000000000000000, 0.000000000000000000, 0.000000000000000000 ) ) ;
#3539 = LINE ( 'NONE', #2774, #7852 ) ;
#3540 = VECTOR ( 'NONE', #5112, 1000.000000000000114 ) ;
#3541 = CARTESIAN_POINT ( 'NONE',  ( 15.49999999999983480, -15.50000000000102496, 46.40000000000000568 ) ) ;
#3542 = ORIENTED_EDGE ( 'NONE', *, *, #5907, .F. ) ;
#3543 = ADVANCED_FACE ( 'NONE', ( #7437 ), #3518, .F. ) ;
#3544 = FILL_AREA_STYLE_COLOUR ( '', #8402 ) ;
#3545 = SURFACE_SIDE_STYLE ('',( #4264 ) ) ;
#3546 = VERTEX_POINT ( 'NONE', #1076 ) ;
#3547 = CARTESIAN_POINT ( 'NONE',  ( -15.00000000000018296, 2.001604010742490016E-14, 45.39999999999999858 ) ) ;
#3548 = COLOUR_RGB ( '',0.2509803921568627416, 0.2509803921568627416, 0.2509803921568627416 ) ;
#3549 = DIRECTION ( 'NONE',  ( -0.000000000000000000, 1.000000000000000000, 0.000000000000000000 ) ) ;
#3550 = CARTESIAN_POINT ( 'NONE',  ( 25.00811388300840932, 11.35358242896914938, 38.47434164902524856 ) ) ;
#3551 = CARTESIAN_POINT ( 'NONE',  ( 24.42774661719862905, -11.90741779426713087, 42.55407910813556072 ) ) ;
#3552 = CARTESIAN_POINT ( 'NONE',  ( 27.96622776601683569, 10.72792407799438585, 36.50000000000000000 ) ) ;
#3553 = CARTESIAN_POINT ( 'NONE',  ( 24.21622776601683213, -11.97792407799439296, 38.00000000000000000 ) ) ;
#3554 = VERTEX_POINT ( 'NONE', #5922 ) ;
#3555 = DIRECTION ( 'NONE',  ( 1.000000000000000000, 2.668805347656624115E-15, 0.000000000000000000 ) ) ;
#3556 = ORIENTED_EDGE ( 'NONE', *, *, #6452, .F. ) ;
#3557 =( LENGTH_UNIT ( ) NAMED_UNIT ( * ) SI_UNIT ( .MILLI., .METRE. ) );
#3558 = CIRCLE ( 'NONE', #2742, 1.201219330881977854 ) ;
#3559 = EDGE_CURVE ( 'NONE', #8044, #3159, #2475, .T. ) ;
#3560 = FILL_AREA_STYLE ('',( #370 ) ) ;
#3561 = CARTESIAN_POINT ( 'NONE',  ( 0.000000000000000000, 0.000000000000000000, -24.00000000000000000 ) ) ;
#3562 = FILL_AREA_STYLE_COLOUR ( '', #5100 ) ;
#3563 = DIRECTION ( 'NONE',  ( 1.000000000000000000, 0.000000000000000000, 0.000000000000000000 ) ) ;
#3564 = CARTESIAN_POINT ( 'NONE',  ( 0.000000000000000000, 0.000000000000000000, 47.00000000000000000 ) ) ;
#3565 = CARTESIAN_POINT ( 'NONE',  ( 15.99999999999983302, -16.00000000000102673, 45.39999999999999858 ) ) ;
#3566 = SURFACE_SIDE_STYLE ('',( #7382 ) ) ;
#3567 = ORIENTED_EDGE ( 'NONE', *, *, #4804, .T. ) ;
#3568 = STYLED_ITEM ( 'NONE', ( #6175 ), #953 ) ;
#3569 = VECTOR ( 'NONE', #7831, 1000.000000000000000 ) ;
#3570 = AXIS2_PLACEMENT_3D ( 'NONE', #1225, #4334, #2858 ) ;
#3571 = AXIS2_PLACEMENT_3D ( 'NONE', #7470, #8359, #3690 ) ;
#3572 = DIRECTION ( 'NONE',  ( 0.000000000000000000, -1.000000000000000000, 0.000000000000000000 ) ) ;
#3573 = EDGE_CURVE ( 'NONE', #8853, #3159, #6642, .T. ) ;
#3574 = MECHANICAL_DESIGN_GEOMETRIC_PRESENTATION_REPRESENTATION (  '', ( #10116 ), #5052 ) ;
#3575 = DIRECTION ( 'NONE',  ( -2.668805347656620959E-15, -1.000000000000000000, 0.000000000000000000 ) ) ;
#3576 = SURFACE_SIDE_STYLE ('',( #8987 ) ) ;
#3577 =( NAMED_UNIT ( * ) SI_UNIT ( $, .STERADIAN. ) SOLID_ANGLE_UNIT ( ) );
#3578 =( LENGTH_UNIT ( ) NAMED_UNIT ( * ) SI_UNIT ( .MILLI., .METRE. ) );
#3579 = CARTESIAN_POINT ( 'NONE',  ( 11.00000000000000000, 0.000000000000000000, 0.000000000000000000 ) ) ;
#3580 = VERTEX_POINT ( 'NONE', #7386 ) ;
#3581 = EDGE_CURVE ( 'NONE', #6541, #8848, #1801, .T. ) ;
#3582 = ORIENTED_EDGE ( 'NONE', *, *, #9808, .F. ) ;
#3583 = DIRECTION ( 'NONE',  ( 0.000000000000000000, 0.000000000000000000, 1.000000000000000000 ) ) ;
#3584 = EDGE_LOOP ( 'NONE', ( #990, #9638, #6968, #7260, #6814, #6915, #1564, #8368, #7938, #9120, #1587, #2158 ) ) ;
#3585 =( NAMED_UNIT ( * ) SI_UNIT ( $, .STERADIAN. ) SOLID_ANGLE_UNIT ( ) );
#3586 = SURFACE_SIDE_STYLE ('',( #6661 ) ) ;
#3587 = EDGE_CURVE ( 'NONE', #1889, #2266, #5718, .T. ) ;
#3588 = CARTESIAN_POINT ( 'NONE',  ( -17.30000000000016414, 15.99999999999897682, 45.39999999999999858 ) ) ;
#3589 = VERTEX_POINT ( 'NONE', #9025 ) ;
#3590 = PRESENTATION_LAYER_ASSIGNMENT (  '', '', ( #7223 ) ) ;
#3591 = EDGE_LOOP ( 'NONE', ( #9290, #4438, #6166, #4302 ) ) ;
#3592 = SURFACE_STYLE_FILL_AREA ( #6139 ) ;
#3593 = CARTESIAN_POINT ( 'NONE',  ( 24.96132732574490376, 11.47052656448558672, 38.43365834493917532 ) ) ;
#3594 = DIRECTION ( 'NONE',  ( -0.000000000000000000, -0.000000000000000000, 1.000000000000000000 ) ) ;
#3595 =( NAMED_UNIT ( * ) SI_UNIT ( $, .STERADIAN. ) SOLID_ANGLE_UNIT ( ) );
#3596 = DIRECTION ( 'NONE',  ( 0.000000000000000000, 0.000000000000000000, -1.000000000000000000 ) ) ;
#3597 = CIRCLE ( 'NONE', #2625, 1.000000000000000888 ) ;
#3598 = CARTESIAN_POINT ( 'NONE',  ( 24.21622776601683213, -11.97792407799439474, 43.00000000000000000 ) ) ;
#3599 = EDGE_CURVE ( 'NONE', #10204, #2778, #5009, .T. ) ;
#3600 = PRESENTATION_STYLE_ASSIGNMENT (( #6006 ) ) ;
#3601 = UNCERTAINTY_MEASURE_WITH_UNIT (LENGTH_MEASURE( 1.000000000000000082E-05 ), #6237, 'distance_accuracy_value', 'NONE');
#3602 = CARTESIAN_POINT ( 'NONE',  ( 24.55811388300841713, -11.55560879136628571, 38.91577893731946602 ) ) ;
#3603 = CARTESIAN_POINT ( 'NONE',  ( -13.31369220013742805, 21.15999999999999659, 39.00000000000000000 ) ) ;
#3604 = AXIS2_PLACEMENT_3D ( 'NONE', #1615, #3093, #5390 ) ;
#3605 = ORIENTED_EDGE ( 'NONE', *, *, #4774, .F. ) ;
#3606 = SURFACE_SIDE_STYLE ('',( #318 ) ) ;
#3607 = FACE_OUTER_BOUND ( 'NONE', #4790, .T. ) ;
#3608 = CARTESIAN_POINT ( 'NONE',  ( 27.80811388300841713, 10.25358242896912842, 38.00000000000000000 ) ) ;
#3609 = EDGE_CURVE ( 'NONE', #91, #6395, #1950, .T. ) ;
#3610 = CARTESIAN_POINT ( 'NONE',  ( 21.14999999999999858, -13.00000000000000533, 46.00000000000000000 ) ) ;
#3611 = DIRECTION ( 'NONE',  ( 0.9486832980505138790, -0.3162277660168379967, -0.000000000000000000 ) ) ;
#3612 = PRESENTATION_STYLE_ASSIGNMENT (( #9999 ) ) ;
#3614 = AXIS2_PLACEMENT_3D ( 'NONE', #6210, #6370, #2473 ) ;
#3613 = FILL_AREA_STYLE_COLOUR ( '', #4139 ) ;
#3615 = ORIENTED_EDGE ( 'NONE', *, *, #8922, .F. ) ;
#3616 = LINE ( 'NONE', #4578, #1789 ) ;
#3617 = MECHANICAL_DESIGN_GEOMETRIC_PRESENTATION_REPRESENTATION (  '', ( #8078 ), #964 ) ;
#3618 = CARTESIAN_POINT ( 'NONE',  ( 25.64999999999999858, -8.337722339831627139, 42.49999999999999289 ) ) ;
#3619 = CARTESIAN_POINT ( 'NONE',  ( 24.26560420270807938, -11.96146526576398017, 42.89590533154134988 ) ) ;
#3620 = CARTESIAN_POINT ( 'NONE',  ( 17.15000000000002345, 21.14999999999999858, 10.00000000000000000 ) ) ;
#3621 = STYLED_ITEM ( 'NONE', ( #8894 ), #2806 ) ;
#3622 = FACE_OUTER_BOUND ( 'NONE', #7435, .T. ) ;
#3623 = CIRCLE ( 'NONE', #9195, 1.201219330881977854 ) ;
#3624 = CARTESIAN_POINT ( 'NONE',  ( -1.500000000000000222, 2.000000000000000000, -23.50000000000000711 ) ) ;
#3625 = SURFACE_STYLE_FILL_AREA ( #9030 ) ;
#3626 = ORIENTED_EDGE ( 'NONE', *, *, #3043, .T. ) ;
#3627 = DIRECTION ( 'NONE',  ( 0.000000000000000000, 1.000000000000000000, 0.000000000000000000 ) ) ;
#3628 = PRESENTATION_LAYER_ASSIGNMENT (  '', '', ( #5429 ) ) ;
#3629 = PRESENTATION_STYLE_ASSIGNMENT (( #6810 ) ) ;
#3630 = ORIENTED_EDGE ( 'NONE', *, *, #6172, .T. ) ;
#3631 = CYLINDRICAL_SURFACE ( 'NONE', #3337, 3.500000000000000000 ) ;
#3632 = AXIS2_PLACEMENT_3D ( 'NONE', #6437, #1847, #5915 ) ;
#3633 = ORIENTED_EDGE ( 'NONE', *, *, #3788, .T. ) ;
#3634 = VECTOR ( 'NONE', #10052, 1000.000000000000000 ) ;
#3635 = FILL_AREA_STYLE ('',( #3836 ) ) ;
#3636 =( NAMED_UNIT ( * ) PLANE_ANGLE_UNIT ( ) SI_UNIT ( $, .RADIAN. ) );
#3637 = CARTESIAN_POINT ( 'NONE',  ( 28.14999999999999858, -7.020106648094796675, 41.99999999999999289 ) ) ;
#3638 = FILL_AREA_STYLE ('',( #4345 ) ) ;
#3639 = CARTESIAN_POINT ( 'NONE',  ( 24.55811388300841358, 11.72654287490135339, 38.80767073059598715 ) ) ;
#3640 = VERTEX_POINT ( 'NONE', #1908 ) ;
#3641 = VECTOR ( 'NONE', #894, 1000.000000000000000 ) ;
#3642 =( GEOMETRIC_REPRESENTATION_CONTEXT ( 3 ) GLOBAL_UNCERTAINTY_ASSIGNED_CONTEXT ( ( #1787 ) ) GLOBAL_UNIT_ASSIGNED_CONTEXT ( ( #8981, #2180, #7432 ) ) REPRESENTATION_CONTEXT ( 'NONE', 'WORKASPACE' ) );
#3643 = CARTESIAN_POINT ( 'NONE',  ( -4.270088556250335419E-14, 15.99999999999901590, 45.39999999999999858 ) ) ;
#3644 = ORIENTED_EDGE ( 'NONE', *, *, #454, .T. ) ;
#3645 =( LENGTH_UNIT ( ) NAMED_UNIT ( * ) SI_UNIT ( .MILLI., .METRE. ) );
#3646 = FILL_AREA_STYLE_COLOUR ( '', #1192 ) ;
#3647 = VECTOR ( 'NONE', #8092, 1000.000000000000000 ) ;
#3648 = ADVANCED_FACE ( 'NONE', ( #4953 ), #5106, .T. ) ;
#3649 = SURFACE_STYLE_FILL_AREA ( #307 ) ;
#3650 = APPLICATION_PROTOCOL_DEFINITION ( 'draft international standard', 'automotive_design', 1998, #8272 ) ;
#3651 = CARTESIAN_POINT ( 'NONE',  ( 0.000000000000000000, 0.000000000000000000, -2.000000000000000000 ) ) ;
#3652 = DIRECTION ( 'NONE',  ( 1.000000000000000000, 0.000000000000000000, 0.000000000000000000 ) ) ;
#3653 = CARTESIAN_POINT ( 'NONE',  ( 24.55811388300841713, -11.50358242896913730, 38.94868329805051133 ) ) ;
#3654 = STYLED_ITEM ( 'NONE', ( #707 ), #9128 ) ;
#3655 = VECTOR ( 'NONE', #921, 1000.000000000000000 ) ;
#3656 = CARTESIAN_POINT ( 'NONE',  ( 26.28245553203367280, -10.23508893593265157, 38.50000000000000000 ) ) ;
#3657 = ADVANCED_FACE ( 'NONE', ( #8477 ), #3761, .T. ) ;
#3658 = ORIENTED_EDGE ( 'NONE', *, *, #6280, .F. ) ;
#3659 = MECHANICAL_DESIGN_GEOMETRIC_PRESENTATION_REPRESENTATION (  '', ( #319 ), #4799 ) ;
#3660 = LINE ( 'NONE', #518, #2973 ) ;
#3661 = AXIS2_PLACEMENT_3D ( 'NONE', #7332, #4852, #5666 ) ;
#3662 = DIRECTION ( 'NONE',  ( -0.000000000000000000, -0.000000000000000000, -1.000000000000000000 ) ) ;
#3663 = DIRECTION ( 'NONE',  ( -1.000000000000000000, 0.000000000000000000, 0.000000000000000000 ) ) ;
#3664 = FILL_AREA_STYLE_COLOUR ( '', #1675 ) ;
#3665 = ORIENTED_EDGE ( 'NONE', *, *, #9967, .F. ) ;
#3666 = CARTESIAN_POINT ( 'NONE',  ( 0.000000000000000000, 0.000000000000000000, 39.00000000000000000 ) ) ;
#3667 = CARTESIAN_POINT ( 'NONE',  ( 25.64999999999999858, -8.337722339831627139, 42.49999999999999289 ) ) ;
#3668 = EDGE_CURVE ( 'NONE', #2668, #4107, #3711, .T. ) ;
#3669 = MECHANICAL_DESIGN_GEOMETRIC_PRESENTATION_REPRESENTATION (  '', ( #3831 ), #5961 ) ;
#3670 = DIRECTION ( 'NONE',  ( -8.202002250481356316E-17, 1.000000000000000000, 0.000000000000000000 ) ) ;
#3671 =( LENGTH_UNIT ( ) NAMED_UNIT ( * ) SI_UNIT ( .MILLI., .METRE. ) );
#3672 = DIRECTION ( 'NONE',  ( 5.337610695313263217E-15, -1.000000000000000000, 0.000000000000000000 ) ) ;
#3673 = DIRECTION ( 'NONE',  ( 1.000000000000000000, 0.000000000000000000, -0.000000000000000000 ) ) ;
#3674 = DIRECTION ( 'NONE',  ( -0.7071067811865453523, -0.7071067811865496822, 0.000000000000000000 ) ) ;
#3675 = VERTEX_POINT ( 'NONE', #8378 ) ;
#3676 = CYLINDRICAL_SURFACE ( 'NONE', #5489, 0.5000000000000004441 ) ;
#3677 = VERTEX_POINT ( 'NONE', #9162 ) ;
#3678 = MECHANICAL_DESIGN_GEOMETRIC_PRESENTATION_REPRESENTATION (  '', ( #1691 ), #7476 ) ;
#3679 = VERTEX_POINT ( 'NONE', #697 ) ;
#3680 =( LENGTH_UNIT ( ) NAMED_UNIT ( * ) SI_UNIT ( .MILLI., .METRE. ) );
#3681 = SURFACE_STYLE_FILL_AREA ( #2072 ) ;
#3682 = EDGE_LOOP ( 'NONE', ( #7362, #4393 ) ) ;
#3683 = CIRCLE ( 'NONE', #3374, 25.00000000000000000 ) ;
#3684 = CARTESIAN_POINT ( 'NONE',  ( -15.00000000000016165, 13.69999999999897611, 46.39999999999999858 ) ) ;
#3685 = ADVANCED_FACE ( 'NONE', ( #1421 ), #6902, .T. ) ;
#3686 = ORIENTED_EDGE ( 'NONE', *, *, #6157, .F. ) ;
#3687 = DIRECTION ( 'NONE',  ( -1.000000000000000000, 5.211847922874171178E-16, 0.000000000000000000 ) ) ;
#3688 = MECHANICAL_DESIGN_GEOMETRIC_PRESENTATION_REPRESENTATION (  '', ( #2033 ), #7160 ) ;
#3689 = DIRECTION ( 'NONE',  ( 1.000000000000000000, 0.000000000000000000, -0.000000000000000000 ) ) ;
#3690 = DIRECTION ( 'NONE',  ( -1.000000000000000000, 0.000000000000000000, 0.000000000000000000 ) ) ;
#3691 = DIRECTION ( 'NONE',  ( 0.000000000000000000, 1.000000000000000000, 0.000000000000000000 ) ) ;
#3692 = CARTESIAN_POINT ( 'NONE',  ( -15.00000000000018296, 2.001604010742490016E-14, 46.39999999999999858 ) ) ;
#3693 = UNCERTAINTY_MEASURE_WITH_UNIT (LENGTH_MEASURE( 1.000000000000000082E-05 ), #6364, 'distance_accuracy_value', 'NONE');
#3694 = AXIS2_PLACEMENT_3D ( 'NONE', #3379, #4867, #935 ) ;
#3695 = CARTESIAN_POINT ( 'NONE',  ( 31.00000000000000000, 17.29999999999897753, 46.39999999999999858 ) ) ;
#3696 = EDGE_CURVE ( 'NONE', #3516, #2087, #2194, .T. ) ;
#3697 = CARTESIAN_POINT ( 'NONE',  ( -16.00000000000016698, -16.00000000000102673, 46.39999999999999858 ) ) ;
#3698 = CIRCLE ( 'NONE', #5023, 0.5000000000000004441 ) ;
#3699 = ORIENTED_EDGE ( 'NONE', *, *, #2374, .T. ) ;
#3700 = SURFACE_SIDE_STYLE ('',( #2938 ) ) ;
#3701 = COLOUR_RGB ( '',0.2509803921568627416, 0.2509803921568627416, 0.2509803921568627416 ) ;
#3702 = CARTESIAN_POINT ( 'NONE',  ( 0.000000000000000000, 0.000000000000000000, 7.999999999999992895 ) ) ;
#3703 = DIRECTION ( 'NONE',  ( 1.000000000000000000, -1.334402673828317777E-15, 0.000000000000000000 ) ) ;
#3704 = SURFACE_STYLE_FILL_AREA ( #1357 ) ;
#3705 = STYLED_ITEM ( 'NONE', ( #5096 ), #35 ) ;
#3706 = EDGE_CURVE ( 'NONE', #3228, #6049, #4757, .T. ) ;
#3707 = FILL_AREA_STYLE_COLOUR ( '', #3187 ) ;
#3708 = ORIENTED_EDGE ( 'NONE', *, *, #8957, .T. ) ;
#3709 = LINE ( 'NONE', #1420, #7409 ) ;
#3710 = PRESENTATION_LAYER_ASSIGNMENT (  '', '', ( #4062 ) ) ;
#3711 = LINE ( 'NONE', #10059, #1785 ) ;
#3712 = VECTOR ( 'NONE', #4394, 1000.000000000000000 ) ;
#3713 = SURFACE_STYLE_FILL_AREA ( #7641 ) ;
#3714 = CARTESIAN_POINT ( 'NONE',  ( 24.47405398482419159, -11.80829099545417371, 42.70176188168422726 ) ) ;
#3715 = CARTESIAN_POINT ( 'NONE',  ( 14.99999999999991296, -31.00000000000008527, 45.39999999999999858 ) ) ;
#3716 = CARTESIAN_POINT ( 'NONE',  ( 17.14999999999998437, -21.15000000000000213, 37.00000000000000000 ) ) ;
#3717 = VECTOR ( 'NONE', #619, 1000.000000000000000 ) ;
#3718 = LINE ( 'NONE', #4431, #2126 ) ;
#3719 = STYLED_ITEM ( 'NONE', ( #4587 ), #2460 ) ;
#3720 =( GEOMETRIC_REPRESENTATION_CONTEXT ( 3 ) GLOBAL_UNCERTAINTY_ASSIGNED_CONTEXT ( ( #1405 ) ) GLOBAL_UNIT_ASSIGNED_CONTEXT ( ( #2346, #10087, #9940 ) ) REPRESENTATION_CONTEXT ( 'NONE', 'WORKASPACE' ) );
#3721 = DIRECTION ( 'NONE',  ( 2.668805347656624115E-15, -1.000000000000000000, 0.000000000000000000 ) ) ;
#3722 = MECHANICAL_DESIGN_GEOMETRIC_PRESENTATION_REPRESENTATION (  '', ( #9777 ), #7199 ) ;
#3723 = ADVANCED_FACE ( 'NONE', ( #10119 ), #1585, .F. ) ;
#3724 = FILL_AREA_STYLE ('',( #2155 ) ) ;
#3725 =( NAMED_UNIT ( * ) PLANE_ANGLE_UNIT ( ) SI_UNIT ( $, .RADIAN. ) );
#3726 = ORIENTED_EDGE ( 'NONE', *, *, #3907, .F. ) ;
#3727 = CARTESIAN_POINT ( 'NONE',  ( 27.64999999999999858, 6.520106648094790458, 42.49999999999999289 ) ) ;
#3728 = CARTESIAN_POINT ( 'NONE',  ( 28.14999999999999858, 6.020106648094790458, 42.49999999999999289 ) ) ;
#3729 =( GEOMETRIC_REPRESENTATION_CONTEXT ( 3 ) GLOBAL_UNCERTAINTY_ASSIGNED_CONTEXT ( ( #6158 ) ) GLOBAL_UNIT_ASSIGNED_CONTEXT ( ( #5581, #8952, #8763 ) ) REPRESENTATION_CONTEXT ( 'NONE', 'WORKASPACE' ) );
#3730 = ORIENTED_EDGE ( 'NONE', *, *, #1955, .F. ) ;
#3731 = CIRCLE ( 'NONE', #8206, 25.00000000000000000 ) ;
#3732 = UNCERTAINTY_MEASURE_WITH_UNIT (LENGTH_MEASURE( 1.000000000000000082E-05 ), #6350, 'distance_accuracy_value', 'NONE');
#3733 = AXIS2_PLACEMENT_3D ( 'NONE', #6990, #5914, #5197 ) ;
#3734 = COLOUR_RGB ( '',0.2509803921568627416, 0.2509803921568627416, 0.2509803921568627416 ) ;
#3735 = ORIENTED_EDGE ( 'NONE', *, *, #4004, .T. ) ;
#3736 = CARTESIAN_POINT ( 'NONE',  ( -21.14999999999997726, 21.14999999999999858, 8.000000000000000000 ) ) ;
#3737 = CARTESIAN_POINT ( 'NONE',  ( 28.14999999999999858, 6.520106648094790458, 41.99999999999999289 ) ) ;
#3738 = DIRECTION ( 'NONE',  ( 0.000000000000000000, 1.000000000000000000, -0.000000000000000000 ) ) ;
#3739 = FACE_OUTER_BOUND ( 'NONE', #348, .T. ) ;
#3740 = EDGE_LOOP ( 'NONE', ( #1390, #5433 ) ) ;
#3741 = ADVANCED_FACE ( 'NONE', ( #757 ), #73, .T. ) ;
#3742 = CARTESIAN_POINT ( 'NONE',  ( -16.00000000000015987, 17.29999999999897753, 45.39999999999999858 ) ) ;
#3743 = VERTEX_POINT ( 'NONE', #3313 ) ;
#3744 = PRESENTATION_STYLE_ASSIGNMENT (( #679 ) ) ;
#3745 = SURFACE_STYLE_FILL_AREA ( #568 ) ;
#3746 = DIRECTION ( 'NONE',  ( 0.9486832980505138790, 0.3162277660168376636, -0.000000000000000000 ) ) ;
#3747 = DIRECTION ( 'NONE',  ( -2.668805347656620959E-15, -1.000000000000000000, 0.000000000000000000 ) ) ;
#3748 =( BOUNDED_CURVE ( )  B_SPLINE_CURVE ( 3, ( #9589, #8796, #1797, #1849 ),
 .UNSPECIFIED., .F., .F. ) 
 B_SPLINE_CURVE_WITH_KNOTS ( ( 4, 4 ),
 ( 1.570796326794897668, 2.819842099193149654 ),
 .UNSPECIFIED. ) 
 CURVE ( )  GEOMETRIC_REPRESENTATION_ITEM ( )  RATIONAL_B_SPLINE_CURVE ( ( 1.000000000000000000, 0.8741614567837077132, 0.8741614567837077132, 1.000000000000000000 ) ) 
 REPRESENTATION_ITEM ( '' )  );
#3749 = SURFACE_SIDE_STYLE ('',( #6098 ) ) ;
#3750 = CARTESIAN_POINT ( 'NONE',  ( 27.80811388300841713, -10.25358242896914085, 42.49999999999999289 ) ) ;
#3751 = ORIENTED_EDGE ( 'NONE', *, *, #1534, .T. ) ;
#3752 = DIRECTION ( 'NONE',  ( 0.000000000000000000, -1.000000000000000000, 0.000000000000000000 ) ) ;
#3753 =( NAMED_UNIT ( * ) SI_UNIT ( $, .STERADIAN. ) SOLID_ANGLE_UNIT ( ) );
#3754 = CARTESIAN_POINT ( 'NONE',  ( 21.16000000000000014, 12.99666666666666259, 39.00000000000000000 ) ) ;
#3755 = FACE_OUTER_BOUND ( 'NONE', #5732, .T. ) ;
#3756 = PRESENTATION_STYLE_ASSIGNMENT (( #4525 ) ) ;
#3757 = PLANE ( 'NONE',  #1066 ) ;
#3758 = EDGE_LOOP ( 'NONE', ( #3431, #7152, #7345, #6708, #6219, #9892, #4822, #9411, #8563, #7358, #6632, #8239 ) ) ;
#3759 = AXIS2_PLACEMENT_3D ( 'NONE', #5960, #8313, #8415 ) ;
#3760 = SURFACE_STYLE_USAGE ( .BOTH. , #8476 ) ;
#3761 = PLANE ( 'NONE',  #6223 ) ;
#3762 =( GEOMETRIC_REPRESENTATION_CONTEXT ( 3 ) GLOBAL_UNCERTAINTY_ASSIGNED_CONTEXT ( ( #3601 ) ) GLOBAL_UNIT_ASSIGNED_CONTEXT ( ( #6237, #5945, #5891 ) ) REPRESENTATION_CONTEXT ( 'NONE', 'WORKASPACE' ) );
#3763 = CARTESIAN_POINT ( 'NONE',  ( 24.21622776601683569, -11.97792407799439474, 43.00000000000000000 ) ) ;
#3764 = SURFACE_STYLE_USAGE ( .BOTH. , #9745 ) ;
#3765 = LINE ( 'NONE', #651, #7828 ) ;
#3766 = EDGE_CURVE ( 'NONE', #5475, #9415, #6433, .T. ) ;
#3767 = CARTESIAN_POINT ( 'NONE',  ( 31.00000000000002132, -16.00000000000104805, 45.39999999999999858 ) ) ;
#3768 = FACE_BOUND ( 'NONE', #7241, .T. ) ;
#3769 = DIRECTION ( 'NONE',  ( 0.3162277660168358873, -0.9486832980505145452, 0.000000000000000000 ) ) ;
#3770 = ORIENTED_EDGE ( 'NONE', *, *, #9927, .T. ) ;
#3771 = SURFACE_STYLE_USAGE ( .BOTH. , #4546 ) ;
#3772 = DIRECTION ( 'NONE',  ( -1.000000000000000000, 0.000000000000000000, 0.000000000000000000 ) ) ;
#3773 = VECTOR ( 'NONE', #4241, 1000.000000000000000 ) ;
#3774 = EDGE_LOOP ( 'NONE', ( #2314, #1557, #654, #1604 ) ) ;
#3775 = FILL_AREA_STYLE ('',( #10023 ) ) ;
#3776 = EDGE_CURVE ( 'NONE', #1418, #873, #9426, .T. ) ;
#3777 = AXIS2_PLACEMENT_3D ( 'NONE', #3728, #9173, #8338 ) ;
#3778 = ORIENTED_EDGE ( 'NONE', *, *, #9110, .F. ) ;
#3779 = CARTESIAN_POINT ( 'NONE',  ( -15.50000000000000000, 0.000000000000000000, 0.000000000000000000 ) ) ;
#3780 = DIRECTION ( 'NONE',  ( -1.000000000000000000, 0.000000000000000000, 0.000000000000000000 ) ) ;
#3781 = DIRECTION ( 'NONE',  ( 0.000000000000000000, 0.000000000000000000, -1.000000000000000000 ) ) ;
#3782 = DIRECTION ( 'NONE',  ( -8.202002250481356316E-17, 1.000000000000000000, 0.000000000000000000 ) ) ;
#3783 = VERTEX_POINT ( 'NONE', #9376 ) ;
#3784 = AXIS2_PLACEMENT_3D ( 'NONE', #6735, #5194, #4467 ) ;
#3785 = AXIS2_PLACEMENT_3D ( 'NONE', #8623, #2529, #4765 ) ;
#3786 = ORIENTED_EDGE ( 'NONE', *, *, #5345, .F. ) ;
#3787 = SURFACE_SIDE_STYLE ('',( #9047 ) ) ;
#3788 = EDGE_CURVE ( 'NONE', #5766, #3209, #4521, .T. ) ;
#3789 = VERTEX_POINT ( 'NONE', #8733 ) ;
#3790 = FILL_AREA_STYLE_COLOUR ( '', #886 ) ;
#3791 = VECTOR ( 'NONE', #2583, 1000.000000000000000 ) ;
#3792 = FILL_AREA_STYLE ('',( #2178 ) ) ;
#3793 = DIRECTION ( 'NONE',  ( 1.000000000000000000, 0.000000000000000000, 0.000000000000000000 ) ) ;
#3794 = MECHANICAL_DESIGN_GEOMETRIC_PRESENTATION_REPRESENTATION (  '', ( #8756 ), #9713 ) ;
#3795 = EDGE_CURVE ( 'NONE', #4097, #3589, #9531, .T. ) ;
#3796 = CARTESIAN_POINT ( 'NONE',  ( 24.55811388300841003, 11.36721879260549706, 42.48253638288153411 ) ) ;
#3797 = UNCERTAINTY_MEASURE_WITH_UNIT (LENGTH_MEASURE( 1.000000000000000082E-05 ), #3953, 'distance_accuracy_value', 'NONE');
#3798 =( NAMED_UNIT ( * ) PLANE_ANGLE_UNIT ( ) SI_UNIT ( $, .RADIAN. ) );
#3799 = MECHANICAL_DESIGN_GEOMETRIC_PRESENTATION_REPRESENTATION (  '', ( #9863 ), #3642 ) ;
#3800 = ORIENTED_EDGE ( 'NONE', *, *, #5996, .T. ) ;
#3801 = CARTESIAN_POINT ( 'NONE',  ( 24.55811388300841713, -11.50358242896913730, 38.50000000000000000 ) ) ;
#3802 = CARTESIAN_POINT ( 'NONE',  ( 15.99999999999984013, -17.30000000000102389, 45.39999999999999858 ) ) ;
#3803 =( BOUNDED_SURFACE ( )  B_SPLINE_SURFACE ( 3, 2, ( 
 ( #2122, #2175, #5282 ),
 ( #6935, #10041, #5443 ),
 ( #9353, #7045, #10146 ),
 ( #9295, #10098, #2230 ),
 ( #6878, #7774, #9986 ),
 ( #2979, #5385, #5230 ),
 ( #507, #3848, #3086 ),
 ( #3138, #6203, #8620 ),
 ( #1510, #8407, #4665 ),
 ( #940, #48, #7887 ) ),
 .UNSPECIFIED., .F., .F., .F. ) 
 B_SPLINE_SURFACE_WITH_KNOTS ( ( 4, 2, 2, 2, 4 ),
 ( 3, 3 ),
 ( 6.283185307179586232, 6.675884388878310816, 7.068583470577034511, 7.461282552275758206, 7.853981633974482790 ),
 ( 0.000000000000000000, 1.000000000000000000 ),
 .UNSPECIFIED. ) 
 GEOMETRIC_REPRESENTATION_ITEM ( )  RATIONAL_B_SPLINE_SURFACE ( (
 ( 1.000000000000000000, 0.7071067811865475727, 1.000000000000000000),
 ( 1.000000000000000000, 0.7066757558486965740, 1.000000000000000000),
 ( 1.000000000000000000, 0.7265517405482713187, 1.000000000000000000),
 ( 1.000000000000000000, 0.7876784991489327314, 1.000000000000000000),
 ( 1.000000000000000000, 0.8282379324244368846, 1.000000000000000000),
 ( 1.000000000000000000, 0.9038128751444394204, 1.000000000000000000),
 ( 1.000000000000000000, 0.9386556568292365732, 1.000000000000000000),
 ( 1.000000000000000000, 0.9867291829330775421, 1.000000000000000000),
 ( 1.000000000000000000, 1.000158585517637366, 1.000000000000000000),
 ( 1.000000000000000000, 1.000000000000000000, 1.000000000000000000) ) ) 
 REPRESENTATION_ITEM ( '' )  SURFACE ( )  );
#3804 = DIRECTION ( 'NONE',  ( 0.7071067811865462405, -0.7071067811865489050, -0.000000000000000000 ) ) ;
#3805 = DIRECTION ( 'NONE',  ( -1.000000000000000000, -8.202002250481357549E-17, -0.000000000000000000 ) ) ;
#3806 = CARTESIAN_POINT ( 'NONE',  ( 21.14999999999999858, 17.14999999999999503, 0.000000000000000000 ) ) ;
#3807 = EDGE_CURVE ( 'NONE', #4883, #9734, #1891, .T. ) ;
#3808 = PRESENTATION_STYLE_ASSIGNMENT (( #3152 ) ) ;
#3809 =( LENGTH_UNIT ( ) NAMED_UNIT ( * ) SI_UNIT ( .MILLI., .METRE. ) );
#3810 = UNCERTAINTY_MEASURE_WITH_UNIT (LENGTH_MEASURE( 1.000000000000000082E-05 ), #1512, 'distance_accuracy_value', 'NONE');
#3811 = STYLED_ITEM ( 'NONE', ( #5315 ), #6221 ) ;
#3812 = CYLINDRICAL_SURFACE ( 'NONE', #6732, 1.249999999999999334 ) ;
#3813 = ORIENTED_EDGE ( 'NONE', *, *, #1739, .T. ) ;
#3814 = FACE_OUTER_BOUND ( 'NONE', #10104, .T. ) ;
#3815 = AXIS2_PLACEMENT_3D ( 'NONE', #5123, #6868, #3583 ) ;
#3816 = DIRECTION ( 'NONE',  ( -1.334402673828310480E-15, -1.000000000000000000, 0.000000000000000000 ) ) ;
#3817 = CIRCLE ( 'NONE', #840, 1.201219330881977854 ) ;
#3818 = EDGE_CURVE ( 'NONE', #4795, #5419, #1841, .T. ) ;
#3819 = VECTOR ( 'NONE', #1329, 1000.000000000000000 ) ;
#3820 = CARTESIAN_POINT ( 'NONE',  ( -21.14999999999999503, -17.15000000000000213, 8.000000000000000000 ) ) ;
#3821 = AXIS2_PLACEMENT_3D ( 'NONE', #4773, #4026, #10156 ) ;
#3822 = DIRECTION ( 'NONE',  ( -0.000000000000000000, -0.000000000000000000, -1.000000000000000000 ) ) ;
#3823 = EDGE_LOOP ( 'NONE', ( #5381, #2689 ) ) ;
#3824 =( NAMED_UNIT ( * ) SI_UNIT ( $, .STERADIAN. ) SOLID_ANGLE_UNIT ( ) );
#3825 = FILL_AREA_STYLE ('',( #655 ) ) ;
#3826 = CARTESIAN_POINT ( 'NONE',  ( 28.65000000000000213, -9.779240779943883410, 44.50000000000000000 ) ) ;
#3827 = VERTEX_POINT ( 'NONE', #2635 ) ;
#3828 = PLANE ( 'NONE',  #5020 ) ;
#3829 = PRESENTATION_LAYER_ASSIGNMENT (  '', '', ( #2003 ) ) ;
#3830 = DIRECTION ( 'NONE',  ( 1.000000000000000000, 0.000000000000000000, 0.000000000000000000 ) ) ;
#3831 = STYLED_ITEM ( 'NONE', ( #6876 ), #4208 ) ;
#3833 = EDGE_CURVE ( 'NONE', #7496, #1909, #1987, .T. ) ;
#3832 = VERTEX_POINT ( 'NONE', #5757 ) ;
#3834 =( LENGTH_UNIT ( ) NAMED_UNIT ( * ) SI_UNIT ( .MILLI., .METRE. ) );
#3835 = ORIENTED_EDGE ( 'NONE', *, *, #6462, .T. ) ;
#3836 = FILL_AREA_STYLE_COLOUR ( '', #4058 ) ;
#3837 = CARTESIAN_POINT ( 'NONE',  ( 17.14999999999998437, -21.15000000000000213, 47.00000000000000000 ) ) ;
#3838 = CARTESIAN_POINT ( 'NONE',  ( 28.14999999999999858, 0.000000000000000000, 43.00000000000000000 ) ) ;
#3839 =( NAMED_UNIT ( * ) PLANE_ANGLE_UNIT ( ) SI_UNIT ( $, .RADIAN. ) );
#3840 = SURFACE_SIDE_STYLE ('',( #414 ) ) ;
#3841 =( LENGTH_UNIT ( ) NAMED_UNIT ( * ) SI_UNIT ( .MILLI., .METRE. ) );
#3842 = ORIENTED_EDGE ( 'NONE', *, *, #9070, .F. ) ;
#3843 = EDGE_CURVE ( 'NONE', #8882, #8886, #4276, .T. ) ;
#3844 = ORIENTED_EDGE ( 'NONE', *, *, #4721, .T. ) ;
#3845 = CARTESIAN_POINT ( 'NONE',  ( 24.55811388300841713, -11.28333052398417991, 38.99999999997685052 ) ) ;
#3846 = ORIENTED_EDGE ( 'NONE', *, *, #9508, .T. ) ;
#3847 = CARTESIAN_POINT ( 'NONE',  ( 28.14725966418546932, 6.520114047967688897, 42.49999263162096952 ) ) ;
#3848 = CARTESIAN_POINT ( 'NONE',  ( 28.52625658817126819, 6.384847858779609808, 38.36474121068474119 ) ) ;
#3849 = MECHANICAL_DESIGN_GEOMETRIC_PRESENTATION_REPRESENTATION (  '', ( #6972 ), #2370 ) ;
#3850 = SURFACE_STYLE_USAGE ( .BOTH. , #8514 ) ;
#3851 = CARTESIAN_POINT ( 'NONE',  ( 24.55811388300841713, 11.36721879260551304, 38.51746361711845879 ) ) ;
#3852 = PLANE ( 'NONE',  #567 ) ;
#3853 = CARTESIAN_POINT ( 'NONE',  ( -2.500000000000000000, 3.061616997868383141E-16, 1.000000000000000000 ) ) ;
#3854 =( LENGTH_UNIT ( ) NAMED_UNIT ( * ) SI_UNIT ( .MILLI., .METRE. ) );
#3855 = EDGE_CURVE ( 'NONE', #4088, #5810, #4184, .T. ) ;
#3856 =( NAMED_UNIT ( * ) PLANE_ANGLE_UNIT ( ) SI_UNIT ( $, .RADIAN. ) );
#3857 = CARTESIAN_POINT ( 'NONE',  ( 28.14999999999999858, -9.779240779943883410, 42.49999999999999289 ) ) ;
#3858 = COLOUR_RGB ( '',0.2509803921568627416, 0.2509803921568627416, 0.2509803921568627416 ) ;
#3859 = ORIENTED_EDGE ( 'NONE', *, *, #6469, .T. ) ;
#3860 = EDGE_CURVE ( 'NONE', #1926, #3677, #2790, .T. ) ;
#3861 = DIRECTION ( 'NONE',  ( 0.000000000000000000, 0.000000000000000000, 1.000000000000000000 ) ) ;
#3862 = CARTESIAN_POINT ( 'NONE',  ( 27.96622776601683569, -10.72792407799439474, 38.00000000000000000 ) ) ;
#3863 = CARTESIAN_POINT ( 'NONE',  ( -13.70000000000016094, -31.00000000000000000, 46.39999999999999858 ) ) ;
#3864 = DIRECTION ( 'NONE',  ( 0.000000000000000000, 0.000000000000000000, 1.000000000000000000 ) ) ;
#3865 = AXIS2_PLACEMENT_3D ( 'NONE', #1343, #6827, #453 ) ;
#3866 = MECHANICAL_DESIGN_GEOMETRIC_PRESENTATION_REPRESENTATION (  '', ( #4038 ), #5170 ) ;
#3867 = ORIENTED_EDGE ( 'NONE', *, *, #8904, .F. ) ;
#3868 = FACE_OUTER_BOUND ( 'NONE', #6212, .T. ) ;
#3869 = UNCERTAINTY_MEASURE_WITH_UNIT (LENGTH_MEASURE( 1.000000000000000082E-05 ), #4828, 'distance_accuracy_value', 'NONE');
#3870 =( GEOMETRIC_REPRESENTATION_CONTEXT ( 3 ) GLOBAL_UNCERTAINTY_ASSIGNED_CONTEXT ( ( #8474 ) ) GLOBAL_UNIT_ASSIGNED_CONTEXT ( ( #3356, #6379, #2435 ) ) REPRESENTATION_CONTEXT ( 'NONE', 'WORKASPACE' ) );
#3871 = CARTESIAN_POINT ( 'NONE',  ( 27.80811388300841358, -10.25358242896913907, 38.00000000000000000 ) ) ;
#3872 = EDGE_CURVE ( 'NONE', #2037, #4691, #6605, .T. ) ;
#3873 = STYLED_ITEM ( 'NONE', ( #10127 ), #7120 ) ;
#3874 = AXIS2_PLACEMENT_3D ( 'NONE', #4161, #8866, #7402 ) ;
#3875 =( NAMED_UNIT ( * ) PLANE_ANGLE_UNIT ( ) SI_UNIT ( $, .RADIAN. ) );
#3876 = PLANE ( 'NONE',  #4381 ) ;
#3877 =( NAMED_UNIT ( * ) PLANE_ANGLE_UNIT ( ) SI_UNIT ( $, .RADIAN. ) );
#3878 = SURFACE_SIDE_STYLE ('',( #7910 ) ) ;
#3879 = EDGE_LOOP ( 'NONE', ( #8934, #9079, #7347, #5172 ) ) ;
#3880 = SURFACE_STYLE_USAGE ( .BOTH. , #1270 ) ;
#3881 = FILL_AREA_STYLE ('',( #8437 ) ) ;
#3882 = ORIENTED_EDGE ( 'NONE', *, *, #526, .T. ) ;
#3883 = MECHANICAL_DESIGN_GEOMETRIC_PRESENTATION_REPRESENTATION (  '', ( #4062 ), #9781 ) ;
#3884 = PRESENTATION_LAYER_ASSIGNMENT (  '', '', ( #8682 ) ) ;
#3885 = CARTESIAN_POINT ( 'NONE',  ( 21.14999999999999858, 13.32957238623956009, 39.00000000000000000 ) ) ;
#3886 = EDGE_CURVE ( 'NONE', #2589, #3941, #3506, .T. ) ;
#3887 = DIRECTION ( 'NONE',  ( 0.9486832980505139901, 0.3162277660168376636, -0.000000000000000000 ) ) ;
#3888 = SURFACE_SIDE_STYLE ('',( #7560 ) ) ;
#3889 = ORIENTED_EDGE ( 'NONE', *, *, #4232, .F. ) ;
#3890 = ORIENTED_EDGE ( 'NONE', *, *, #2196, .F. ) ;
#3891 = CIRCLE ( 'NONE', #7346, 3.500000000000000000 ) ;
#3892 = COLOUR_RGB ( '',0.2509803921568627416, 0.2509803921568627416, 0.2509803921568627416 ) ;
#3893 =( NAMED_UNIT ( * ) SI_UNIT ( $, .STERADIAN. ) SOLID_ANGLE_UNIT ( ) );
#3894 = FILL_AREA_STYLE ('',( #5272 ) ) ;
#3895 = LINE ( 'NONE', #6129, #648 ) ;
#3896 = SURFACE_SIDE_STYLE ('',( #721 ) ) ;
#3897 = DIRECTION ( 'NONE',  ( -1.000000000000000000, -0.000000000000000000, -0.000000000000000000 ) ) ;
#3898 = DIRECTION ( 'NONE',  ( 0.000000000000000000, 0.000000000000000000, -1.000000000000000000 ) ) ;
#3900 = VERTEX_POINT ( 'NONE', #6630 ) ;
#3899 = EDGE_CURVE ( 'NONE', #3905, #8511, #6576, .T. ) ;
#3901 = MECHANICAL_DESIGN_GEOMETRIC_PRESENTATION_REPRESENTATION (  '', ( #9793 ), #9308 ) ;
#3902 = PRESENTATION_LAYER_ASSIGNMENT (  '', '', ( #2751 ) ) ;
#3903 = ORIENTED_EDGE ( 'NONE', *, *, #8178, .T. ) ;
#3904 = SURFACE_SIDE_STYLE ('',( #839 ) ) ;
#3905 = VERTEX_POINT ( 'NONE', #5710 ) ;
#3906 = CARTESIAN_POINT ( 'NONE',  ( 28.52625658817158083, 6.384847858779374441, 42.63525878931463353 ) ) ;
#3907 = EDGE_CURVE ( 'NONE', #8211, #8511, #2737, .T. ) ;
#3908 =( NAMED_UNIT ( * ) SI_UNIT ( $, .STERADIAN. ) SOLID_ANGLE_UNIT ( ) );
#3909 = STYLED_ITEM ( 'NONE', ( #2970 ), #8016 ) ;
#3910 =( NAMED_UNIT ( * ) SI_UNIT ( $, .STERADIAN. ) SOLID_ANGLE_UNIT ( ) );
#3911 = DIRECTION ( 'NONE',  ( -1.064530274482815014E-15, -1.000000000000000000, -0.000000000000000000 ) ) ;
#3912 = CARTESIAN_POINT ( 'NONE',  ( 13.69999999999983764, -15.00000000000102318, 46.39999999999999858 ) ) ;
#3913 = DIRECTION ( 'NONE',  ( -0.000000000000000000, -0.000000000000000000, 1.000000000000000000 ) ) ;
#3914 = EDGE_CURVE ( 'NONE', #6490, #8035, #367, .T. ) ;
#3915 = UNCERTAINTY_MEASURE_WITH_UNIT (LENGTH_MEASURE( 1.000000000000000082E-05 ), #8787, 'distance_accuracy_value', 'NONE');
#3916 =( NAMED_UNIT ( * ) SI_UNIT ( $, .STERADIAN. ) SOLID_ANGLE_UNIT ( ) );
#3917 =( NAMED_UNIT ( * ) PLANE_ANGLE_UNIT ( ) SI_UNIT ( $, .RADIAN. ) );
#3918 = ORIENTED_EDGE ( 'NONE', *, *, #6426, .F. ) ;
#3919 =( LENGTH_UNIT ( ) NAMED_UNIT ( * ) SI_UNIT ( .MILLI., .METRE. ) );
#3920 = EDGE_CURVE ( 'NONE', #5716, #4166, #7454, .T. ) ;
#3921 =( NAMED_UNIT ( * ) PLANE_ANGLE_UNIT ( ) SI_UNIT ( $, .RADIAN. ) );
#3922 = UNCERTAINTY_MEASURE_WITH_UNIT (LENGTH_MEASURE( 1.000000000000000082E-05 ), #6612, 'distance_accuracy_value', 'NONE');
#3923 = CARTESIAN_POINT ( 'NONE',  ( 0.000000000000000000, 0.000000000000000000, 1.000000000000000000 ) ) ;
#3924 = PLANE ( 'NONE',  #6665 ) ;
#3925 = DIRECTION ( 'NONE',  ( 0.000000000000000000, -1.000000000000000000, 0.000000000000000000 ) ) ;
#3926 = CARTESIAN_POINT ( 'NONE',  ( -17.15000000000000568, -21.14999999999999147, 8.000000000000000000 ) ) ;
#3927 = UNCERTAINTY_MEASURE_WITH_UNIT (LENGTH_MEASURE( 1.000000000000000082E-05 ), #3377, 'distance_accuracy_value', 'NONE');
#3928 = FILL_AREA_STYLE ('',( #3707 ) ) ;
#3929 = VERTEX_POINT ( 'NONE', #4128 ) ;
#3930 = CARTESIAN_POINT ( 'NONE',  ( -12.15000000000017089, -15.50000000000102496, 47.00000000000000000 ) ) ;
#3931 = CARTESIAN_POINT ( 'NONE',  ( 24.63926546838042242, -11.83691151053986346, 38.22296044593222319 ) ) ;
#3932 = MECHANICAL_DESIGN_GEOMETRIC_PRESENTATION_REPRESENTATION (  '', ( #9341 ), #5226 ) ;
#3933 = EDGE_CURVE ( 'NONE', #8601, #7896, #7477, .T. ) ;
#3934 = CARTESIAN_POINT ( 'NONE',  ( -21.16000000000000725, -13.31369220013740140, -53.84951795962939514 ) ) ;
#3935 = PRESENTATION_STYLE_ASSIGNMENT (( #5464 ) ) ;
#3936 = SURFACE_STYLE_FILL_AREA ( #6962 ) ;
#3937 = DIRECTION ( 'NONE',  ( 1.000000000000000000, 2.668805347656624115E-15, 0.000000000000000000 ) ) ;
#3938 = DIRECTION ( 'NONE',  ( 0.000000000000000000, -1.000000000000000000, 0.000000000000000000 ) ) ;
#3940 = COLOUR_RGB ( '',0.2509803921568627416, 0.2509803921568627416, 0.2509803921568627416 ) ;
#3939 = CARTESIAN_POINT ( 'NONE',  ( 13.69999999999983764, -15.00000000000102318, 45.39999999999999858 ) ) ;
#3941 = VERTEX_POINT ( 'NONE', #2692 ) ;
#3942 = EDGE_CURVE ( 'NONE', #4107, #2451, #5092, .T. ) ;
#3943 = LINE ( 'NONE', #10070, #4468 ) ;
#3944 = VERTEX_POINT ( 'NONE', #9626 ) ;
#3945 = LINE ( 'NONE', #1646, #2808 ) ;
#3946 = PRESENTATION_STYLE_ASSIGNMENT (( #710 ) ) ;
#3947 = ORIENTED_EDGE ( 'NONE', *, *, #938, .F. ) ;
#3948 = VECTOR ( 'NONE', #2577, 1000.000000000000000 ) ;
#3949 = EDGE_CURVE ( 'NONE', #9398, #7711, #6686, .T. ) ;
#3950 = ORIENTED_EDGE ( 'NONE', *, *, #3278, .F. ) ;
#3951 = PLANE ( 'NONE',  #5684 ) ;
#3952 =( LENGTH_UNIT ( ) NAMED_UNIT ( * ) SI_UNIT ( .MILLI., .METRE. ) );
#3953 =( LENGTH_UNIT ( ) NAMED_UNIT ( * ) SI_UNIT ( .MILLI., .METRE. ) );
#3954 = CARTESIAN_POINT ( 'NONE',  ( -15.00000000000018296, -30.99999999999997868, 45.39999999999999858 ) ) ;
#3955 =( NAMED_UNIT ( * ) SI_UNIT ( $, .STERADIAN. ) SOLID_ANGLE_UNIT ( ) );
#3956 = ORIENTED_EDGE ( 'NONE', *, *, #1842, .F. ) ;
#3957 = PRESENTATION_LAYER_ASSIGNMENT (  '', '', ( #5574 ) ) ;
#3958 = ORIENTED_EDGE ( 'NONE', *, *, #2341, .T. ) ;
#3959 = ORIENTED_EDGE ( 'NONE', *, *, #1714, .T. ) ;
#3960 = CARTESIAN_POINT ( 'NONE',  ( 28.14999999999999858, 6.520106648094790458, 41.99999999999999289 ) ) ;
#3961 =( LENGTH_UNIT ( ) NAMED_UNIT ( * ) SI_UNIT ( .MILLI., .METRE. ) );
#3962 = CYLINDRICAL_SURFACE ( 'NONE', #3321, 1.999999999999998224 ) ;
#3963 = CARTESIAN_POINT ( 'NONE',  ( -13.32957238623955831, 21.14999999999999858, 37.00000000000000000 ) ) ;
#3964 = CIRCLE ( 'NONE', #9193, 1.201219330881977854 ) ;
#3965 = CIRCLE ( 'NONE', #4598, 0.5000000000000004441 ) ;
#3966 = ORIENTED_EDGE ( 'NONE', *, *, #9263, .F. ) ;
#3967 = MECHANICAL_DESIGN_GEOMETRIC_PRESENTATION_REPRESENTATION (  '', ( #1631 ), #449 ) ;
#3968 = FILL_AREA_STYLE ('',( #7892 ) ) ;
#3969 = CARTESIAN_POINT ( 'NONE',  ( 6.015000000000000568, 18.04499999999999815, 0.000000000000000000 ) ) ;
#3970 = PRESENTATION_LAYER_ASSIGNMENT (  '', '', ( #451 ) ) ;
#3971 = DIRECTION ( 'NONE',  ( -0.000000000000000000, -0.000000000000000000, -1.000000000000000000 ) ) ;
#3972 = VERTEX_POINT ( 'NONE', #6531 ) ;
#3973 = SURFACE_STYLE_FILL_AREA ( #10159 ) ;
#3974 = EDGE_CURVE ( 'NONE', #4300, #3200, #184, .T. ) ;
#3975 = AXIS2_PLACEMENT_3D ( 'NONE', #9586, #3938, #7911 ) ;
#3976 = DIRECTION ( 'NONE',  ( 0.000000000000000000, 0.000000000000000000, -1.000000000000000000 ) ) ;
#3977 = LINE ( 'NONE', #7109, #2395 ) ;
#3978 = CARTESIAN_POINT ( 'NONE',  ( 28.40180948139497019, -6.456999845913061087, 38.87378639563675620 ) ) ;
#3979 = CARTESIAN_POINT ( 'NONE',  ( 48.64999999999999858, -1.478586710707345573E-14, 42.19878066911801540 ) ) ;
#3980 = ORIENTED_EDGE ( 'NONE', *, *, #2117, .F. ) ;
#3981 = COLOUR_RGB ( '',0.2509803921568627416, 0.2509803921568627416, 0.2509803921568627416 ) ;
#3982 = EDGE_CURVE ( 'NONE', #2093, #8065, #5567, .T. ) ;
#3983 = PRESENTATION_LAYER_ASSIGNMENT (  '', '', ( #7943 ) ) ;
#3984 = DIRECTION ( 'NONE',  ( 1.000000000000000000, 0.000000000000000000, 0.000000000000000000 ) ) ;
#3985 = ORIENTED_EDGE ( 'NONE', *, *, #635, .T. ) ;
#3986 =( GEOMETRIC_REPRESENTATION_CONTEXT ( 3 ) GLOBAL_UNCERTAINTY_ASSIGNED_CONTEXT ( ( #4954 ) ) GLOBAL_UNIT_ASSIGNED_CONTEXT ( ( #3332, #1602, #6450 ) ) REPRESENTATION_CONTEXT ( 'NONE', 'WORKASPACE' ) );
#3987 = FILL_AREA_STYLE ('',( #265 ) ) ;
#3988 = CARTESIAN_POINT ( 'NONE',  ( 31.00000000000004263, 15.99999999999893241, 45.39999999999999858 ) ) ;
#3989 = DIRECTION ( 'NONE',  ( 1.000000000000000000, 0.000000000000000000, 0.000000000000000000 ) ) ;
#3990 = VERTEX_POINT ( 'NONE', #9720 ) ;
#3991 = DIRECTION ( 'NONE',  ( 0.000000000000000000, 0.000000000000000000, -1.000000000000000000 ) ) ;
#3992 = CARTESIAN_POINT ( 'NONE',  ( -16.00000000000008882, -8.540177112501267849E-14, 45.39999999999999858 ) ) ;
#3993 = DIRECTION ( 'NONE',  ( 2.668805347656632003E-15, -1.000000000000000000, 0.000000000000000000 ) ) ;
#3994 = PRESENTATION_LAYER_ASSIGNMENT (  '', '', ( #3 ) ) ;
#3995 = VERTEX_POINT ( 'NONE', #1409 ) ;
#3996 = ADVANCED_FACE ( 'NONE', ( #9957 ), #577, .T. ) ;
#3997 = DIRECTION ( 'NONE',  ( -1.000000000000000000, -0.000000000000000000, -0.000000000000000000 ) ) ;
#3998 = PRESENTATION_LAYER_ASSIGNMENT (  '', '', ( #5617 ) ) ;
#3999 = AXIS2_PLACEMENT_3D ( 'NONE', #4694, #10014, #2207 ) ;
#4000 = VECTOR ( 'NONE', #8361, 1000.000000000000000 ) ;
#4001 = VERTEX_POINT ( 'NONE', #3697 ) ;
#4002 = PRESENTATION_STYLE_ASSIGNMENT (( #4595 ) ) ;
#4003 = VERTEX_POINT ( 'NONE', #9303 ) ;
#4004 = EDGE_CURVE ( 'NONE', #2451, #9500, #6836, .T. ) ;
#4005 = AXIS2_PLACEMENT_3D ( 'NONE', #9649, #8996, #7258 ) ;
#4006 =( LENGTH_UNIT ( ) NAMED_UNIT ( * ) SI_UNIT ( .MILLI., .METRE. ) );
#4007 = SURFACE_STYLE_FILL_AREA ( #6499 ) ;
#4008 = DIRECTION ( 'NONE',  ( 0.000000000000000000, 0.000000000000000000, 1.000000000000000000 ) ) ;
#4009 = FILL_AREA_STYLE_COLOUR ( '', #5849 ) ;
#4010 =( LENGTH_UNIT ( ) NAMED_UNIT ( * ) SI_UNIT ( .MILLI., .METRE. ) );
#4011 = VERTEX_POINT ( 'NONE', #2085 ) ;
#4012 = ORIENTED_EDGE ( 'NONE', *, *, #2948, .F. ) ;
#4013 = CARTESIAN_POINT ( 'NONE',  ( 24.55811388300841713, -11.50358242896913730, 38.94868329805051133 ) ) ;
#4014 = STYLED_ITEM ( 'NONE', ( #9202 ), #9396 ) ;
#4015 = VERTEX_POINT ( 'NONE', #3656 ) ;
#4016 = EDGE_CURVE ( 'NONE', #4015, #8044, #8416, .T. ) ;
#4017 = MECHANICAL_DESIGN_GEOMETRIC_PRESENTATION_REPRESENTATION (  '', ( #5630 ), #10042 ) ;
#4018 = SURFACE_STYLE_USAGE ( .BOTH. , #3246 ) ;
#4019 = DIRECTION ( 'NONE',  ( -1.000000000000000000, 2.984279490192420781E-13, 0.000000000000000000 ) ) ;
#4020 = SURFACE_STYLE_FILL_AREA ( #9609 ) ;
#4021 = LINE ( 'NONE', #1672, #6085 ) ;
#4022 = UNCERTAINTY_MEASURE_WITH_UNIT (LENGTH_MEASURE( 1.000000000000000082E-05 ), #4885, 'distance_accuracy_value', 'NONE');
#4023 = DIRECTION ( 'NONE',  ( 1.000000000000000000, -0.000000000000000000, 0.000000000000000000 ) ) ;
#4024 = SURFACE_STYLE_USAGE ( .BOTH. , #7894 ) ;
#4025 = EDGE_CURVE ( 'NONE', #1607, #9023, #847, .T. ) ;
#4026 = DIRECTION ( 'NONE',  ( -0.000000000000000000, -0.000000000000000000, -1.000000000000000000 ) ) ;
#4027 = VERTEX_POINT ( 'NONE', #5963 ) ;
#4028 = CARTESIAN_POINT ( 'NONE',  ( 2.500000000000000000, 0.000000000000000000, 1.000000000000000000 ) ) ;
#4029 = AXIS2_PLACEMENT_3D ( 'NONE', #8055, #4082, #8724 ) ;
#4030 = DIRECTION ( 'NONE',  ( 0.000000000000000000, 0.000000000000000000, 1.000000000000000000 ) ) ;
#4031 = PRESENTATION_STYLE_ASSIGNMENT (( #8725 ) ) ;
#4032 = LINE ( 'NONE', #4784, #136 ) ;
#4033 = VERTEX_POINT ( 'NONE', #3750 ) ;
#4034 = EDGE_CURVE ( 'NONE', #3200, #9432, #6886, .T. ) ;
#4035 = STYLED_ITEM ( 'NONE', ( #6103 ), #4581 ) ;
#4036 = ORIENTED_EDGE ( 'NONE', *, *, #3886, .T. ) ;
#4037 = EDGE_CURVE ( 'NONE', #10170, #6342, #2184, .T. ) ;
#4038 = STYLED_ITEM ( 'NONE', ( #4814 ), #1344 ) ;
#4039 =( LENGTH_UNIT ( ) NAMED_UNIT ( * ) SI_UNIT ( .MILLI., .METRE. ) );
#4040 =( NAMED_UNIT ( * ) PLANE_ANGLE_UNIT ( ) SI_UNIT ( $, .RADIAN. ) );
#4041 = VERTEX_POINT ( 'NONE', #1307 ) ;
#4042 = SURFACE_SIDE_STYLE ('',( #7865 ) ) ;
#4043 = DIRECTION ( 'NONE',  ( 0.000000000000000000, 0.3015113445777682921, -0.9534625892455907969 ) ) ;
#4044 = ORIENTED_EDGE ( 'NONE', *, *, #4660, .F. ) ;
#4045 = DIRECTION ( 'NONE',  ( 0.000000000000000000, -1.000000000000000000, 0.000000000000000000 ) ) ;
#4046 = VECTOR ( 'NONE', #7087, 1000.000000000000000 ) ;
#4047 = PRESENTATION_STYLE_ASSIGNMENT (( #7921 ) ) ;
#4048 = STYLED_ITEM ( 'NONE', ( #2951 ), #810 ) ;
#4049 = STYLED_ITEM ( 'NONE', ( #9380 ), #1620 ) ;
#4050 = VERTEX_POINT ( 'NONE', #3603 ) ;
#4051 = STYLED_ITEM ( 'NONE', ( #8057 ), #248 ) ;
#4052 = ORIENTED_EDGE ( 'NONE', *, *, #3587, .F. ) ;
#4053 = EDGE_CURVE ( 'NONE', #9036, #9317, #4461, .T. ) ;
#4054 = PLANE ( 'NONE',  #2421 ) ;
#4055 = STYLED_ITEM ( 'NONE', ( #1183 ), #7046 ) ;
#4056 = CARTESIAN_POINT ( 'NONE',  ( 24.55811388300841713, -11.50358242896913730, 38.94868329805051133 ) ) ;
#4057 = FILL_AREA_STYLE ('',( #4705 ) ) ;
#4058 = COLOUR_RGB ( '',0.2509803921568627416, 0.2509803921568627416, 0.2509803921568627416 ) ;
#4059 = CARTESIAN_POINT ( 'NONE',  ( 11.50000000000000000, 1.408343819019456373E-15, 0.5000000000000000000 ) ) ;
#4060 = CARTESIAN_POINT ( 'NONE',  ( 0.000000000000000000, 21.14999999999999858, 10.00000000000000000 ) ) ;
#4061 = VERTEX_POINT ( 'NONE', #2036 ) ;
#4062 = STYLED_ITEM ( 'NONE', ( #6842 ), #7245 ) ;
#4063 = ORIENTED_EDGE ( 'NONE', *, *, #3860, .T. ) ;
#4064 = COLOUR_RGB ( '',0.2509803921568627416, 0.2509803921568627416, 0.2509803921568627416 ) ;
#4065 = COLOUR_RGB ( '',0.2509803921568627416, 0.2509803921568627416, 0.2509803921568627416 ) ;
#4066 = ORIENTED_EDGE ( 'NONE', *, *, #7501, .T. ) ;
#4067 = EDGE_CURVE ( 'NONE', #6826, #3279, #7674, .T. ) ;
#4068 = PRESENTATION_STYLE_ASSIGNMENT (( #8715 ) ) ;
#4069 = CARTESIAN_POINT ( 'NONE',  ( -13.31369220013741206, -21.16000000000000725, 39.00000000000000000 ) ) ;
#4070 = FILL_AREA_STYLE ('',( #6463 ) ) ;
#4071 = CARTESIAN_POINT ( 'NONE',  ( 24.55811388300841713, -10.80986948560774152, 42.29289321881346098 ) ) ;
#4072 = AXIS2_PLACEMENT_3D ( 'NONE', #8482, #9266, #2202 ) ;
#4073 = TOROIDAL_SURFACE ( 'NONE', #2901, 15.50000000000000000, 0.5000000000000000000 ) ;
#4074 = AXIS2_PLACEMENT_3D ( 'NONE', #9551, #4706, #1656 ) ;
#4075 = MECHANICAL_DESIGN_GEOMETRIC_PRESENTATION_REPRESENTATION (  '', ( #746 ), #5204 ) ;
#4076 = EDGE_CURVE ( 'NONE', #2170, #6867, #5187, .T. ) ;
#4077 = CARTESIAN_POINT ( 'NONE',  ( 24.51907571263283003, 11.74388274759365380, 42.63868284412781406 ) ) ;
#4078 = LINE ( 'NONE', #851, #15 ) ;
#4079 = ORIENTED_EDGE ( 'NONE', *, *, #3167, .F. ) ;
#4080 = COLOUR_RGB ( '',0.2509803921568627416, 0.2509803921568627416, 0.2509803921568627416 ) ;
#4081 =( GEOMETRIC_REPRESENTATION_CONTEXT ( 3 ) GLOBAL_UNCERTAINTY_ASSIGNED_CONTEXT ( ( #2786 ) ) GLOBAL_UNIT_ASSIGNED_CONTEXT ( ( #6863, #536, #3824 ) ) REPRESENTATION_CONTEXT ( 'NONE', 'WORKASPACE' ) );
#4082 = DIRECTION ( 'NONE',  ( -0.000000000000000000, -0.000000000000000000, 1.000000000000000000 ) ) ;
#4083 = DIRECTION ( 'NONE',  ( 5.337610695313263217E-15, -1.000000000000000000, 0.000000000000000000 ) ) ;
#4084 = CARTESIAN_POINT ( 'NONE',  ( 0.000000000000000000, 0.000000000000000000, 1.000000000000000000 ) ) ;
#4085 = ORIENTED_EDGE ( 'NONE', *, *, #7569, .T. ) ;
#4086 = STYLED_ITEM ( 'NONE', ( #3315 ), #17 ) ;
#4087 =( NAMED_UNIT ( * ) PLANE_ANGLE_UNIT ( ) SI_UNIT ( $, .RADIAN. ) );
#4088 = VERTEX_POINT ( 'NONE', #5344 ) ;
#4089 =( NAMED_UNIT ( * ) PLANE_ANGLE_UNIT ( ) SI_UNIT ( $, .RADIAN. ) );
#4090 = MECHANICAL_DESIGN_GEOMETRIC_PRESENTATION_REPRESENTATION (  '', ( #7223 ), #9335 ) ;
#4091 =( NAMED_UNIT ( * ) PLANE_ANGLE_UNIT ( ) SI_UNIT ( $, .RADIAN. ) );
#4092 = LINE ( 'NONE', #7915, #9949 ) ;
#4093 =( LENGTH_UNIT ( ) NAMED_UNIT ( * ) SI_UNIT ( .MILLI., .METRE. ) );
#4094 = LINE ( 'NONE', #1747, #185 ) ;
#4095 = ORIENTED_EDGE ( 'NONE', *, *, #2780, .T. ) ;
#4096 = FILL_AREA_STYLE ('',( #7977 ) ) ;
#4097 = VERTEX_POINT ( 'NONE', #4568 ) ;
#4098 = SURFACE_SIDE_STYLE ('',( #4319 ) ) ;
#4099 = ORIENTED_EDGE ( 'NONE', *, *, #9002, .T. ) ;
#4100 = PRESENTATION_STYLE_ASSIGNMENT (( #7139 ) ) ;
#4101 =( LENGTH_UNIT ( ) NAMED_UNIT ( * ) SI_UNIT ( .MILLI., .METRE. ) );
#4102 = DIRECTION ( 'NONE',  ( 0.000000000000000000, 0.000000000000000000, -1.000000000000000000 ) ) ;
#4103 = VERTEX_POINT ( 'NONE', #7724 ) ;
#4104 = COLOUR_RGB ( '',0.2509803921568627416, 0.2509803921568627416, 0.2509803921568627416 ) ;
#4105 = ADVANCED_FACE ( 'NONE', ( #2242 ), #9, .F. ) ;
#4106 = ORIENTED_EDGE ( 'NONE', *, *, #6545, .T. ) ;
#4107 = VERTEX_POINT ( 'NONE', #7 ) ;
#4108 = SURFACE_STYLE_USAGE ( .BOTH. , #7215 ) ;
#4109 = DIRECTION ( 'NONE',  ( 1.000000000000000000, 0.000000000000000000, 0.000000000000000000 ) ) ;
#4110 = PLANE ( 'NONE',  #9547 ) ;
#4111 = CIRCLE ( 'NONE', #7395, 3.500000000000000000 ) ;
#4112 = DIRECTION ( 'NONE',  ( -1.000000000000000000, -0.000000000000000000, -0.000000000000000000 ) ) ;
#4113 = CARTESIAN_POINT ( 'NONE',  ( 0.000000000000000000, 0.000000000000000000, 46.39999999999999858 ) ) ;
#4114 = CARTESIAN_POINT ( 'NONE',  ( 28.14999999999999858, 9.779240779943870976, 42.49999999999999289 ) ) ;
#4115 = UNCERTAINTY_MEASURE_WITH_UNIT (LENGTH_MEASURE( 1.000000000000000082E-05 ), #4930, 'distance_accuracy_value', 'NONE');
#4116 = AXIS2_PLACEMENT_3D ( 'NONE', #7793, #4684, #7849 ) ;
#4117 = ADVANCED_FACE ( 'NONE', ( #6371 ), #3199, .F. ) ;
#4118 = EDGE_LOOP ( 'NONE', ( #4203, #6445, #9731, #8893, #5321, #394, #8863, #4905, #7988, #5558, #8306, #8122 ) ) ;
#4119 =( GEOMETRIC_REPRESENTATION_CONTEXT ( 3 ) GLOBAL_UNCERTAINTY_ASSIGNED_CONTEXT ( ( #6529 ) ) GLOBAL_UNIT_ASSIGNED_CONTEXT ( ( #6271, #9473, #1579 ) ) REPRESENTATION_CONTEXT ( 'NONE', 'WORKASPACE' ) );
#4120 = EDGE_CURVE ( 'NONE', #7396, #4015, #1172, .T. ) ;
#4121 = FILL_AREA_STYLE_COLOUR ( '', #8174 ) ;
#4122 = SURFACE_SIDE_STYLE ('',( #2586 ) ) ;
#4123 = SURFACE_STYLE_FILL_AREA ( #5704 ) ;
#4124 = FACE_OUTER_BOUND ( 'NONE', #4736, .T. ) ;
#4125 = CARTESIAN_POINT ( 'NONE',  ( -21.16000000000000725, -13.31369220013740140, 5.999999999999998224 ) ) ;
#4126 = ORIENTED_EDGE ( 'NONE', *, *, #406, .T. ) ;
#4127 = FACE_OUTER_BOUND ( 'NONE', #3380, .T. ) ;
#4128 = CARTESIAN_POINT ( 'NONE',  ( 13.32957238623956187, 21.14999999999999147, 37.00000000000000000 ) ) ;
#4129 = MECHANICAL_DESIGN_GEOMETRIC_PRESENTATION_REPRESENTATION (  '', ( #7286 ), #2896 ) ;
#4130 = CIRCLE ( 'NONE', #6578, 2.000000000000015543 ) ;
#4131 = COLOUR_RGB ( '',0.2509803921568627416, 0.2509803921568627416, 0.2509803921568627416 ) ;
#4132 = STYLED_ITEM ( 'NONE', ( #7730 ), #175 ) ;
#4133 = EDGE_LOOP ( 'NONE', ( #7306, #1701, #29, #1186 ) ) ;
#4134 = LINE ( 'NONE', #6487, #5289 ) ;
#4135 = SURFACE_STYLE_FILL_AREA ( #968 ) ;
#4136 = FACE_BOUND ( 'NONE', #7305, .T. ) ;
#4137 = FILL_AREA_STYLE_COLOUR ( '', #1308 ) ;
#4138 = STYLED_ITEM ( 'NONE', ( #9559 ), #5823 ) ;
#4139 = COLOUR_RGB ( '',0.3411764705882353033, 0.8392156862745098200, 0.4117647058823529216 ) ;
#4140 = CARTESIAN_POINT ( 'NONE',  ( 48.64999999999999858, -1.698780669118019615, 40.49999999999995737 ) ) ;
#4141 = ORIENTED_EDGE ( 'NONE', *, *, #123, .F. ) ;
#4142 = CARTESIAN_POINT ( 'NONE',  ( 24.55811388300841358, 10.80986948560773619, 38.70710678118654613 ) ) ;
#4143 = FILL_AREA_STYLE ('',( #3373 ) ) ;
#4144 = EDGE_CURVE ( 'NONE', #4011, #8938, #8770, .T. ) ;
#4145 = UNCERTAINTY_MEASURE_WITH_UNIT (LENGTH_MEASURE( 1.000000000000000082E-05 ), #3434, 'distance_accuracy_value', 'NONE');
#4146 = PRESENTATION_LAYER_ASSIGNMENT (  '', '', ( #6089 ) ) ;
#4147 = ORIENTED_EDGE ( 'NONE', *, *, #2267, .T. ) ;
#4148 = DIRECTION ( 'NONE',  ( -0.000000000000000000, 0.000000000000000000, 1.000000000000000000 ) ) ;
#4149 =( BOUNDED_CURVE ( )  B_SPLINE_CURVE ( 3, ( #5836, #2618, #4071, #3388 ),
 .UNSPECIFIED., .F., .T. ) 
 B_SPLINE_CURVE_WITH_KNOTS ( ( 4, 4 ),
 ( 4.712388980384689674, 6.283185307179586232 ),
 .UNSPECIFIED. ) 
 CURVE ( )  GEOMETRIC_REPRESENTATION_ITEM ( )  RATIONAL_B_SPLINE_CURVE ( ( 1.000000000000000000, 0.8047378541243649375, 0.8047378541243649375, 1.000000000000000000 ) ) 
 REPRESENTATION_ITEM ( '' )  );
#4150 = CARTESIAN_POINT ( 'NONE',  ( 48.64999999999999858, 8.673617379884035472E-16, 40.49999999999999289 ) ) ;
#4151 = DIRECTION ( 'NONE',  ( 0.000000000000000000, 0.000000000000000000, 1.000000000000000000 ) ) ;
#4152 = DIRECTION ( 'NONE',  ( -1.000000000000000000, 2.668805347656628059E-15, 0.000000000000000000 ) ) ;
#4153 = PLANE ( 'NONE',  #6603 ) ;
#4154 = ORIENTED_EDGE ( 'NONE', *, *, #4519, .T. ) ;
#4155 = TOROIDAL_SURFACE ( 'NONE', #5435, 0.5000000000000000000, 0.5000000000000000000 ) ;
#4156 = PRESENTATION_LAYER_ASSIGNMENT (  '', '', ( #319 ) ) ;
#4157 = EDGE_LOOP ( 'NONE', ( #8946, #3079, #1163, #3384, #5356, #8062, #2792, #2208, #7421, #112 ) ) ;
#4158 = ORIENTED_EDGE ( 'NONE', *, *, #3872, .F. ) ;
#4159 = VECTOR ( 'NONE', #5519, 1000.000000000000000 ) ;
#4160 = FACE_OUTER_BOUND ( 'NONE', #4873, .T. ) ;
#4161 = CARTESIAN_POINT ( 'NONE',  ( -21.14999999999999503, -21.15000000000000568, 10.00000000000000000 ) ) ;
#4162 = CARTESIAN_POINT ( 'NONE',  ( 21.14999999999999858, -13.32957238623955654, 39.00000000000000000 ) ) ;
#4163 = EDGE_CURVE ( 'NONE', #564, #3905, #4078, .T. ) ;
#4164 =( GEOMETRIC_REPRESENTATION_CONTEXT ( 3 ) GLOBAL_UNCERTAINTY_ASSIGNED_CONTEXT ( ( #9149 ) ) GLOBAL_UNIT_ASSIGNED_CONTEXT ( ( #2131, #3798, #1252 ) ) REPRESENTATION_CONTEXT ( 'NONE', 'WORKASPACE' ) );
#4165 = SURFACE_SIDE_STYLE ('',( #9705 ) ) ;
#4166 = VERTEX_POINT ( 'NONE', #7162 ) ;
#4167 = CARTESIAN_POINT ( 'NONE',  ( 24.87085538829687437, 11.58907856769523548, 42.62800098062658805 ) ) ;
#4168 = CARTESIAN_POINT ( 'NONE',  ( 28.64999999999999858, -6.085568291390568874, 42.86907671340941306 ) ) ;
#4169 = ORIENTED_EDGE ( 'NONE', *, *, #6930, .T. ) ;
#4170 = DIRECTION ( 'NONE',  ( -0.000000000000000000, -0.000000000000000000, -1.000000000000000000 ) ) ;
#4171 = VECTOR ( 'NONE', #8353, 1000.000000000000000 ) ;
#4172 =( NAMED_UNIT ( * ) PLANE_ANGLE_UNIT ( ) SI_UNIT ( $, .RADIAN. ) );
#4173 =( LENGTH_UNIT ( ) NAMED_UNIT ( * ) SI_UNIT ( .MILLI., .METRE. ) );
#4174 = DIRECTION ( 'NONE',  ( 1.000000000000000000, 0.000000000000000000, -0.000000000000000000 ) ) ;
#4175 = FILL_AREA_STYLE_COLOUR ( '', #977 ) ;
#4176 = CARTESIAN_POINT ( 'NONE',  ( 21.14999999999999858, 21.14999999999999858, 8.000000000000000000 ) ) ;
#4177 = ADVANCED_FACE ( 'NONE', ( #7783 ), #854, .F. ) ;
#4178 = CARTESIAN_POINT ( 'NONE',  ( 28.23963673246898409, -6.545173355718999275, 38.52506670762443264 ) ) ;
#4179 =( NAMED_UNIT ( * ) SI_UNIT ( $, .STERADIAN. ) SOLID_ANGLE_UNIT ( ) );
#4180 = DIRECTION ( 'NONE',  ( -1.000000000000000000, 2.668805347656628059E-15, 0.000000000000000000 ) ) ;
#4181 = ORIENTED_EDGE ( 'NONE', *, *, #6112, .F. ) ;
#4182 = CARTESIAN_POINT ( 'NONE',  ( 24.55811388300841713, -11.29879872625388337, 42.47655793021372972 ) ) ;
#4183 = UNCERTAINTY_MEASURE_WITH_UNIT (LENGTH_MEASURE( 1.000000000000000082E-05 ), #9316, 'distance_accuracy_value', 'NONE');
#4184 = LINE ( 'NONE', #8165, #7619 ) ;
#4185 = ORIENTED_EDGE ( 'NONE', *, *, #8452, .T. ) ;
#4186 = MECHANICAL_DESIGN_GEOMETRIC_PRESENTATION_REPRESENTATION (  '', ( #5801 ), #1037 ) ;
#4187 = PRESENTATION_STYLE_ASSIGNMENT (( #2799 ) ) ;
#4188 = CARTESIAN_POINT ( 'NONE',  ( 25.04108258044395541, 11.23269720503880365, 38.50000000000000000 ) ) ;
#4189 = FILL_AREA_STYLE ('',( #1024 ) ) ;
#4190 = DIRECTION ( 'NONE',  ( 0.000000000000000000, -1.000000000000000000, 0.000000000000000000 ) ) ;
#4191 = ORIENTED_EDGE ( 'NONE', *, *, #7820, .F. ) ;
#4192 = ADVANCED_FACE ( 'NONE', ( #4926 ), #3099, .F. ) ;
#4193 = SURFACE_SIDE_STYLE ('',( #8230 ) ) ;
#4194 =( GEOMETRIC_REPRESENTATION_CONTEXT ( 3 ) GLOBAL_UNCERTAINTY_ASSIGNED_CONTEXT ( ( #1516 ) ) GLOBAL_UNIT_ASSIGNED_CONTEXT ( ( #8006, #6269, #853 ) ) REPRESENTATION_CONTEXT ( 'NONE', 'WORKASPACE' ) );
#4195 = ORIENTED_EDGE ( 'NONE', *, *, #3599, .F. ) ;
#4196 = SURFACE_SIDE_STYLE ('',( #3376 ) ) ;
#4197 = ADVANCED_FACE ( 'NONE', ( #1151 ), #5642, .T. ) ;
#4198 = EDGE_CURVE ( 'NONE', #2462, #9382, #9721, .T. ) ;
#4199 = DIRECTION ( 'NONE',  ( -0.000000000000000000, -0.000000000000000000, 1.000000000000000000 ) ) ;
#4200 = ORIENTED_EDGE ( 'NONE', *, *, #4866, .T. ) ;
#4201 = AXIS2_PLACEMENT_3D ( 'NONE', #3547, #6671, #1196 ) ;
#4202 =( GEOMETRIC_REPRESENTATION_CONTEXT ( 3 ) GLOBAL_UNCERTAINTY_ASSIGNED_CONTEXT ( ( #4734 ) ) GLOBAL_UNIT_ASSIGNED_CONTEXT ( ( #7276, #3150, #9618 ) ) REPRESENTATION_CONTEXT ( 'NONE', 'WORKASPACE' ) );
#4203 = ORIENTED_EDGE ( 'NONE', *, *, #8341, .F. ) ;
#4204 = SURFACE_STYLE_USAGE ( .BOTH. , #2612 ) ;
#4205 = ORIENTED_EDGE ( 'NONE', *, *, #8889, .F. ) ;
#4206 = AXIS2_PLACEMENT_3D ( 'NONE', #7544, #9829, #4335 ) ;
#4207 = PRESENTATION_STYLE_ASSIGNMENT (( #5830 ) ) ;
#4208 = ADVANCED_FACE ( 'NONE', ( #5892 ), #408, .T. ) ;
#4209 = CARTESIAN_POINT ( 'NONE',  ( 15.99999999999984013, 13.69999999999897611, 45.39999999999999858 ) ) ;
#4210 = CARTESIAN_POINT ( 'NONE',  ( 24.55811388300841358, 11.50358242896913019, 38.94868329805049001 ) ) ;
#4211 = SURFACE_STYLE_FILL_AREA ( #4070 ) ;
#4212 = CARTESIAN_POINT ( 'NONE',  ( 2.001604010742336977E-14, 14.99999999999895373, 46.39999999999999858 ) ) ;
#4213 = ORIENTED_EDGE ( 'NONE', *, *, #3262, .T. ) ;
#4214 = CIRCLE ( 'NONE', #7188, 0.4999999999999969469 ) ;
#4215 = COLOUR_RGB ( '',0.2000000000000000111, 0.2000000000000000111, 0.2000000000000000111 ) ;
#4216 = CARTESIAN_POINT ( 'NONE',  ( 24.55811388300841003, 11.55560879136609742, 42.08422106268079688 ) ) ;
#4217 = EDGE_LOOP ( 'NONE', ( #1798, #4273, #8774, #1483 ) ) ;
#4218 = LINE ( 'NONE', #8875, #8821 ) ;
#4219 = VECTOR ( 'NONE', #3034, 1000.000000000000000 ) ;
#4220 = EDGE_CURVE ( 'NONE', #2738, #9125, #9072, .T. ) ;
#4221 = DIRECTION ( 'NONE',  ( 0.000000000000000000, 0.000000000000000000, -1.000000000000000000 ) ) ;
#4222 = VECTOR ( 'NONE', #5261, 1000.000000000000000 ) ;
#4223 = VECTOR ( 'NONE', #2558, 1000.000000000000000 ) ;
#4224 = CARTESIAN_POINT ( 'NONE',  ( 28.62223219557734311, -6.218428161621630146, 38.19832151352691341 ) ) ;
#4225 =( LENGTH_UNIT ( ) NAMED_UNIT ( * ) SI_UNIT ( .MILLI., .METRE. ) );
#4226 = UNCERTAINTY_MEASURE_WITH_UNIT (LENGTH_MEASURE( 1.000000000000000082E-05 ), #2060, 'distance_accuracy_value', 'NONE');
#4227 = CARTESIAN_POINT ( 'NONE',  ( 24.58894254029463866, -11.81134529178332038, 38.20313255936130048 ) ) ;
#4228 = ORIENTED_EDGE ( 'NONE', *, *, #8126, .T. ) ;
#4229 = CARTESIAN_POINT ( 'NONE',  ( 21.14999999999999858, 17.14999999999999503, 37.00000000000000000 ) ) ;
#4230 = CARTESIAN_POINT ( 'NONE',  ( 24.76522066419495616, 10.74083389187888926, 42.49999999999999289 ) ) ;
#4231 = AXIS2_PLACEMENT_3D ( 'NONE', #7693, #593, #2200 ) ;
#4232 = EDGE_CURVE ( 'NONE', #8161, #1185, #2077, .T. ) ;
#4233 = LINE ( 'NONE', #7378, #6598 ) ;
#4234 = SURFACE_STYLE_FILL_AREA ( #1793 ) ;
#4235 = STYLED_ITEM ( 'NONE', ( #6500 ), #8023 ) ;
#4236 = DIRECTION ( 'NONE',  ( 0.000000000000000000, 0.000000000000000000, -1.000000000000000000 ) ) ;
#4237 = FILL_AREA_STYLE ('',( #3613 ) ) ;
#4238 = FILL_AREA_STYLE_COLOUR ( '', #5958 ) ;
#4239 = VERTEX_POINT ( 'NONE', #7561 ) ;
#4240 = DIRECTION ( 'NONE',  ( 1.000000000000000000, 0.000000000000000000, -0.000000000000000000 ) ) ;
#4241 = DIRECTION ( 'NONE',  ( 1.000000000000000000, -0.000000000000000000, -0.000000000000000000 ) ) ;
#4242 = EDGE_CURVE ( 'NONE', #6307, #2113, #7463, .T. ) ;
#4243 = UNCERTAINTY_MEASURE_WITH_UNIT (LENGTH_MEASURE( 1.000000000000000082E-05 ), #816, 'distance_accuracy_value', 'NONE');
#4244 = ORIENTED_EDGE ( 'NONE', *, *, #4034, .T. ) ;
#4245 =( NAMED_UNIT ( * ) SI_UNIT ( $, .STERADIAN. ) SOLID_ANGLE_UNIT ( ) );
#4246 = EDGE_CURVE ( 'NONE', #9822, #91, #680, .T. ) ;
#4247 = SURFACE_STYLE_FILL_AREA ( #4960 ) ;
#4248 = SURFACE_STYLE_USAGE ( .BOTH. , #8899 ) ;
#4249 = FACE_OUTER_BOUND ( 'NONE', #578, .T. ) ;
#4250 =( NAMED_UNIT ( * ) PLANE_ANGLE_UNIT ( ) SI_UNIT ( $, .RADIAN. ) );
#4251 = ORIENTED_EDGE ( 'NONE', *, *, #9049, .F. ) ;
#4252 = DIRECTION ( 'NONE',  ( 0.000000000000000000, 0.000000000000000000, 1.000000000000000000 ) ) ;
#4253 = VERTEX_POINT ( 'NONE', #3684 ) ;
#4254 = FILL_AREA_STYLE_COLOUR ( '', #8283 ) ;
#4255 = ORIENTED_EDGE ( 'NONE', *, *, #3696, .F. ) ;
#4256 = DIRECTION ( 'NONE',  ( 0.000000000000000000, 0.000000000000000000, -1.000000000000000000 ) ) ;
#4257 = DIRECTION ( 'NONE',  ( -0.000000000000000000, -0.000000000000000000, 1.000000000000000000 ) ) ;
#4258 =( NAMED_UNIT ( * ) PLANE_ANGLE_UNIT ( ) SI_UNIT ( $, .RADIAN. ) );
#4259 = CARTESIAN_POINT ( 'NONE',  ( 28.65000000000000213, 9.779240779943872752, 36.50000000000000711 ) ) ;
#4260 = FILL_AREA_STYLE ('',( #9610 ) ) ;
#4261 = VERTEX_POINT ( 'NONE', #3742 ) ;
#4262 = MECHANICAL_DESIGN_GEOMETRIC_PRESENTATION_REPRESENTATION (  '', ( #114 ), #3114 ) ;
#4263 = DIRECTION ( 'NONE',  ( 0.000000000000000000, 0.000000000000000000, 1.000000000000000000 ) ) ;
#4264 = SURFACE_STYLE_FILL_AREA ( #9661 ) ;
#4265 = EDGE_LOOP ( 'NONE', ( #5060, #4749, #4325, #6188 ) ) ;
#4266 = PLANE ( 'NONE',  #4201 ) ;
#4267 = CARTESIAN_POINT ( 'NONE',  ( 24.49416538541817800, 11.75371763297040317, 38.66915016132492866 ) ) ;
#4268 = SURFACE_SIDE_STYLE ('',( #9715 ) ) ;
#4269 = CARTESIAN_POINT ( 'NONE',  ( -17.15000000000000568, -21.15000000000000568, 10.00000000000000000 ) ) ;
#4270 =( NAMED_UNIT ( * ) SI_UNIT ( $, .STERADIAN. ) SOLID_ANGLE_UNIT ( ) );
#4271 = DIRECTION ( 'NONE',  ( 1.000000000000000000, 0.000000000000000000, -0.000000000000000000 ) ) ;
#4272 = CARTESIAN_POINT ( 'NONE',  ( 24.35997896498354010, -11.91199363726330773, 38.15722339751981451 ) ) ;
#4273 = ORIENTED_EDGE ( 'NONE', *, *, #3855, .F. ) ;
#4274 =( GEOMETRIC_REPRESENTATION_CONTEXT ( 3 ) GLOBAL_UNCERTAINTY_ASSIGNED_CONTEXT ( ( #10153 ) ) GLOBAL_UNIT_ASSIGNED_CONTEXT ( ( #2504, #4902, #7243 ) ) REPRESENTATION_CONTEXT ( 'NONE', 'WORKASPACE' ) );
#4275 = EDGE_CURVE ( 'NONE', #9240, #838, #10037, .T. ) ;
#4276 = LINE ( 'NONE', #3408, #6947 ) ;
#4277 =( GEOMETRIC_REPRESENTATION_CONTEXT ( 3 ) GLOBAL_UNCERTAINTY_ASSIGNED_CONTEXT ( ( #8541 ) ) GLOBAL_UNIT_ASSIGNED_CONTEXT ( ( #2064, #5934, #1229 ) ) REPRESENTATION_CONTEXT ( 'NONE', 'WORKASPACE' ) );
#4278 = ORIENTED_EDGE ( 'NONE', *, *, #7278, .F. ) ;
#4279 =( NAMED_UNIT ( * ) PLANE_ANGLE_UNIT ( ) SI_UNIT ( $, .RADIAN. ) );
#4280 = DIRECTION ( 'NONE',  ( 0.000000000000000000, 0.000000000000000000, -1.000000000000000000 ) ) ;
#4281 = FILL_AREA_STYLE_COLOUR ( '', #6851 ) ;
#4282 = EDGE_CURVE ( 'NONE', #150, #6011, #7151, .T. ) ;
#4283 = ORIENTED_EDGE ( 'NONE', *, *, #3095, .F. ) ;
#4284 = TOROIDAL_SURFACE ( 'NONE', #6243, 11.50000000000000000, 0.5000000000000000000 ) ;
#4285 =( GEOMETRIC_REPRESENTATION_CONTEXT ( 3 ) GLOBAL_UNCERTAINTY_ASSIGNED_CONTEXT ( ( #1528 ) ) GLOBAL_UNIT_ASSIGNED_CONTEXT ( ( #6893, #6846, #9260 ) ) REPRESENTATION_CONTEXT ( 'NONE', 'WORKASPACE' ) );
#4286 = VERTEX_POINT ( 'NONE', #6980 ) ;
#4287 = PRESENTATION_LAYER_ASSIGNMENT (  '', '', ( #2656 ) ) ;
#4288 = DIRECTION ( 'NONE',  ( -1.000000000000000000, 0.000000000000000000, -0.000000000000000000 ) ) ;
#4289 = FACE_OUTER_BOUND ( 'NONE', #9291, .T. ) ;
#4290 = FILL_AREA_STYLE_COLOUR ( '', #5436 ) ;
#4291 = ADVANCED_FACE ( 'NONE', ( #8758 ), #6623, .F. ) ;
#4292 = DIRECTION ( 'NONE',  ( -1.000000000000000000, 0.000000000000000000, 0.000000000000000000 ) ) ;
#4293 = PLANE ( 'NONE',  #6994 ) ;
#4294 = CARTESIAN_POINT ( 'NONE',  ( 0.000000000000000000, 0.000000000000000000, 37.00000000000000000 ) ) ;
#4295 = ORIENTED_EDGE ( 'NONE', *, *, #3035, .F. ) ;
#4296 = DIRECTION ( 'NONE',  ( 1.000000000000000000, 0.000000000000000000, 0.000000000000000000 ) ) ;
#4297 = AXIS2_PLACEMENT_3D ( 'NONE', #6349, #9504, #776 ) ;
#4298 = ORIENTED_EDGE ( 'NONE', *, *, #4650, .T. ) ;
#4299 = SURFACE_SIDE_STYLE ('',( #5937 ) ) ;
#4300 = VERTEX_POINT ( 'NONE', #6359 ) ;
#4301 = CARTESIAN_POINT ( 'NONE',  ( 27.64999999999999858, 6.520106648094790458, 42.49999999999999289 ) ) ;
#4302 = ORIENTED_EDGE ( 'NONE', *, *, #415, .F. ) ;
#4303 = STYLED_ITEM ( 'NONE', ( #2212 ), #4465 ) ;
#4304 = MECHANICAL_DESIGN_GEOMETRIC_PRESENTATION_REPRESENTATION (  '', ( #3492 ), #7547 ) ;
#4305 = STYLED_ITEM ( 'NONE', ( #608 ), #8860 ) ;
#4306 = AXIS2_PLACEMENT_3D ( 'NONE', #4668, #10147, #942 ) ;
#4307 = VERTEX_POINT ( 'NONE', #6137 ) ;
#4308 = PRESENTATION_LAYER_ASSIGNMENT (  '', '', ( #9236 ) ) ;
#4309 = CARTESIAN_POINT ( 'NONE',  ( 25.05811388300841713, -11.17024909563580515, 38.50000000000000000 ) ) ;
#4310 = EDGE_CURVE ( 'NONE', #873, #9498, #2353, .T. ) ;
#4311 = LINE ( 'NONE', #8060, #5840 ) ;
#4312 = UNCERTAINTY_MEASURE_WITH_UNIT (LENGTH_MEASURE( 1.000000000000000082E-05 ), #4500, 'distance_accuracy_value', 'NONE');
#4313 = EDGE_CURVE ( 'NONE', #6395, #2462, #2770, .T. ) ;
#4314 = MECHANICAL_DESIGN_GEOMETRIC_PRESENTATION_REPRESENTATION (  '', ( #3654 ), #1020 ) ;
#4315 = ORIENTED_EDGE ( 'NONE', *, *, #8178, .F. ) ;
#4316 = STYLED_ITEM ( 'NONE', ( #10095 ), #4291 ) ;
#4317 = CARTESIAN_POINT ( 'NONE',  ( 21.14999999999999858, 17.14999999999999503, 37.00000000000000000 ) ) ;
#4318 = ORIENTED_EDGE ( 'NONE', *, *, #2862, .T. ) ;
#4319 = SURFACE_STYLE_FILL_AREA ( #875 ) ;
#4320 = FACE_OUTER_BOUND ( 'NONE', #2211, .T. ) ;
#4321 =( NAMED_UNIT ( * ) SI_UNIT ( $, .STERADIAN. ) SOLID_ANGLE_UNIT ( ) );
#4322 = LINE ( 'NONE', #7482, #1716 ) ;
#4323 = EDGE_CURVE ( 'NONE', #9026, #3995, #9292, .T. ) ;
#4324 = CARTESIAN_POINT ( 'NONE',  ( 48.64999999999999858, 8.673617379884035472E-16, 38.80121933088197039 ) ) ;
#4325 = ORIENTED_EDGE ( 'NONE', *, *, #2837, .T. ) ;
#4326 = FILL_AREA_STYLE_COLOUR ( '', #441 ) ;
#4327 = UNCERTAINTY_MEASURE_WITH_UNIT (LENGTH_MEASURE( 1.000000000000000082E-05 ), #2313, 'distance_accuracy_value', 'NONE');
#4328 = EDGE_CURVE ( 'NONE', #836, #5607, #6306, .T. ) ;
#4329 = PRESENTATION_LAYER_ASSIGNMENT (  '', '', ( #1691 ) ) ;
#4330 = LINE ( 'NONE', #7297, #4541 ) ;
#4331 = FACE_OUTER_BOUND ( 'NONE', #9566, .T. ) ;
#4332 =( NAMED_UNIT ( * ) PLANE_ANGLE_UNIT ( ) SI_UNIT ( $, .RADIAN. ) );
#4333 = SURFACE_STYLE_USAGE ( .BOTH. , #7542 ) ;
#4334 = DIRECTION ( 'NONE',  ( 0.000000000000000000, 0.000000000000000000, 1.000000000000000000 ) ) ;
#4335 = DIRECTION ( 'NONE',  ( -1.000000000000000000, 0.000000000000000000, 0.000000000000000000 ) ) ;
#4336 = CARTESIAN_POINT ( 'NONE',  ( 28.64999999999999858, -1.463876016620960108E-14, 40.99756133823603932 ) ) ;
#4337 = ORIENTED_EDGE ( 'NONE', *, *, #9110, .T. ) ;
#4338 = PLANE ( 'NONE',  #1278 ) ;
#4339 = AXIS2_PLACEMENT_3D ( 'NONE', #5965, #9102, #5189 ) ;
#4340 = ORIENTED_EDGE ( 'NONE', *, *, #2817, .F. ) ;
#4341 = ADVANCED_FACE ( 'NONE', ( #9453 ), #6200, .T. ) ;
#4342 = ORIENTED_EDGE ( 'NONE', *, *, #7278, .T. ) ;
#4343 = PRESENTATION_LAYER_ASSIGNMENT (  '', '', ( #8668 ) ) ;
#4344 = LINE ( 'NONE', #6709, #3477 ) ;
#4345 = FILL_AREA_STYLE_COLOUR ( '', #739 ) ;
#4346 = COLOUR_RGB ( '',0.2509803921568627416, 0.2509803921568627416, 0.2509803921568627416 ) ;
#4347 = VERTEX_POINT ( 'NONE', #5826 ) ;
#4348 = AXIS2_PLACEMENT_3D ( 'NONE', #5312, #7796, #6173 ) ;
#4349 =( LENGTH_UNIT ( ) NAMED_UNIT ( * ) SI_UNIT ( .MILLI., .METRE. ) );
#4350 = PRESENTATION_LAYER_ASSIGNMENT (  '', '', ( #5828 ) ) ;
#4351 = ADVANCED_FACE ( 'NONE', ( #9698 ), #2567, .F. ) ;
#4352 = CIRCLE ( 'NONE', #10086, 25.00000000000000000 ) ;
#4353 = MECHANICAL_DESIGN_GEOMETRIC_PRESENTATION_REPRESENTATION (  '', ( #5672 ), #4857 ) ;
#4354 = ORIENTED_EDGE ( 'NONE', *, *, #2050, .T. ) ;
#4355 = SURFACE_STYLE_USAGE ( .BOTH. , #2173 ) ;
#4356 = MECHANICAL_DESIGN_GEOMETRIC_PRESENTATION_REPRESENTATION (  '', ( #377 ), #2201 ) ;
#4357 = SURFACE_SIDE_STYLE ('',( #3649 ) ) ;
#4358 = DIRECTION ( 'NONE',  ( 0.7071067811865489050, 0.7071067811865462405, 0.000000000000000000 ) ) ;
#4359 = DIRECTION ( 'NONE',  ( 2.668805347656631609E-15, -1.000000000000000000, 0.000000000000000000 ) ) ;
#4360 = EDGE_CURVE ( 'NONE', #9706, #7647, #8948, .T. ) ;
#4362 = CARTESIAN_POINT ( 'NONE',  ( -13.70000000000016094, 15.99999999999897682, 46.39999999999999858 ) ) ;
#4361 =( GEOMETRIC_REPRESENTATION_CONTEXT ( 3 ) GLOBAL_UNCERTAINTY_ASSIGNED_CONTEXT ( ( #1600 ) ) GLOBAL_UNIT_ASSIGNED_CONTEXT ( ( #10165, #6163, #7899 ) ) REPRESENTATION_CONTEXT ( 'NONE', 'WORKASPACE' ) );
#4363 = VECTOR ( 'NONE', #1142, 1000.000000000000000 ) ;
#4364 = SURFACE_STYLE_USAGE ( .BOTH. , #6626 ) ;
#4365 = CARTESIAN_POINT ( 'NONE',  ( 48.64999999999999858, 1.698780669118024500, 41.70121933088196897 ) ) ;
#4366 = EDGE_CURVE ( 'NONE', #4576, #7272, #9722, .T. ) ;
#4367 = ORIENTED_EDGE ( 'NONE', *, *, #9135, .F. ) ;
#4368 = PLANE ( 'NONE',  #6135 ) ;
#4369 = CIRCLE ( 'NONE', #560, 25.00000000000000000 ) ;
#4370 = AXIS2_PLACEMENT_3D ( 'NONE', #3779, #6078, #2165 ) ;
#4371 = LINE ( 'NONE', #6890, #139 ) ;
#4372 = DIRECTION ( 'NONE',  ( 1.000000000000000000, -0.000000000000000000, 0.000000000000000000 ) ) ;
#4373 = SURFACE_STYLE_USAGE ( .BOTH. , #9258 ) ;
#4374 = SURFACE_STYLE_USAGE ( .BOTH. , #3090 ) ;
#4375 = DIRECTION ( 'NONE',  ( 1.000000000000000000, 0.000000000000000000, 0.000000000000000000 ) ) ;
#4376 = DIRECTION ( 'NONE',  ( 1.000000000000000000, 0.000000000000000000, 0.000000000000000000 ) ) ;
#4377 = ORIENTED_EDGE ( 'NONE', *, *, #1506, .T. ) ;
#4378 = COLOUR_RGB ( '',0.2509803921568627416, 0.2509803921568627416, 0.2509803921568627416 ) ;
#4379 = VECTOR ( 'NONE', #3472, 1000.000000000000000 ) ;
#4380 = AXIS2_PLACEMENT_3D ( 'NONE', #7763, #3738, #9978 ) ;
#4381 = AXIS2_PLACEMENT_3D ( 'NONE', #10179, #10122, #6285 ) ;
#4382 =( NAMED_UNIT ( * ) PLANE_ANGLE_UNIT ( ) SI_UNIT ( $, .RADIAN. ) );
#4383 = PRESENTATION_LAYER_ASSIGNMENT (  '', '', ( #9799 ) ) ;
#4384 = CARTESIAN_POINT ( 'NONE',  ( 24.58894254029440063, -11.81134529178322801, 42.79686744063818082 ) ) ;
#4385 = CARTESIAN_POINT ( 'NONE',  ( 27.96622776601683569, 10.72792407799438585, 38.00000000000000000 ) ) ;
#4386 =( NAMED_UNIT ( * ) SI_UNIT ( $, .STERADIAN. ) SOLID_ANGLE_UNIT ( ) );
#4387 = CARTESIAN_POINT ( 'NONE',  ( 0.000000000000000000, 0.000000000000000000, -24.00000000000000000 ) ) ;
#4388 = LINE ( 'NONE', #8334, #8114 ) ;
#4389 = ORIENTED_EDGE ( 'NONE', *, *, #541, .T. ) ;
#4390 = LINE ( 'NONE', #5215, #1127 ) ;
#4392 = EDGE_CURVE ( 'NONE', #9125, #860, #3339, .T. ) ;
#4391 = VERTEX_POINT ( 'NONE', #154 ) ;
#4393 = ORIENTED_EDGE ( 'NONE', *, *, #10022, .T. ) ;
#4394 = DIRECTION ( 'NONE',  ( -0.000000000000000000, -0.000000000000000000, 1.000000000000000000 ) ) ;
#4395 = DIRECTION ( 'NONE',  ( 1.000000000000000000, 2.668805347656624115E-15, 0.000000000000000000 ) ) ;
#4396 = ORIENTED_EDGE ( 'NONE', *, *, #2315, .T. ) ;
#4397 = ADVANCED_FACE ( 'NONE', ( #6459 ), #1919, .F. ) ;
#4398 = PRESENTATION_STYLE_ASSIGNMENT (( #1150 ) ) ;
#4399 =( NAMED_UNIT ( * ) SI_UNIT ( $, .STERADIAN. ) SOLID_ANGLE_UNIT ( ) );
#4400 = ORIENTED_EDGE ( 'NONE', *, *, #1842, .T. ) ;
#4401 = DIRECTION ( 'NONE',  ( -5.211847922874171178E-16, -1.000000000000000000, 0.000000000000000000 ) ) ;
#4402 = SURFACE_SIDE_STYLE ('',( #8307 ) ) ;
#4403 = CARTESIAN_POINT ( 'NONE',  ( -21.14999999999999503, -21.15000000000000568, 39.00000000000000000 ) ) ;
#4404 = COLOUR_RGB ( '',0.2509803921568627416, 0.2509803921568627416, 0.2509803921568627416 ) ;
#4405 = LINE ( 'NONE', #669, #4046 ) ;
#4406 = UNCERTAINTY_MEASURE_WITH_UNIT (LENGTH_MEASURE( 1.000000000000000082E-05 ), #8119, 'distance_accuracy_value', 'NONE');
#4407 = EDGE_CURVE ( 'NONE', #6298, #9734, #9792, .T. ) ;
#4408 = CARTESIAN_POINT ( 'NONE',  ( 24.21622776601683213, -11.97792407799439296, 38.00000000000000000 ) ) ;
#4409 = CARTESIAN_POINT ( 'NONE',  ( 4.270088556250320273E-14, -15.00000000000106759, 46.39999999999999858 ) ) ;
#4410 = PRESENTATION_LAYER_ASSIGNMENT (  '', '', ( #2949 ) ) ;
#4411 = VERTEX_POINT ( 'NONE', #9176 ) ;
#4412 = EDGE_CURVE ( 'NONE', #3589, #255, #5614, .T. ) ;
#4413 = FACE_OUTER_BOUND ( 'NONE', #5820, .T. ) ;
#4414 = FACE_OUTER_BOUND ( 'NONE', #8698, .T. ) ;
#4415 = SURFACE_STYLE_USAGE ( .BOTH. , #1942 ) ;
#4416 = LINE ( 'NONE', #7100, #9004 ) ;
#4417 = DIRECTION ( 'NONE',  ( -0.9805806756909201116, 0.000000000000000000, 0.1961161351381841833 ) ) ;
#4418 = COLOUR_RGB ( '',0.2509803921568627416, 0.2509803921568627416, 0.2509803921568627416 ) ;
#4419 = CARTESIAN_POINT ( 'NONE',  ( 0.000000000000000000, 0.000000000000000000, -2.000000000000000000 ) ) ;
#4420 = VERTEX_POINT ( 'NONE', #6032 ) ;
#4421 = DIRECTION ( 'NONE',  ( -0.000000000000000000, -0.000000000000000000, 1.000000000000000000 ) ) ;
#4422 = VECTOR ( 'NONE', #6641, 1000.000000000000000 ) ;
#4423 = DIRECTION ( 'NONE',  ( -0.7071067811865460184, 8.659560562354913137E-17, 0.7071067811865489050 ) ) ;
#4424 = ADVANCED_FACE ( 'NONE', ( #9933 ), #7551, .F. ) ;
#4425 = MECHANICAL_DESIGN_GEOMETRIC_PRESENTATION_REPRESENTATION (  '', ( #3137 ), #1790 ) ;
#4426 = CARTESIAN_POINT ( 'NONE',  ( 25.00811388300841998, -11.35358242896913694, 42.52565835097474434 ) ) ;
#4427 = STYLED_ITEM ( 'NONE', ( #2888 ), #9908 ) ;
#4428 = CARTESIAN_POINT ( 'NONE',  ( -1.500000000000000222, 2.000000000000000000, -24.00000000000000000 ) ) ;
#4429 = FACE_OUTER_BOUND ( 'NONE', #2674, .T. ) ;
#4430 = AXIS2_PLACEMENT_3D ( 'NONE', #6588, #2753, #4240 ) ;
#4431 = CARTESIAN_POINT ( 'NONE',  ( -17.30000000000016414, 15.99999999999897682, 45.39999999999999858 ) ) ;
#4432 = SURFACE_SIDE_STYLE ('',( #5977 ) ) ;
#4433 = ORIENTED_EDGE ( 'NONE', *, *, #3106, .F. ) ;
#4434 = CARTESIAN_POINT ( 'NONE',  ( 27.96622776601683569, 10.72792407799438585, 44.63675444679662974 ) ) ;
#4435 = ADVANCED_FACE ( 'NONE', ( #2963 ), #3631, .F. ) ;
#4436 = SURFACE_STYLE_FILL_AREA ( #8293 ) ;
#4437 =( GEOMETRIC_REPRESENTATION_CONTEXT ( 3 ) GLOBAL_UNCERTAINTY_ASSIGNED_CONTEXT ( ( #7691 ) ) GLOBAL_UNIT_ASSIGNED_CONTEXT ( ( #4838, #8876, #224 ) ) REPRESENTATION_CONTEXT ( 'NONE', 'WORKASPACE' ) );
#4438 = ORIENTED_EDGE ( 'NONE', *, *, #4016, .F. ) ;
#4439 =( GEOMETRIC_REPRESENTATION_CONTEXT ( 3 ) GLOBAL_UNCERTAINTY_ASSIGNED_CONTEXT ( ( #3732 ) ) GLOBAL_UNIT_ASSIGNED_CONTEXT ( ( #6350, #197, #8132 ) ) REPRESENTATION_CONTEXT ( 'NONE', 'WORKASPACE' ) );
#4440 = ORIENTED_EDGE ( 'NONE', *, *, #2948, .T. ) ;
#4441 =( NAMED_UNIT ( * ) PLANE_ANGLE_UNIT ( ) SI_UNIT ( $, .RADIAN. ) );
#4442 = CYLINDRICAL_SURFACE ( 'NONE', #9773, 0.5000000000000004441 ) ;
#4443 = CARTESIAN_POINT ( 'NONE',  ( 15.99999999999983302, 14.99999999999897504, 45.39999999999999858 ) ) ;
#4444 = FILL_AREA_STYLE_COLOUR ( '', #4080 ) ;
#4445 = FACE_OUTER_BOUND ( 'NONE', #31, .T. ) ;
#4446 = LINE ( 'NONE', #5171, #8773 ) ;
#4447 = ORIENTED_EDGE ( 'NONE', *, *, #6989, .F. ) ;
#4448 = CIRCLE ( 'NONE', #3158, 2.799999999999999822 ) ;
#4449 = CARTESIAN_POINT ( 'NONE',  ( 27.65000000000000213, -7.020106648094796675, 39.00000000000000000 ) ) ;
#4450 = ORIENTED_EDGE ( 'NONE', *, *, #6496, .T. ) ;
#4451 = CARTESIAN_POINT ( 'NONE',  ( -21.16000000000000014, 1.102827020480174781E-14, -53.84951795962939514 ) ) ;
#4452 = COLOUR_RGB ( '',0.2509803921568627416, 0.2509803921568627416, 0.2509803921568627416 ) ;
#4453 = EDGE_CURVE ( 'NONE', #7714, #8938, #5218, .T. ) ;
#4454 = CIRCLE ( 'NONE', #3162, 3.000000000000002665 ) ;
#4455 = CARTESIAN_POINT ( 'NONE',  ( 31.00000000000002132, 14.99999999999895373, 45.39999999999999858 ) ) ;
#4456 = DIRECTION ( 'NONE',  ( -1.000000000000000000, 0.000000000000000000, 0.000000000000000000 ) ) ;
#4457 =( BOUNDED_CURVE ( )  B_SPLINE_CURVE ( 3, ( #3071, #6921, #6126, #5420 ),
 .UNSPECIFIED., .F., .T. ) 
 B_SPLINE_CURVE_WITH_KNOTS ( ( 4, 4 ),
 ( 4.712388980384687009, 5.034139534781324699 ),
 .UNSPECIFIED. ) 
 CURVE ( )  GEOMETRIC_REPRESENTATION_ITEM ( )  RATIONAL_B_SPLINE_CURVE ( ( 1.000000000000000000, 0.9913916384249980007, 0.9913916384249980007, 1.000000000000000000 ) ) 
 REPRESENTATION_ITEM ( '' )  );
#4458 = DIRECTION ( 'NONE',  ( -1.000000000000000000, 0.000000000000000000, 0.000000000000000000 ) ) ;
#4459 =( NAMED_UNIT ( * ) SI_UNIT ( $, .STERADIAN. ) SOLID_ANGLE_UNIT ( ) );
#4460 = MECHANICAL_DESIGN_GEOMETRIC_PRESENTATION_REPRESENTATION (  '', ( #9580 ), #10030 ) ;
#4461 = LINE ( 'NONE', #1350, #9083 ) ;
#4462 = ORIENTED_EDGE ( 'NONE', *, *, #8711, .T. ) ;
#4463 = PLANE ( 'NONE',  #10061 ) ;
#4464 = VECTOR ( 'NONE', #5025, 1000.000000000000000 ) ;
#4465 = ADVANCED_FACE ( 'NONE', ( #33 ), #1598, .F. ) ;
#4466 = FILL_AREA_STYLE ('',( #4573 ) ) ;
#4467 = DIRECTION ( 'NONE',  ( -1.000000000000000000, -1.776356839400250465E-15, 0.000000000000000000 ) ) ;
#4468 = VECTOR ( 'NONE', #3062, 1000.000000000000000 ) ;
#4469 = DIRECTION ( 'NONE',  ( -0.000000000000000000, 1.000000000000000000, -0.000000000000000000 ) ) ;
#4470 = CARTESIAN_POINT ( 'NONE',  ( 31.00000000000002132, 14.99999999999895373, 46.39999999999999858 ) ) ;
#4471 = EDGE_CURVE ( 'NONE', #9392, #926, #4457, .T. ) ;
#4472 = CARTESIAN_POINT ( 'NONE',  ( 0.000000000000000000, 0.000000000000000000, 39.00000000000000000 ) ) ;
#4473 = AXIS2_PLACEMENT_3D ( 'NONE', #467, #8467, #5239 ) ;
#4474 = ORIENTED_EDGE ( 'NONE', *, *, #4392, .T. ) ;
#4475 = FACE_OUTER_BOUND ( 'NONE', #2771, .T. ) ;
#4476 = DIRECTION ( 'NONE',  ( 0.000000000000000000, 0.000000000000000000, -1.000000000000000000 ) ) ;
#4477 = COLOUR_RGB ( '',0.2509803921568627416, 0.2509803921568627416, 0.2509803921568627416 ) ;
#4478 = PRESENTATION_STYLE_ASSIGNMENT (( #5254 ) ) ;
#4479 = PRESENTATION_STYLE_ASSIGNMENT (( #1266 ) ) ;
#4480 = CARTESIAN_POINT ( 'NONE',  ( 28.64999999999999858, 9.779240779943870976, 44.50000000000000000 ) ) ;
#4481 = FILL_AREA_STYLE ('',( #6861 ) ) ;
#4482 =( NAMED_UNIT ( * ) SI_UNIT ( $, .STERADIAN. ) SOLID_ANGLE_UNIT ( ) );
#4483 = SURFACE_STYLE_USAGE ( .BOTH. , #537 ) ;
#4484 = ADVANCED_FACE ( 'NONE', ( #6343 ), #7923, .T. ) ;
#4485 = DIRECTION ( 'NONE',  ( -0.000000000000000000, -0.000000000000000000, 1.000000000000000000 ) ) ;
#4486 = ORIENTED_EDGE ( 'NONE', *, *, #218, .F. ) ;
#4487 = CARTESIAN_POINT ( 'NONE',  ( 28.64999999999999858, 6.020106648094789570, 43.00000000000000000 ) ) ;
#4488 = DIRECTION ( 'NONE',  ( -1.000000000000000000, 2.668805347656620959E-15, 0.000000000000000000 ) ) ;
#4489 = VERTEX_POINT ( 'NONE', #8556 ) ;
#4490 = CIRCLE ( 'NONE', #864, 1.201219330881977854 ) ;
#4491 = PRESENTATION_STYLE_ASSIGNMENT (( #5269 ) ) ;
#4492 = ADVANCED_FACE ( 'NONE', ( #2394 ), #8602, .F. ) ;
#4493 = ORIENTED_EDGE ( 'NONE', *, *, #5243, .T. ) ;
#4494 = SURFACE_STYLE_FILL_AREA ( #3894 ) ;
#4495 = LINE ( 'NONE', #555, #10019 ) ;
#4496 = SURFACE_STYLE_FILL_AREA ( #7815 ) ;
#4497 =( NAMED_UNIT ( * ) SI_UNIT ( $, .STERADIAN. ) SOLID_ANGLE_UNIT ( ) );
#4498 = ORIENTED_EDGE ( 'NONE', *, *, #8790, .T. ) ;
#4499 = VECTOR ( 'NONE', #4859, 1000.000000000000000 ) ;
#4500 =( LENGTH_UNIT ( ) NAMED_UNIT ( * ) SI_UNIT ( .MILLI., .METRE. ) );
#4501 = ORIENTED_EDGE ( 'NONE', *, *, #5302, .T. ) ;
#4502 = FILL_AREA_STYLE_COLOUR ( '', #5168 ) ;
#4503 = AXIS2_PLACEMENT_3D ( 'NONE', #6953, #2045, #422 ) ;
#4504 =( NAMED_UNIT ( * ) PLANE_ANGLE_UNIT ( ) SI_UNIT ( $, .RADIAN. ) );
#4505 = PRESENTATION_LAYER_ASSIGNMENT (  '', '', ( #4038 ) ) ;
#4506 = DIRECTION ( 'NONE',  ( -1.000000000000000000, 0.000000000000000000, 0.000000000000000000 ) ) ;
#4507 = DIRECTION ( 'NONE',  ( -1.334402673828310480E-15, -1.000000000000000000, 0.000000000000000000 ) ) ;
#4508 = UNCERTAINTY_MEASURE_WITH_UNIT (LENGTH_MEASURE( 1.000000000000000082E-05 ), #1045, 'distance_accuracy_value', 'NONE');
#4509 = DIRECTION ( 'NONE',  ( 0.000000000000000000, 0.000000000000000000, -1.000000000000000000 ) ) ;
#4510 = AXIS2_PLACEMENT_3D ( 'NONE', #8553, #3017, #5265 ) ;
#4511 = MANIFOLD_SOLID_BREP ( 'Í¹Ì¨-À­Éì11[3]', #2241 ) ;
#4512 = CARTESIAN_POINT ( 'NONE',  ( 19.15000000000006608, 19.14999999999993463, 8.000000000000000000 ) ) ;
#4513 = VECTOR ( 'NONE', #3512, 1000.000000000000000 ) ;
#4514 = DIRECTION ( 'NONE',  ( -0.000000000000000000, -0.000000000000000000, 1.000000000000000000 ) ) ;
#4515 = MECHANICAL_DESIGN_GEOMETRIC_PRESENTATION_REPRESENTATION (  '', ( #9461 ), #4202 ) ;
#4516 = ORIENTED_EDGE ( 'NONE', *, *, #9624, .F. ) ;
#4517 = CIRCLE ( 'NONE', #53, 25.00000000000000000 ) ;
#4518 =( NAMED_UNIT ( * ) PLANE_ANGLE_UNIT ( ) SI_UNIT ( $, .RADIAN. ) );
#4519 = EDGE_CURVE ( 'NONE', #1879, #9507, #7993, .T. ) ;
#4520 = FILL_AREA_STYLE ('',( #579 ) ) ;
#4521 =( BOUNDED_CURVE ( )  B_SPLINE_CURVE ( 3, ( #3268, #6384, #3931, #6282 ),
 .UNSPECIFIED., .F., .T. ) 
 B_SPLINE_CURVE_WITH_KNOTS ( ( 4, 4 ),
 ( 3.463343207986435246, 4.712388980384690562 ),
 .UNSPECIFIED. ) 
 CURVE ( )  GEOMETRIC_REPRESENTATION_ITEM ( )  RATIONAL_B_SPLINE_CURVE ( ( 1.000000000000000000, 0.8741614567837070471, 0.8741614567837070471, 1.000000000000000000 ) ) 
 REPRESENTATION_ITEM ( '' )  );
#4522 = STYLED_ITEM ( 'NONE', ( #7916 ), #7129 ) ;
#4523 = CARTESIAN_POINT ( 'NONE',  ( 27.65000000000000213, -6.520106648094795787, 41.99999999999999289 ) ) ;
#4524 = CARTESIAN_POINT ( 'NONE',  ( 0.000000000000000000, 0.000000000000000000, 39.00000000000000000 ) ) ;
#4525 = SURFACE_STYLE_USAGE ( .BOTH. , #8425 ) ;
#4526 = UNCERTAINTY_MEASURE_WITH_UNIT (LENGTH_MEASURE( 1.000000000000000082E-05 ), #9178, 'distance_accuracy_value', 'NONE');
#4527 =( LENGTH_UNIT ( ) NAMED_UNIT ( * ) SI_UNIT ( .MILLI., .METRE. ) );
#4528 = VERTEX_POINT ( 'NONE', #5621 ) ;
#4529 = EDGE_CURVE ( 'NONE', #3990, #5034, #7982, .T. ) ;
#4530 = DIRECTION ( 'NONE',  ( 1.000000000000000000, 0.000000000000000000, 0.000000000000000000 ) ) ;
#4531 = COLOUR_RGB ( '',0.2509803921568627416, 0.2509803921568627416, 0.2509803921568627416 ) ;
#4532 = VECTOR ( 'NONE', #359, 1000.000000000000000 ) ;
#4533 = PRESENTATION_STYLE_ASSIGNMENT (( #8480 ) ) ;
#4534 = DIRECTION ( 'NONE',  ( -1.000000000000000000, -5.337610695313264006E-15, 0.000000000000000000 ) ) ;
#4535 = CARTESIAN_POINT ( 'NONE',  ( -2.001604010742331613E-14, -16.00000000000100542, 45.39999999999999858 ) ) ;
#4536 =( GEOMETRIC_REPRESENTATION_CONTEXT ( 3 ) GLOBAL_UNCERTAINTY_ASSIGNED_CONTEXT ( ( #6477 ) ) GLOBAL_UNIT_ASSIGNED_CONTEXT ( ( #3163, #3877, #8066 ) ) REPRESENTATION_CONTEXT ( 'NONE', 'WORKASPACE' ) );
#4537 = CIRCLE ( 'NONE', #72, 25.00000000000000000 ) ;
#4538 = AXIS2_PLACEMENT_3D ( 'NONE', #7932, #388, #8189 ) ;
#4539 = PRESENTATION_LAYER_ASSIGNMENT (  '', '', ( #561 ) ) ;
#4540 = DIRECTION ( 'NONE',  ( -0.000000000000000000, -0.000000000000000000, -1.000000000000000000 ) ) ;
#4541 = VECTOR ( 'NONE', #1855, 1000.000000000000000 ) ;
#4542 = CYLINDRICAL_SURFACE ( 'NONE', #381, 0.5000000000000004441 ) ;
#4543 = FILL_AREA_STYLE ('',( #765 ) ) ;
#4544 = VERTEX_POINT ( 'NONE', #8802 ) ;
#4545 = EDGE_CURVE ( 'NONE', #3554, #2668, #8747, .T. ) ;
#4546 = SURFACE_SIDE_STYLE ('',( #1376 ) ) ;
#4547 = CARTESIAN_POINT ( 'NONE',  ( -13.32957238623956897, -21.14999999999999147, 5.999999999999998224 ) ) ;
#4548 = ORIENTED_EDGE ( 'NONE', *, *, #182, .T. ) ;
#4549 = FILL_AREA_STYLE_COLOUR ( '', #9881 ) ;
#4550 =( GEOMETRIC_REPRESENTATION_CONTEXT ( 3 ) GLOBAL_UNCERTAINTY_ASSIGNED_CONTEXT ( ( #6044 ) ) GLOBAL_UNIT_ASSIGNED_CONTEXT ( ( #85, #2499, #2386 ) ) REPRESENTATION_CONTEXT ( 'NONE', 'WORKASPACE' ) );
#4551 = PRESENTATION_LAYER_ASSIGNMENT (  '', '', ( #5054 ) ) ;
#4552 = ORIENTED_EDGE ( 'NONE', *, *, #1222, .F. ) ;
#4553 = EDGE_CURVE ( 'NONE', #3504, #4286, #3683, .T. ) ;
#4554 = CARTESIAN_POINT ( 'NONE',  ( 27.64999999999999858, -9.779240779943883410, 42.49999999999999289 ) ) ;
#4555 = CARTESIAN_POINT ( 'NONE',  ( -13.32957238623954765, -21.15000000000000568, 37.00000000000000000 ) ) ;
#4556 = DIRECTION ( 'NONE',  ( 1.000000000000000000, 0.000000000000000000, 0.000000000000000000 ) ) ;
#4557 = VERTEX_POINT ( 'NONE', #5095 ) ;
#4558 = ORIENTED_EDGE ( 'NONE', *, *, #9660, .T. ) ;
#4559 = PRESENTATION_STYLE_ASSIGNMENT (( #9984 ) ) ;
#4560 = CARTESIAN_POINT ( 'NONE',  ( 14.99999999999991296, -8.540177112501267849E-14, 45.39999999999999858 ) ) ;
#4561 = AXIS2_PLACEMENT_3D ( 'NONE', #1497, #5987, #2921 ) ;
#4562 = FILL_AREA_STYLE_COLOUR ( '', #8603 ) ;
#4563 = CARTESIAN_POINT ( 'NONE',  ( 25.02420453416674917, 11.29458337472973106, 38.49130268458796422 ) ) ;
#4564 = CARTESIAN_POINT ( 'NONE',  ( 27.65000000000000213, -6.520106648094795787, 41.99999999999999289 ) ) ;
#4565 = DIRECTION ( 'NONE',  ( 1.000000000000000000, 2.668805347656624115E-15, 0.000000000000000000 ) ) ;
#4566 = SURFACE_SIDE_STYLE ('',( #7836 ) ) ;
#4567 = FILL_AREA_STYLE ('',( #9859 ) ) ;
#4568 = CARTESIAN_POINT ( 'NONE',  ( 12.74999999999983480, -15.50000000000102496, 46.40000000000000568 ) ) ;
#4569 = VERTEX_POINT ( 'NONE', #1700 ) ;
#4570 = CARTESIAN_POINT ( 'NONE',  ( 21.14999999999999858, 17.14999999999999503, 37.00000000000000000 ) ) ;
#4571 = CYLINDRICAL_SURFACE ( 'NONE', #550, 1.201219330881977854 ) ;
#4572 = CARTESIAN_POINT ( 'NONE',  ( -13.70000000000016094, -15.00000000000102318, 45.39999999999999858 ) ) ;
#4573 = FILL_AREA_STYLE_COLOUR ( '', #2816 ) ;
#4574 = LINE ( 'NONE', #2797, #969 ) ;
#4575 = CARTESIAN_POINT ( 'NONE',  ( 9.659615384615394262, 0.000000000000000000, 48.29807692307692690 ) ) ;
#4576 = VERTEX_POINT ( 'NONE', #8316 ) ;
#4577 = ADVANCED_FACE ( 'NONE', ( #8034 ), #4368, .F. ) ;
#4578 = CARTESIAN_POINT ( 'NONE',  ( 30.99999999999997868, -16.00000000000100542, 45.39999999999999858 ) ) ;
#4579 = CARTESIAN_POINT ( 'NONE',  ( 0.000000000000000000, -31.00000000000000000, 45.39999999999999858 ) ) ;
#4580 = AXIS2_PLACEMENT_3D ( 'NONE', #407, #8305, #2020 ) ;
#4581 = ADVANCED_FACE ( 'NONE', ( #8469 ), #689, .F. ) ;
#4582 =( NAMED_UNIT ( * ) SI_UNIT ( $, .STERADIAN. ) SOLID_ANGLE_UNIT ( ) );
#4583 = CARTESIAN_POINT ( 'NONE',  ( -13.70000000000016094, -16.00000000000102318, 45.39999999999999858 ) ) ;
#4584 = PLANE ( 'NONE',  #1005 ) ;
#4585 = ORIENTED_EDGE ( 'NONE', *, *, #1732, .F. ) ;
#4586 = COLOUR_RGB ( '',0.2509803921568627416, 0.2509803921568627416, 0.2509803921568627416 ) ;
#4587 = PRESENTATION_STYLE_ASSIGNMENT (( #3880 ) ) ;
#4588 =( NAMED_UNIT ( * ) SI_UNIT ( $, .STERADIAN. ) SOLID_ANGLE_UNIT ( ) );
#4589 = ORIENTED_EDGE ( 'NONE', *, *, #3609, .T. ) ;
#4590 =( GEOMETRIC_REPRESENTATION_CONTEXT ( 3 ) GLOBAL_UNCERTAINTY_ASSIGNED_CONTEXT ( ( #2127 ) ) GLOBAL_UNIT_ASSIGNED_CONTEXT ( ( #974, #3372, #8325 ) ) REPRESENTATION_CONTEXT ( 'NONE', 'WORKASPACE' ) );
#4591 = CARTESIAN_POINT ( 'NONE',  ( 25.65000000000000213, 8.337722339831621809, 38.50000000000000000 ) ) ;
#4592 = CARTESIAN_POINT ( 'NONE',  ( 0.000000000000000000, 13.69999999999897611, 45.39999999999999858 ) ) ;
#4593 =( GEOMETRIC_REPRESENTATION_CONTEXT ( 3 ) GLOBAL_UNCERTAINTY_ASSIGNED_CONTEXT ( ( #2686 ) ) GLOBAL_UNIT_ASSIGNED_CONTEXT ( ( #2603, #8936, #1852 ) ) REPRESENTATION_CONTEXT ( 'NONE', 'WORKASPACE' ) );
#4594 = EDGE_LOOP ( 'NONE', ( #2413, #763, #9779, #9305 ) ) ;
#4595 = SURFACE_STYLE_USAGE ( .BOTH. , #9440 ) ;
#4596 = AXIS2_PLACEMENT_3D ( 'NONE', #2366, #1862, #4252 ) ;
#4597 = ORIENTED_EDGE ( 'NONE', *, *, #8761, .F. ) ;
#4598 = AXIS2_PLACEMENT_3D ( 'NONE', #9499, #927, #6443 ) ;
#4599 = EDGE_CURVE ( 'NONE', #2252, #8759, #1197, .T. ) ;
#4600 = SURFACE_SIDE_STYLE ('',( #2920 ) ) ;
#4601 = CARTESIAN_POINT ( 'NONE',  ( 24.55811388300841358, 10.80986948560773619, 41.99999999999999289 ) ) ;
#4602 = SURFACE_STYLE_FILL_AREA ( #6131 ) ;
#4603 = CARTESIAN_POINT ( 'NONE',  ( 48.64999999999999858, -1.698780669118019615, 41.70121933088194055 ) ) ;
#4604 = EDGE_LOOP ( 'NONE', ( #8081, #3120, #3273, #9748 ) ) ;
#4605 = VECTOR ( 'NONE', #2188, 1000.000000000000000 ) ;
#4606 = EDGE_CURVE ( 'NONE', #4166, #6120, #2843, .T. ) ;
#4607 = MECHANICAL_DESIGN_GEOMETRIC_PRESENTATION_REPRESENTATION (  '', ( #9707 ), #1467 ) ;
#4608 = VECTOR ( 'NONE', #8817, 1000.000000000000000 ) ;
#4609 = CIRCLE ( 'NONE', #8094, 3.349999999999993427 ) ;
#4610 = ORIENTED_EDGE ( 'NONE', *, *, #592, .T. ) ;
#4611 = DIRECTION ( 'NONE',  ( -0.000000000000000000, -0.000000000000000000, 1.000000000000000000 ) ) ;
#4612 = EDGE_LOOP ( 'NONE', ( #3441, #4914, #7043, #9910, #8228, #1973, #3770, #9741, #9455, #7630, #4063, #1125 ) ) ;
#4613 = PRESENTATION_LAYER_ASSIGNMENT (  '', '', ( #1635 ) ) ;
#4614 = FILL_AREA_STYLE ('',( #1454 ) ) ;
#4615 = FACE_OUTER_BOUND ( 'NONE', #6998, .T. ) ;
#4616 = MECHANICAL_DESIGN_GEOMETRIC_PRESENTATION_REPRESENTATION (  '', ( #4138 ), #7274 ) ;
#4617 =( GEOMETRIC_REPRESENTATION_CONTEXT ( 3 ) GLOBAL_UNCERTAINTY_ASSIGNED_CONTEXT ( ( #492 ) ) GLOBAL_UNIT_ASSIGNED_CONTEXT ( ( #4101, #9690, #7930 ) ) REPRESENTATION_CONTEXT ( 'NONE', 'WORKASPACE' ) );
#4618 = CARTESIAN_POINT ( 'NONE',  ( 24.55811388300841358, 11.50358242896913197, 42.05131670194948157 ) ) ;
#4619 = UNCERTAINTY_MEASURE_WITH_UNIT (LENGTH_MEASURE( 1.000000000000000082E-05 ), #7042, 'distance_accuracy_value', 'NONE');
#4620 = PRESENTATION_STYLE_ASSIGNMENT (( #8464 ) ) ;
#4621 = LINE ( 'NONE', #7838, #6542 ) ;
#4622 = DIRECTION ( 'NONE',  ( -0.000000000000000000, -0.000000000000000000, 1.000000000000000000 ) ) ;
#4623 = PRESENTATION_LAYER_ASSIGNMENT (  '', '', ( #9068 ) ) ;
#4624 = VECTOR ( 'NONE', #2384, 1000.000000000000000 ) ;
#4625 = EDGE_LOOP ( 'NONE', ( #9427, #3475, #7758, #2828 ) ) ;
#4626 = CARTESIAN_POINT ( 'NONE',  ( 13.32957238623955831, 21.14999999999999858, 98.84951795962938093 ) ) ;
#4627 =( LENGTH_UNIT ( ) NAMED_UNIT ( * ) SI_UNIT ( .MILLI., .METRE. ) );
#4628 = ADVANCED_FACE ( 'NONE', ( #5394 ), #4463, .F. ) ;
#4629 =( LENGTH_UNIT ( ) NAMED_UNIT ( * ) SI_UNIT ( .MILLI., .METRE. ) );
#4630 = CARTESIAN_POINT ( 'NONE',  ( 48.64999999999999858, 8.673617379884035472E-16, 43.39999999999999147 ) ) ;
#4631 = AXIS2_PLACEMENT_3D ( 'NONE', #3436, #3345, #8049 ) ;
#4632 = ORIENTED_EDGE ( 'NONE', *, *, #207, .F. ) ;
#4633 = DIRECTION ( 'NONE',  ( 0.9486832980505137680, -0.3162277660168379967, 0.000000000000000000 ) ) ;
#4634 = VECTOR ( 'NONE', #3674, 1000.000000000000000 ) ;
#4635 = EDGE_CURVE ( 'NONE', #10094, #3027, #7676, .T. ) ;
#4636 = FILL_AREA_STYLE_COLOUR ( '', #3053 ) ;
#4637 =( NAMED_UNIT ( * ) PLANE_ANGLE_UNIT ( ) SI_UNIT ( $, .RADIAN. ) );
#4638 = AXIS2_PLACEMENT_3D ( 'NONE', #4999, #273, #1018 ) ;
#4639 = CARTESIAN_POINT ( 'NONE',  ( 13.69999999999983764, 14.99999999999897682, 45.39999999999999858 ) ) ;
#4640 =( NAMED_UNIT ( * ) SI_UNIT ( $, .STERADIAN. ) SOLID_ANGLE_UNIT ( ) );
#4641 = VERTEX_POINT ( 'NONE', #6888 ) ;
#4642 = SURFACE_STYLE_FILL_AREA ( #3724 ) ;
#4643 = DIRECTION ( 'NONE',  ( -1.000000000000000000, 0.000000000000000000, -0.000000000000000000 ) ) ;
#4644 = CARTESIAN_POINT ( 'NONE',  ( 48.64999999999999858, -1.463876016620960108E-14, 40.99756133823603932 ) ) ;
#4645 = ORIENTED_EDGE ( 'NONE', *, *, #6530, .T. ) ;
#4646 =( NAMED_UNIT ( * ) SI_UNIT ( $, .STERADIAN. ) SOLID_ANGLE_UNIT ( ) );
#4647 = PRESENTATION_LAYER_ASSIGNMENT (  '', '', ( #850 ) ) ;
#4648 = DIRECTION ( 'NONE',  ( -0.3162277660168374416, 0.9486832980505139901, 0.000000000000000000 ) ) ;
#4649 = CARTESIAN_POINT ( 'NONE',  ( -13.32957238623955831, 21.14999999999999858, 8.000000000000000000 ) ) ;
#4650 = EDGE_CURVE ( 'NONE', #6627, #1418, #9995, .T. ) ;
#4651 = PRESENTATION_LAYER_ASSIGNMENT (  '', '', ( #4316 ) ) ;
#4652 = ORIENTED_EDGE ( 'NONE', *, *, #2273, .T. ) ;
#4653 = FILL_AREA_STYLE ('',( #4549 ) ) ;
#4654 = EDGE_LOOP ( 'NONE', ( #5843, #7934, #7247, #101 ) ) ;
#4655 = FILL_AREA_STYLE ('',( #1385 ) ) ;
#4656 = CARTESIAN_POINT ( 'NONE',  ( 0.000000000000000000, -21.16000000000000725, 39.00000000000000000 ) ) ;
#4657 = CARTESIAN_POINT ( 'NONE',  ( -13.70000000000016094, 0.000000000000000000, 45.39999999999999858 ) ) ;
#4658 = DIRECTION ( 'NONE',  ( -1.000000000000000000, 0.000000000000000000, -0.000000000000000000 ) ) ;
#4659 = ORIENTED_EDGE ( 'NONE', *, *, #4232, .T. ) ;
#4660 = EDGE_CURVE ( 'NONE', #10140, #2555, #2556, .T. ) ;
#4661 = ORIENTED_EDGE ( 'NONE', *, *, #3177, .F. ) ;
#4662 = CARTESIAN_POINT ( 'NONE',  ( 25.04115241211959031, -11.23244115556025946, 38.50000000000000000 ) ) ;
#4663 = ORIENTED_EDGE ( 'NONE', *, *, #8889, .T. ) ;
#4664 = CARTESIAN_POINT ( 'NONE',  ( 28.45468350425435133, 6.452093298358424711, 42.56801334973587814 ) ) ;
#4665 = CARTESIAN_POINT ( 'NONE',  ( 28.64999999999999858, 6.085568291390575979, 38.13092328659060826 ) ) ;
#4666 = PRESENTATION_LAYER_ASSIGNMENT (  '', '', ( #9262 ) ) ;
#4667 = CARTESIAN_POINT ( 'NONE',  ( 25.00811388300841642, -11.35358242896913694, 38.47434164902526277 ) ) ;
#4668 = CARTESIAN_POINT ( 'NONE',  ( 31.00000000000000000, -17.30000000000102389, 45.39999999999999858 ) ) ;
#4669 = CARTESIAN_POINT ( 'NONE',  ( -13.31369220013741206, -21.16000000000000725, 5.999999999999998224 ) ) ;
#4670 = LINE ( 'NONE', #6014, #1403 ) ;
#4671 = EDGE_CURVE ( 'NONE', #3209, #4871, #3201, .T. ) ;
#4672 = CARTESIAN_POINT ( 'NONE',  ( 14.24999999999983835, 15.50000000000015987, 4.500000000000000888 ) ) ;
#4673 = MECHANICAL_DESIGN_GEOMETRIC_PRESENTATION_REPRESENTATION (  '', ( #9107 ), #4194 ) ;
#4674 =( LENGTH_UNIT ( ) NAMED_UNIT ( * ) SI_UNIT ( .MILLI., .METRE. ) );
#4675 = ORIENTED_EDGE ( 'NONE', *, *, #9057, .T. ) ;
#4676 = ADVANCED_FACE ( 'NONE', ( #3302 ), #8722, .T. ) ;
#4677 = CARTESIAN_POINT ( 'NONE',  ( 27.80811388300841713, 10.25358242896912664, 38.50000000000000000 ) ) ;
#4678 = VECTOR ( 'NONE', #169, 1000.000000000000000 ) ;
#4680 = PRESENTATION_STYLE_ASSIGNMENT (( #8781 ) ) ;
#4679 =( GEOMETRIC_REPRESENTATION_CONTEXT ( 3 ) GLOBAL_UNCERTAINTY_ASSIGNED_CONTEXT ( ( #8258 ) ) GLOBAL_UNIT_ASSIGNED_CONTEXT ( ( #8900, #5727, #1034 ) ) REPRESENTATION_CONTEXT ( 'NONE', 'WORKASPACE' ) );
#4681 = STYLED_ITEM ( 'NONE', ( #10011 ), #1575 ) ;
#4682 = FACE_OUTER_BOUND ( 'NONE', #5264, .T. ) ;
#4683 = ORIENTED_EDGE ( 'NONE', *, *, #8479, .F. ) ;
#4684 = DIRECTION ( 'NONE',  ( -0.000000000000000000, -0.000000000000000000, -1.000000000000000000 ) ) ;
#4685 = UNCERTAINTY_MEASURE_WITH_UNIT (LENGTH_MEASURE( 1.000000000000000082E-05 ), #1327, 'distance_accuracy_value', 'NONE');
#4686 = EDGE_CURVE ( 'NONE', #6606, #5982, #32, .T. ) ;
#4687 = DIRECTION ( 'NONE',  ( -0.9486832980505139901, -0.3162277660168376636, 0.000000000000000000 ) ) ;
#4688 =( NAMED_UNIT ( * ) PLANE_ANGLE_UNIT ( ) SI_UNIT ( $, .RADIAN. ) );
#4689 = PRESENTATION_STYLE_ASSIGNMENT (( #8694 ) ) ;
#4690 = CARTESIAN_POINT ( 'NONE',  ( -15.00000000000016165, -17.30000000000102389, 45.39999999999999858 ) ) ;
#4691 = VERTEX_POINT ( 'NONE', #4028 ) ;
#4692 = CARTESIAN_POINT ( 'NONE',  ( 2.001604010742336977E-14, -16.00000000000104805, 45.39999999999999858 ) ) ;
#4693 = FACE_OUTER_BOUND ( 'NONE', #7029, .T. ) ;
#4694 = CARTESIAN_POINT ( 'NONE',  ( 0.000000000000000000, 0.000000000000000000, 8.000000000000000000 ) ) ;
#4695 = ORIENTED_EDGE ( 'NONE', *, *, #7881, .F. ) ;
#4696 = VECTOR ( 'NONE', #6380, 1000.000000000000000 ) ;
#4697 = DIRECTION ( 'NONE',  ( -0.000000000000000000, 0.000000000000000000, 1.000000000000000000 ) ) ;
#4698 = ORIENTED_EDGE ( 'NONE', *, *, #7620, .F. ) ;
#4699 = EDGE_LOOP ( 'NONE', ( #6389, #239, #6556, #9438 ) ) ;
#4700 = PRESENTATION_LAYER_ASSIGNMENT (  '', '', ( #737 ) ) ;
#4701 = AXIS2_PLACEMENT_3D ( 'NONE', #7392, #6068, #2906 ) ;
#4702 = COLOUR_RGB ( '',0.2509803921568627416, 0.2509803921568627416, 0.2509803921568627416 ) ;
#4703 = DIRECTION ( 'NONE',  ( -1.000000000000000000, 0.000000000000000000, -0.000000000000000000 ) ) ;
#4704 = SURFACE_STYLE_USAGE ( .BOTH. , #4752 ) ;
#4705 = FILL_AREA_STYLE_COLOUR ( '', #2925 ) ;
#4706 = DIRECTION ( 'NONE',  ( -1.000000000000000000, -2.668805347656632003E-15, 0.000000000000000000 ) ) ;
#4707 = PLANE ( 'NONE',  #3046 ) ;
#4708 = FILL_AREA_STYLE_COLOUR ( '', #315 ) ;
#4709 = EDGE_LOOP ( 'NONE', ( #4761, #6887, #8242 ) ) ;
#4710 = AXIS2_PLACEMENT_3D ( 'NONE', #3637, #6766, #5991 ) ;
#4711 = ADVANCED_FACE ( 'NONE', ( #1619 ), #7165, .F. ) ;
#4712 = CIRCLE ( 'NONE', #9003, 2.899999999999999911 ) ;
#4713 = CIRCLE ( 'NONE', #1079, 16.00000000000000000 ) ;
#4714 = AXIS2_PLACEMENT_3D ( 'NONE', #9210, #5153, #6905 ) ;
#4715 = ORIENTED_EDGE ( 'NONE', *, *, #4025, .T. ) ;
#4716 = EDGE_LOOP ( 'NONE', ( #2918, #9648, #8205, #2518 ) ) ;
#4717 = FILL_AREA_STYLE_COLOUR ( '', #1721 ) ;
#4718 =( NAMED_UNIT ( * ) SI_UNIT ( $, .STERADIAN. ) SOLID_ANGLE_UNIT ( ) );
#4719 = SURFACE_SIDE_STYLE ('',( #3192 ) ) ;
#4720 = LINE ( 'NONE', #5491, #1734 ) ;
#4721 = EDGE_CURVE ( 'NONE', #3580, #399, #6318, .T. ) ;
#4722 = DIRECTION ( 'NONE',  ( -1.000000000000000000, -8.202002250481357549E-17, 0.000000000000000000 ) ) ;
#4723 = CARTESIAN_POINT ( 'NONE',  ( 25.02420453416645785, 11.29458337472966356, 42.50869731541197183 ) ) ;
#4724 = UNCERTAINTY_MEASURE_WITH_UNIT (LENGTH_MEASURE( 1.000000000000000082E-05 ), #1535, 'distance_accuracy_value', 'NONE');
#4725 = CYLINDRICAL_SURFACE ( 'NONE', #3777, 0.5000000000000004441 ) ;
#4726 = SURFACE_STYLE_FILL_AREA ( #9519 ) ;
#4727 = ORIENTED_EDGE ( 'NONE', *, *, #161, .T. ) ;
#4728 = CARTESIAN_POINT ( 'NONE',  ( -21.14999999999999503, 13.32957238623956364, 98.84951795962938093 ) ) ;
#4729 = FACE_OUTER_BOUND ( 'NONE', #9093, .T. ) ;
#4730 = LINE ( 'NONE', #2541, #530 ) ;
#4731 = ADVANCED_FACE ( 'NONE', ( #743 ), #7054, .F. ) ;
#4732 = CARTESIAN_POINT ( 'NONE',  ( 28.14999999999999858, -7.020106648094795787, 38.50000000000000000 ) ) ;
#4733 = FACE_OUTER_BOUND ( 'NONE', #4785, .T. ) ;
#4734 = UNCERTAINTY_MEASURE_WITH_UNIT (LENGTH_MEASURE( 1.000000000000000082E-05 ), #7276, 'distance_accuracy_value', 'NONE');
#4735 =( NAMED_UNIT ( * ) PLANE_ANGLE_UNIT ( ) SI_UNIT ( $, .RADIAN. ) );
#4736 = EDGE_LOOP ( 'NONE', ( #20, #1318, #9090, #8734 ) ) ;
#4737 = CARTESIAN_POINT ( 'NONE',  ( 5.856886116991582014, 17.57065835097474249, 43.00000000000000000 ) ) ;
#4738 = FILL_AREA_STYLE ('',( #4845 ) ) ;
#4739 = ORIENTED_EDGE ( 'NONE', *, *, #9174, .F. ) ;
#4740 = DIRECTION ( 'NONE',  ( -0.000000000000000000, -0.000000000000000000, -1.000000000000000000 ) ) ;
#4741 = DIRECTION ( 'NONE',  ( 1.000000000000000000, 1.334402673828310480E-15, 0.000000000000000000 ) ) ;
#4742 = FACE_OUTER_BOUND ( 'NONE', #8689, .T. ) ;
#4743 = VECTOR ( 'NONE', #7572, 1000.000000000000000 ) ;
#4744 = ORIENTED_EDGE ( 'NONE', *, *, #8772, .T. ) ;
#4745 = CARTESIAN_POINT ( 'NONE',  ( 28.64999999999999858, 1.698780669118024722, 39.29878066911801682 ) ) ;
#4746 = ORIENTED_EDGE ( 'NONE', *, *, #5184, .F. ) ;
#4747 = FACE_OUTER_BOUND ( 'NONE', #1152, .T. ) ;
#4748 = SURFACE_STYLE_FILL_AREA ( #5524 ) ;
#4749 = ORIENTED_EDGE ( 'NONE', *, *, #2055, .F. ) ;
#4750 = VERTEX_POINT ( 'NONE', #8152 ) ;
#4751 = DIRECTION ( 'NONE',  ( 0.000000000000000000, 0.000000000000000000, -1.000000000000000000 ) ) ;
#4752 = SURFACE_SIDE_STYLE ('',( #2559 ) ) ;
#4753 = FILL_AREA_STYLE_COLOUR ( '', #6591 ) ;
#4754 = FILL_AREA_STYLE ('',( #9505 ) ) ;
#4755 = CARTESIAN_POINT ( 'NONE',  ( 0.000000000000000000, 0.000000000000000000, 5.999999999999998224 ) ) ;
#4756 = ORIENTED_EDGE ( 'NONE', *, *, #2431, .T. ) ;
#4757 = CIRCLE ( 'NONE', #282, 25.00000000000000000 ) ;
#4758 = VECTOR ( 'NONE', #7394, 1000.000000000000000 ) ;
#4759 = VECTOR ( 'NONE', #588, 1000.000000000000000 ) ;
#4760 = ORIENTED_EDGE ( 'NONE', *, *, #6608, .F. ) ;
#4761 = ORIENTED_EDGE ( 'NONE', *, *, #5391, .F. ) ;
#4762 = SURFACE_SIDE_STYLE ('',( #156 ) ) ;
#4763 = EDGE_CURVE ( 'NONE', #9008, #4544, #363, .T. ) ;
#4764 = CARTESIAN_POINT ( 'NONE',  ( 48.64999999999999858, 8.673617379884035472E-16, 38.80121933088197039 ) ) ;
#4765 = DIRECTION ( 'NONE',  ( 1.000000000000000000, 0.000000000000000000, 0.000000000000000000 ) ) ;
#4766 = CARTESIAN_POINT ( 'NONE',  ( 15.99999999999983658, -15.00000000000102673, 45.39999999999999858 ) ) ;
#4767 = VECTOR ( 'NONE', #9197, 1000.000000000000000 ) ;
#4768 = PLANE ( 'NONE',  #7522 ) ;
#4769 = DIRECTION ( 'NONE',  ( 0.000000000000000000, 0.000000000000000000, -1.000000000000000000 ) ) ;
#4770 = ORIENTED_EDGE ( 'NONE', *, *, #9091, .F. ) ;
#4771 = STYLED_ITEM ( 'NONE', ( #6429 ), #9463 ) ;
#4772 = CARTESIAN_POINT ( 'NONE',  ( 0.000000000000000000, 0.000000000000000000, -53.84951795962939514 ) ) ;
#4773 = CARTESIAN_POINT ( 'NONE',  ( 25.64999999999999858, -8.337722339831627139, 38.50000000000000000 ) ) ;
#4774 = EDGE_CURVE ( 'NONE', #4033, #7537, #3535, .T. ) ;
#4775 = EDGE_LOOP ( 'NONE', ( #1590, #3350, #8505, #9874 ) ) ;
#4776 = SURFACE_STYLE_USAGE ( .BOTH. , #1521 ) ;
#4777 = STYLED_ITEM ( 'NONE', ( #4689 ), #6410 ) ;
#4778 = PRESENTATION_LAYER_ASSIGNMENT (  '', '', ( #6422 ) ) ;
#4779 = SURFACE_SIDE_STYLE ('',( #7000 ) ) ;
#4780 = DIRECTION ( 'NONE',  ( -4.101001125240678281E-16, -1.000000000000000000, 0.000000000000000000 ) ) ;
#4781 = DIRECTION ( 'NONE',  ( 0.000000000000000000, -0.000000000000000000, 1.000000000000000000 ) ) ;
#4782 = PRESENTATION_STYLE_ASSIGNMENT (( #804 ) ) ;
#4783 = DIRECTION ( 'NONE',  ( -0.000000000000000000, -0.000000000000000000, -1.000000000000000000 ) ) ;
#4784 = CARTESIAN_POINT ( 'NONE',  ( 0.000000000000000000, 21.14999999999999858, 0.000000000000000000 ) ) ;
#4785 = EDGE_LOOP ( 'NONE', ( #3615, #1289, #5024, #9662 ) ) ;
#4786 = MECHANICAL_DESIGN_GEOMETRIC_PRESENTATION_REPRESENTATION (  '', ( #7433 ), #1479 ) ;
#4787 = UNCERTAINTY_MEASURE_WITH_UNIT (LENGTH_MEASURE( 1.000000000000000082E-05 ), #4868, 'distance_accuracy_value', 'NONE');
#4788 =( LENGTH_UNIT ( ) NAMED_UNIT ( * ) SI_UNIT ( .MILLI., .METRE. ) );
#4789 = EDGE_CURVE ( 'NONE', #7732, #1599, #4218, .T. ) ;
#4790 = EDGE_LOOP ( 'NONE', ( #4367, #440, #3494, #261, #1866, #3295 ) ) ;
#4791 = STYLED_ITEM ( 'NONE', ( #8660 ), #6095 ) ;
#4792 = CIRCLE ( 'NONE', #9570, 25.00000000000000000 ) ;
#4793 = LINE ( 'NONE', #9677, #6941 ) ;
#4794 = SURFACE_SIDE_STYLE ('',( #8069 ) ) ;
#4795 = VERTEX_POINT ( 'NONE', #264 ) ;
#4796 =( BOUNDED_CURVE ( )  B_SPLINE_CURVE ( 3, ( #1094, #5887, #443, #9039 ),
 .UNSPECIFIED., .F., .T. ) 
 B_SPLINE_CURVE_WITH_KNOTS ( ( 4, 4 ),
 ( 3.141592653589793116, 4.712388980384689674 ),
 .UNSPECIFIED. ) 
 CURVE ( )  GEOMETRIC_REPRESENTATION_ITEM ( )  RATIONAL_B_SPLINE_CURVE ( ( 1.000000000000000000, 0.8047378541243649375, 0.8047378541243649375, 1.000000000000000000 ) ) 
 REPRESENTATION_ITEM ( '' )  );
#4797 = DIRECTION ( 'NONE',  ( 0.000000000000000000, 0.000000000000000000, -1.000000000000000000 ) ) ;
#4798 = PLANE ( 'NONE',  #8185 ) ;
#4799 =( GEOMETRIC_REPRESENTATION_CONTEXT ( 3 ) GLOBAL_UNCERTAINTY_ASSIGNED_CONTEXT ( ( #5142 ) ) GLOBAL_UNIT_ASSIGNED_CONTEXT ( ( #7504, #546, #5885 ) ) REPRESENTATION_CONTEXT ( 'NONE', 'WORKASPACE' ) );
#4800 = ORIENTED_EDGE ( 'NONE', *, *, #4025, .F. ) ;
#4801 = DIRECTION ( 'NONE',  ( 0.000000000000000000, -0.000000000000000000, 1.000000000000000000 ) ) ;
#4802 = COLOUR_RGB ( '',0.2509803921568627416, 0.2509803921568627416, 0.2509803921568627416 ) ;
#4803 = CARTESIAN_POINT ( 'NONE',  ( -15.49999999999994316, -15.50000000000004974, 4.500000000000000888 ) ) ;
#4804 = EDGE_CURVE ( 'NONE', #9432, #4011, #2726, .T. ) ;
#4805 = COLOUR_RGB ( '',0.2509803921568627416, 0.2509803921568627416, 0.2509803921568627416 ) ;
#4806 = CIRCLE ( 'NONE', #7958, 11.00000000000000000 ) ;
#4807 = ORIENTED_EDGE ( 'NONE', *, *, #7266, .F. ) ;
#4808 = DIRECTION ( 'NONE',  ( 1.000000000000000000, 0.000000000000000000, 0.000000000000000000 ) ) ;
#4809 = EDGE_LOOP ( 'NONE', ( #9980, #4493, #8810, #59 ) ) ;
#4810 = COLOUR_RGB ( '',1.000000000000000000, 0.1686274509803921684, 0.1686274509803921684 ) ;
#4811 = UNCERTAINTY_MEASURE_WITH_UNIT (LENGTH_MEASURE( 1.000000000000000082E-05 ), #9852, 'distance_accuracy_value', 'NONE');
#4812 =( LENGTH_UNIT ( ) NAMED_UNIT ( * ) SI_UNIT ( .MILLI., .METRE. ) );
#4813 = EDGE_CURVE ( 'NONE', #6307, #3275, #1102, .T. ) ;
#4814 = PRESENTATION_STYLE_ASSIGNMENT (( #1654 ) ) ;
#4815 = SURFACE_SIDE_STYLE ('',( #145 ) ) ;
#4816 = CARTESIAN_POINT ( 'NONE',  ( 15.50000000000010303, -15.49999999999989164, 5.251075773784450895 ) ) ;
#4817 = CONICAL_SURFACE ( 'NONE', #7789, 1.249999999999997558, 1.029744258676653867 ) ;
#4818 = FACE_OUTER_BOUND ( 'NONE', #3185, .T. ) ;
#4819 = FILL_AREA_STYLE_COLOUR ( '', #8976 ) ;
#4820 = DIRECTION ( 'NONE',  ( -0.000000000000000000, -0.000000000000000000, -1.000000000000000000 ) ) ;
#4821 = EDGE_LOOP ( 'NONE', ( #1352, #5217, #3605, #180 ) ) ;
#4822 = ORIENTED_EDGE ( 'NONE', *, *, #8392, .F. ) ;
#4823 = VERTEX_POINT ( 'NONE', #9711 ) ;
#4824 = FACE_BOUND ( 'NONE', #991, .T. ) ;
#4825 =( GEOMETRIC_REPRESENTATION_CONTEXT ( 3 ) GLOBAL_UNCERTAINTY_ASSIGNED_CONTEXT ( ( #2985 ) ) GLOBAL_UNIT_ASSIGNED_CONTEXT ( ( #8195, #2666, #7212 ) ) REPRESENTATION_CONTEXT ( 'NONE', 'WORKASPACE' ) );
#4826 = CARTESIAN_POINT ( 'NONE',  ( -0.000000000000000000, 13.69999999999897611, 46.39999999999999858 ) ) ;
#4827 = FILL_AREA_STYLE_COLOUR ( '', #6017 ) ;
#4828 =( LENGTH_UNIT ( ) NAMED_UNIT ( * ) SI_UNIT ( .MILLI., .METRE. ) );
#4829 = ORIENTED_EDGE ( 'NONE', *, *, #756, .T. ) ;
#4830 = UNCERTAINTY_MEASURE_WITH_UNIT (LENGTH_MEASURE( 1.000000000000000082E-05 ), #1977, 'distance_accuracy_value', 'NONE');
#4831 =( NAMED_UNIT ( * ) SI_UNIT ( $, .STERADIAN. ) SOLID_ANGLE_UNIT ( ) );
#4832 = CARTESIAN_POINT ( 'NONE',  ( 31.00000000000002132, -16.00000000000104805, 45.39999999999999858 ) ) ;
#4833 = FILL_AREA_STYLE_COLOUR ( '', #9585 ) ;
#4834 = ORIENTED_EDGE ( 'NONE', *, *, #3706, .F. ) ;
#4835 = CARTESIAN_POINT ( 'NONE',  ( 28.64999999999999858, 8.673617379884035472E-16, 40.49999999999999289 ) ) ;
#4836 = MECHANICAL_DESIGN_GEOMETRIC_PRESENTATION_REPRESENTATION (  '', ( #9262 ), #8811 ) ;
#4837 = SURFACE_STYLE_FILL_AREA ( #8099 ) ;
#4838 =( LENGTH_UNIT ( ) NAMED_UNIT ( * ) SI_UNIT ( .MILLI., .METRE. ) );
#4839 = FILL_AREA_STYLE_COLOUR ( '', #4378 ) ;
#4840 =( NAMED_UNIT ( * ) PLANE_ANGLE_UNIT ( ) SI_UNIT ( $, .RADIAN. ) );
#4841 = CARTESIAN_POINT ( 'NONE',  ( 21.14999999999999858, -13.32957238623955654, 8.000000000000000000 ) ) ;
#4842 = UNCERTAINTY_MEASURE_WITH_UNIT (LENGTH_MEASURE( 1.000000000000000082E-05 ), #719, 'distance_accuracy_value', 'NONE');
#4843 = ORIENTED_EDGE ( 'NONE', *, *, #5708, .T. ) ;
#4844 = ADVANCED_FACE ( 'NONE', ( #1776 ), #4266, .T. ) ;
#4845 = FILL_AREA_STYLE_COLOUR ( '', #615 ) ;
#4846 = ORIENTED_EDGE ( 'NONE', *, *, #1986, .T. ) ;
#4847 = COLOUR_RGB ( '',0.2509803921568627416, 0.2509803921568627416, 0.2509803921568627416 ) ;
#4848 = SURFACE_SIDE_STYLE ('',( #7967 ) ) ;
#4849 =( LENGTH_UNIT ( ) NAMED_UNIT ( * ) SI_UNIT ( .MILLI., .METRE. ) );
#4850 = EDGE_CURVE ( 'NONE', #2437, #10204, #7273, .T. ) ;
#4851 = LINE ( 'NONE', #1642, #3409 ) ;
#4852 = DIRECTION ( 'NONE',  ( 0.000000000000000000, 0.000000000000000000, 1.000000000000000000 ) ) ;
#4853 = ORIENTED_EDGE ( 'NONE', *, *, #7708, .T. ) ;
#4854 = CARTESIAN_POINT ( 'NONE',  ( 27.64999999999999858, 6.520106648094790458, 39.00000000000000000 ) ) ;
#4855 = AXIS2_PLACEMENT_3D ( 'NONE', #310, #1934, #5088 ) ;
#4856 = AXIS2_PLACEMENT_3D ( 'NONE', #650, #3110, #9965 ) ;
#4857 =( GEOMETRIC_REPRESENTATION_CONTEXT ( 3 ) GLOBAL_UNCERTAINTY_ASSIGNED_CONTEXT ( ( #5854 ) ) GLOBAL_UNIT_ASSIGNED_CONTEXT ( ( #2743, #1846, #8842 ) ) REPRESENTATION_CONTEXT ( 'NONE', 'WORKASPACE' ) );
#4858 = VERTEX_POINT ( 'NONE', #9663 ) ;
#4859 = DIRECTION ( 'NONE',  ( -0.000000000000000000, -0.000000000000000000, 1.000000000000000000 ) ) ;
#4860 = ORIENTED_EDGE ( 'NONE', *, *, #6357, .T. ) ;
#4861 = PRESENTATION_LAYER_ASSIGNMENT (  '', '', ( #7502 ) ) ;
#4862 = PRESENTATION_STYLE_ASSIGNMENT (( #6300 ) ) ;
#4863 =( BOUNDED_CURVE ( )  B_SPLINE_CURVE ( 3, ( #8236, #7443, #6647, #9782 ),
 .UNSPECIFIED., .F., .T. ) 
 B_SPLINE_CURVE_WITH_KNOTS ( ( 4, 4 ),
 ( 0.000000000000000000, 1.249045772398253096 ),
 .UNSPECIFIED. ) 
 CURVE ( )  GEOMETRIC_REPRESENTATION_ITEM ( )  RATIONAL_B_SPLINE_CURVE ( ( 1.000000000000000000, 0.8741614567837073801, 0.8741614567837073801, 1.000000000000000000 ) ) 
 REPRESENTATION_ITEM ( '' )  );
#4864 =( LENGTH_UNIT ( ) NAMED_UNIT ( * ) SI_UNIT ( .MILLI., .METRE. ) );
#4865 = SURFACE_STYLE_USAGE ( .BOTH. , #3333 ) ;
#4866 = EDGE_CURVE ( 'NONE', #4528, #2170, #2624, .T. ) ;
#4867 = DIRECTION ( 'NONE',  ( -0.000000000000000000, -0.000000000000000000, 1.000000000000000000 ) ) ;
#4868 =( LENGTH_UNIT ( ) NAMED_UNIT ( * ) SI_UNIT ( .MILLI., .METRE. ) );
#4869 = EDGE_LOOP ( 'NONE', ( #7612, #5471, #674, #7562 ) ) ;
#4870 = EDGE_CURVE ( 'NONE', #2802, #8211, #2080, .T. ) ;
#4871 = VERTEX_POINT ( 'NONE', #5384 ) ;
#4872 = SURFACE_STYLE_FILL_AREA ( #8813 ) ;
#4873 = EDGE_LOOP ( 'NONE', ( #3708, #7214 ) ) ;
#4874 = CARTESIAN_POINT ( 'NONE',  ( 15.50000000000010481, -15.49999999999989164, -0.000000000000000000 ) ) ;
#4875 = CARTESIAN_POINT ( 'NONE',  ( 0.000000000000000000, 0.000000000000000000, 5.999999999999998224 ) ) ;
#4876 = FACE_BOUND ( 'NONE', #6587, .T. ) ;
#4877 = STYLED_ITEM ( 'NONE', ( #1456 ), #7740 ) ;
#4878 = ORIENTED_EDGE ( 'NONE', *, *, #244, .F. ) ;
#4879 =( GEOMETRIC_REPRESENTATION_CONTEXT ( 3 ) GLOBAL_UNCERTAINTY_ASSIGNED_CONTEXT ( ( #4226 ) ) GLOBAL_UNIT_ASSIGNED_CONTEXT ( ( #2060, #10126, #8436 ) ) REPRESENTATION_CONTEXT ( 'NONE', 'WORKASPACE' ) );
#4880 = COLOUR_RGB ( '',0.2509803921568627416, 0.2509803921568627416, 0.2509803921568627416 ) ;
#4881 = CARTESIAN_POINT ( 'NONE',  ( -15.00000000000016165, -13.70000000000102425, 46.39999999999999858 ) ) ;
#4882 = ADVANCED_FACE ( 'NONE', ( #8456 ), #1245, .T. ) ;
#4883 = VERTEX_POINT ( 'NONE', #8565 ) ;
#4884 = CARTESIAN_POINT ( 'NONE',  ( 27.65000000000000213, 9.779240779943872752, 42.49999999999999289 ) ) ;
#4885 =( LENGTH_UNIT ( ) NAMED_UNIT ( * ) SI_UNIT ( .MILLI., .METRE. ) );
#4886 = CARTESIAN_POINT ( 'NONE',  ( -11.50000000000000000, 0.000000000000000000, 0.5000000000000000000 ) ) ;
#4887 = FILL_AREA_STYLE ('',( #908 ) ) ;
#4888 = LINE ( 'NONE', #8058, #5681 ) ;
#4889 = CYLINDRICAL_SURFACE ( 'NONE', #3214, 0.5000000000000004441 ) ;
#4890 = EDGE_CURVE ( 'NONE', #6490, #7714, #8512, .T. ) ;
#4891 = FILL_AREA_STYLE ('',( #8061 ) ) ;
#4892 = ORIENTED_EDGE ( 'NONE', *, *, #3974, .F. ) ;
#4893 =( NAMED_UNIT ( * ) SI_UNIT ( $, .STERADIAN. ) SOLID_ANGLE_UNIT ( ) );
#4894 = DIRECTION ( 'NONE',  ( -0.000000000000000000, -0.000000000000000000, 1.000000000000000000 ) ) ;
#4895 = ADVANCED_FACE ( 'NONE', ( #410 ), #505, .F. ) ;
#4896 = CARTESIAN_POINT ( 'NONE',  ( -13.70000000000016094, 14.99999999999897682, 45.39999999999999858 ) ) ;
#4897 = FILL_AREA_STYLE_COLOUR ( '', #7989 ) ;
#4898 = SURFACE_STYLE_USAGE ( .BOTH. , #1746 ) ;
#4899 = CARTESIAN_POINT ( 'NONE',  ( -19.14999999999996305, 19.15000000000003055, -0.000000000000000000 ) ) ;
#4900 = ORIENTED_EDGE ( 'NONE', *, *, #9080, .T. ) ;
#4901 = CARTESIAN_POINT ( 'NONE',  ( 48.64999999999999858, 8.673617379884035472E-16, 40.49999999999999289 ) ) ;
#4902 =( NAMED_UNIT ( * ) PLANE_ANGLE_UNIT ( ) SI_UNIT ( $, .RADIAN. ) );
#4903 = ORIENTED_EDGE ( 'NONE', *, *, #606, .F. ) ;
#4904 = ADVANCED_FACE ( 'NONE', ( #3031 ), #9337, .F. ) ;
#4905 = ORIENTED_EDGE ( 'NONE', *, *, #6117, .T. ) ;
#4906 = CARTESIAN_POINT ( 'NONE',  ( 16.74999999999983302, 15.50000000000015987, 4.500000000000000888 ) ) ;
#4907 = SURFACE_STYLE_USAGE ( .BOTH. , #10197 ) ;
#4908 = CARTESIAN_POINT ( 'NONE',  ( 28.14999999999999858, 7.020106648094790458, 42.49999999999999289 ) ) ;
#4909 = SURFACE_STYLE_FILL_AREA ( #7203 ) ;
#4910 = SURFACE_STYLE_FILL_AREA ( #4754 ) ;
#4911 =( NAMED_UNIT ( * ) SI_UNIT ( $, .STERADIAN. ) SOLID_ANGLE_UNIT ( ) );
#4912 = ORIENTED_EDGE ( 'NONE', *, *, #311, .T. ) ;
#4913 = CIRCLE ( 'NONE', #9833, 0.4999999999999995004 ) ;
#4914 = ORIENTED_EDGE ( 'NONE', *, *, #1863, .F. ) ;
#4915 = EDGE_CURVE ( 'NONE', #8194, #1486, #6756, .T. ) ;
#4916 = ORIENTED_EDGE ( 'NONE', *, *, #4650, .F. ) ;
#4917 = CARTESIAN_POINT ( 'NONE',  ( 31.00000000000000000, -31.00000000000000000, 46.39999999999999858 ) ) ;
#4918 = PLANE ( 'NONE',  #6654 ) ;
#4919 = AXIS2_PLACEMENT_3D ( 'NONE', #1435, #10130, #8600 ) ;
#4920 =( NAMED_UNIT ( * ) PLANE_ANGLE_UNIT ( ) SI_UNIT ( $, .RADIAN. ) );
#4921 =( NAMED_UNIT ( * ) SI_UNIT ( $, .STERADIAN. ) SOLID_ANGLE_UNIT ( ) );
#4922 = LINE ( 'NONE', #2576, #3647 ) ;
#4923 = ORIENTED_EDGE ( 'NONE', *, *, #8082, .T. ) ;
#4924 = COLOUR_RGB ( '',0.2509803921568627416, 0.2509803921568627416, 0.2509803921568627416 ) ;
#4925 = FILL_AREA_STYLE_COLOUR ( '', #3292 ) ;
#4926 = FACE_OUTER_BOUND ( 'NONE', #155, .T. ) ;
#4927 = AXIS2_PLACEMENT_3D ( 'NONE', #427, #6589, #3419 ) ;
#4928 = VERTEX_POINT ( 'NONE', #4434 ) ;
#4929 = DIRECTION ( 'NONE',  ( -1.000000000000000000, 0.000000000000000000, 0.000000000000000000 ) ) ;
#4930 =( LENGTH_UNIT ( ) NAMED_UNIT ( * ) SI_UNIT ( .MILLI., .METRE. ) );
#4931 = VECTOR ( 'NONE', #2041, 1000.000000000000000 ) ;
#4932 = CIRCLE ( 'NONE', #1799, 3.500000000000000000 ) ;
#4933 = LINE ( 'NONE', #8104, #5753 ) ;
#4934 =( NAMED_UNIT ( * ) SI_UNIT ( $, .STERADIAN. ) SOLID_ANGLE_UNIT ( ) );
#4935 = CARTESIAN_POINT ( 'NONE',  ( 28.28087395097022494, -6.994079317480740521, 38.48698633469297903 ) ) ;
#4936 =( NAMED_UNIT ( * ) SI_UNIT ( $, .STERADIAN. ) SOLID_ANGLE_UNIT ( ) );
#4937 = MECHANICAL_DESIGN_GEOMETRIC_PRESENTATION_REPRESENTATION (  '', ( #5429 ), #9846 ) ;
#4938 = SURFACE_STYLE_FILL_AREA ( #4891 ) ;
#4939 = ORIENTED_EDGE ( 'NONE', *, *, #5477, .F. ) ;
#4940 = CARTESIAN_POINT ( 'NONE',  ( 24.55811388300841713, -11.50358242896913730, 42.05131670194948157 ) ) ;
#4941 = AXIS2_PLACEMENT_3D ( 'NONE', #3923, #2246, #8576 ) ;
#4942 = DIRECTION ( 'NONE',  ( 2.668805347656631609E-15, -1.000000000000000000, 0.000000000000000000 ) ) ;
#4943 = VECTOR ( 'NONE', #534, 1000.000000000000000 ) ;
#4944 = COLOUR_RGB ( '',0.2509803921568627416, 0.2509803921568627416, 0.2509803921568627416 ) ;
#4945 = MECHANICAL_DESIGN_GEOMETRIC_PRESENTATION_REPRESENTATION (  '', ( #4132 ), #9855 ) ;
#4946 = EDGE_CURVE ( 'NONE', #3900, #3743, #528, .T. ) ;
#4947 = ORIENTED_EDGE ( 'NONE', *, *, #6157, .T. ) ;
#4948 = FILL_AREA_STYLE_COLOUR ( '', #2198 ) ;
#4949 = FACE_BOUND ( 'NONE', #1240, .T. ) ;
#4950 = PRESENTATION_STYLE_ASSIGNMENT (( #3369 ) ) ;
#4951 = ORIENTED_EDGE ( 'NONE', *, *, #3466, .F. ) ;
#4952 = FILL_AREA_STYLE_COLOUR ( '', #8083 ) ;
#4953 = FACE_OUTER_BOUND ( 'NONE', #3591, .T. ) ;
#4954 = UNCERTAINTY_MEASURE_WITH_UNIT (LENGTH_MEASURE( 1.000000000000000082E-05 ), #3332, 'distance_accuracy_value', 'NONE');
#4955 = ADVANCED_FACE ( 'NONE', ( #5320 ), #3828, .T. ) ;
#4956 = VECTOR ( 'NONE', #7761, 1000.000000000000000 ) ;
#4957 =( GEOMETRIC_REPRESENTATION_CONTEXT ( 3 ) GLOBAL_UNCERTAINTY_ASSIGNED_CONTEXT ( ( #10118 ) ) GLOBAL_UNIT_ASSIGNED_CONTEXT ( ( #1096, #3489, #1925 ) ) REPRESENTATION_CONTEXT ( 'NONE', 'WORKASPACE' ) );
#4958 = ORIENTED_EDGE ( 'NONE', *, *, #4671, .F. ) ;
#4959 = FILL_AREA_STYLE_COLOUR ( '', #4064 ) ;
#4960 = FILL_AREA_STYLE ('',( #7298 ) ) ;
#4961 = DIRECTION ( 'NONE',  ( 0.7071067811865460184, 0.000000000000000000, 0.7071067811865489050 ) ) ;
#4962 =( NAMED_UNIT ( * ) SI_UNIT ( $, .STERADIAN. ) SOLID_ANGLE_UNIT ( ) );
#4963 = DIRECTION ( 'NONE',  ( 0.000000000000000000, -1.000000000000000000, 0.000000000000000000 ) ) ;
#4964 = ORIENTED_EDGE ( 'NONE', *, *, #10097, .T. ) ;
#4965 = ADVANCED_FACE ( 'NONE', ( #9122 ), #3676, .T. ) ;
#4966 = AXIS2_PLACEMENT_3D ( 'NONE', #6402, #4820, #9645 ) ;
#4967 = CIRCLE ( 'NONE', #3632, 1.249999999999997558 ) ;
#4968 = MECHANICAL_DESIGN_GEOMETRIC_PRESENTATION_REPRESENTATION (  '', ( #5944 ), #8153 ) ;
#4970 = ADVANCED_FACE ( 'NONE', ( #2063 ), #7166, .T. ) ;
#4969 = EDGE_LOOP ( 'NONE', ( #3265, #7675, #5933, #133 ) ) ;
#4971 = DIRECTION ( 'NONE',  ( -1.000000000000000000, 2.668805347656620959E-15, 0.000000000000000000 ) ) ;
#4972 = EDGE_LOOP ( 'NONE', ( #7172, #1940, #2788, #8712 ) ) ;
#4973 = LINE ( 'NONE', #8141, #4363 ) ;
#4974 = AXIS2_PLACEMENT_3D ( 'NONE', #8227, #8278, #1262 ) ;
#4975 =( NAMED_UNIT ( * ) PLANE_ANGLE_UNIT ( ) SI_UNIT ( $, .RADIAN. ) );
#4976 = LINE ( 'NONE', #5832, #9767 ) ;
#4977 = PRESENTATION_STYLE_ASSIGNMENT (( #5783 ) ) ;
#4978 = CARTESIAN_POINT ( 'NONE',  ( 0.000000000000000000, 0.000000000000000000, 39.00000000000000000 ) ) ;
#4979 = PRESENTATION_LAYER_ASSIGNMENT (  '', '', ( #7125 ) ) ;
#4980 = ORIENTED_EDGE ( 'NONE', *, *, #7756, .F. ) ;
#4981 = EDGE_CURVE ( 'NONE', #4883, #3929, #5594, .T. ) ;
#4982 = SURFACE_STYLE_USAGE ( .BOTH. , #6467 ) ;
#4983 =( GEOMETRIC_REPRESENTATION_CONTEXT ( 3 ) GLOBAL_UNCERTAINTY_ASSIGNED_CONTEXT ( ( #8018 ) ) GLOBAL_UNIT_ASSIGNED_CONTEXT ( ( #10169, #584, #5306 ) ) REPRESENTATION_CONTEXT ( 'NONE', 'WORKASPACE' ) );
#4984 = CARTESIAN_POINT ( 'NONE',  ( 28.54983341605690228, -6.634653378354149922, 42.69272663487035402 ) ) ;
#4985 = ORIENTED_EDGE ( 'NONE', *, *, #2068, .T. ) ;
#4986 = DIRECTION ( 'NONE',  ( -0.000000000000000000, -0.000000000000000000, -1.000000000000000000 ) ) ;
#4987 =( GEOMETRIC_REPRESENTATION_CONTEXT ( 3 ) GLOBAL_UNCERTAINTY_ASSIGNED_CONTEXT ( ( #9758 ) ) GLOBAL_UNIT_ASSIGNED_CONTEXT ( ( #1519, #350, #5082 ) ) REPRESENTATION_CONTEXT ( 'NONE', 'WORKASPACE' ) );
#4988 =( LENGTH_UNIT ( ) NAMED_UNIT ( * ) SI_UNIT ( .MILLI., .METRE. ) );
#4989 = CARTESIAN_POINT ( 'NONE',  ( 28.64999999999999858, 0.000000000000000000, 0.000000000000000000 ) ) ;
#4990 = CARTESIAN_POINT ( 'NONE',  ( -15.00000000000012434, -31.00000000000004263, 45.39999999999999858 ) ) ;
#4991 = CARTESIAN_POINT ( 'NONE',  ( 13.32957238623955121, -21.15000000000000568, 98.84951795962938093 ) ) ;
#4992 = CARTESIAN_POINT ( 'NONE',  ( 28.63698633608207800, -6.150980595711436294, 38.26174789523361852 ) ) ;
#4993 = PRESENTATION_STYLE_ASSIGNMENT (( #1157 ) ) ;
#4994 = EDGE_CURVE ( 'NONE', #9581, #6619, #8956, .T. ) ;
#4995 = DIRECTION ( 'NONE',  ( 0.000000000000000000, 0.000000000000000000, -1.000000000000000000 ) ) ;
#4996 = ORIENTED_EDGE ( 'NONE', *, *, #4981, .T. ) ;
#4997 = UNCERTAINTY_MEASURE_WITH_UNIT (LENGTH_MEASURE( 1.000000000000000082E-05 ), #1238, 'distance_accuracy_value', 'NONE');
#4998 = MECHANICAL_DESIGN_GEOMETRIC_PRESENTATION_REPRESENTATION (  '', ( #349 ), #8148 ) ;
#4999 = CARTESIAN_POINT ( 'NONE',  ( 25.05811388300841713, -11.50358242896914085, 42.05131670194948867 ) ) ;
#5000 = EDGE_CURVE ( 'NONE', #77, #3944, #4490, .T. ) ;
#5001 =( LENGTH_UNIT ( ) NAMED_UNIT ( * ) SI_UNIT ( .MILLI., .METRE. ) );
#5002 = DIRECTION ( 'NONE',  ( 1.000000000000000000, 1.334402673828310480E-15, 0.000000000000000000 ) ) ;
#5003 = PRESENTATION_LAYER_ASSIGNMENT (  '', '', ( #354 ) ) ;
#5004 = CARTESIAN_POINT ( 'NONE',  ( -13.32957238623956009, 21.14999999999999503, 39.00000000000000000 ) ) ;
#5005 = DIRECTION ( 'NONE',  ( -1.000000000000000000, 0.000000000000000000, 0.000000000000000000 ) ) ;
#5006 = EDGE_CURVE ( 'NONE', #8759, #2252, #5322, .T. ) ;
#5007 = LINE ( 'NONE', #3416, #1175 ) ;
#5008 = ORIENTED_EDGE ( 'NONE', *, *, #10073, .F. ) ;
#5009 = LINE ( 'NONE', #8180, #8245 ) ;
#5010 = MECHANICAL_DESIGN_GEOMETRIC_PRESENTATION_REPRESENTATION (  '', ( #3045 ), #7325 ) ;
#5011 = VECTOR ( 'NONE', #1369, 1000.000000000000000 ) ;
#5012 = ORIENTED_EDGE ( 'NONE', *, *, #3184, .F. ) ;
#5013 = CARTESIAN_POINT ( 'NONE',  ( -16.00000000000020606, 4.270088556250648439E-14, 45.39999999999999858 ) ) ;
#5014 = DIRECTION ( 'NONE',  ( 0.000000000000000000, 0.000000000000000000, 1.000000000000000000 ) ) ;
#5015 = DIRECTION ( 'NONE',  ( -1.000000000000000000, 0.000000000000000000, 0.000000000000000000 ) ) ;
#5016 = CARTESIAN_POINT ( 'NONE',  ( -17.14999999999999147, 21.14999999999999858, 0.000000000000000000 ) ) ;
#5017 = CARTESIAN_POINT ( 'NONE',  ( 48.64999999999999858, 1.234755777732609386E-15, 37.49999999999999289 ) ) ;
#5018 = CARTESIAN_POINT ( 'NONE',  ( -17.15000000000000568, 21.14999999999999858, 37.00000000000000000 ) ) ;
#5019 = ORIENTED_EDGE ( 'NONE', *, *, #9796, .F. ) ;
#5020 = AXIS2_PLACEMENT_3D ( 'NONE', #3727, #9971, #2958 ) ;
#5021 = MECHANICAL_DESIGN_GEOMETRIC_PRESENTATION_REPRESENTATION (  '', ( #2391 ), #6984 ) ;
#5022 = VECTOR ( 'NONE', #3937, 1000.000000000000000 ) ;
#5023 = AXIS2_PLACEMENT_3D ( 'NONE', #10164, #7167, #8829 ) ;
#5024 = ORIENTED_EDGE ( 'NONE', *, *, #5287, .T. ) ;
#5025 = DIRECTION ( 'NONE',  ( -0.000000000000000000, -0.000000000000000000, 1.000000000000000000 ) ) ;
#5026 = ORIENTED_EDGE ( 'NONE', *, *, #9808, .T. ) ;
#5027 = PRESENTATION_LAYER_ASSIGNMENT (  '', '', ( #2400 ) ) ;
#5028 = LINE ( 'NONE', #400, #3712 ) ;
#5029 =( GEOMETRIC_REPRESENTATION_CONTEXT ( 3 ) GLOBAL_UNCERTAINTY_ASSIGNED_CONTEXT ( ( #911 ) ) GLOBAL_UNIT_ASSIGNED_CONTEXT ( ( #5659, #5711, #4321 ) ) REPRESENTATION_CONTEXT ( 'NONE', 'WORKASPACE' ) );
#5030 = CARTESIAN_POINT ( 'NONE',  ( 24.55811388300841358, 11.28379111273216218, 39.00000000000000000 ) ) ;
#5031 =( LENGTH_UNIT ( ) NAMED_UNIT ( * ) SI_UNIT ( .MILLI., .METRE. ) );
#5032 = CARTESIAN_POINT ( 'NONE',  ( 15.99999999999981704, 2.001604010742490016E-14, 45.39999999999999858 ) ) ;
#5033 = LINE ( 'NONE', #7265, #1317 ) ;
#5035 = EDGE_CURVE ( 'NONE', #838, #7122, #2540, .T. ) ;
#5034 = VERTEX_POINT ( 'NONE', #6421 ) ;
#5036 = PRESENTATION_LAYER_ASSIGNMENT (  '', '', ( #1380 ) ) ;
#5037 = AXIS2_PLACEMENT_3D ( 'NONE', #6511, #9743, #2717 ) ;
#5038 = VECTOR ( 'NONE', #5853, 1000.000000000000000 ) ;
#5039 = CARTESIAN_POINT ( 'NONE',  ( 28.58689319642938997, -6.523725617591514592, 42.74819051525198432 ) ) ;
#5040 = ORIENTED_EDGE ( 'NONE', *, *, #1732, .T. ) ;
#5041 = EDGE_CURVE ( 'NONE', #3130, #1547, #9615, .T. ) ;
#5042 = FILL_AREA_STYLE ('',( #3646 ) ) ;
#5043 = AXIS2_PLACEMENT_3D ( 'NONE', #3355, #7226, #116 ) ;
#5044 = COLOUR_RGB ( '',0.2509803921568627416, 0.2509803921568627416, 0.2509803921568627416 ) ;
#5045 = SURFACE_STYLE_USAGE ( .BOTH. , #1156 ) ;
#5046 = VECTOR ( 'NONE', #3781, 1000.000000000000000 ) ;
#5047 = LINE ( 'NONE', #4176, #6505 ) ;
#5048 = UNCERTAINTY_MEASURE_WITH_UNIT (LENGTH_MEASURE( 1.000000000000000082E-05 ), #6854, 'distance_accuracy_value', 'NONE');
#5049 = CARTESIAN_POINT ( 'NONE',  ( 24.51907571263258490, -11.74388274759359696, 38.36131715587260516 ) ) ;
#5050 = ORIENTED_EDGE ( 'NONE', *, *, #4144, .T. ) ;
#5051 =( LENGTH_UNIT ( ) NAMED_UNIT ( * ) SI_UNIT ( .MILLI., .METRE. ) );
#5052 =( GEOMETRIC_REPRESENTATION_CONTEXT ( 3 ) GLOBAL_UNCERTAINTY_ASSIGNED_CONTEXT ( ( #7225 ) ) GLOBAL_UNIT_ASSIGNED_CONTEXT ( ( #5031, #4920, #211 ) ) REPRESENTATION_CONTEXT ( 'NONE', 'WORKASPACE' ) );
#5053 = CARTESIAN_POINT ( 'NONE',  ( -2.799999999999999822, 0.000000000000000000, 1.000000000000000000 ) ) ;
#5054 = STYLED_ITEM ( 'NONE', ( #4479 ), #5546 ) ;
#5055 = ADVANCED_FACE ( 'NONE', ( #5646 ), #5517, .F. ) ;
#5056 = CARTESIAN_POINT ( 'NONE',  ( 17.29999999999983729, 14.99999999999897682, 46.39999999999999858 ) ) ;
#5057 = CARTESIAN_POINT ( 'NONE',  ( -19.14999999999996305, -19.15000000000002700, 47.00000000000000000 ) ) ;
#5058 = LINE ( 'NONE', #9727, #745 ) ;
#5059 = CARTESIAN_POINT ( 'NONE',  ( 21.14999999999999858, 12.99999999999999822, 46.00000000000000711 ) ) ;
#5060 = ORIENTED_EDGE ( 'NONE', *, *, #9384, .F. ) ;
#5061 = ORIENTED_EDGE ( 'NONE', *, *, #1047, .F. ) ;
#5062 = VECTOR ( 'NONE', #1478, 1000.000000000000000 ) ;
#5063 = PRESENTATION_STYLE_ASSIGNMENT (( #1913 ) ) ;
#5064 = CARTESIAN_POINT ( 'NONE',  ( 0.000000000000000000, 0.000000000000000000, 37.00000000000000000 ) ) ;
#5065 = DIRECTION ( 'NONE',  ( -0.000000000000000000, -0.000000000000000000, -1.000000000000000000 ) ) ;
#5066 = SURFACE_STYLE_USAGE ( .BOTH. , #1860 ) ;
#5067 = ADVANCED_FACE ( 'NONE', ( #7469 ), #5896, .T. ) ;
#5068 = ORIENTED_EDGE ( 'NONE', *, *, #5655, .F. ) ;
#5069 = UNCERTAINTY_MEASURE_WITH_UNIT (LENGTH_MEASURE( 1.000000000000000082E-05 ), #5579, 'distance_accuracy_value', 'NONE');
#5070 = CARTESIAN_POINT ( 'NONE',  ( 21.14999999999999858, 17.14999999999999503, 10.00000000000000000 ) ) ;
#5071 = ORIENTED_EDGE ( 'NONE', *, *, #7864, .F. ) ;
#5072 = DIRECTION ( 'NONE',  ( 0.000000000000000000, 0.000000000000000000, 1.000000000000000000 ) ) ;
#5073 = ORIENTED_EDGE ( 'NONE', *, *, #8643, .F. ) ;
#5074 = ADVANCED_FACE ( 'NONE', ( #1246 ), #2681, .F. ) ;
#5075 = SURFACE_STYLE_USAGE ( .BOTH. , #1922 ) ;
#5076 = SURFACE_STYLE_FILL_AREA ( #2115 ) ;
#5077 = DIRECTION ( 'NONE',  ( 0.7071067811865460184, 0.000000000000000000, 0.7071067811865489050 ) ) ;
#5078 = DIRECTION ( 'NONE',  ( 1.000000000000000000, 0.000000000000000000, 0.000000000000000000 ) ) ;
#5079 = ORIENTED_EDGE ( 'NONE', *, *, #3609, .F. ) ;
#5080 = CIRCLE ( 'NONE', #3604, 1.201219330881977854 ) ;
#5081 = FACE_OUTER_BOUND ( 'NONE', #4265, .T. ) ;
#5082 =( NAMED_UNIT ( * ) SI_UNIT ( $, .STERADIAN. ) SOLID_ANGLE_UNIT ( ) );
#5083 = ORIENTED_EDGE ( 'NONE', *, *, #726, .T. ) ;
#5084 = EDGE_CURVE ( 'NONE', #4300, #4883, #732, .T. ) ;
#5085 = CARTESIAN_POINT ( 'NONE',  ( 24.55811388300841358, 11.36721879260550061, 38.51746361711846589 ) ) ;
#5086 = CARTESIAN_POINT ( 'NONE',  ( -21.14999999999999503, -21.15000000000000568, 0.000000000000000000 ) ) ;
#5087 = CARTESIAN_POINT ( 'NONE',  ( 27.64999999999999858, 9.779240779943870976, 43.00000000000000000 ) ) ;
#5088 = DIRECTION ( 'NONE',  ( 0.000000000000000000, 0.000000000000000000, -1.000000000000000000 ) ) ;
#5089 =( NAMED_UNIT ( * ) SI_UNIT ( $, .STERADIAN. ) SOLID_ANGLE_UNIT ( ) );
#5090 = ORIENTED_EDGE ( 'NONE', *, *, #5813, .T. ) ;
#5091 = EDGE_CURVE ( 'NONE', #4528, #5475, #7665, .T. ) ;
#5092 = LINE ( 'NONE', #8270, #1503 ) ;
#5093 = PRESENTATION_LAYER_ASSIGNMENT (  '', '', ( #1622 ) ) ;
#5094 = ORIENTED_EDGE ( 'NONE', *, *, #4606, .T. ) ;
#5095 = CARTESIAN_POINT ( 'NONE',  ( 21.14999999999999858, 12.99999999999999822, 46.00000000000000711 ) ) ;
#5096 = PRESENTATION_STYLE_ASSIGNMENT (( #1843 ) ) ;
#5097 =( LENGTH_UNIT ( ) NAMED_UNIT ( * ) SI_UNIT ( .MILLI., .METRE. ) );
#5098 = PLANE ( 'NONE',  #373 ) ;
#5099 = CARTESIAN_POINT ( 'NONE',  ( 6.014999999999994351, -18.04500000000000171, 39.00000000000000000 ) ) ;
#5100 = COLOUR_RGB ( '',0.2509803921568627416, 0.2509803921568627416, 0.2509803921568627416 ) ;
#5101 = PLANE ( 'NONE',  #4974 ) ;
#5102 = ORIENTED_EDGE ( 'NONE', *, *, #7708, .F. ) ;
#5103 = EDGE_CURVE ( 'NONE', #4569, #7991, #7316, .T. ) ;
#5104 = CARTESIAN_POINT ( 'NONE',  ( 21.15000000000000213, -21.15000000000000213, 37.00000000000000000 ) ) ;
#5105 = MECHANICAL_DESIGN_GEOMETRIC_PRESENTATION_REPRESENTATION (  '', ( #9854 ), #7746 ) ;
#5106 = CYLINDRICAL_SURFACE ( 'NONE', #5418, 2.000000000000001776 ) ;
#5107 = COLOUR_RGB ( '',0.2509803921568627416, 0.2509803921568627416, 0.2509803921568627416 ) ;
#5108 = ORIENTED_EDGE ( 'NONE', *, *, #7853, .T. ) ;
#5109 = MECHANICAL_DESIGN_GEOMETRIC_PRESENTATION_REPRESENTATION (  '', ( #6083 ), #305 ) ;
#5110 =( NAMED_UNIT ( * ) SI_UNIT ( $, .STERADIAN. ) SOLID_ANGLE_UNIT ( ) );
#5111 = COLOUR_RGB ( '',1.000000000000000000, 1.000000000000000000, 1.000000000000000000 ) ;
#5112 = DIRECTION ( 'NONE',  ( 0.7071067811865460184, 0.000000000000000000, 0.7071067811865489050 ) ) ;
#5113 = DIRECTION ( 'NONE',  ( 0.000000000000000000, 0.000000000000000000, -1.000000000000000000 ) ) ;
#5114 =( NAMED_UNIT ( * ) PLANE_ANGLE_UNIT ( ) SI_UNIT ( $, .RADIAN. ) );
#5115 = CARTESIAN_POINT ( 'NONE',  ( -1.462814838616910862, 2.000000000000000000, -23.52231109682985988 ) ) ;
#5116 = SURFACE_STYLE_USAGE ( .BOTH. , #1957 ) ;
#5117 = CARTESIAN_POINT ( 'NONE',  ( 0.000000000000000000, 21.15999999999999659, 39.00000000000000000 ) ) ;
#5118 = ORIENTED_EDGE ( 'NONE', *, *, #2008, .T. ) ;
#5119 = ADVANCED_FACE ( 'NONE', ( #7716 ), #3803, .F. ) ;
#5120 = FILL_AREA_STYLE_COLOUR ( '', #2477 ) ;
#5121 = CIRCLE ( 'NONE', #2669, 0.5000000000000004441 ) ;
#5122 = ORIENTED_EDGE ( 'NONE', *, *, #7698, .T. ) ;
#5123 = CARTESIAN_POINT ( 'NONE',  ( 48.64999999999999858, 8.673617379884035472E-16, 40.49999999999999289 ) ) ;
#5124 = EDGE_LOOP ( 'NONE', ( #4066, #2496, #7039, #7336 ) ) ;
#5125 = LINE ( 'NONE', #1867, #8840 ) ;
#5126 = FILL_AREA_STYLE_COLOUR ( '', #7590 ) ;
#5127 =( NAMED_UNIT ( * ) SI_UNIT ( $, .STERADIAN. ) SOLID_ANGLE_UNIT ( ) );
#5128 = MECHANICAL_DESIGN_GEOMETRIC_PRESENTATION_REPRESENTATION (  '', ( #3811 ), #300 ) ;
#5129 = AXIS2_PLACEMENT_3D ( 'NONE', #7146, #5330, #4658 ) ;
#5130 =( NAMED_UNIT ( * ) SI_UNIT ( $, .STERADIAN. ) SOLID_ANGLE_UNIT ( ) );
#5131 = ORIENTED_EDGE ( 'NONE', *, *, #526, .F. ) ;
#5132 =( BOUNDED_CURVE ( )  B_SPLINE_CURVE ( 3, ( #2375, #6274, #5552, #3263 ),
 .UNSPECIFIED., .F., .F. ) 
 B_SPLINE_CURVE_WITH_KNOTS ( ( 4, 4 ),
 ( 4.712388980384692339, 5.034139534781329139 ),
 .UNSPECIFIED. ) 
 CURVE ( )  GEOMETRIC_REPRESENTATION_ITEM ( )  RATIONAL_B_SPLINE_CURVE ( ( 1.000000000000000000, 0.9913916384249980007, 0.9913916384249980007, 1.000000000000000000 ) ) 
 REPRESENTATION_ITEM ( '' )  );
#5133 = CARTESIAN_POINT ( 'NONE',  ( 21.15000000000000213, -21.15000000000000213, 37.00000000000000000 ) ) ;
#5134 = ORIENTED_EDGE ( 'NONE', *, *, #9002, .F. ) ;
#5135 = CARTESIAN_POINT ( 'NONE',  ( -21.14999999999999503, -21.15000000000000568, 37.00000000000000000 ) ) ;
#5136 = FILL_AREA_STYLE ('',( #9050 ) ) ;
#5137 = VECTOR ( 'NONE', #7839, 1000.000000000000114 ) ;
#5138 = DIRECTION ( 'NONE',  ( -0.000000000000000000, -1.000000000000000000, -0.000000000000000000 ) ) ;
#5139 = DIRECTION ( 'NONE',  ( -1.334402673828310480E-15, -1.000000000000000000, 0.000000000000000000 ) ) ;
#5140 = CARTESIAN_POINT ( 'NONE',  ( -17.30000000000016414, -31.00000000000000000, 45.39999999999999858 ) ) ;
#5141 =( NAMED_UNIT ( * ) SI_UNIT ( $, .STERADIAN. ) SOLID_ANGLE_UNIT ( ) );
#5142 = UNCERTAINTY_MEASURE_WITH_UNIT (LENGTH_MEASURE( 1.000000000000000082E-05 ), #7504, 'distance_accuracy_value', 'NONE');
#5143 = CARTESIAN_POINT ( 'NONE',  ( -2.500000000000000000, 3.061616997868383141E-16, -24.00000000000000000 ) ) ;
#5144 = EDGE_LOOP ( 'NONE', ( #2062, #1432, #6775 ) ) ;
#5145 = DIRECTION ( 'NONE',  ( 0.000000000000000000, 0.000000000000000000, 1.000000000000000000 ) ) ;
#5146 = SURFACE_STYLE_FILL_AREA ( #6734 ) ;
#5147 =( NAMED_UNIT ( * ) PLANE_ANGLE_UNIT ( ) SI_UNIT ( $, .RADIAN. ) );
#5148 = PRESENTATION_STYLE_ASSIGNMENT (( #9726 ) ) ;
#5149 = CARTESIAN_POINT ( 'NONE',  ( 24.21622776601683213, -11.97792407799439474, 43.00000000000000000 ) ) ;
#5150 = ORIENTED_EDGE ( 'NONE', *, *, #5238, .T. ) ;
#5151 = ADVANCED_FACE ( 'NONE', ( #783, #4824 ), #5544, .T. ) ;
#5152 = EDGE_CURVE ( 'NONE', #9334, #5886, #6308, .T. ) ;
#5153 = DIRECTION ( 'NONE',  ( -0.000000000000000000, -1.000000000000000000, -0.000000000000000000 ) ) ;
#5154 = CARTESIAN_POINT ( 'NONE',  ( 18.24999999999983658, -15.50000000000102496, 46.40000000000000568 ) ) ;
#5155 =( NAMED_UNIT ( * ) PLANE_ANGLE_UNIT ( ) SI_UNIT ( $, .RADIAN. ) );
#5156 = DIRECTION ( 'NONE',  ( 8.202002250481356316E-17, -1.000000000000000000, 0.000000000000000000 ) ) ;
#5157 = LINE ( 'NONE', #1033, #4379 ) ;
#5158 =( LENGTH_UNIT ( ) NAMED_UNIT ( * ) SI_UNIT ( .MILLI., .METRE. ) );
#5159 = LINE ( 'NONE', #7495, #9231 ) ;
#5160 = ORIENTED_EDGE ( 'NONE', *, *, #888, .T. ) ;
#5161 = PRESENTATION_STYLE_ASSIGNMENT (( #2108 ) ) ;
#5162 = MECHANICAL_DESIGN_GEOMETRIC_PRESENTATION_REPRESENTATION (  '', ( #4035 ), #513 ) ;
#5163 = EDGE_LOOP ( 'NONE', ( #694, #6077, #9153, #3985 ) ) ;
#5164 = CARTESIAN_POINT ( 'NONE',  ( 21.14999999999999858, 21.14999999999999858, 37.00000000000000000 ) ) ;
#5165 = ORIENTED_EDGE ( 'NONE', *, *, #7685, .T. ) ;
#5166 = ADVANCED_FACE ( 'NONE', ( #5488 ), #3289, .F. ) ;
#5167 = PLANE ( 'NONE',  #5037 ) ;
#5168 = COLOUR_RGB ( '',0.2509803921568627416, 0.2509803921568627416, 0.2509803921568627416 ) ;
#5169 = DIRECTION ( 'NONE',  ( -0.000000000000000000, 0.000000000000000000, 1.000000000000000000 ) ) ;
#5170 =( GEOMETRIC_REPRESENTATION_CONTEXT ( 3 ) GLOBAL_UNCERTAINTY_ASSIGNED_CONTEXT ( ( #2996 ) ) GLOBAL_UNIT_ASSIGNED_CONTEXT ( ( #7493, #2761, #2657 ) ) REPRESENTATION_CONTEXT ( 'NONE', 'WORKASPACE' ) );
#5171 = CARTESIAN_POINT ( 'NONE',  ( -21.14999999999999503, -21.15000000000000568, 47.00000000000000000 ) ) ;
#5172 = ORIENTED_EDGE ( 'NONE', *, *, #1679, .F. ) ;
#5173 = EDGE_CURVE ( 'NONE', #1342, #8523, #6231, .T. ) ;
#5174 = AXIS2_PLACEMENT_3D ( 'NONE', #4084, #9620, #8831 ) ;
#5175 = PRESENTATION_LAYER_ASSIGNMENT (  '', '', ( #4522 ) ) ;
#5176 = CARTESIAN_POINT ( 'NONE',  ( 25.05811388300841713, -9.779240779943883410, 42.49999999999999289 ) ) ;
#5177 = ORIENTED_EDGE ( 'NONE', *, *, #3460, .F. ) ;
#5178 = FILL_AREA_STYLE ('',( #5848 ) ) ;
#5179 = SURFACE_STYLE_FILL_AREA ( #3792 ) ;
#5180 = DIRECTION ( 'NONE',  ( -1.000000000000000000, -0.000000000000000000, -0.000000000000000000 ) ) ;
#5181 =( BOUNDED_CURVE ( )  B_SPLINE_CURVE ( 3, ( #8736, #9536, #4188, #7912 ),
 .UNSPECIFIED., .F., .T. ) 
 B_SPLINE_CURVE_WITH_KNOTS ( ( 4, 4 ),
 ( 4.390638425988015570, 4.712388980384689674 ),
 .UNSPECIFIED. ) 
 CURVE ( )  GEOMETRIC_REPRESENTATION_ITEM ( )  RATIONAL_B_SPLINE_CURVE ( ( 1.000000000000000000, 0.9913916384249961133, 0.9913916384249961133, 1.000000000000000000 ) ) 
 REPRESENTATION_ITEM ( '' )  );
#5182 = COLOUR_RGB ( '',0.2509803921568627416, 0.2509803921568627416, 0.2509803921568627416 ) ;
#5183 =( GEOMETRIC_REPRESENTATION_CONTEXT ( 3 ) GLOBAL_UNCERTAINTY_ASSIGNED_CONTEXT ( ( #6466 ) ) GLOBAL_UNIT_ASSIGNED_CONTEXT ( ( #2070, #6816, #10081 ) ) REPRESENTATION_CONTEXT ( 'NONE', 'WORKASPACE' ) );
#5184 = EDGE_CURVE ( 'NONE', #8084, #9085, #8187, .T. ) ;
#5185 = CARTESIAN_POINT ( 'NONE',  ( 24.87085538829687081, -11.58907856769531541, 38.37199901937336222 ) ) ;
#5186 = DIRECTION ( 'NONE',  ( 1.000000000000000000, 0.000000000000000000, 0.000000000000000000 ) ) ;
#5187 = LINE ( 'NONE', #6101, #9582 ) ;
#5188 = ORIENTED_EDGE ( 'NONE', *, *, #1247, .F. ) ;
#5189 = DIRECTION ( 'NONE',  ( -0.9486832980505138790, -0.3162277660168376636, 0.000000000000000000 ) ) ;
#5190 = VECTOR ( 'NONE', #4507, 1000.000000000000000 ) ;
#5191 = MECHANICAL_DESIGN_GEOMETRIC_PRESENTATION_REPRESENTATION (  '', ( #2751 ), #9943 ) ;
#5192 =( NAMED_UNIT ( * ) PLANE_ANGLE_UNIT ( ) SI_UNIT ( $, .RADIAN. ) );
#5193 = CARTESIAN_POINT ( 'NONE',  ( 21.15000000000002345, 13.32957238623951923, 8.000000000000000000 ) ) ;
#5194 = DIRECTION ( 'NONE',  ( 0.000000000000000000, 0.000000000000000000, 1.000000000000000000 ) ) ;
#5195 = ADVANCED_FACE ( 'NONE', ( #8670 ), #1566, .T. ) ;
#5196 = DIRECTION ( 'NONE',  ( 0.9320546490018000174, 0.3106848830006000983, -0.1864109298003601978 ) ) ;
#5197 = DIRECTION ( 'NONE',  ( 1.064530274482815014E-15, 1.000000000000000000, 0.000000000000000000 ) ) ;
#5198 = CARTESIAN_POINT ( 'NONE',  ( 24.55811388300841713, -11.17024909563580515, 41.99999999999999289 ) ) ;
#5199 = DIRECTION ( 'NONE',  ( 0.000000000000000000, 0.000000000000000000, -1.000000000000000000 ) ) ;
#5200 = ORIENTED_EDGE ( 'NONE', *, *, #8470, .F. ) ;
#5201 = AXIS2_PLACEMENT_3D ( 'NONE', #7403, #4112, #2469 ) ;
#5202 = STYLED_ITEM ( 'NONE', ( #9643 ), #2169 ) ;
#5203 = MECHANICAL_DESIGN_GEOMETRIC_PRESENTATION_REPRESENTATION (  '', ( #2428 ), #9951 ) ;
#5204 =( GEOMETRIC_REPRESENTATION_CONTEXT ( 3 ) GLOBAL_UNCERTAINTY_ASSIGNED_CONTEXT ( ( #5545 ) ) GLOBAL_UNIT_ASSIGNED_CONTEXT ( ( #8408, #2081, #6621 ) ) REPRESENTATION_CONTEXT ( 'NONE', 'WORKASPACE' ) );
#5205 = AXIS2_PLACEMENT_3D ( 'NONE', #6976, #1442, #8610 ) ;
#5206 = CARTESIAN_POINT ( 'NONE',  ( 24.58711449353224765, -11.43032072754393091, 42.47497857196153603 ) ) ;
#5207 = FACE_OUTER_BOUND ( 'NONE', #8767, .T. ) ;
#5208 = LINE ( 'NONE', #8382, #8330 ) ;
#5209 = DIRECTION ( 'NONE',  ( -0.000000000000000000, -0.000000000000000000, 1.000000000000000000 ) ) ;
#5210 = SURFACE_STYLE_USAGE ( .BOTH. , #9077 ) ;
#5211 = CARTESIAN_POINT ( 'NONE',  ( 15.49999999999983480, 15.49999999999897504, 46.40000000000000568 ) ) ;
#5212 = DIRECTION ( 'NONE',  ( -0.000000000000000000, -0.000000000000000000, 1.000000000000000000 ) ) ;
#5213 = VERTEX_POINT ( 'NONE', #9795 ) ;
#5214 = PRESENTATION_STYLE_ASSIGNMENT (( #6865 ) ) ;
#5215 = CARTESIAN_POINT ( 'NONE',  ( 14.99999999999991296, -8.540177112501267849E-14, 45.39999999999999858 ) ) ;
#5216 = EDGE_CURVE ( 'NONE', #3437, #4420, #5125, .T. ) ;
#5217 = ORIENTED_EDGE ( 'NONE', *, *, #3352, .F. ) ;
#5218 = LINE ( 'NONE', #7603, #9225 ) ;
#5219 = ORIENTED_EDGE ( 'NONE', *, *, #2537, .F. ) ;
#5220 =( NAMED_UNIT ( * ) SI_UNIT ( $, .STERADIAN. ) SOLID_ANGLE_UNIT ( ) );
#5221 = PLANE ( 'NONE',  #2912 ) ;
#5222 = CARTESIAN_POINT ( 'NONE',  ( 27.64999999999999858, -9.779240779943883410, 38.00000000000000000 ) ) ;
#5223 =( NAMED_UNIT ( * ) SI_UNIT ( $, .STERADIAN. ) SOLID_ANGLE_UNIT ( ) );
#5224 = VERTEX_POINT ( 'NONE', #3433 ) ;
#5225 = EDGE_CURVE ( 'NONE', #704, #5815, #5028, .T. ) ;
#5226 =( GEOMETRIC_REPRESENTATION_CONTEXT ( 3 ) GLOBAL_UNCERTAINTY_ASSIGNED_CONTEXT ( ( #8782 ) ) GLOBAL_UNIT_ASSIGNED_CONTEXT ( ( #5864, #5913, #1993 ) ) REPRESENTATION_CONTEXT ( 'NONE', 'WORKASPACE' ) );
#5227 =( LENGTH_UNIT ( ) NAMED_UNIT ( * ) SI_UNIT ( .MILLI., .METRE. ) );
#5228 = ORIENTED_EDGE ( 'NONE', *, *, #4328, .F. ) ;
#5229 =( NAMED_UNIT ( * ) PLANE_ANGLE_UNIT ( ) SI_UNIT ( $, .RADIAN. ) );
#5230 = CARTESIAN_POINT ( 'NONE',  ( 28.54983341605690228, 6.327380013224434663, 38.61454673025929196 ) ) ;
#5231 = EDGE_CURVE ( 'NONE', #8391, #9015, #8200, .T. ) ;
#5232 = FACE_OUTER_BOUND ( 'NONE', #9271, .T. ) ;
#5233 = CARTESIAN_POINT ( 'NONE',  ( 25.05811388300841358, 11.17024909563579627, 38.50000000000000000 ) ) ;
#5234 =( GEOMETRIC_REPRESENTATION_CONTEXT ( 3 ) GLOBAL_UNCERTAINTY_ASSIGNED_CONTEXT ( ( #269 ) ) GLOBAL_UNIT_ASSIGNED_CONTEXT ( ( #8836, #8164, #365 ) ) REPRESENTATION_CONTEXT ( 'NONE', 'WORKASPACE' ) );
#5235 = CARTESIAN_POINT ( 'NONE',  ( 24.55811388300842069, -11.72654287490135694, 38.80767073059598005 ) ) ;
#5236 = UNCERTAINTY_MEASURE_WITH_UNIT (LENGTH_MEASURE( 1.000000000000000082E-05 ), #2450, 'distance_accuracy_value', 'NONE');
#5237 = CARTESIAN_POINT ( 'NONE',  ( 0.000000000000000000, 0.000000000000000000, 0.000000000000000000 ) ) ;
#5238 = EDGE_CURVE ( 'NONE', #3972, #3675, #4973, .T. ) ;
#5239 = DIRECTION ( 'NONE',  ( 0.000000000000000000, 0.000000000000000000, -1.000000000000000000 ) ) ;
#5240 =( GEOMETRIC_REPRESENTATION_CONTEXT ( 3 ) GLOBAL_UNCERTAINTY_ASSIGNED_CONTEXT ( ( #6148 ) ) GLOBAL_UNIT_ASSIGNED_CONTEXT ( ( #1750, #8032, #8653 ) ) REPRESENTATION_CONTEXT ( 'NONE', 'WORKASPACE' ) );
#5241 = EDGE_LOOP ( 'NONE', ( #2288, #4659, #9554, #2557, #8960, #9542, #6663, #2393 ) ) ;
#5242 =( LENGTH_UNIT ( ) NAMED_UNIT ( * ) SI_UNIT ( .MILLI., .METRE. ) );
#5243 = EDGE_CURVE ( 'NONE', #904, #671, #7553, .T. ) ;
#5244 = PRESENTATION_STYLE_ASSIGNMENT (( #1257 ) ) ;
#5245 = CARTESIAN_POINT ( 'NONE',  ( 0.000000000000000000, 0.000000000000000000, 1.000000000000000000 ) ) ;
#5246 = CARTESIAN_POINT ( 'NONE',  ( -4.270088556250335419E-14, 15.99999999999901590, 46.39999999999999858 ) ) ;
#5247 =( GEOMETRIC_REPRESENTATION_CONTEXT ( 3 ) GLOBAL_UNCERTAINTY_ASSIGNED_CONTEXT ( ( #5048 ) ) GLOBAL_UNIT_ASSIGNED_CONTEXT ( ( #6854, #7589, #6170 ) ) REPRESENTATION_CONTEXT ( 'NONE', 'WORKASPACE' ) );
#5248 = CARTESIAN_POINT ( 'NONE',  ( 13.69999999999983764, -16.00000000000102318, 46.39999999999999858 ) ) ;
#5249 = VERTEX_POINT ( 'NONE', #256 ) ;
#5250 = ADVANCED_FACE ( 'NONE', ( #7400 ), #5167, .F. ) ;
#5251 = CIRCLE ( 'NONE', #4116, 3.349999999999993427 ) ;
#5252 = FILL_AREA_STYLE_COLOUR ( '', #1275 ) ;
#5253 = UNCERTAINTY_MEASURE_WITH_UNIT (LENGTH_MEASURE( 1.000000000000000082E-05 ), #3809, 'distance_accuracy_value', 'NONE');
#5254 = SURFACE_STYLE_USAGE ( .BOTH. , #9208 ) ;
#5255 = CARTESIAN_POINT ( 'NONE',  ( 24.41111345945397915, -11.90432812326331025, 42.89592105662757859 ) ) ;
#5256 = AXIS2_PLACEMENT_3D ( 'NONE', #4591, #1377, #9273 ) ;
#5257 = VECTOR ( 'NONE', #3997, 1000.000000000000000 ) ;
#5258 = FILL_AREA_STYLE_COLOUR ( '', #9383 ) ;
#5259 = PRESENTATION_STYLE_ASSIGNMENT (( #6289 ) ) ;
#5260 = STYLED_ITEM ( 'NONE', ( #9759 ), #9488 ) ;
#5261 = DIRECTION ( 'NONE',  ( 0.000000000000000000, 0.000000000000000000, 1.000000000000000000 ) ) ;
#5262 = PLANE ( 'NONE',  #8336 ) ;
#5263 = DIRECTION ( 'NONE',  ( -1.000000000000000000, 0.000000000000000000, 0.000000000000000000 ) ) ;
#5264 = EDGE_LOOP ( 'NONE', ( #6697, #3507, #438, #7303 ) ) ;
#5265 = DIRECTION ( 'NONE',  ( 0.000000000000000000, 0.000000000000000000, -1.000000000000000000 ) ) ;
#5266 = VECTOR ( 'NONE', #6720, 1000.000000000000000 ) ;
#5267 =( NAMED_UNIT ( * ) PLANE_ANGLE_UNIT ( ) SI_UNIT ( $, .RADIAN. ) );
#5268 = ORIENTED_EDGE ( 'NONE', *, *, #3872, .T. ) ;
#5269 = SURFACE_STYLE_USAGE ( .BOTH. , #2163 ) ;
#5270 = PRESENTATION_LAYER_ASSIGNMENT (  '', '', ( #1640 ) ) ;
#5271 = VERTEX_POINT ( 'NONE', #5734 ) ;
#5272 = FILL_AREA_STYLE_COLOUR ( '', #1419 ) ;
#5273 = FILL_AREA_STYLE ('',( #9394 ) ) ;
#5274 = FILL_AREA_STYLE_COLOUR ( '', #3407 ) ;
#5275 = DIRECTION ( 'NONE',  ( 0.000000000000000000, 0.000000000000000000, -1.000000000000000000 ) ) ;
#5276 = ORIENTED_EDGE ( 'NONE', *, *, #5722, .F. ) ;
#5277 = PRESENTATION_LAYER_ASSIGNMENT (  '', '', ( #8764 ) ) ;
#5278 = AXIS2_PLACEMENT_3D ( 'NONE', #6438, #3989, #922 ) ;
#5279 = ADVANCED_FACE ( 'NONE', ( #442 ), #298, .T. ) ;
#5280 = SURFACE_STYLE_USAGE ( .BOTH. , #3787 ) ;
#5281 = ORIENTED_EDGE ( 'NONE', *, *, #7549, .T. ) ;
#5282 = CARTESIAN_POINT ( 'NONE',  ( 28.14999999999999858, 6.520106648094790458, 39.00000000000000000 ) ) ;
#5283 =( GEOMETRIC_REPRESENTATION_CONTEXT ( 3 ) GLOBAL_UNCERTAINTY_ASSIGNED_CONTEXT ( ( #4997 ) ) GLOBAL_UNIT_ASSIGNED_CONTEXT ( ( #1238, #6874, #2924 ) ) REPRESENTATION_CONTEXT ( 'NONE', 'WORKASPACE' ) );
#5284 = PLANE ( 'NONE',  #9060 ) ;
#5285 = DIRECTION ( 'NONE',  ( 0.000000000000000000, 0.000000000000000000, -1.000000000000000000 ) ) ;
#5286 = CARTESIAN_POINT ( 'NONE',  ( -2.500000000000000000, 3.061616997868383141E-16, -23.50000000000000711 ) ) ;
#5287 = EDGE_CURVE ( 'NONE', #8445, #6229, #8510, .T. ) ;
#5288 = MECHANICAL_DESIGN_GEOMETRIC_PRESENTATION_REPRESENTATION (  '', ( #4303 ), #6939 ) ;
#5289 = VECTOR ( 'NONE', #1689, 1000.000000000000000 ) ;
#5290 = CARTESIAN_POINT ( 'NONE',  ( 13.69999999999983764, -31.00000000000000000, 46.39999999999999858 ) ) ;
#5291 = VECTOR ( 'NONE', #822, 1000.000000000000000 ) ;
#5292 = VECTOR ( 'NONE', #1455, 1000.000000000000000 ) ;
#5293 = DIRECTION ( 'NONE',  ( -1.000000000000000000, -0.000000000000000000, -0.000000000000000000 ) ) ;
#5294 =( BOUNDED_CURVE ( )  B_SPLINE_CURVE ( 3, ( #9866, #6843, #8422, #6105 ),
 .UNSPECIFIED., .F., .T. ) 
 B_SPLINE_CURVE_WITH_KNOTS ( ( 4, 4 ),
 ( 1.570796326794896558, 1.892546881191538688 ),
 .UNSPECIFIED. ) 
 CURVE ( )  GEOMETRIC_REPRESENTATION_ITEM ( )  RATIONAL_B_SPLINE_CURVE ( ( 1.000000000000000000, 0.9913916384249976677, 0.9913916384249976677, 1.000000000000000000 ) ) 
 REPRESENTATION_ITEM ( '' )  );
#5295 = ORIENTED_EDGE ( 'NONE', *, *, #5923, .T. ) ;
#5296 = FILL_AREA_STYLE ('',( #627 ) ) ;
#5297 = VECTOR ( 'NONE', #6482, 1000.000000000000000 ) ;
#5298 =( LENGTH_UNIT ( ) NAMED_UNIT ( * ) SI_UNIT ( .MILLI., .METRE. ) );
#5299 = CARTESIAN_POINT ( 'NONE',  ( 48.64999999999999858, 8.673617379884035472E-16, 40.49999999999999289 ) ) ;
#5300 = PLANE ( 'NONE',  #462 ) ;
#5301 = DIRECTION ( 'NONE',  ( -1.000000000000000000, 0.000000000000000000, 0.000000000000000000 ) ) ;
#5302 = EDGE_CURVE ( 'NONE', #1530, #9739, #9129, .T. ) ;
#5303 = AXIS2_PLACEMENT_3D ( 'NONE', #238, #378, #7486 ) ;
#5304 = FILL_AREA_STYLE_COLOUR ( '', #5107 ) ;
#5305 = CYLINDRICAL_SURFACE ( 'NONE', #2190, 1.201219330881977854 ) ;
#5306 =( NAMED_UNIT ( * ) SI_UNIT ( $, .STERADIAN. ) SOLID_ANGLE_UNIT ( ) );
#5307 = COLOUR_RGB ( '',0.2509803921568627416, 0.2509803921568627416, 0.2509803921568627416 ) ;
#5308 = ORIENTED_EDGE ( 'NONE', *, *, #1643, .T. ) ;
#5309 = DIRECTION ( 'NONE',  ( 1.000000000000000000, 0.000000000000000000, -0.000000000000000000 ) ) ;
#5310 = ADVANCED_FACE ( 'NONE', ( #6871 ), #7706, .F. ) ;
#5311 = PRESENTATION_LAYER_ASSIGNMENT (  '', '', ( #5630 ) ) ;
#5312 = CARTESIAN_POINT ( 'NONE',  ( 0.000000000000000000, -17.30000000000102389, 45.39999999999999858 ) ) ;
#5313 = CARTESIAN_POINT ( 'NONE',  ( 25.05811388300841358, 11.17024909563579627, 39.00000000000000000 ) ) ;
#5314 = LINE ( 'NONE', #7739, #5660 ) ;
#5315 = PRESENTATION_STYLE_ASSIGNMENT (( #1481 ) ) ;
#5316 = FACE_OUTER_BOUND ( 'NONE', #1272, .T. ) ;
#5317 = DIRECTION ( 'NONE',  ( -2.668805347656620959E-15, -1.000000000000000000, 0.000000000000000000 ) ) ;
#5318 = CARTESIAN_POINT ( 'NONE',  ( 0.000000000000000000, 0.000000000000000000, 39.00000000000000000 ) ) ;
#5319 = ORIENTED_EDGE ( 'NONE', *, *, #6039, .F. ) ;
#5320 = FACE_OUTER_BOUND ( 'NONE', #6574, .T. ) ;
#5321 = ORIENTED_EDGE ( 'NONE', *, *, #192, .T. ) ;
#5322 = CIRCLE ( 'NONE', #508, 2.750000000000000888 ) ;
#5323 = FILL_AREA_STYLE_COLOUR ( '', #6771 ) ;
#5324 = ORIENTED_EDGE ( 'NONE', *, *, #8286, .F. ) ;
#5325 = LINE ( 'NONE', #6925, #76 ) ;
#5326 =( NAMED_UNIT ( * ) PLANE_ANGLE_UNIT ( ) SI_UNIT ( $, .RADIAN. ) );
#5327 = SURFACE_STYLE_FILL_AREA ( #5273 ) ;
#5328 = EDGE_CURVE ( 'NONE', #6920, #317, #7514, .T. ) ;
#5329 = SURFACE_STYLE_USAGE ( .BOTH. , #3025 ) ;
#5330 = DIRECTION ( 'NONE',  ( 0.000000000000000000, 0.000000000000000000, -1.000000000000000000 ) ) ;
#5331 = EDGE_LOOP ( 'NONE', ( #6249, #1465, #4433 ) ) ;
#5332 = ORIENTED_EDGE ( 'NONE', *, *, #4981, .F. ) ;
#5333 = DIRECTION ( 'NONE',  ( 0.8571673007021120005, 1.049727191138618326E-16, -0.5150380749100547106 ) ) ;
#5334 = STYLED_ITEM ( 'NONE', ( #5063 ), #1408 ) ;
#5335 = EDGE_CURVE ( 'NONE', #87, #6049, #5325, .T. ) ;
#5336 =( LENGTH_UNIT ( ) NAMED_UNIT ( * ) SI_UNIT ( .MILLI., .METRE. ) );
#5337 = SURFACE_STYLE_USAGE ( .BOTH. , #10044 ) ;
#5338 = CARTESIAN_POINT ( 'NONE',  ( 28.64999999999999858, 6.312999866908240776, 38.58578643762690064 ) ) ;
#5339 = UNCERTAINTY_MEASURE_WITH_UNIT (LENGTH_MEASURE( 1.000000000000000082E-05 ), #7489, 'distance_accuracy_value', 'NONE');
#5340 = DIRECTION ( 'NONE',  ( -0.7071067811865502373, -0.7071067811865447972, -0.000000000000000000 ) ) ;
#5341 = PRESENTATION_LAYER_ASSIGNMENT (  '', '', ( #8012 ) ) ;
#5342 = PRESENTATION_LAYER_ASSIGNMENT (  '', '', ( #4048 ) ) ;
#5343 = STYLED_ITEM ( 'NONE', ( #23 ), #1632 ) ;
#5344 = CARTESIAN_POINT ( 'NONE',  ( -17.14999999999997726, -21.15000000000000568, 47.00000000000000000 ) ) ;
#5345 = EDGE_CURVE ( 'NONE', #8714, #6503, #3023, .T. ) ;
#5346 = ORIENTED_EDGE ( 'NONE', *, *, #6786, .F. ) ;
#5347 = MECHANICAL_DESIGN_GEOMETRIC_PRESENTATION_REPRESENTATION (  '', ( #7502 ), #8837 ) ;
#5348 = FILL_AREA_STYLE ('',( #516 ) ) ;
#5349 = CIRCLE ( 'NONE', #10083, 2.500000000000000000 ) ;
#5350 = DIRECTION ( 'NONE',  ( -0.000000000000000000, 1.000000000000000000, -0.000000000000000000 ) ) ;
#5351 = FACE_OUTER_BOUND ( 'NONE', #8043, .T. ) ;
#5352 = PRESENTATION_LAYER_ASSIGNMENT (  '', '', ( #9777 ) ) ;
#5353 = FILL_AREA_STYLE ('',( #9199 ) ) ;
#5354 = DIRECTION ( 'NONE',  ( 1.000000000000000000, 2.668805347656624115E-15, 0.000000000000000000 ) ) ;
#5355 = PLANE ( 'NONE',  #496 ) ;
#5356 = ORIENTED_EDGE ( 'NONE', *, *, #3285, .T. ) ;
#5357 = PRESENTATION_LAYER_ASSIGNMENT (  '', '', ( #3536 ) ) ;
#5358 = EDGE_CURVE ( 'NONE', #9331, #3459, #7759, .T. ) ;
#5359 = LINE ( 'NONE', #3934, #5062 ) ;
#5360 = CARTESIAN_POINT ( 'NONE',  ( 24.43330456577410814, -11.83815750963177216, 42.49972959199746469 ) ) ;
#5361 = DIRECTION ( 'NONE',  ( -0.000000000000000000, -0.000000000000000000, 1.000000000000000000 ) ) ;
#5362 =( GEOMETRIC_REPRESENTATION_CONTEXT ( 3 ) GLOBAL_UNCERTAINTY_ASSIGNED_CONTEXT ( ( #8749 ) ) GLOBAL_UNIT_ASSIGNED_CONTEXT ( ( #3401, #6569, #4270 ) ) REPRESENTATION_CONTEXT ( 'NONE', 'WORKASPACE' ) );
#5363 = SURFACE_SIDE_STYLE ('',( #2204 ) ) ;
#5364 = STYLED_ITEM ( 'NONE', ( #7557 ), #2044 ) ;
#5365 = CARTESIAN_POINT ( 'NONE',  ( -16.00000000000008882, -8.540177112501267849E-14, 45.39999999999999858 ) ) ;
#5366 = FACE_OUTER_BOUND ( 'NONE', #6877, .T. ) ;
#5367 = DIRECTION ( 'NONE',  ( -1.000000000000000000, 0.000000000000000000, 0.000000000000000000 ) ) ;
#5368 = ORIENTED_EDGE ( 'NONE', *, *, #9953, .F. ) ;
#5369 = DIRECTION ( 'NONE',  ( 0.000000000000000000, -0.000000000000000000, 1.000000000000000000 ) ) ;
#5370 = MECHANICAL_DESIGN_GEOMETRIC_PRESENTATION_REPRESENTATION (  '', ( #4877 ), #8358 ) ;
#5371 = ORIENTED_EDGE ( 'NONE', *, *, #628, .F. ) ;
#5372 =( NAMED_UNIT ( * ) SI_UNIT ( $, .STERADIAN. ) SOLID_ANGLE_UNIT ( ) );
#5373 = COLOUR_RGB ( '',0.2509803921568627416, 0.2509803921568627416, 0.2509803921568627416 ) ;
#5374 = ORIENTED_EDGE ( 'NONE', *, *, #8001, .F. ) ;
#5375 = ADVANCED_FACE ( 'NONE', ( #3075 ), #6841, .F. ) ;
#5376 = DIRECTION ( 'NONE',  ( 1.000000000000000000, 0.000000000000000000, 0.000000000000000000 ) ) ;
#5377 = CARTESIAN_POINT ( 'NONE',  ( 25.05811388300841713, -9.779240779943883410, 39.00000000000000000 ) ) ;
#5378 = SURFACE_SIDE_STYLE ('',( #6247 ) ) ;
#5379 = DIRECTION ( 'NONE',  ( 0.7071067811865411334, 0.000000000000000000, 0.7071067811865539010 ) ) ;
#5380 = ORIENTED_EDGE ( 'NONE', *, *, #1506, .F. ) ;
#5381 = ORIENTED_EDGE ( 'NONE', *, *, #2378, .T. ) ;
#5382 = DIRECTION ( 'NONE',  ( -0.9486832980505137680, 0.3162277660168379967, 0.000000000000000000 ) ) ;
#5383 = ORIENTED_EDGE ( 'NONE', *, *, #5035, .T. ) ;
#5384 = CARTESIAN_POINT ( 'NONE',  ( 24.21622776601683213, -11.97792407799439474, 43.00000000000000000 ) ) ;
#5385 = CARTESIAN_POINT ( 'NONE',  ( 28.45468350425460358, 6.452093298358695606, 38.43198665026358896 ) ) ;
#5386 = LINE ( 'NONE', #2876, #2526 ) ;
#5387 = DIRECTION ( 'NONE',  ( -1.000000000000000000, 0.000000000000000000, 0.000000000000000000 ) ) ;
#5388 = CARTESIAN_POINT ( 'NONE',  ( -15.00000000000018296, 2.001604010742490016E-14, 45.39999999999999858 ) ) ;
#5389 = FACE_OUTER_BOUND ( 'NONE', #9177, .T. ) ;
#5390 = DIRECTION ( 'NONE',  ( 0.000000000000000000, 0.000000000000000000, -1.000000000000000000 ) ) ;
#5391 = EDGE_CURVE ( 'NONE', #10178, #9331, #7032, .T. ) ;
#5392 = SURFACE_STYLE_USAGE ( .BOTH. , #111 ) ;
#5393 = ORIENTED_EDGE ( 'NONE', *, *, #2693, .T. ) ;
#5394 = FACE_OUTER_BOUND ( 'NONE', #8812, .T. ) ;
#5395 = SURFACE_STYLE_FILL_AREA ( #4466 ) ;
#5396 = FACE_OUTER_BOUND ( 'NONE', #7918, .T. ) ;
#5397 = EDGE_CURVE ( 'NONE', #3182, #9571, #3558, .T. ) ;
#5398 = ORIENTED_EDGE ( 'NONE', *, *, #4870, .F. ) ;
#5399 = FILL_AREA_STYLE_COLOUR ( '', #5740 ) ;
#5400 = UNCERTAINTY_MEASURE_WITH_UNIT (LENGTH_MEASURE( 1.000000000000000082E-05 ), #1958, 'distance_accuracy_value', 'NONE');
#5401 = CARTESIAN_POINT ( 'NONE',  ( 27.65000000000000213, -6.520106648094795787, 42.49999999999999289 ) ) ;
#5402 = AXIS2_PLACEMENT_3D ( 'NONE', #4803, #872, #9437 ) ;
#5403 = FILL_AREA_STYLE ('',( #6224 ) ) ;
#5404 = SURFACE_STYLE_FILL_AREA ( #3987 ) ;
#5405 = CARTESIAN_POINT ( 'NONE',  ( 19.14999999999992397, 19.15000000000005542, 47.00000000000000000 ) ) ;
#5406 = CARTESIAN_POINT ( 'NONE',  ( 1.387719793734910390, 2.000000000000000000, -23.56571032415539690 ) ) ;
#5407 =( NAMED_UNIT ( * ) PLANE_ANGLE_UNIT ( ) SI_UNIT ( $, .RADIAN. ) );
#5408 = ORIENTED_EDGE ( 'NONE', *, *, #8904, .T. ) ;
#5409 = ADVANCED_FACE ( 'NONE', ( #6242 ), #4054, .F. ) ;
#5410 = MECHANICAL_DESIGN_GEOMETRIC_PRESENTATION_REPRESENTATION (  '', ( #5574 ), #9538 ) ;
#5411 =( LENGTH_UNIT ( ) NAMED_UNIT ( * ) SI_UNIT ( .MILLI., .METRE. ) );
#5412 = CARTESIAN_POINT ( 'NONE',  ( 28.14999999999999858, -9.779240779943883410, 38.50000000000000000 ) ) ;
#5413 = ORIENTED_EDGE ( 'NONE', *, *, #6883, .F. ) ;
#5414 = COLOUR_RGB ( '',0.2509803921568627416, 0.2509803921568627416, 0.2509803921568627416 ) ;
#5415 =( LENGTH_UNIT ( ) NAMED_UNIT ( * ) SI_UNIT ( .MILLI., .METRE. ) );
#5416 = SURFACE_STYLE_USAGE ( .BOTH. , #10017 ) ;
#5417 =( NAMED_UNIT ( * ) SI_UNIT ( $, .STERADIAN. ) SOLID_ANGLE_UNIT ( ) );
#5418 = AXIS2_PLACEMENT_3D ( 'NONE', #3667, #4476, #6060 ) ;
#5419 = VERTEX_POINT ( 'NONE', #7200 ) ;
#5420 = CARTESIAN_POINT ( 'NONE',  ( 25.00811388300841642, 11.35358242896912984, 42.52565835097473723 ) ) ;
#5421 = AXIS2_PLACEMENT_3D ( 'NONE', #8599, #9436, #5369 ) ;
#5422 = ORIENTED_EDGE ( 'NONE', *, *, #4774, .T. ) ;
#5423 = UNCERTAINTY_MEASURE_WITH_UNIT (LENGTH_MEASURE( 1.000000000000000082E-05 ), #5298, 'distance_accuracy_value', 'NONE');
#5424 = SURFACE_SIDE_STYLE ('',( #8607 ) ) ;
#5425 = AXIS2_PLACEMENT_3D ( 'NONE', #7901, #6381, #1627 ) ;
#5426 = FACE_OUTER_BOUND ( 'NONE', #4969, .T. ) ;
#5427 = PLANE ( 'NONE',  #7438 ) ;
#5428 = EDGE_CURVE ( 'NONE', #8903, #8848, #8706, .T. ) ;
#5429 = STYLED_ITEM ( 'NONE', ( #7368 ), #342 ) ;
#5430 = DIRECTION ( 'NONE',  ( 0.7071067811865453523, 0.7071067811865496822, -0.000000000000000000 ) ) ;
#5431 = CARTESIAN_POINT ( 'NONE',  ( -19.15000000000003766, -19.14999999999997016, -0.000000000000000000 ) ) ;
#5432 = CARTESIAN_POINT ( 'NONE',  ( 21.15000000000000924, 17.14999999999999858, 8.000000000000000000 ) ) ;
#5433 = ORIENTED_EDGE ( 'NONE', *, *, #6777, .T. ) ;
#5434 = AXIS2_PLACEMENT_3D ( 'NONE', #9665, #266, #1728 ) ;
#5435 = AXIS2_PLACEMENT_3D ( 'NONE', #6387, #9535, #8025 ) ;
#5436 = COLOUR_RGB ( '',0.2509803921568627416, 0.2509803921568627416, 0.2509803921568627416 ) ;
#5437 = ADVANCED_FACE ( 'NONE', ( #92 ), #3951, .T. ) ;
#5438 = STYLED_ITEM ( 'NONE', ( #3387 ), #685 ) ;
#5439 = AXIS2_PLACEMENT_3D ( 'NONE', #8531, #633, #3805 ) ;
#5440 = ORIENTED_EDGE ( 'NONE', *, *, #3843, .T. ) ;
#5441 = EDGE_LOOP ( 'NONE', ( #539, #4552, #6520, #6506 ) ) ;
#5442 = CARTESIAN_POINT ( 'NONE',  ( 28.45727336512964101, 6.819773480208530358, 42.60016658394309275 ) ) ;
#5443 = CARTESIAN_POINT ( 'NONE',  ( 28.21546164077680174, 6.520106648094790458, 38.99999999996729372 ) ) ;
#5444 = ADVANCED_FACE ( 'NONE', ( #284 ), #9687, .T. ) ;
#5445 = PRESENTATION_LAYER_ASSIGNMENT (  '', '', ( #9863 ) ) ;
#5446 =( NAMED_UNIT ( * ) PLANE_ANGLE_UNIT ( ) SI_UNIT ( $, .RADIAN. ) );
#5447 = CARTESIAN_POINT ( 'NONE',  ( 25.05811388300841358, 11.17024909563579804, 42.49999999999999289 ) ) ;
#5448 = UNCERTAINTY_MEASURE_WITH_UNIT (LENGTH_MEASURE( 1.000000000000000082E-05 ), #5242, 'distance_accuracy_value', 'NONE');
#5449 = SURFACE_STYLE_USAGE ( .BOTH. , #794 ) ;
#5450 = TOROIDAL_SURFACE ( 'NONE', #9871, 15.50000000000000000, 0.5000000000000000000 ) ;
#5451 = ORIENTED_EDGE ( 'NONE', *, *, #5041, .T. ) ;
#5452 = DIRECTION ( 'NONE',  ( 1.000000000000000000, 0.000000000000000000, -0.000000000000000000 ) ) ;
#5453 =( LENGTH_UNIT ( ) NAMED_UNIT ( * ) SI_UNIT ( .MILLI., .METRE. ) );
#5454 = PRESENTATION_STYLE_ASSIGNMENT (( #9368 ) ) ;
#5455 =( NAMED_UNIT ( * ) SI_UNIT ( $, .STERADIAN. ) SOLID_ANGLE_UNIT ( ) );
#5456 =( NAMED_UNIT ( * ) SI_UNIT ( $, .STERADIAN. ) SOLID_ANGLE_UNIT ( ) );
#5457 = CIRCLE ( 'NONE', #1004, 1.201219330881977854 ) ;
#5458 =( GEOMETRIC_REPRESENTATION_CONTEXT ( 3 ) GLOBAL_UNCERTAINTY_ASSIGNED_CONTEXT ( ( #1853 ) ) GLOBAL_UNIT_ASSIGNED_CONTEXT ( ( #7236, #8645, #10124 ) ) REPRESENTATION_CONTEXT ( 'NONE', 'WORKASPACE' ) );
#5459 = DIRECTION ( 'NONE',  ( -1.000000000000000000, 0.000000000000000000, -0.000000000000000000 ) ) ;
#5460 = ORIENTED_EDGE ( 'NONE', *, *, #4635, .T. ) ;
#5461 = CARTESIAN_POINT ( 'NONE',  ( 28.44289321881344890, 7.020106648094791346, 38.50000000000000000 ) ) ;
#5462 = CARTESIAN_POINT ( 'NONE',  ( -16.74999999999999289, 15.50000000000000000, 0.000000000000000000 ) ) ;
#5463 = AXIS2_PLACEMENT_3D ( 'NONE', #9218, #656, #3769 ) ;
#5464 = SURFACE_STYLE_USAGE ( .BOTH. , #22 ) ;
#5465 = DIRECTION ( 'NONE',  ( 5.337610695313264006E-15, -1.000000000000000000, 0.000000000000000000 ) ) ;
#5466 = CARTESIAN_POINT ( 'NONE',  ( 31.00000000000002132, -16.00000000000104805, 46.39999999999999858 ) ) ;
#5467 = ORIENTED_EDGE ( 'NONE', *, *, #5243, .F. ) ;
#5468 = FILL_AREA_STYLE ('',( #6232 ) ) ;
#5469 = DIRECTION ( 'NONE',  ( 0.000000000000000000, 0.000000000000000000, 1.000000000000000000 ) ) ;
#5470 = DIRECTION ( 'NONE',  ( -0.000000000000000000, -1.000000000000000000, 0.000000000000000000 ) ) ;
#5471 = ORIENTED_EDGE ( 'NONE', *, *, #3914, .T. ) ;
#5472 = CARTESIAN_POINT ( 'NONE',  ( -13.70000000000016094, 0.000000000000000000, 45.39999999999999858 ) ) ;
#5473 = CARTESIAN_POINT ( 'NONE',  ( 15.99999999999983658, 15.99999999999897327, 46.39999999999999858 ) ) ;
#5474 =( GEOMETRIC_REPRESENTATION_CONTEXT ( 3 ) GLOBAL_UNCERTAINTY_ASSIGNED_CONTEXT ( ( #4619 ) ) GLOBAL_UNIT_ASSIGNED_CONTEXT ( ( #7042, #2463, #9510 ) ) REPRESENTATION_CONTEXT ( 'NONE', 'WORKASPACE' ) );
#5475 = VERTEX_POINT ( 'NONE', #1031 ) ;
#5476 = DIRECTION ( 'NONE',  ( -0.000000000000000000, -0.000000000000000000, -1.000000000000000000 ) ) ;
#5477 = EDGE_CURVE ( 'NONE', #7804, #4307, #2004, .T. ) ;
#5478 = EDGE_LOOP ( 'NONE', ( #2121, #379, #7333, #1040, #9694, #6465, #1436, #10152 ) ) ;
#5479 = DIRECTION ( 'NONE',  ( 1.000000000000000000, 0.000000000000000000, 0.000000000000000000 ) ) ;
#5480 = SURFACE_STYLE_USAGE ( .BOTH. , #5677 ) ;
#5481 =( NAMED_UNIT ( * ) SI_UNIT ( $, .STERADIAN. ) SOLID_ANGLE_UNIT ( ) );
#5482 = CARTESIAN_POINT ( 'NONE',  ( 28.64999999999999858, 8.673617379884035472E-16, 40.49999999999999289 ) ) ;
#5483 = ORIENTED_EDGE ( 'NONE', *, *, #6448, .F. ) ;
#5484 = EDGE_LOOP ( 'NONE', ( #8746, #283, #1030 ) ) ;
#5485 = EDGE_CURVE ( 'NONE', #1916, #2437, #7442, .T. ) ;
#5486 = VERTEX_POINT ( 'NONE', #1178 ) ;
#5487 = CARTESIAN_POINT ( 'NONE',  ( 28.21546164077672358, 7.020106648061915422, 42.49999999999999289 ) ) ;
#5488 = FACE_OUTER_BOUND ( 'NONE', #8139, .T. ) ;
#5489 = AXIS2_PLACEMENT_3D ( 'NONE', #10072, #3627, #9888 ) ;
#5490 = LINE ( 'NONE', #7830, #5920 ) ;
#5491 = CARTESIAN_POINT ( 'NONE',  ( -0.000000000000000000, 17.29999999999897753, 46.39999999999999858 ) ) ;
#5492 = FACE_OUTER_BOUND ( 'NONE', #1051, .T. ) ;
#5493 = CARTESIAN_POINT ( 'NONE',  ( -15.00000000000016165, -17.30000000000102389, 46.39999999999999858 ) ) ;
#5494 = DIRECTION ( 'NONE',  ( 0.000000000000000000, 0.000000000000000000, -1.000000000000000000 ) ) ;
#5495 =( NAMED_UNIT ( * ) PLANE_ANGLE_UNIT ( ) SI_UNIT ( $, .RADIAN. ) );
#5496 = ORIENTED_EDGE ( 'NONE', *, *, #6448, .T. ) ;
#5497 = PRESENTATION_STYLE_ASSIGNMENT (( #10105 ) ) ;
#5498 = CARTESIAN_POINT ( 'NONE',  ( 48.64999999999999858, -1.478586710707345573E-14, 42.19878066911801540 ) ) ;
#5499 = DIRECTION ( 'NONE',  ( -1.000000000000000000, 0.000000000000000000, 0.000000000000000000 ) ) ;
#5500 =( LENGTH_UNIT ( ) NAMED_UNIT ( * ) SI_UNIT ( .MILLI., .METRE. ) );
#5501 = EDGE_CURVE ( 'NONE', #807, #9544, #4330, .T. ) ;
#5502 = CARTESIAN_POINT ( 'NONE',  ( 28.14999999999999858, -6.520106648094795787, 39.00000000000000000 ) ) ;
#5503 = VECTOR ( 'NONE', #7841, 1000.000000000000000 ) ;
#5504 = VECTOR ( 'NONE', #7037, 1000.000000000000000 ) ;
#5505 = VECTOR ( 'NONE', #5361, 1000.000000000000000 ) ;
#5506 =( NAMED_UNIT ( * ) SI_UNIT ( $, .STERADIAN. ) SOLID_ANGLE_UNIT ( ) );
#5507 = ORIENTED_EDGE ( 'NONE', *, *, #3362, .T. ) ;
#5508 = AXIS2_PLACEMENT_3D ( 'NONE', #2584, #12, #749 ) ;
#5509 = FILL_AREA_STYLE_COLOUR ( '', #9991 ) ;
#5510 = SURFACE_STYLE_FILL_AREA ( #2488 ) ;
#5511 = AXIS2_PLACEMENT_3D ( 'NONE', #7071, #8028, #7239 ) ;
#5512 = EDGE_CURVE ( 'NONE', #4261, #2566, #382, .T. ) ;
#5513 = ORIENTED_EDGE ( 'NONE', *, *, #1174, .F. ) ;
#5514 = CARTESIAN_POINT ( 'NONE',  ( -4.270088556250335419E-14, -15.00000000000098410, 46.39999999999999858 ) ) ;
#5515 = PLANE ( 'NONE',  #71 ) ;
#5516 = EDGE_LOOP ( 'NONE', ( #5308, #4589, #6762, #936 ) ) ;
#5517 =( BOUNDED_SURFACE ( )  B_SPLINE_SURFACE ( 3, 2, ( 
 ( #61, #799, #10 ),
 ( #3203, #9712, #1979 ),
 ( #9804, #6778, #9755 ),
 ( #2832, #9848, #8961 ),
 ( #3444, #355, #1198 ),
 ( #8212, #1930, #4267 ),
 ( #1154, #5793, #2728 ),
 ( #3593, #6565, #6719 ),
 ( #9010, #5845, #9903 ),
 ( #7365, #5085, #1881 ) ),
 .UNSPECIFIED., .F., .F., .T. ) 
 B_SPLINE_SURFACE_WITH_KNOTS ( ( 4, 2, 2, 2, 4 ),
 ( 3, 3 ),
 ( 4.712388980384689674, 5.024650423484244399, 5.336911866583799124, 5.649173309683353850, 5.961434752782907687 ),
 ( 0.000000000000000000, 1.000000000000000000 ),
 .UNSPECIFIED. ) 
 GEOMETRIC_REPRESENTATION_ITEM ( )  RATIONAL_B_SPLINE_SURFACE ( (
 ( 1.000000000000000000, 1.000000000000000000, 1.000000000000000000),
 ( 1.000000000000000000, 1.000062889794799181, 1.000000000000000000),
 ( 1.000000000000000000, 0.9917075778871747849, 1.000000000000000000),
 ( 1.000000000000000000, 0.9605327211476465399, 1.000000000000000000),
 ( 1.000000000000000000, 0.9376379209260365943, 1.000000000000000000),
 ( 1.000000000000000000, 0.8834133595207465106, 1.000000000000000000),
 ( 1.000000000000000000, 0.8520843444692524082, 1.000000000000000000),
 ( 1.000000000000000000, 0.7916408219310944183, 1.000000000000000000),
 ( 1.000000000000000000, 0.7626685089607969648, 1.000000000000000000),
 ( 1.000000000000000000, 0.7416198487095729819, 1.000000000000000000) ) ) 
 REPRESENTATION_ITEM ( '' )  SURFACE ( )  );
#5518 = CARTESIAN_POINT ( 'NONE',  ( 21.14999999999999858, 21.14999999999999858, 8.000000000000000000 ) ) ;
#5519 = DIRECTION ( 'NONE',  ( -0.000000000000000000, -0.000000000000000000, 1.000000000000000000 ) ) ;
#5520 = EDGE_LOOP ( 'NONE', ( #3221, #8439 ) ) ;
#5521 = COLOUR_RGB ( '',0.2509803921568627416, 0.2509803921568627416, 0.2509803921568627416 ) ;
#5522 = MECHANICAL_DESIGN_GEOMETRIC_PRESENTATION_REPRESENTATION (  '', ( #9276 ), #7670 ) ;
#5523 =( NAMED_UNIT ( * ) SI_UNIT ( $, .STERADIAN. ) SOLID_ANGLE_UNIT ( ) );
#5524 = FILL_AREA_STYLE ('',( #8851 ) ) ;
#5526 = ADVANCED_FACE ( 'NONE', ( #8183 ), #171, .F. ) ;
#5525 = ORIENTED_EDGE ( 'NONE', *, *, #5184, .T. ) ;
#5527 = ORIENTED_EDGE ( 'NONE', *, *, #2897, .F. ) ;
#5528 = VECTOR ( 'NONE', #510, 1000.000000000000000 ) ;
#5529 = VECTOR ( 'NONE', #4199, 1000.000000000000000 ) ;
#5530 = MECHANICAL_DESIGN_GEOMETRIC_PRESENTATION_REPRESENTATION (  '', ( #1570 ), #6347 ) ;
#5531 = AXIS2_PLACEMENT_3D ( 'NONE', #9780, #2760, #6646 ) ;
#5532 =( NAMED_UNIT ( * ) SI_UNIT ( $, .STERADIAN. ) SOLID_ANGLE_UNIT ( ) );
#5533 = FACE_BOUND ( 'NONE', #585, .T. ) ;
#5534 = SURFACE_SIDE_STYLE ('',( #833 ) ) ;
#5535 = LINE ( 'NONE', #7814, #6855 ) ;
#5536 = CARTESIAN_POINT ( 'NONE',  ( -1.500000000000000222, 2.000000000000000000, -23.50000000000000711 ) ) ;
#5537 = ORIENTED_EDGE ( 'NONE', *, *, #6280, .T. ) ;
#5538 = EDGE_CURVE ( 'NONE', #6358, #10194, #5860, .T. ) ;
#5539 = CIRCLE ( 'NONE', #5205, 2.500000000000000000 ) ;
#5540 = VECTOR ( 'NONE', #4722, 1000.000000000000000 ) ;
#5541 = VERTEX_POINT ( 'NONE', #9879 ) ;
#5542 = FILL_AREA_STYLE_COLOUR ( '', #9088 ) ;
#5543 = EDGE_LOOP ( 'NONE', ( #8786, #9194, #972, #1539 ) ) ;
#5544 = PLANE ( 'NONE',  #9293 ) ;
#5545 = UNCERTAINTY_MEASURE_WITH_UNIT (LENGTH_MEASURE( 1.000000000000000082E-05 ), #8408, 'distance_accuracy_value', 'NONE');
#5546 = ADVANCED_FACE ( 'NONE', ( #6803 ), #2150, .F. ) ;
#5547 = FILL_AREA_STYLE_COLOUR ( '', #10162 ) ;
#5548 =( NAMED_UNIT ( * ) PLANE_ANGLE_UNIT ( ) SI_UNIT ( $, .RADIAN. ) );
#5549 = ORIENTED_EDGE ( 'NONE', *, *, #938, .T. ) ;
#5550 = DIRECTION ( 'NONE',  ( 0.000000000000000000, 0.000000000000000000, -1.000000000000000000 ) ) ;
#5551 = SURFACE_SIDE_STYLE ('',( #2432 ) ) ;
#5552 = CARTESIAN_POINT ( 'NONE',  ( 25.02427119529535204, -11.29433895058367554, 38.49137295158970318 ) ) ;
#5553 = ORIENTED_EDGE ( 'NONE', *, *, #6536, .F. ) ;
#5554 = SURFACE_SIDE_STYLE ('',( #2438 ) ) ;
#5555 = FILL_AREA_STYLE_COLOUR ( '', #7534 ) ;
#5557 = VECTOR ( 'NONE', #8720, 1000.000000000000000 ) ;
#5556 = CARTESIAN_POINT ( 'NONE',  ( 21.16000000000000014, 13.31369220013742272, -53.84951795962939514 ) ) ;
#5558 = ORIENTED_EDGE ( 'NONE', *, *, #325, .F. ) ;
#5559 = LINE ( 'NONE', #8739, #247 ) ;
#5560 = LINE ( 'NONE', #131, #6831 ) ;
#5561 = ORIENTED_EDGE ( 'NONE', *, *, #8487, .T. ) ;
#5562 = PLANE ( 'NONE',  #7256 ) ;
#5563 = ORIENTED_EDGE ( 'NONE', *, *, #9454, .F. ) ;
#5564 = CONICAL_SURFACE ( 'NONE', #3614, 1.249999999999997558, 1.029744258676653201 ) ;
#5565 = EDGE_LOOP ( 'NONE', ( #214, #4695, #7041, #1016 ) ) ;
#5566 =( LENGTH_UNIT ( ) NAMED_UNIT ( * ) SI_UNIT ( .MILLI., .METRE. ) );
#5567 =( BOUNDED_CURVE ( )  B_SPLINE_CURVE ( 3, ( #2591, #1064, #4230, #7376 ),
 .UNSPECIFIED., .F., .T. ) 
 B_SPLINE_CURVE_WITH_KNOTS ( ( 4, 4 ),
 ( 3.141592653589793116, 4.712388980384689674 ),
 .UNSPECIFIED. ) 
 CURVE ( )  GEOMETRIC_REPRESENTATION_ITEM ( )  RATIONAL_B_SPLINE_CURVE ( ( 1.000000000000000000, 0.8047378541243649375, 0.8047378541243649375, 1.000000000000000000 ) ) 
 REPRESENTATION_ITEM ( '' )  );
#5568 = FILL_AREA_STYLE_COLOUR ( '', #8507 ) ;
#5569 = FILL_AREA_STYLE ('',( #2560 ) ) ;
#5570 = CARTESIAN_POINT ( 'NONE',  ( 28.14999999999999858, -6.520106648094795787, 41.99999999999999289 ) ) ;
#5571 =( NAMED_UNIT ( * ) SI_UNIT ( $, .STERADIAN. ) SOLID_ANGLE_UNIT ( ) );
#5572 = EDGE_LOOP ( 'NONE', ( #5837, #870, #3021, #5073 ) ) ;
#5573 = AXIS2_PLACEMENT_3D ( 'NONE', #2392, #8281, #5764 ) ;
#5574 = STYLED_ITEM ( 'NONE', ( #3143 ), #9651 ) ;
#5575 = STYLED_ITEM ( 'NONE', ( #8109 ), #3088 ) ;
#5576 = ORIENTED_EDGE ( 'NONE', *, *, #9259, .F. ) ;
#5577 = CARTESIAN_POINT ( 'NONE',  ( 24.55811388300841713, -11.17024909563580337, 39.00000000000000000 ) ) ;
#5578 = ORIENTED_EDGE ( 'NONE', *, *, #4686, .F. ) ;
#5579 =( LENGTH_UNIT ( ) NAMED_UNIT ( * ) SI_UNIT ( .MILLI., .METRE. ) );
#5580 =( NAMED_UNIT ( * ) SI_UNIT ( $, .STERADIAN. ) SOLID_ANGLE_UNIT ( ) );
#5581 =( LENGTH_UNIT ( ) NAMED_UNIT ( * ) SI_UNIT ( .MILLI., .METRE. ) );
#5582 = COLOUR_RGB ( '',0.2509803921568627416, 0.2509803921568627416, 0.2509803921568627416 ) ;
#5583 = PRESENTATION_STYLE_ASSIGNMENT (( #9299 ) ) ;
#5584 = VECTOR ( 'NONE', #1917, 1000.000000000000000 ) ;
#5585 = MECHANICAL_DESIGN_GEOMETRIC_PRESENTATION_REPRESENTATION (  '', ( #5438 ), #2571 ) ;
#5586 = DIRECTION ( 'NONE',  ( 1.000000000000000000, 0.000000000000000000, 0.000000000000000000 ) ) ;
#5587 =( GEOMETRIC_REPRESENTATION_CONTEXT ( 3 ) GLOBAL_UNCERTAINTY_ASSIGNED_CONTEXT ( ( #7229 ) ) GLOBAL_UNIT_ASSIGNED_CONTEXT ( ( #4629, #1314, #5455 ) ) REPRESENTATION_CONTEXT ( 'NONE', 'WORKASPACE' ) );
#5588 = CARTESIAN_POINT ( 'NONE',  ( 27.64999999999999858, -9.779240779943883410, 43.00000000000000000 ) ) ;
#5589 =( NAMED_UNIT ( * ) SI_UNIT ( $, .STERADIAN. ) SOLID_ANGLE_UNIT ( ) );
#5590 = AXIS2_PLACEMENT_3D ( 'NONE', #7566, #6675, #6001 ) ;
#5591 = VERTEX_POINT ( 'NONE', #8542 ) ;
#5592 = FILL_AREA_STYLE_COLOUR ( '', #1349 ) ;
#5593 = ADVANCED_FACE ( 'NONE', ( #8331 ), #3445, .T. ) ;
#5594 = LINE ( 'NONE', #9573, #6799 ) ;
#5595 = COLOUR_RGB ( '',0.2509803921568627416, 0.2509803921568627416, 0.2509803921568627416 ) ;
#5596 = CARTESIAN_POINT ( 'NONE',  ( -19.15000000000003766, -19.14999999999997016, 8.000000000000000000 ) ) ;
#5597 = FACE_OUTER_BOUND ( 'NONE', #6837, .T. ) ;
#5598 = DIRECTION ( 'NONE',  ( -1.000000000000000000, 0.000000000000000000, 0.000000000000000000 ) ) ;
#5599 = CARTESIAN_POINT ( 'NONE',  ( 28.15470225766929246, -6.536588918950587690, 38.51648227085553344 ) ) ;
#5600 = SURFACE_STYLE_USAGE ( .BOTH. , #8637 ) ;
#5601 = FILL_AREA_STYLE_COLOUR ( '', #10176 ) ;
#5602 = ORIENTED_EDGE ( 'NONE', *, *, #7661, .F. ) ;
#5603 = MECHANICAL_DESIGN_GEOMETRIC_PRESENTATION_REPRESENTATION (  '', ( #6266 ), #3160 ) ;
#5604 =( NAMED_UNIT ( * ) SI_UNIT ( $, .STERADIAN. ) SOLID_ANGLE_UNIT ( ) );
#5605 = UNCERTAINTY_MEASURE_WITH_UNIT (LENGTH_MEASURE( 1.000000000000000082E-05 ), #8009, 'distance_accuracy_value', 'NONE');
#5606 = EDGE_CURVE ( 'NONE', #4544, #9008, #2917, .T. ) ;
#5607 = VERTEX_POINT ( 'NONE', #2258 ) ;
#5608 = VECTOR ( 'NONE', #652, 1000.000000000000000 ) ;
#5609 =( GEOMETRIC_REPRESENTATION_CONTEXT ( 3 ) GLOBAL_UNCERTAINTY_ASSIGNED_CONTEXT ( ( #9320 ) ) GLOBAL_UNIT_ASSIGNED_CONTEXT ( ( #4010, #9506, #3955 ) ) REPRESENTATION_CONTEXT ( 'NONE', 'WORKASPACE' ) );
#5610 = FILL_AREA_STYLE_COLOUR ( '', #6326 ) ;
#5611 = DIRECTION ( 'NONE',  ( -0.000000000000000000, -0.000000000000000000, 1.000000000000000000 ) ) ;
#5612 = DIRECTION ( 'NONE',  ( 0.000000000000000000, 0.000000000000000000, -1.000000000000000000 ) ) ;
#5613 = LINE ( 'NONE', #8175, #8127 ) ;
#5614 = CIRCLE ( 'NONE', #1831, 3.349999999999993427 ) ;
#5615 = ORIENTED_EDGE ( 'NONE', *, *, #2667, .F. ) ;
#5616 = CARTESIAN_POINT ( 'NONE',  ( 0.000000000000000000, 0.000000000000000000, -23.56571032415539690 ) ) ;
#5617 = STYLED_ITEM ( 'NONE', ( #863 ), #989 ) ;
#5618 = MECHANICAL_DESIGN_GEOMETRIC_PRESENTATION_REPRESENTATION (  '', ( #4305 ), #8628 ) ;
#5619 = VECTOR ( 'NONE', #8409, 1000.000000000000000 ) ;
#5620 = ORIENTED_EDGE ( 'NONE', *, *, #2537, .T. ) ;
#5621 = CARTESIAN_POINT ( 'NONE',  ( -15.49999999999999822, 15.50000000000000000, 5.251075773784450895 ) ) ;
#5622 = VERTEX_POINT ( 'NONE', #3161 ) ;
#5623 = MECHANICAL_DESIGN_GEOMETRIC_PRESENTATION_REPRESENTATION (  '', ( #7125 ), #8459 ) ;
#5624 = SURFACE_STYLE_FILL_AREA ( #2453 ) ;
#5625 = FACE_OUTER_BOUND ( 'NONE', #3682, .T. ) ;
#5626 = CARTESIAN_POINT ( 'NONE',  ( 28.44289321881344890, 7.020106648094791346, 42.49999999999999289 ) ) ;
#5627 = CIRCLE ( 'NONE', #2535, 1.201219330881977854 ) ;
#5628 = DIRECTION ( 'NONE',  ( -1.000000000000000000, 0.000000000000000000, 0.000000000000000000 ) ) ;
#5629 = EDGE_LOOP ( 'NONE', ( #7427, #6933, #7981, #9109 ) ) ;
#5630 = STYLED_ITEM ( 'NONE', ( #9981 ), #4197 ) ;
#5631 = VERTEX_POINT ( 'NONE', #6225 ) ;
#5632 = DIRECTION ( 'NONE',  ( -1.000000000000000000, -0.000000000000000000, -0.000000000000000000 ) ) ;
#5633 = VERTEX_POINT ( 'NONE', #3353 ) ;
#5634 = ADVANCED_FACE ( 'NONE', ( #700 ), #3876, .T. ) ;
#5635 = DIRECTION ( 'NONE',  ( -1.000000000000000000, 0.000000000000000000, 0.000000000000000000 ) ) ;
#5636 = DIRECTION ( 'NONE',  ( 0.000000000000000000, 0.000000000000000000, 1.000000000000000000 ) ) ;
#5637 =( NAMED_UNIT ( * ) PLANE_ANGLE_UNIT ( ) SI_UNIT ( $, .RADIAN. ) );
#5638 = CARTESIAN_POINT ( 'NONE',  ( -16.00000000000015987, -17.30000000000102389, 46.39999999999999858 ) ) ;
#5639 = UNCERTAINTY_MEASURE_WITH_UNIT (LENGTH_MEASURE( 1.000000000000000082E-05 ), #4988, 'distance_accuracy_value', 'NONE');
#5640 =( NAMED_UNIT ( * ) PLANE_ANGLE_UNIT ( ) SI_UNIT ( $, .RADIAN. ) );
#5641 = CARTESIAN_POINT ( 'NONE',  ( 24.99250597426855691, 11.41081142761260026, 42.54211053132948450 ) ) ;
#5642 = PLANE ( 'NONE',  #8302 ) ;
#5643 = ORIENTED_EDGE ( 'NONE', *, *, #7384, .F. ) ;
#5644 = EDGE_CURVE ( 'NONE', #5034, #3428, #3109, .T. ) ;
#5645 = VECTOR ( 'NONE', #855, 1000.000000000000000 ) ;
#5646 = FACE_OUTER_BOUND ( 'NONE', #862, .T. ) ;
#5647 = CARTESIAN_POINT ( 'NONE',  ( -2.000000000000015543, 2.755455298081554145E-16, -24.00000000000000000 ) ) ;
#5648 = PRESENTATION_STYLE_ASSIGNMENT (( #3354 ) ) ;
#5649 = FACE_OUTER_BOUND ( 'NONE', #6652, .T. ) ;
#5650 = CARTESIAN_POINT ( 'NONE',  ( 28.54983341605662162, -6.634653378354151698, 38.30727336512992309 ) ) ;
#5651 =( NAMED_UNIT ( * ) PLANE_ANGLE_UNIT ( ) SI_UNIT ( $, .RADIAN. ) );
#5652 =( NAMED_UNIT ( * ) SI_UNIT ( $, .STERADIAN. ) SOLID_ANGLE_UNIT ( ) );
#5653 = ORIENTED_EDGE ( 'NONE', *, *, #8392, .T. ) ;
#5654 = STYLED_ITEM ( 'NONE', ( #1115 ), #4511 ) ;
#5655 = EDGE_CURVE ( 'NONE', #7094, #7315, #1588, .T. ) ;
#5656 = DIRECTION ( 'NONE',  ( 1.000000000000000000, 0.000000000000000000, -0.000000000000000000 ) ) ;
#5657 = SURFACE_SIDE_STYLE ('',( #8839 ) ) ;
#5658 = VECTOR ( 'NONE', #9947, 1000.000000000000000 ) ;
#5659 =( LENGTH_UNIT ( ) NAMED_UNIT ( * ) SI_UNIT ( .MILLI., .METRE. ) );
#5660 = VECTOR ( 'NONE', #3670, 1000.000000000000000 ) ;
#5661 =( LENGTH_UNIT ( ) NAMED_UNIT ( * ) SI_UNIT ( .MILLI., .METRE. ) );
#5662 = DIRECTION ( 'NONE',  ( -0.000000000000000000, -0.000000000000000000, -1.000000000000000000 ) ) ;
#5663 = FILL_AREA_STYLE ('',( #4137 ) ) ;
#5664 = FACE_OUTER_BOUND ( 'NONE', #558, .T. ) ;
#5665 = STYLED_ITEM ( 'NONE', ( #4533 ), #1241 ) ;
#5666 = DIRECTION ( 'NONE',  ( -1.000000000000000000, 0.000000000000000000, 0.000000000000000000 ) ) ;
#5667 = ORIENTED_EDGE ( 'NONE', *, *, #8872, .F. ) ;
#5668 = ADVANCED_FACE ( 'NONE', ( #7123 ), #7908, .T. ) ;
#5669 = LINE ( 'NONE', #824, #6567 ) ;
#5670 = PRESENTATION_LAYER_ASSIGNMENT (  '', '', ( #1374 ) ) ;
#5671 = CARTESIAN_POINT ( 'NONE',  ( -15.50000000000016520, 15.49999999999897504, 46.40000000000000568 ) ) ;
#5672 = STYLED_ITEM ( 'NONE', ( #8116 ), #1697 ) ;
#5673 = ORIENTED_EDGE ( 'NONE', *, *, #796, .T. ) ;
#5674 = EDGE_LOOP ( 'NONE', ( #1231, #8667, #3735, #1159 ) ) ;
#5675 = EDGE_CURVE ( 'NONE', #7873, #4003, #7366, .T. ) ;
#5676 = PRESENTATION_LAYER_ASSIGNMENT (  '', '', ( #1065 ) ) ;
#5677 = SURFACE_SIDE_STYLE ('',( #4007 ) ) ;
#5678 = CARTESIAN_POINT ( 'NONE',  ( -13.32957238623955831, 21.14999999999999858, 98.84951795962938093 ) ) ;
#5679 =( NAMED_UNIT ( * ) PLANE_ANGLE_UNIT ( ) SI_UNIT ( $, .RADIAN. ) );
#5680 = ORIENTED_EDGE ( 'NONE', *, *, #6705, .F. ) ;
#5681 = VECTOR ( 'NONE', #4083, 1000.000000000000000 ) ;
#5682 = ORIENTED_EDGE ( 'NONE', *, *, #6903, .F. ) ;
#5683 = CARTESIAN_POINT ( 'NONE',  ( 28.64999999999999858, -9.779240779943883410, 36.50000000000000000 ) ) ;
#5684 = AXIS2_PLACEMENT_3D ( 'NONE', #5816, #4148, #3522 ) ;
#5685 = ORIENTED_EDGE ( 'NONE', *, *, #5225, .F. ) ;
#5686 = DIRECTION ( 'NONE',  ( -0.000000000000000000, 0.000000000000000000, 1.000000000000000000 ) ) ;
#5687 = CARTESIAN_POINT ( 'NONE',  ( -5.917307692307656630, 0.000000000000000000, 29.58653846153852740 ) ) ;
#5688 = FILL_AREA_STYLE ('',( #6554 ) ) ;
#5689 = DIRECTION ( 'NONE',  ( 1.000000000000000000, -1.064530274482815014E-15, 0.000000000000000000 ) ) ;
#5690 = DIRECTION ( 'NONE',  ( 0.9486832980505138790, 0.3162277660168376636, -0.000000000000000000 ) ) ;
#5691 = SURFACE_STYLE_USAGE ( .BOTH. , #4165 ) ;
#5692 = PRESENTATION_LAYER_ASSIGNMENT (  '', '', ( #5364 ) ) ;
#5693 = CARTESIAN_POINT ( 'NONE',  ( 24.54992289684097528, 11.60766137412036159, 42.13268331012164936 ) ) ;
#5694 = ADVANCED_FACE ( 'NONE', ( #356 ), #9005, .F. ) ;
#5695 = CARTESIAN_POINT ( 'NONE',  ( 28.14999999999999503, -7.020106648094795787, 42.49999999999999289 ) ) ;
#5696 = VERTEX_POINT ( 'NONE', #9714 ) ;
#5697 = CARTESIAN_POINT ( 'NONE',  ( 27.80811388300841713, -10.25358242896914085, 43.00000000000000000 ) ) ;
#5698 = MECHANICAL_DESIGN_GEOMETRIC_PRESENTATION_REPRESENTATION (  '', ( #9142 ), #1742 ) ;
#5699 = DIRECTION ( 'NONE',  ( -1.000000000000000000, -0.000000000000000000, 0.000000000000000000 ) ) ;
#5700 = FILL_AREA_STYLE_COLOUR ( '', #1737 ) ;
#5701 = CARTESIAN_POINT ( 'NONE',  ( 13.69999999999983764, 15.99999999999897682, 45.39999999999999858 ) ) ;
#5702 = SURFACE_SIDE_STYLE ('',( #2373 ) ) ;
#5703 = FACE_OUTER_BOUND ( 'NONE', #2957, .T. ) ;
#5704 = FILL_AREA_STYLE ('',( #5304 ) ) ;
#5705 = SURFACE_SIDE_STYLE ('',( #7277 ) ) ;
#5706 = SURFACE_SIDE_STYLE ('',( #8785 ) ) ;
#5707 = VERTEX_POINT ( 'NONE', #4309 ) ;
#5708 = EDGE_CURVE ( 'NONE', #9633, #9791, #411, .T. ) ;
#5709 = UNCERTAINTY_MEASURE_WITH_UNIT (LENGTH_MEASURE( 1.000000000000000082E-05 ), #9774, 'distance_accuracy_value', 'NONE');
#5710 = CARTESIAN_POINT ( 'NONE',  ( -15.00000000000016342, -16.00000000000102673, 46.39999999999999858 ) ) ;
#5711 =( NAMED_UNIT ( * ) PLANE_ANGLE_UNIT ( ) SI_UNIT ( $, .RADIAN. ) );
#5712 = EDGE_CURVE ( 'NONE', #4033, #8161, #1199, .T. ) ;
#5713 = FACE_BOUND ( 'NONE', #3166, .T. ) ;
#5714 = SURFACE_STYLE_FILL_AREA ( #4189 ) ;
#5715 = CARTESIAN_POINT ( 'NONE',  ( 21.14999999999999858, 12.99999999999999822, 46.00000000000000711 ) ) ;
#5716 = VERTEX_POINT ( 'NONE', #9904 ) ;
#5717 = AXIS2_PLACEMENT_3D ( 'NONE', #2696, #2042, #8223 ) ;
#5718 = LINE ( 'NONE', #1221, #8406 ) ;
#5719 = EDGE_LOOP ( 'NONE', ( #7465, #2133, #84, #9595 ) ) ;
#5720 = UNCERTAINTY_MEASURE_WITH_UNIT (LENGTH_MEASURE( 1.000000000000000082E-05 ), #7764, 'distance_accuracy_value', 'NONE');
#5721 = AXIS2_PLACEMENT_3D ( 'NONE', #9625, #8063, #7422 ) ;
#5722 = EDGE_CURVE ( 'NONE', #2385, #399, #7415, .T. ) ;
#5723 = DIRECTION ( 'NONE',  ( 1.000000000000000000, 8.202002250481357549E-17, -0.000000000000000000 ) ) ;
#5724 = FILL_AREA_STYLE_COLOUR ( '', #1316 ) ;
#5725 = PRESENTATION_STYLE_ASSIGNMENT (( #7142 ) ) ;
#5726 =( NAMED_UNIT ( * ) PLANE_ANGLE_UNIT ( ) SI_UNIT ( $, .RADIAN. ) );
#5727 =( NAMED_UNIT ( * ) PLANE_ANGLE_UNIT ( ) SI_UNIT ( $, .RADIAN. ) );
#5728 = ORIENTED_EDGE ( 'NONE', *, *, #6112, .T. ) ;
#5729 = MECHANICAL_DESIGN_GEOMETRIC_PRESENTATION_REPRESENTATION (  '', ( #3122 ), #5240 ) ;
#5730 = ORIENTED_EDGE ( 'NONE', *, *, #4866, .F. ) ;
#5731 = CARTESIAN_POINT ( 'NONE',  ( 48.64999999999999858, 8.673617379884035472E-16, 38.80121933088197039 ) ) ;
#5732 = EDGE_LOOP ( 'NONE', ( #6538, #3658, #7467, #6981 ) ) ;
#5733 = ADVANCED_FACE ( 'NONE', ( #5232 ), #2833, .F. ) ;
#5734 = CARTESIAN_POINT ( 'NONE',  ( 13.69999999999983764, 15.99999999999897682, 46.39999999999999858 ) ) ;
#5735 = FILL_AREA_STYLE_COLOUR ( '', #9622 ) ;
#5736 = SURFACE_STYLE_FILL_AREA ( #4260 ) ;
#5737 = VERTEX_POINT ( 'NONE', #2782 ) ;
#5738 = COLOUR_RGB ( '',0.2509803921568627416, 0.2509803921568627416, 0.2509803921568627416 ) ;
#5739 = ADVANCED_FACE ( 'NONE', ( #2026 ), #2729, .T. ) ;
#5740 = COLOUR_RGB ( '',0.2509803921568627416, 0.2509803921568627416, 0.2509803921568627416 ) ;
#5741 =( NAMED_UNIT ( * ) PLANE_ANGLE_UNIT ( ) SI_UNIT ( $, .RADIAN. ) );
#5742 =( GEOMETRIC_REPRESENTATION_CONTEXT ( 3 ) GLOBAL_UNCERTAINTY_ASSIGNED_CONTEXT ( ( #6882 ) ) GLOBAL_UNIT_ASSIGNED_CONTEXT ( ( #4788, #8687, #3105 ) ) REPRESENTATION_CONTEXT ( 'NONE', 'WORKASPACE' ) );
#5743 = EDGE_LOOP ( 'NONE', ( #7821, #7651, #5507, #6037 ) ) ;
#5744 = PRESENTATION_STYLE_ASSIGNMENT (( #8255 ) ) ;
#5745 = CIRCLE ( 'NONE', #9695, 1.249999999999999334 ) ;
#5746 =( GEOMETRIC_REPRESENTATION_CONTEXT ( 3 ) GLOBAL_UNCERTAINTY_ASSIGNED_CONTEXT ( ( #1935 ) ) GLOBAL_UNIT_ASSIGNED_CONTEXT ( ( #135, #6340, #3171 ) ) REPRESENTATION_CONTEXT ( 'NONE', 'WORKASPACE' ) );
#5747 = FACE_OUTER_BOUND ( 'NONE', #3421, .T. ) ;
#5748 = FACE_OUTER_BOUND ( 'NONE', #9452, .T. ) ;
#5749 = DIRECTION ( 'NONE',  ( 1.000000000000000000, 0.000000000000000000, 0.000000000000000000 ) ) ;
#5750 = COLOUR_RGB ( '',0.2509803921568627416, 0.2509803921568627416, 0.2509803921568627416 ) ;
#5751 = CARTESIAN_POINT ( 'NONE',  ( 28.64999999999486135, -6.118291982030473974, 38.09818533393495699 ) ) ;
#5752 = DIRECTION ( 'NONE',  ( 0.000000000000000000, 0.000000000000000000, 1.000000000000000000 ) ) ;
#5753 = VECTOR ( 'NONE', #5795, 1000.000000000000000 ) ;
#5754 = DIRECTION ( 'NONE',  ( -1.000000000000000000, -0.000000000000000000, -0.000000000000000000 ) ) ;
#5755 = ORIENTED_EDGE ( 'NONE', *, *, #9673, .T. ) ;
#5756 = CARTESIAN_POINT ( 'NONE',  ( -21.14999999999999503, -13.32957238623956364, 5.999999999999998224 ) ) ;
#5757 = CARTESIAN_POINT ( 'NONE',  ( 25.00811388300840932, 11.35358242896914938, 38.47434164902525566 ) ) ;
#5758 = CIRCLE ( 'NONE', #7744, 25.00000000000000000 ) ;
#5759 = PRESENTATION_LAYER_ASSIGNMENT (  '', '', ( #1149 ) ) ;
#5760 = SURFACE_STYLE_USAGE ( .BOTH. , #2638 ) ;
#5761 = SURFACE_SIDE_STYLE ('',( #4234 ) ) ;
#5762 = ORIENTED_EDGE ( 'NONE', *, *, #4915, .F. ) ;
#5763 = CARTESIAN_POINT ( 'NONE',  ( -15.50000000000016520, 15.49999999999897504, 46.40000000000000568 ) ) ;
#5764 = DIRECTION ( 'NONE',  ( -1.000000000000000000, 0.000000000000000000, 0.000000000000000000 ) ) ;
#5765 = UNCERTAINTY_MEASURE_WITH_UNIT (LENGTH_MEASURE( 1.000000000000000082E-05 ), #2718, 'distance_accuracy_value', 'NONE');
#5766 = VERTEX_POINT ( 'NONE', #4667 ) ;
#5767 = EDGE_CURVE ( 'NONE', #8742, #2037, #617, .T. ) ;
#5768 = DIRECTION ( 'NONE',  ( 0.000000000000000000, -1.000000000000000000, 0.000000000000000000 ) ) ;
#5769 = DIRECTION ( 'NONE',  ( 0.000000000000000000, 0.000000000000000000, 1.000000000000000000 ) ) ;
#5770 = DIRECTION ( 'NONE',  ( -0.7071067811865496822, 0.7071067811865453523, 0.000000000000000000 ) ) ;
#5771 = CARTESIAN_POINT ( 'NONE',  ( -1.387719793734910390, 2.000000000000000000, -23.56571032415539690 ) ) ;
#5772 = DIRECTION ( 'NONE',  ( 0.000000000000000000, 0.000000000000000000, -1.000000000000000000 ) ) ;
#5773 = DIRECTION ( 'NONE',  ( -1.000000000000000000, -0.000000000000000000, -0.000000000000000000 ) ) ;
#5774 = EDGE_LOOP ( 'NONE', ( #10183, #891, #6966, #9349 ) ) ;
#5775 = ADVANCED_FACE ( 'NONE', ( #7888 ), #9244, .T. ) ;
#5776 = PRESENTATION_LAYER_ASSIGNMENT (  '', '', ( #9409 ) ) ;
#5777 = ORIENTED_EDGE ( 'NONE', *, *, #8665, .T. ) ;
#5778 = SURFACE_SIDE_STYLE ('',( #4872 ) ) ;
#5779 = EDGE_LOOP ( 'NONE', ( #2766, #4154, #4980, #1335, #1504, #5602, #6296, #1775, #5102, #6494, #5188, #7279 ) ) ;
#5780 =( NAMED_UNIT ( * ) SI_UNIT ( $, .STERADIAN. ) SOLID_ANGLE_UNIT ( ) );
#5781 = COLOUR_RGB ( '',0.2509803921568627416, 0.2509803921568627416, 0.2509803921568627416 ) ;
#5782 = CARTESIAN_POINT ( 'NONE',  ( 15.99999999999984013, 17.29999999999897753, 45.39999999999999858 ) ) ;
#5783 = SURFACE_STYLE_USAGE ( .BOTH. , #1819 ) ;
#5784 = AXIS2_PLACEMENT_3D ( 'NONE', #9860, #3971, #6265 ) ;
#5785 = VERTEX_POINT ( 'NONE', #2177 ) ;
#5786 = ADVANCED_FACE ( 'NONE', ( #6936 ), #5284, .F. ) ;
#5787 = CARTESIAN_POINT ( 'NONE',  ( 24.21622776601682503, 11.97792407799438585, 43.00000000000000000 ) ) ;
#5788 =( GEOMETRIC_REPRESENTATION_CONTEXT ( 3 ) GLOBAL_UNCERTAINTY_ASSIGNED_CONTEXT ( ( #3452 ) ) GLOBAL_UNIT_ASSIGNED_CONTEXT ( ( #4527, #7686, #1683 ) ) REPRESENTATION_CONTEXT ( 'NONE', 'WORKASPACE' ) );
#5789 = CARTESIAN_POINT ( 'NONE',  ( 28.23963673246874961, -6.545173355719054342, 42.47493329237556026 ) ) ;
#5790 = EDGE_LOOP ( 'NONE', ( #4158, #452, #4447, #2333 ) ) ;
#5791 = SURFACE_STYLE_USAGE ( .BOTH. , #3495 ) ;
#5792 = PRESENTATION_LAYER_ASSIGNMENT (  '', '', ( #1845 ) ) ;
#5793 = CARTESIAN_POINT ( 'NONE',  ( 24.58921030455000079, 11.54368746851639393, 38.49115997770830688 ) ) ;
#5794 = SURFACE_STYLE_FILL_AREA ( #7565 ) ;
#5795 = DIRECTION ( 'NONE',  ( -1.064530274482815014E-15, -1.000000000000000000, -0.000000000000000000 ) ) ;
#5796 = DIRECTION ( 'NONE',  ( -0.000000000000000000, -0.000000000000000000, -1.000000000000000000 ) ) ;
#5797 = CARTESIAN_POINT ( 'NONE',  ( 27.65000000000000213, -7.020106648094796675, 41.99999999999999289 ) ) ;
#5798 = CARTESIAN_POINT ( 'NONE',  ( 24.41111345945373756, -11.90432812326321432, 38.10407894337291168 ) ) ;
#5799 = ORIENTED_EDGE ( 'NONE', *, *, #2685, .F. ) ;
#5800 = FILL_AREA_STYLE_COLOUR ( '', #4404 ) ;
#5801 = STYLED_ITEM ( 'NONE', ( #6000 ), #5074 ) ;
#5802 = DIRECTION ( 'NONE',  ( 2.668805347656631609E-15, -1.000000000000000000, 0.000000000000000000 ) ) ;
#5803 = CARTESIAN_POINT ( 'NONE',  ( 31.00000000000000000, -13.70000000000102425, 45.39999999999999858 ) ) ;
#5804 = ADVANCED_FACE ( 'NONE', ( #4160 ), #2528, .T. ) ;
#5805 = CARTESIAN_POINT ( 'NONE',  ( 27.65000000000000213, -9.779240779943883410, 42.49999999999999289 ) ) ;
#5806 = DIRECTION ( 'NONE',  ( 1.000000000000000000, 8.202002250481357549E-17, 0.000000000000000000 ) ) ;
#5807 = AXIS2_PLACEMENT_3D ( 'NONE', #4835, #9522, #8775 ) ;
#5808 = FILL_AREA_STYLE ('',( #375 ) ) ;
#5809 = SURFACE_STYLE_USAGE ( .BOTH. , #9021 ) ;
#5810 = VERTEX_POINT ( 'NONE', #8909 ) ;
#5811 = PLANE ( 'NONE',  #4430 ) ;
#5812 = DIRECTION ( 'NONE',  ( 0.000000000000000000, -1.000000000000000000, 0.000000000000000000 ) ) ;
#5813 = EDGE_CURVE ( 'NONE', #2037, #2716, #7308, .T. ) ;
#5814 = MECHANICAL_DESIGN_GEOMETRIC_PRESENTATION_REPRESENTATION (  '', ( #8494 ), #1358 ) ;
#5815 = VERTEX_POINT ( 'NONE', #6512 ) ;
#5816 = CARTESIAN_POINT ( 'NONE',  ( 31.00000000000000000, -31.00000000000000000, 45.39999999999999858 ) ) ;
#5817 = FACE_OUTER_BOUND ( 'NONE', #3417, .T. ) ;
#5818 = CARTESIAN_POINT ( 'NONE',  ( 30.99999999999995737, 15.99999999999901590, 45.39999999999999858 ) ) ;
#5819 = CARTESIAN_POINT ( 'NONE',  ( -16.00000000000015987, 13.69999999999897611, 45.39999999999999858 ) ) ;
#5820 = EDGE_LOOP ( 'NONE', ( #8015, #1645, #9160, #2873, #2568, #6317, #8113, #1341 ) ) ;
#5821 = PRESENTATION_LAYER_ASSIGNMENT (  '', '', ( #1875 ) ) ;
#5822 = CYLINDRICAL_SURFACE ( 'NONE', #1954, 25.00000000000000000 ) ;
#5823 = ADVANCED_FACE ( 'NONE', ( #7216 ), #3962, .T. ) ;
#5824 = COLOUR_RGB ( '',0.2509803921568627416, 0.2509803921568627416, 0.2509803921568627416 ) ;
#5825 = ORIENTED_EDGE ( 'NONE', *, *, #2322, .F. ) ;
#5826 = CARTESIAN_POINT ( 'NONE',  ( 28.65000000000000213, 9.779240779943869200, 44.50000000000000000 ) ) ;
#5827 = ORIENTED_EDGE ( 'NONE', *, *, #7756, .T. ) ;
#5828 = STYLED_ITEM ( 'NONE', ( #2010 ), #7009 ) ;
#5829 = STYLED_ITEM ( 'NONE', ( #4068 ), #5151 ) ;
#5830 = SURFACE_STYLE_USAGE ( .BOTH. , #1092 ) ;
#5831 = CARTESIAN_POINT ( 'NONE',  ( 48.64999999999999858, 8.673617379884035472E-16, 40.49999999999999289 ) ) ;
#5832 = CARTESIAN_POINT ( 'NONE',  ( 31.00000000000004263, -15.00000000000106759, 46.39999999999999858 ) ) ;
#5833 = CARTESIAN_POINT ( 'NONE',  ( 14.99999999999979394, -30.99999999999995737, 46.39999999999999858 ) ) ;
#5834 = ADVANCED_FACE ( 'NONE', ( #2615 ), #8762, .T. ) ;
#5835 = DIRECTION ( 'NONE',  ( -0.000000000000000000, -0.000000000000000000, -1.000000000000000000 ) ) ;
#5836 = CARTESIAN_POINT ( 'NONE',  ( 25.05811388300841713, -10.64320281894107190, 42.49999999999999289 ) ) ;
#5837 = ORIENTED_EDGE ( 'NONE', *, *, #8838, .F. ) ;
#5838 = VECTOR ( 'NONE', #691, 1000.000000000000000 ) ;
#5839 = VECTOR ( 'NONE', #7459, 1000.000000000000114 ) ;
#5840 = VECTOR ( 'NONE', #6679, 1000.000000000000000 ) ;
#5841 = CARTESIAN_POINT ( 'NONE',  ( 25.00811388300840932, 11.35358242896912984, 42.52565835097474434 ) ) ;
#5842 = CARTESIAN_POINT ( 'NONE',  ( 28.14725966419515402, -6.520114047980506200, 42.49999263160820817 ) ) ;
#5843 = ORIENTED_EDGE ( 'NONE', *, *, #7193, .T. ) ;
#5844 = PRESENTATION_STYLE_ASSIGNMENT (( #5791 ) ) ;
#5845 = CARTESIAN_POINT ( 'NONE',  ( 24.57179009200843822, 11.38835456465817764, 38.52375429019844688 ) ) ;
#5846 = COLOUR_RGB ( '',0.2509803921568627416, 0.2509803921568627416, 0.2509803921568627416 ) ;
#5847 = CIRCLE ( 'NONE', #8193, 1.249999999999997558 ) ;
#5848 = FILL_AREA_STYLE_COLOUR ( '', #4880 ) ;
#5849 = COLOUR_RGB ( '',0.2509803921568627416, 0.2509803921568627416, 0.2509803921568627416 ) ;
#5850 = AXIS2_PLACEMENT_3D ( 'NONE', #5222, #2671, #1095 ) ;
#5851 = STYLED_ITEM ( 'NONE', ( #4100 ), #5409 ) ;
#5852 = ADVANCED_FACE ( 'NONE', ( #8046, #941 ), #9131, .T. ) ;
#5853 = DIRECTION ( 'NONE',  ( -0.000000000000000000, -0.000000000000000000, 1.000000000000000000 ) ) ;
#5854 = UNCERTAINTY_MEASURE_WITH_UNIT (LENGTH_MEASURE( 1.000000000000000082E-05 ), #2743, 'distance_accuracy_value', 'NONE');
#5855 = ORIENTED_EDGE ( 'NONE', *, *, #4453, .F. ) ;
#5856 = LINE ( 'NONE', #4229, #1438 ) ;
#5858 = COLOUR_RGB ( '',0.2509803921568627416, 0.2509803921568627416, 0.2509803921568627416 ) ;
#5857 = CARTESIAN_POINT ( 'NONE',  ( 12.74999999999983480, -15.50000000000102496, 46.40000000000000568 ) ) ;
#5859 = PRESENTATION_LAYER_ASSIGNMENT (  '', '', ( #9146 ) ) ;
#5860 = CIRCLE ( 'NONE', #4714, 0.5000000000000000000 ) ;
#5861 = ORIENTED_EDGE ( 'NONE', *, *, #6469, .F. ) ;
#5862 =( NAMED_UNIT ( * ) SI_UNIT ( $, .STERADIAN. ) SOLID_ANGLE_UNIT ( ) );
#5863 = EDGE_CURVE ( 'NONE', #9533, #10096, #641, .T. ) ;
#5864 =( LENGTH_UNIT ( ) NAMED_UNIT ( * ) SI_UNIT ( .MILLI., .METRE. ) );
#5865 = CARTESIAN_POINT ( 'NONE',  ( 24.55811388300841713, -10.80986948560773975, 42.49999999999999289 ) ) ;
#5866 = FILL_AREA_STYLE_COLOUR ( '', #1302 ) ;
#5867 = CARTESIAN_POINT ( 'NONE',  ( 27.64999999999999858, 6.520106648094790458, 41.99999999999999289 ) ) ;
#5868 = DIRECTION ( 'NONE',  ( 1.000000000000000000, 0.000000000000000000, 0.000000000000000000 ) ) ;
#5869 = ORIENTED_EDGE ( 'NONE', *, *, #1591, .F. ) ;
#5870 = SURFACE_SIDE_STYLE ('',( #2803 ) ) ;
#5871 = ADVANCED_FACE ( 'NONE', ( #3537 ), #6553, .T. ) ;
#5872 = DIRECTION ( 'NONE',  ( -0.000000000000000000, -1.000000000000000000, -0.000000000000000000 ) ) ;
#5873 = ORIENTED_EDGE ( 'NONE', *, *, #4198, .F. ) ;
#5874 =( GEOMETRIC_REPRESENTATION_CONTEXT ( 3 ) GLOBAL_UNCERTAINTY_ASSIGNED_CONTEXT ( ( #1013 ) ) GLOBAL_UNIT_ASSIGNED_CONTEXT ( ( #1283, #1440, #10082 ) ) REPRESENTATION_CONTEXT ( 'NONE', 'WORKASPACE' ) );
#5875 =( NAMED_UNIT ( * ) PLANE_ANGLE_UNIT ( ) SI_UNIT ( $, .RADIAN. ) );
#5876 =( NAMED_UNIT ( * ) SI_UNIT ( $, .STERADIAN. ) SOLID_ANGLE_UNIT ( ) );
#5877 = DIRECTION ( 'NONE',  ( -0.000000000000000000, -0.000000000000000000, -1.000000000000000000 ) ) ;
#5878 = CARTESIAN_POINT ( 'NONE',  ( 14.99999999999983658, -15.00000000000102673, 45.39999999999999858 ) ) ;
#5879 = SURFACE_STYLE_FILL_AREA ( #9692 ) ;
#5880 = SURFACE_STYLE_FILL_AREA ( #390 ) ;
#5881 = ORIENTED_EDGE ( 'NONE', *, *, #4392, .F. ) ;
#5882 = UNCERTAINTY_MEASURE_WITH_UNIT (LENGTH_MEASURE( 1.000000000000000082E-05 ), #1126, 'distance_accuracy_value', 'NONE');
#5883 = FILL_AREA_STYLE_COLOUR ( '', #4586 ) ;
#5884 = ORIENTED_EDGE ( 'NONE', *, *, #4323, .T. ) ;
#5885 =( NAMED_UNIT ( * ) SI_UNIT ( $, .STERADIAN. ) SOLID_ANGLE_UNIT ( ) );
#5886 = VERTEX_POINT ( 'NONE', #4209 ) ;
#5887 = CARTESIAN_POINT ( 'NONE',  ( 24.55811388300841713, -10.80986948560774152, 38.70710678118654613 ) ) ;
#5888 = CARTESIAN_POINT ( 'NONE',  ( 18.24999999999983658, 15.49999999999897504, 46.40000000000000568 ) ) ;
#5889 = FILL_AREA_STYLE ('',( #7611 ) ) ;
#5890 = ORIENTED_EDGE ( 'NONE', *, *, #1514, .T. ) ;
#5891 =( NAMED_UNIT ( * ) SI_UNIT ( $, .STERADIAN. ) SOLID_ANGLE_UNIT ( ) );
#5892 = FACE_OUTER_BOUND ( 'NONE', #6127, .T. ) ;
#5893 = ORIENTED_EDGE ( 'NONE', *, *, #796, .F. ) ;
#5894 =( LENGTH_UNIT ( ) NAMED_UNIT ( * ) SI_UNIT ( .MILLI., .METRE. ) );
#5895 = VECTOR ( 'NONE', #3830, 1000.000000000000000 ) ;
#5896 = PLANE ( 'NONE',  #9099 ) ;
#5897 = EDGE_CURVE ( 'NONE', #791, #2538, #7554, .T. ) ;
#5898 = SURFACE_SIDE_STYLE ('',( #5794 ) ) ;
#5899 =( NAMED_UNIT ( * ) PLANE_ANGLE_UNIT ( ) SI_UNIT ( $, .RADIAN. ) );
#5900 = CARTESIAN_POINT ( 'NONE',  ( 25.05811388300841713, -10.64320281894107190, 38.50000000000000000 ) ) ;
#5901 =( BOUNDED_CURVE ( )  B_SPLINE_CURVE ( 3, ( #2606, #7341, #6451, #5570 ),
 .UNSPECIFIED., .F., .T. ) 
 B_SPLINE_CURVE_WITH_KNOTS ( ( 4, 4 ),
 ( 4.712388980384689674, 6.283185307179586232 ),
 .UNSPECIFIED. ) 
 CURVE ( )  GEOMETRIC_REPRESENTATION_ITEM ( )  RATIONAL_B_SPLINE_CURVE ( ( 1.000000000000000000, 0.8047378541243649375, 0.8047378541243649375, 1.000000000000000000 ) ) 
 REPRESENTATION_ITEM ( '' )  );
#5902 = VECTOR ( 'NONE', #6383, 1000.000000000000000 ) ;
#5903 = FILL_AREA_STYLE ('',( #9097 ) ) ;
#5904 =( LENGTH_UNIT ( ) NAMED_UNIT ( * ) SI_UNIT ( .MILLI., .METRE. ) );
#5905 = CONICAL_SURFACE ( 'NONE', #5573, 1.249999999999997558, 1.029744258676653201 ) ;
#5906 = CARTESIAN_POINT ( 'NONE',  ( 0.000000000000000000, 0.000000000000000000, 1.000000000000000000 ) ) ;
#5907 = EDGE_CURVE ( 'NONE', #5633, #7503, #4796, .T. ) ;
#5908 = EDGE_LOOP ( 'NONE', ( #4191, #1379, #1813, #7880 ) ) ;
#5909 = VECTOR ( 'NONE', #6293, 1000.000000000000000 ) ;
#5910 =( GEOMETRIC_REPRESENTATION_CONTEXT ( 3 ) GLOBAL_UNCERTAINTY_ASSIGNED_CONTEXT ( ( #959 ) ) GLOBAL_UNIT_ASSIGNED_CONTEXT ( ( #5904, #1158, #5089 ) ) REPRESENTATION_CONTEXT ( 'NONE', 'WORKASPACE' ) );
#5911 = DIRECTION ( 'NONE',  ( 0.000000000000000000, 0.000000000000000000, -1.000000000000000000 ) ) ;
#5912 = SURFACE_STYLE_USAGE ( .BOTH. , #9913 ) ;
#5913 =( NAMED_UNIT ( * ) PLANE_ANGLE_UNIT ( ) SI_UNIT ( $, .RADIAN. ) );
#5914 = DIRECTION ( 'NONE',  ( 1.000000000000000000, -1.064530274482815014E-15, 0.000000000000000000 ) ) ;
#5915 = DIRECTION ( 'NONE',  ( -1.000000000000000000, 0.000000000000000000, 0.000000000000000000 ) ) ;
#5916 = CARTESIAN_POINT ( 'NONE',  ( 0.000000000000000000, 21.14999999999999858, 6.000000000000000000 ) ) ;
#5917 = PRESENTATION_LAYER_ASSIGNMENT (  '', '', ( #1135 ) ) ;
#5918 = ORIENTED_EDGE ( 'NONE', *, *, #7559, .T. ) ;
#5919 = STYLED_ITEM ( 'NONE', ( #9481 ), #9400 ) ;
#5920 = VECTOR ( 'NONE', #3911, 1000.000000000000000 ) ;
#5921 = PRESENTATION_LAYER_ASSIGNMENT (  '', '', ( #4132 ) ) ;
#5922 = CARTESIAN_POINT ( 'NONE',  ( 14.99999999999984013, -13.70000000000102425, 45.39999999999999858 ) ) ;
#5923 = EDGE_CURVE ( 'NONE', #3941, #3371, #1969, .T. ) ;
#5924 = CIRCLE ( 'NONE', #2980, 2.799999999999999822 ) ;
#5925 = AXIS2_PLACEMENT_3D ( 'NONE', #3290, #8816, #3341 ) ;
#5926 = PRESENTATION_LAYER_ASSIGNMENT (  '', '', ( #301 ) ) ;
#5927 = EDGE_CURVE ( 'NONE', #5213, #9240, #4344, .T. ) ;
#5928 =( LENGTH_UNIT ( ) NAMED_UNIT ( * ) SI_UNIT ( .MILLI., .METRE. ) );
#5929 =( LENGTH_UNIT ( ) NAMED_UNIT ( * ) SI_UNIT ( .MILLI., .METRE. ) );
#5930 = CARTESIAN_POINT ( 'NONE',  ( 13.32957238623955121, -21.15000000000000568, 98.84951795962938093 ) ) ;
#5931 = DIRECTION ( 'NONE',  ( -0.000000000000000000, -1.000000000000000000, 0.000000000000000000 ) ) ;
#5932 = CARTESIAN_POINT ( 'NONE',  ( 28.65000000000000213, 9.779240779943869200, 44.50000000000000000 ) ) ;
#5933 = ORIENTED_EDGE ( 'NONE', *, *, #6021, .F. ) ;
#5934 =( NAMED_UNIT ( * ) PLANE_ANGLE_UNIT ( ) SI_UNIT ( $, .RADIAN. ) );
#5935 = MECHANICAL_DESIGN_GEOMETRIC_PRESENTATION_REPRESENTATION (  '', ( #7943 ), #6432 ) ;
#5936 = EDGE_LOOP ( 'NONE', ( #6406, #6446, #9352, #2812 ) ) ;
#5937 = SURFACE_STYLE_FILL_AREA ( #7456 ) ;
#5938 = ORIENTED_EDGE ( 'NONE', *, *, #2672, .T. ) ;
#5939 =( NAMED_UNIT ( * ) PLANE_ANGLE_UNIT ( ) SI_UNIT ( $, .RADIAN. ) );
#5940 = ADVANCED_FACE ( 'NONE', ( #3483 ), #5450, .F. ) ;
#5941 = SURFACE_STYLE_FILL_AREA ( #1043 ) ;
#5942 = LINE ( 'NONE', #5833, #3256 ) ;
#5943 = EDGE_LOOP ( 'NONE', ( #4501, #3254, #1219, #612 ) ) ;
#5944 = STYLED_ITEM ( 'NONE', ( #4002 ), #4492 ) ;
#5945 =( NAMED_UNIT ( * ) PLANE_ANGLE_UNIT ( ) SI_UNIT ( $, .RADIAN. ) );
#5946 = CARTESIAN_POINT ( 'NONE',  ( 28.38926546838042242, -10.58691151053986879, 44.55214690632393371 ) ) ;
#5947 = EDGE_CURVE ( 'NONE', #657, #5607, #1386, .T. ) ;
#5948 = STYLED_ITEM ( 'NONE', ( #8992 ), #9038 ) ;
#5949 = ORIENTED_EDGE ( 'NONE', *, *, #1492, .T. ) ;
#5950 = CARTESIAN_POINT ( 'NONE',  ( 0.000000000000000000, -17.30000000000102389, 45.39999999999999858 ) ) ;
#5951 = SURFACE_SIDE_STYLE ('',( #8256 ) ) ;
#5952 = VECTOR ( 'NONE', #230, 1000.000000000000114 ) ;
#5953 = DIRECTION ( 'NONE',  ( -0.000000000000000000, -0.000000000000000000, -1.000000000000000000 ) ) ;
#5954 = LINE ( 'NONE', #9988, #10031 ) ;
#5955 = LINE ( 'NONE', #6721, #10106 ) ;
#5956 = CARTESIAN_POINT ( 'NONE',  ( 28.64999999999999858, 10.49999999999999645, 36.50000000000000000 ) ) ;
#5957 = UNCERTAINTY_MEASURE_WITH_UNIT (LENGTH_MEASURE( 1.000000000000000082E-05 ), #9034, 'distance_accuracy_value', 'NONE');
#5958 = COLOUR_RGB ( '',0.2509803921568627416, 0.2509803921568627416, 0.2509803921568627416 ) ;
#5959 = CARTESIAN_POINT ( 'NONE',  ( 48.64999999999999858, 8.673617379884035472E-16, 40.49999999999999289 ) ) ;
#5960 = CARTESIAN_POINT ( 'NONE',  ( 21.16000000000000014, 0.000000000000000000, -53.84951795962939514 ) ) ;
#5961 =( GEOMETRIC_REPRESENTATION_CONTEXT ( 3 ) GLOBAL_UNCERTAINTY_ASSIGNED_CONTEXT ( ( #6680 ) ) GLOBAL_UNIT_ASSIGNED_CONTEXT ( ( #5227, #6086, #4399 ) ) REPRESENTATION_CONTEXT ( 'NONE', 'WORKASPACE' ) );
#5962 = EDGE_CURVE ( 'NONE', #8220, #1810, #3895, .T. ) ;
#5963 = CARTESIAN_POINT ( 'NONE',  ( 28.64999999999999858, -1.698780669118019393, 39.29878066911798129 ) ) ;
#5964 = VERTEX_POINT ( 'NONE', #4443 ) ;
#5965 = CARTESIAN_POINT ( 'NONE',  ( 6.014999999999994351, -18.04500000000000171, 0.000000000000000000 ) ) ;
#5966 = FACE_OUTER_BOUND ( 'NONE', #865, .T. ) ;
#5967 = DIRECTION ( 'NONE',  ( -0.000000000000000000, -0.000000000000000000, -1.000000000000000000 ) ) ;
#5968 = DIRECTION ( 'NONE',  ( 0.7071067811865487940, -0.7071067811865463515, -0.000000000000000000 ) ) ;
#5969 = FACE_OUTER_BOUND ( 'NONE', #9887, .T. ) ;
#5970 = EDGE_CURVE ( 'NONE', #8617, #8511, #3024, .T. ) ;
#5971 = ORIENTED_EDGE ( 'NONE', *, *, #1286, .T. ) ;
#5972 = DIRECTION ( 'NONE',  ( 0.000000000000000000, 0.000000000000000000, -1.000000000000000000 ) ) ;
#5973 = UNCERTAINTY_MEASURE_WITH_UNIT (LENGTH_MEASURE( 1.000000000000000082E-05 ), #10114, 'distance_accuracy_value', 'NONE');
#5974 = VECTOR ( 'NONE', #7618, 1000.000000000000000 ) ;
#5975 = FILL_AREA_STYLE_COLOUR ( '', #6019 ) ;
#5976 = CARTESIAN_POINT ( 'NONE',  ( 14.99999999999983302, -16.00000000000102673, 45.39999999999999858 ) ) ;
#5977 = SURFACE_STYLE_FILL_AREA ( #2857 ) ;
#5978 = EDGE_CURVE ( 'NONE', #8035, #3827, #7280, .T. ) ;
#5979 = CARTESIAN_POINT ( 'NONE',  ( 28.64999999999999858, -1.698780669118019615, 41.70121933088194055 ) ) ;
#5980 = DIRECTION ( 'NONE',  ( -1.000000000000000000, -0.000000000000000000, -0.000000000000000000 ) ) ;
#5981 = SURFACE_SIDE_STYLE ('',( #2810 ) ) ;
#5982 = VERTEX_POINT ( 'NONE', #8500 ) ;
#5983 = DIRECTION ( 'NONE',  ( 5.337610695313263217E-15, -1.000000000000000000, 0.000000000000000000 ) ) ;
#5984 = ORIENTED_EDGE ( 'NONE', *, *, #9686, .T. ) ;
#5985 = EDGE_LOOP ( 'NONE', ( #8128, #10078 ) ) ;
#5986 = DIRECTION ( 'NONE',  ( 1.000000000000000000, 0.000000000000000000, 0.000000000000000000 ) ) ;
#5987 = DIRECTION ( 'NONE',  ( -1.334402673828317777E-15, -1.000000000000000000, 0.000000000000000000 ) ) ;
#5988 = MECHANICAL_DESIGN_GEOMETRIC_PRESENTATION_REPRESENTATION (  '', ( #6314 ), #6983 ) ;
#5989 = PRESENTATION_LAYER_ASSIGNMENT (  '', '', ( #2034 ) ) ;
#5990 = FILL_AREA_STYLE ('',( #2818 ) ) ;
#5991 = DIRECTION ( 'NONE',  ( 0.000000000000000000, 0.000000000000000000, -1.000000000000000000 ) ) ;
#5992 =( NAMED_UNIT ( * ) SI_UNIT ( $, .STERADIAN. ) SOLID_ANGLE_UNIT ( ) );
#5993 = PRESENTATION_LAYER_ASSIGNMENT (  '', '', ( #4681 ) ) ;
#5994 = FILL_AREA_STYLE_COLOUR ( '', #2670 ) ;
#5995 = VERTEX_POINT ( 'NONE', #8449 ) ;
#5996 = EDGE_CURVE ( 'NONE', #823, #8391, #5121, .T. ) ;
#5997 = DIRECTION ( 'NONE',  ( 1.000000000000000000, 0.000000000000000000, 0.000000000000000000 ) ) ;
#5998 = VERTEX_POINT ( 'NONE', #10135 ) ;
#5999 = SURFACE_STYLE_USAGE ( .BOTH. , #6776 ) ;
#6000 = PRESENTATION_STYLE_ASSIGNMENT (( #455 ) ) ;
#6001 = DIRECTION ( 'NONE',  ( 1.000000000000000000, 0.000000000000000000, 0.000000000000000000 ) ) ;
#6002 = LINE ( 'NONE', #459, #9232 ) ;
#6003 = CARTESIAN_POINT ( 'NONE',  ( 14.99999999999984013, -13.70000000000102425, 45.39999999999999858 ) ) ;
#6004 = EDGE_CURVE ( 'NONE', #4858, #4033, #9399, .T. ) ;
#6006 = SURFACE_STYLE_USAGE ( .BOTH. , #3840 ) ;
#6005 = COLOUR_RGB ( '',0.2509803921568627416, 0.2509803921568627416, 0.2509803921568627416 ) ;
#6007 = STYLED_ITEM ( 'NONE', ( #693 ), #6664 ) ;
#6008 = EDGE_CURVE ( 'NONE', #2113, #4641, #607, .T. ) ;
#6009 = DIRECTION ( 'NONE',  ( 0.000000000000000000, 0.000000000000000000, -1.000000000000000000 ) ) ;
#6010 = CARTESIAN_POINT ( 'NONE',  ( 48.64999999999999858, 8.673617379884035472E-16, 38.80121933088197039 ) ) ;
#6011 = VERTEX_POINT ( 'NONE', #9938 ) ;
#6012 = VECTOR ( 'NONE', #846, 1000.000000000000000 ) ;
#6013 = PLANE ( 'NONE',  #1962 ) ;
#6014 = CARTESIAN_POINT ( 'NONE',  ( 28.14999999999999858, 7.020106648094791346, 38.50000000000000000 ) ) ;
#6015 = FACE_OUTER_BOUND ( 'NONE', #9101, .T. ) ;
#6016 = ORIENTED_EDGE ( 'NONE', *, *, #6699, .F. ) ;
#6017 = COLOUR_RGB ( '',0.3411764705882353033, 0.8392156862745098200, 0.4117647058823529216 ) ;
#6018 = VECTOR ( 'NONE', #7832, 1000.000000000000000 ) ;
#6019 = COLOUR_RGB ( '',0.2509803921568627416, 0.2509803921568627416, 0.2509803921568627416 ) ;
#6020 = SURFACE_SIDE_STYLE ('',( #6745 ) ) ;
#6021 = EDGE_CURVE ( 'NONE', #9085, #9382, #3077, .T. ) ;
#6022 = PRODUCT_DEFINITION ( 'æœ', '', #9555, #2193 ) ;
#6023 = FILL_AREA_STYLE ('',( #6061 ) ) ;
#6024 = CARTESIAN_POINT ( 'NONE',  ( 16.75000000000010303, -15.49999999999989164, 4.500000000000000888 ) ) ;
#6025 = DIRECTION ( 'NONE',  ( 0.000000000000000000, 0.000000000000000000, 1.000000000000000000 ) ) ;
#6026 = EDGE_CURVE ( 'NONE', #4015, #7503, #9179, .T. ) ;
#6027 =( NAMED_UNIT ( * ) SI_UNIT ( $, .STERADIAN. ) SOLID_ANGLE_UNIT ( ) );
#6028 = CARTESIAN_POINT ( 'NONE',  ( 13.32957238623955831, 21.14999999999999858, 98.84951795962938093 ) ) ;
#6029 = DIRECTION ( 'NONE',  ( -1.000000000000000000, -0.000000000000000000, -0.000000000000000000 ) ) ;
#6030 = ORIENTED_EDGE ( 'NONE', *, *, #6753, .F. ) ;
#6031 = ORIENTED_EDGE ( 'NONE', *, *, #3776, .T. ) ;
#6032 = CARTESIAN_POINT ( 'NONE',  ( 3.500000000000000000, 4.286263797015736595E-16, -2.000000000000000000 ) ) ;
#6033 = EDGE_CURVE ( 'NONE', #7295, #3209, #4495, .T. ) ;
#6034 = EDGE_LOOP ( 'NONE', ( #2965, #9528, #153, #7117 ) ) ;
#6035 =( NAMED_UNIT ( * ) PLANE_ANGLE_UNIT ( ) SI_UNIT ( $, .RADIAN. ) );
#6036 =( NAMED_UNIT ( * ) PLANE_ANGLE_UNIT ( ) SI_UNIT ( $, .RADIAN. ) );
#6037 = ORIENTED_EDGE ( 'NONE', *, *, #1103, .T. ) ;
#6038 = DIRECTION ( 'NONE',  ( 0.000000000000000000, 0.000000000000000000, -1.000000000000000000 ) ) ;
#6039 = EDGE_CURVE ( 'NONE', #3546, #2093, #2217, .T. ) ;
#6040 = ORIENTED_EDGE ( 'NONE', *, *, #6792, .F. ) ;
#6041 = CARTESIAN_POINT ( 'NONE',  ( -14.24999999999999645, 15.50000000000000000, 4.500000000000000888 ) ) ;
#6042 = DIRECTION ( 'NONE',  ( -0.000000000000000000, 1.000000000000000000, 0.000000000000000000 ) ) ;
#6043 = LINE ( 'NONE', #4455, #2678 ) ;
#6044 = UNCERTAINTY_MEASURE_WITH_UNIT (LENGTH_MEASURE( 1.000000000000000082E-05 ), #85, 'distance_accuracy_value', 'NONE');
#6045 = SURFACE_STYLE_FILL_AREA ( #6208 ) ;
#6046 = FILL_AREA_STYLE_COLOUR ( '', #3940 ) ;
#6047 = DIRECTION ( 'NONE',  ( 0.000000000000000000, -1.000000000000000000, 0.000000000000000000 ) ) ;
#6048 =( GEOMETRIC_REPRESENTATION_CONTEXT ( 3 ) GLOBAL_UNCERTAINTY_ASSIGNED_CONTEXT ( ( #8264 ) ) GLOBAL_UNIT_ASSIGNED_CONTEXT ( ( #1773, #8958, #8149 ) ) REPRESENTATION_CONTEXT ( 'NONE', 'WORKASPACE' ) );
#6049 = VERTEX_POINT ( 'NONE', #9342 ) ;
#6050 = DIRECTION ( 'NONE',  ( -0.7071067811865451302, -0.7071067811865500152, 0.000000000000000000 ) ) ;
#6051 = LINE ( 'NONE', #6104, #8343 ) ;
#6052 =( LENGTH_UNIT ( ) NAMED_UNIT ( * ) SI_UNIT ( .MILLI., .METRE. ) );
#6053 = LINE ( 'NONE', #9200, #1141 ) ;
#6054 = SURFACE_STYLE_FILL_AREA ( #2943 ) ;
#6055 = PRESENTATION_LAYER_ASSIGNMENT (  '', '', ( #9371 ) ) ;
#6056 = UNCERTAINTY_MEASURE_WITH_UNIT (LENGTH_MEASURE( 1.000000000000000082E-05 ), #5001, 'distance_accuracy_value', 'NONE');
#6057 = DIRECTION ( 'NONE',  ( 0.000000000000000000, -1.000000000000000000, 0.000000000000000000 ) ) ;
#6058 = EDGE_LOOP ( 'NONE', ( #2485, #1026, #8591, #5537 ) ) ;
#6059 = CIRCLE ( 'NONE', #1128, 25.00000000000000000 ) ;
#6060 = DIRECTION ( 'NONE',  ( -1.000000000000000000, 0.000000000000000000, 0.000000000000000000 ) ) ;
#6061 = FILL_AREA_STYLE_COLOUR ( '', #587 ) ;
#6062 = CARTESIAN_POINT ( 'NONE',  ( 24.57740079426835678, -11.61199060320976173, 42.54164285515024346 ) ) ;
#6063 = MECHANICAL_DESIGN_GEOMETRIC_PRESENTATION_REPRESENTATION (  '', ( #7737 ), #9843 ) ;
#6064 = CARTESIAN_POINT ( 'NONE',  ( 14.99999999999984013, -17.30000000000102389, 46.39999999999999858 ) ) ;
#6065 = DIRECTION ( 'NONE',  ( -1.000000000000000000, 0.000000000000000000, 0.000000000000000000 ) ) ;
#6066 = CARTESIAN_POINT ( 'NONE',  ( 1.425393137370692731, 2.000000000000000000, -23.54423381493863232 ) ) ;
#6067 = CARTESIAN_POINT ( 'NONE',  ( 0.000000000000000000, 0.000000000000000000, -53.84951795962939514 ) ) ;
#6068 = DIRECTION ( 'NONE',  ( 0.000000000000000000, 0.000000000000000000, 1.000000000000000000 ) ) ;
#6069 = SURFACE_SIDE_STYLE ('',( #9330 ) ) ;
#6070 = EDGE_LOOP ( 'NONE', ( #1296, #4251, #6755, #2336 ) ) ;
#6071 =( NAMED_UNIT ( * ) SI_UNIT ( $, .STERADIAN. ) SOLID_ANGLE_UNIT ( ) );
#6072 = AXIS2_PLACEMENT_3D ( 'NONE', #907, #6524, #308 ) ;
#6073 = VERTEX_POINT ( 'NONE', #3837 ) ;
#6074 = SURFACE_STYLE_FILL_AREA ( #1187 ) ;
#6075 = CIRCLE ( 'NONE', #8622, 1.249999999999997558 ) ;
#6076 = AXIS2_PLACEMENT_3D ( 'NONE', #762, #8546, #9215 ) ;
#6077 = ORIENTED_EDGE ( 'NONE', *, *, #7149, .F. ) ;
#6078 = DIRECTION ( 'NONE',  ( -0.000000000000000000, -1.000000000000000000, -0.000000000000000000 ) ) ;
#6079 = DIRECTION ( 'NONE',  ( 0.000000000000000000, 0.000000000000000000, -1.000000000000000000 ) ) ;
#6080 = LINE ( 'NONE', #9344, #5046 ) ;
#6081 = CARTESIAN_POINT ( 'NONE',  ( 24.55811388300841358, 11.50358242896913019, 38.94868329805049001 ) ) ;
#6082 = ORIENTED_EDGE ( 'NONE', *, *, #446, .F. ) ;
#6083 = STYLED_ITEM ( 'NONE', ( #10043 ), #5786 ) ;
#6084 = ADVANCED_FACE ( 'NONE', ( #498 ), #5427, .F. ) ;
#6085 = VECTOR ( 'NONE', #3913, 1000.000000000000000 ) ;
#6086 =( NAMED_UNIT ( * ) PLANE_ANGLE_UNIT ( ) SI_UNIT ( $, .RADIAN. ) );
#6087 = ORIENTED_EDGE ( 'NONE', *, *, #5927, .T. ) ;
#6088 = AXIS2_PLACEMENT_3D ( 'NONE', #6701, #5113, #1857 ) ;
#6089 = STYLED_ITEM ( 'NONE', ( #8869 ), #8654 ) ;
#6090 = SURFACE_STYLE_USAGE ( .BOTH. , #9987 ) ;
#6091 = CARTESIAN_POINT ( 'NONE',  ( 24.55811388300841003, 11.17024909563579627, 38.50000000000000000 ) ) ;
#6092 = LINE ( 'NONE', #7568, #2582 ) ;
#6093 =( GEOMETRIC_REPRESENTATION_CONTEXT ( 3 ) GLOBAL_UNCERTAINTY_ASSIGNED_CONTEXT ( ( #5957 ) ) GLOBAL_UNIT_ASSIGNED_CONTEXT ( ( #9034, #6760, #395 ) ) REPRESENTATION_CONTEXT ( 'NONE', 'WORKASPACE' ) );
#6094 = CYLINDRICAL_SURFACE ( 'NONE', #1155, 1.201219330881977854 ) ;
#6095 = ADVANCED_FACE ( 'NONE', ( #7299 ), #3234, .F. ) ;
#6096 = PRESENTATION_LAYER_ASSIGNMENT (  '', '', ( #3492 ) ) ;
#6097 = CARTESIAN_POINT ( 'NONE',  ( -13.70000000000016094, 15.99999999999897682, 45.39999999999999858 ) ) ;
#6098 = SURFACE_STYLE_FILL_AREA ( #1890 ) ;
#6099 = TOROIDAL_SURFACE ( 'NONE', #9724, 11.50000000000000000, 0.5000000000000000000 ) ;
#6100 = MECHANICAL_DESIGN_GEOMETRIC_PRESENTATION_REPRESENTATION (  '', ( #9725 ), #8784 ) ;
#6101 = CARTESIAN_POINT ( 'NONE',  ( -14.24999999999999645, 15.50000000000000000, 0.000000000000000000 ) ) ;
#6102 = ORIENTED_EDGE ( 'NONE', *, *, #9876, .F. ) ;
#6103 = PRESENTATION_STYLE_ASSIGNMENT (( #9911 ) ) ;
#6104 = CARTESIAN_POINT ( 'NONE',  ( -15.00000000000018296, -30.99999999999997868, 46.39999999999999858 ) ) ;
#6105 = CARTESIAN_POINT ( 'NONE',  ( 24.55811388300841713, -11.50358242896913730, 42.05131670194948157 ) ) ;
#6106 =( NAMED_UNIT ( * ) SI_UNIT ( $, .STERADIAN. ) SOLID_ANGLE_UNIT ( ) );
#6107 = CARTESIAN_POINT ( 'NONE',  ( 28.64999999999999858, 8.673617379884035472E-16, 43.39999999999999147 ) ) ;
#6108 = PRESENTATION_LAYER_ASSIGNMENT (  '', '', ( #3831 ) ) ;
#6109 = ORIENTED_EDGE ( 'NONE', *, *, #5962, .F. ) ;
#6110 = UNCERTAINTY_MEASURE_WITH_UNIT (LENGTH_MEASURE( 1.000000000000000082E-05 ), #2484, 'distance_accuracy_value', 'NONE');
#6111 = DIRECTION ( 'NONE',  ( 1.000000000000000000, 0.000000000000000000, 0.000000000000000000 ) ) ;
#6112 = EDGE_CURVE ( 'NONE', #5785, #3082, #7948, .T. ) ;
#6113 = MECHANICAL_DESIGN_GEOMETRIC_PRESENTATION_REPRESENTATION (  '', ( #3511 ), #8800 ) ;
#6114 = CARTESIAN_POINT ( 'NONE',  ( 25.00811388300841642, 11.35358242896912984, 42.52565835097473723 ) ) ;
#6115 = CARTESIAN_POINT ( 'NONE',  ( 14.99999999999983658, 15.99999999999897327, 45.39999999999999858 ) ) ;
#6116 = FILL_AREA_STYLE_COLOUR ( '', #2984 ) ;
#6117 = EDGE_CURVE ( 'NONE', #8136, #2802, #8855, .T. ) ;
#6118 = LINE ( 'NONE', #2206, #74 ) ;
#6119 = CARTESIAN_POINT ( 'NONE',  ( 48.64999999999999858, 8.673617379884035472E-16, 40.49999999999999289 ) ) ;
#6120 = VERTEX_POINT ( 'NONE', #4056 ) ;
#6121 = ADVANCED_FACE ( 'NONE', ( #2512 ), #7084, .T. ) ;
#6122 =( NAMED_UNIT ( * ) PLANE_ANGLE_UNIT ( ) SI_UNIT ( $, .RADIAN. ) );
#6123 = PRESENTATION_STYLE_ASSIGNMENT (( #10018 ) ) ;
#6124 = EDGE_LOOP ( 'NONE', ( #8721, #340, #8342, #4126 ) ) ;
#6125 = PRESENTATION_LAYER_ASSIGNMENT (  '', '', ( #349 ) ) ;
#6126 = CARTESIAN_POINT ( 'NONE',  ( 25.02427119529535204, 11.29433895058366844, 42.50862704841027551 ) ) ;
#6127 = EDGE_LOOP ( 'NONE', ( #2811, #9509, #3556, #3686 ) ) ;
#6128 = CARTESIAN_POINT ( 'NONE',  ( -17.30000000000016414, 0.000000000000000000, 45.39999999999999858 ) ) ;
#6129 = CARTESIAN_POINT ( 'NONE',  ( 13.69999999999983764, -15.00000000000102318, 45.39999999999999858 ) ) ;
#6130 = DIRECTION ( 'NONE',  ( 0.000000000000000000, 1.000000000000000000, 0.000000000000000000 ) ) ;
#6131 = FILL_AREA_STYLE ('',( #10032 ) ) ;
#6132 = LINE ( 'NONE', #39, #8292 ) ;
#6134 = ORIENTED_EDGE ( 'NONE', *, *, #218, .T. ) ;
#6133 = ADVANCED_FACE ( 'NONE', ( #431 ), #1978, .F. ) ;
#6135 = AXIS2_PLACEMENT_3D ( 'NONE', #6791, #8369, #7631 ) ;
#6136 = ORIENTED_EDGE ( 'NONE', *, *, #222, .T. ) ;
#6137 = CARTESIAN_POINT ( 'NONE',  ( 14.99999999999983658, 15.99999999999897327, 45.39999999999999858 ) ) ;
#6138 = EDGE_LOOP ( 'NONE', ( #1235, #4315, #5019, #2725 ) ) ;
#6139 = FILL_AREA_STYLE ('',( #2023 ) ) ;
#6140 = STYLED_ITEM ( 'NONE', ( #4559 ), #4895 ) ;
#6141 = CIRCLE ( 'NONE', #4206, 25.00000000000000000 ) ;
#6142 = ADVANCED_FACE ( 'NONE', ( #4289 ), #2658, .F. ) ;
#6143 = VECTOR ( 'NONE', #5723, 1000.000000000000000 ) ;
#6144 =( LENGTH_UNIT ( ) NAMED_UNIT ( * ) SI_UNIT ( .MILLI., .METRE. ) );
#6145 = SURFACE_SIDE_STYLE ('',( #845 ) ) ;
#6146 = PRESENTATION_LAYER_ASSIGNMENT (  '', '', ( #2039 ) ) ;
#6147 = DIRECTION ( 'NONE',  ( 1.000000000000000000, 0.000000000000000000, 0.000000000000000000 ) ) ;
#6148 = UNCERTAINTY_MEASURE_WITH_UNIT (LENGTH_MEASURE( 1.000000000000000082E-05 ), #1750, 'distance_accuracy_value', 'NONE');
#6149 = DIRECTION ( 'NONE',  ( 0.000000000000000000, -1.000000000000000000, 0.000000000000000000 ) ) ;
#6150 = VECTOR ( 'NONE', #1760, 1000.000000000000000 ) ;
#6151 = VECTOR ( 'NONE', #1323, 1000.000000000000000 ) ;
#6152 = LINE ( 'NONE', #6996, #9674 ) ;
#6153 = VECTOR ( 'NONE', #9630, 1000.000000000000000 ) ;
#6154 = DIRECTION ( 'NONE',  ( -0.7071067811865451302, -0.7071067811865500152, 0.000000000000000000 ) ) ;
#6155 = ORIENTED_EDGE ( 'NONE', *, *, #2050, .F. ) ;
#6156 = DIRECTION ( 'NONE',  ( 1.000000000000000000, 0.000000000000000000, 0.000000000000000000 ) ) ;
#6157 = EDGE_CURVE ( 'NONE', #2014, #313, #4863, .T. ) ;
#6158 = UNCERTAINTY_MEASURE_WITH_UNIT (LENGTH_MEASURE( 1.000000000000000082E-05 ), #5581, 'distance_accuracy_value', 'NONE');
#6159 = COLOUR_RGB ( '',0.2509803921568627416, 0.2509803921568627416, 0.2509803921568627416 ) ;
#6160 =( LENGTH_UNIT ( ) NAMED_UNIT ( * ) SI_UNIT ( .MILLI., .METRE. ) );
#6161 = PRESENTATION_STYLE_ASSIGNMENT (( #7632 ) ) ;
#6162 = AXIS2_PLACEMENT_3D ( 'NONE', #7307, #2414, #206 ) ;
#6163 =( NAMED_UNIT ( * ) PLANE_ANGLE_UNIT ( ) SI_UNIT ( $, .RADIAN. ) );
#6164 = CYLINDRICAL_SURFACE ( 'NONE', #9550, 1.201219330881977854 ) ;
#6165 = UNCERTAINTY_MEASURE_WITH_UNIT (LENGTH_MEASURE( 1.000000000000000082E-05 ), #4006, 'distance_accuracy_value', 'NONE');
#6166 = ORIENTED_EDGE ( 'NONE', *, *, #4120, .F. ) ;
#6167 = PLANE ( 'NONE',  #622 ) ;
#6168 =( BOUNDED_SURFACE ( )  B_SPLINE_SURFACE ( 3, 2, ( 
 ( #5841, #9750, #3348 ),
 ( #5641, #3392, #4216 ),
 ( #9611, #1002, #5693 ),
 ( #4167, #8820, #8871 ),
 ( #8000, #7314, #901 ),
 ( #3440, #4077, #215 ),
 ( #1825, #6519, #110 ),
 ( #9659, #2621, #7221 ),
 ( #1048, #9709, #2675 ),
 ( #5787, #3298, #8352 ) ),
 .UNSPECIFIED., .F., .F., .F. ) 
 B_SPLINE_SURFACE_WITH_KNOTS ( ( 4, 2, 2, 2, 4 ),
 ( 3, 3 ),
 ( 3.463343207986435246, 3.775604651085998853, 4.087866094185562460, 4.400127537285126067, 4.712388980384688786 ),
 ( 0.000000000000000000, 1.000000000000000000 ),
 .UNSPECIFIED. ) 
 GEOMETRIC_REPRESENTATION_ITEM ( )  RATIONAL_B_SPLINE_SURFACE ( (
 ( 1.000000000000000000, 0.7416198487095670977, 1.000000000000000000),
 ( 1.000000000000000000, 0.7626685089606700663, 1.000000000000000000),
 ( 1.000000000000000000, 0.7916408219312429662, 1.000000000000000000),
 ( 1.000000000000000000, 0.8520843444690937574, 1.000000000000000000),
 ( 1.000000000000000000, 0.8834133595207191991, 1.000000000000000000),
 ( 1.000000000000000000, 0.9376379209260554681, 1.000000000000000000),
 ( 1.000000000000000000, 0.9605327211475809257, 1.000000000000000000),
 ( 1.000000000000000000, 0.9917075778872376235, 1.000000000000000000),
 ( 1.000000000000000000, 1.000062889794752552, 1.000000000000000000),
 ( 1.000000000000000000, 1.000000000000000000, 1.000000000000000000) ) ) 
 REPRESENTATION_ITEM ( '' )  SURFACE ( )  );
#6169 = VECTOR ( 'NONE', #517, 1000.000000000000000 ) ;
#6170 =( NAMED_UNIT ( * ) SI_UNIT ( $, .STERADIAN. ) SOLID_ANGLE_UNIT ( ) );
#6171 = MECHANICAL_DESIGN_GEOMETRIC_PRESENTATION_REPRESENTATION (  '', ( #7012 ), #8519 ) ;
#6172 = EDGE_CURVE ( 'NONE', #3082, #5785, #2519, .T. ) ;
#6173 = DIRECTION ( 'NONE',  ( 0.000000000000000000, -0.000000000000000000, -1.000000000000000000 ) ) ;
#6174 = CARTESIAN_POINT ( 'NONE',  ( 24.21622776601683569, -11.97792407799439474, 43.00000000000000000 ) ) ;
#6175 = PRESENTATION_STYLE_ASSIGNMENT (( #7067 ) ) ;
#6176 = PRESENTATION_LAYER_ASSIGNMENT (  '', '', ( #4877 ) ) ;
#6177 = CARTESIAN_POINT ( 'NONE',  ( 21.15000000000005187, -13.32957238623947482, 5.999999999999998224 ) ) ;
#6178 =( GEOMETRIC_REPRESENTATION_CONTEXT ( 3 ) GLOBAL_UNCERTAINTY_ASSIGNED_CONTEXT ( ( #9954 ) ) GLOBAL_UNIT_ASSIGNED_CONTEXT ( ( #3235, #7144, #5571 ) ) REPRESENTATION_CONTEXT ( 'NONE', 'WORKASPACE' ) );
#6179 = COLOUR_RGB ( '',0.2509803921568627416, 0.2509803921568627416, 0.2509803921568627416 ) ;
#6180 = FILL_AREA_STYLE ('',( #6116 ) ) ;
#6181 = AXIS2_PLACEMENT_3D ( 'NONE', #2381, #7066, #6568 ) ;
#6182 = ORIENTED_EDGE ( 'NONE', *, *, #2341, .F. ) ;
#6183 = DIRECTION ( 'NONE',  ( 0.000000000000000000, 0.000000000000000000, 1.000000000000000000 ) ) ;
#6184 = FACE_OUTER_BOUND ( 'NONE', #5441, .T. ) ;
#6185 = EDGE_LOOP ( 'NONE', ( #2864, #3947 ) ) ;
#6186 =( NAMED_UNIT ( * ) PLANE_ANGLE_UNIT ( ) SI_UNIT ( $, .RADIAN. ) );
#6187 = STYLED_ITEM ( 'NONE', ( #7461 ), #7870 ) ;
#6188 = ORIENTED_EDGE ( 'NONE', *, *, #9017, .T. ) ;
#6189 = SURFACE_SIDE_STYLE ('',( #8657 ) ) ;
#6190 = VECTOR ( 'NONE', #9406, 1000.000000000000000 ) ;
#6191 = ORIENTED_EDGE ( 'NONE', *, *, #9351, .F. ) ;
#6192 = CARTESIAN_POINT ( 'NONE',  ( 15.49999999999983658, 15.50000000000015987, 4.500000000000000888 ) ) ;
#6193 = FACE_OUTER_BOUND ( 'NONE', #10036, .T. ) ;
#6194 = CARTESIAN_POINT ( 'NONE',  ( 28.14999999999999858, -9.779240779943883410, 38.50000000000000000 ) ) ;
#6195 = LINE ( 'NONE', #4657, #1088 ) ;
#6196 = DIRECTION ( 'NONE',  ( -1.000000000000000000, 0.000000000000000000, -0.000000000000000000 ) ) ;
#6197 = FACE_OUTER_BOUND ( 'NONE', #4594, .T. ) ;
#6198 = ORIENTED_EDGE ( 'NONE', *, *, #5287, .F. ) ;
#6199 = ORIENTED_EDGE ( 'NONE', *, *, #8354, .F. ) ;
#6200 = CYLINDRICAL_SURFACE ( 'NONE', #7980, 1.201219330881977854 ) ;
#6201 = ORIENTED_EDGE ( 'NONE', *, *, #454, .F. ) ;
#6202 = CARTESIAN_POINT ( 'NONE',  ( 28.45727336512964101, 6.419940064151694159, 42.20033316788618549 ) ) ;
#6203 = CARTESIAN_POINT ( 'NONE',  ( 28.62223219557764509, 6.218428161621625705, 38.19832151352691341 ) ) ;
#6204 =( NAMED_UNIT ( * ) PLANE_ANGLE_UNIT ( ) SI_UNIT ( $, .RADIAN. ) );
#6205 = CARTESIAN_POINT ( 'NONE',  ( -15.00000000000016342, -16.00000000000102673, 45.39999999999999858 ) ) ;
#6206 = DIRECTION ( 'NONE',  ( 0.000000000000000000, 0.000000000000000000, 1.000000000000000000 ) ) ;
#6207 = CARTESIAN_POINT ( 'NONE',  ( 24.55811388300841358, 11.17024909563579804, 41.99999999999999289 ) ) ;
#6208 = FILL_AREA_STYLE ('',( #8520 ) ) ;
#6209 = AXIS2_PLACEMENT_3D ( 'NONE', #7429, #3662, #2312 ) ;
#6210 = CARTESIAN_POINT ( 'NONE',  ( 15.50000000000010481, -15.49999999999989164, 4.500000000000000888 ) ) ;
#6211 = SURFACE_STYLE_FILL_AREA ( #687 ) ;
#6212 = EDGE_LOOP ( 'NONE', ( #8254, #168, #6382, #6102, #5762 ) ) ;
#6213 = EDGE_CURVE ( 'NONE', #1228, #817, #385, .T. ) ;
#6214 = AXIS2_PLACEMENT_3D ( 'NONE', #2035, #9250, #5186 ) ;
#6215 = CARTESIAN_POINT ( 'NONE',  ( -15.50000000000016520, 15.49999999999897504, 46.40000000000000568 ) ) ;
#6216 = FILL_AREA_STYLE ('',( #10053 ) ) ;
#6217 = CARTESIAN_POINT ( 'NONE',  ( 14.99999999999979394, 4.270088556250648439E-14, 45.39999999999999858 ) ) ;
#6218 = SURFACE_SIDE_STYLE ('',( #7635 ) ) ;
#6219 = ORIENTED_EDGE ( 'NONE', *, *, #2470, .T. ) ;
#6220 = PRESENTATION_LAYER_ASSIGNMENT (  '', '', ( #1946 ) ) ;
#6221 = ADVANCED_FACE ( 'NONE', ( #7800 ), #4584, .F. ) ;
#6222 = UNCERTAINTY_MEASURE_WITH_UNIT (LENGTH_MEASURE( 1.000000000000000082E-05 ), #8819, 'distance_accuracy_value', 'NONE');
#6223 = AXIS2_PLACEMENT_3D ( 'NONE', #5401, #478, #2048 ) ;
#6224 = FILL_AREA_STYLE_COLOUR ( '', #10080 ) ;
#6225 = CARTESIAN_POINT ( 'NONE',  ( -3.500000000000000000, 0.000000000000000000, -1.734723475976807094E-15 ) ) ;
#6226 = FILL_AREA_STYLE_COLOUR ( '', #1366 ) ;
#6227 = CARTESIAN_POINT ( 'NONE',  ( -11.00000000000000000, 1.347111479062088405E-15, -2.000000000000000000 ) ) ;
#6228 = SURFACE_STYLE_FILL_AREA ( #2328 ) ;
#6229 = VERTEX_POINT ( 'NONE', #9968 ) ;
#6230 = VECTOR ( 'NONE', #6312, 1000.000000000000000 ) ;
#6231 =( BOUNDED_CURVE ( )  B_SPLINE_CURVE ( 3, ( #2570, #1767, #10209, #992 ),
 .UNSPECIFIED., .F., .T. ) 
 B_SPLINE_CURVE_WITH_KNOTS ( ( 4, 4 ),
 ( 0.000000000000000000, 1.570796326794896558 ),
 .UNSPECIFIED. ) 
 CURVE ( )  GEOMETRIC_REPRESENTATION_ITEM ( )  RATIONAL_B_SPLINE_CURVE ( ( 1.000000000000000000, 0.8047378541243649375, 0.8047378541243649375, 1.000000000000000000 ) ) 
 REPRESENTATION_ITEM ( '' )  );
#6232 = FILL_AREA_STYLE_COLOUR ( '', #3257 ) ;
#6233 =( NAMED_UNIT ( * ) PLANE_ANGLE_UNIT ( ) SI_UNIT ( $, .RADIAN. ) );
#6234 = LINE ( 'NONE', #6291, #7294 ) ;
#6235 = ORIENTED_EDGE ( 'NONE', *, *, #2350, .F. ) ;
#6236 = EDGE_CURVE ( 'NONE', #2462, #830, #9883, .T. ) ;
#6237 =( LENGTH_UNIT ( ) NAMED_UNIT ( * ) SI_UNIT ( .MILLI., .METRE. ) );
#6238 = ORIENTED_EDGE ( 'NONE', *, *, #7004, .F. ) ;
#6239 = STYLED_ITEM ( 'NONE', ( #7531 ), #9944 ) ;
#6240 = ORIENTED_EDGE ( 'NONE', *, *, #3949, .T. ) ;
#6241 = MECHANICAL_DESIGN_GEOMETRIC_PRESENTATION_REPRESENTATION (  '', ( #3621 ), #8902 ) ;
#6242 = FACE_OUTER_BOUND ( 'NONE', #6070, .T. ) ;
#6243 = AXIS2_PLACEMENT_3D ( 'NONE', #5237, #2181, #4458 ) ;
#6244 = PRESENTATION_STYLE_ASSIGNMENT (( #4704 ) ) ;
#6245 = DIRECTION ( 'NONE',  ( 0.000000000000000000, 0.000000000000000000, -1.000000000000000000 ) ) ;
#6246 =( LENGTH_UNIT ( ) NAMED_UNIT ( * ) SI_UNIT ( .MILLI., .METRE. ) );
#6247 = SURFACE_STYLE_FILL_AREA ( #5903 ) ;
#6248 = FILL_AREA_STYLE_COLOUR ( '', #9889 ) ;
#6249 = ORIENTED_EDGE ( 'NONE', *, *, #9185, .F. ) ;
#6250 = COLOUR_RGB ( '',0.2509803921568627416, 0.2509803921568627416, 0.2509803921568627416 ) ;
#6251 = ORIENTED_EDGE ( 'NONE', *, *, #3370, .T. ) ;
#6252 = CARTESIAN_POINT ( 'NONE',  ( 24.55811388300841358, -11.23142676860820366, 38.51668482942096716 ) ) ;
#6253 = ORIENTED_EDGE ( 'NONE', *, *, #3095, .T. ) ;
#6254 =( NAMED_UNIT ( * ) SI_UNIT ( $, .STERADIAN. ) SOLID_ANGLE_UNIT ( ) );
#6255 = DIRECTION ( 'NONE',  ( 0.000000000000000000, -0.000000000000000000, -1.000000000000000000 ) ) ;
#6256 = LINE ( 'NONE', #734, #630 ) ;
#6257 = DIRECTION ( 'NONE',  ( 0.000000000000000000, 0.000000000000000000, -1.000000000000000000 ) ) ;
#6258 = PRESENTATION_LAYER_ASSIGNMENT (  '', '', ( #6083 ) ) ;
#6259 = STYLED_ITEM ( 'NONE', ( #683 ), #8457 ) ;
#6260 = DIRECTION ( 'NONE',  ( 1.000000000000000000, 1.334402673828310480E-15, 0.000000000000000000 ) ) ;
#6261 =( NAMED_UNIT ( * ) PLANE_ANGLE_UNIT ( ) SI_UNIT ( $, .RADIAN. ) );
#6262 = VERTEX_POINT ( 'NONE', #6177 ) ;
#6263 = UNCERTAINTY_MEASURE_WITH_UNIT (LENGTH_MEASURE( 1.000000000000000082E-05 ), #1190, 'distance_accuracy_value', 'NONE');
#6264 = EDGE_CURVE ( 'NONE', #782, #4544, #1326, .T. ) ;
#6265 = DIRECTION ( 'NONE',  ( -1.000000000000000000, 0.000000000000000000, 0.000000000000000000 ) ) ;
#6266 = STYLED_ITEM ( 'NONE', ( #94 ), #6121 ) ;
#6267 = COLOUR_RGB ( '',0.2509803921568627416, 0.2509803921568627416, 0.2509803921568627416 ) ;
#6268 = ORIENTED_EDGE ( 'NONE', *, *, #2667, .T. ) ;
#6269 =( NAMED_UNIT ( * ) PLANE_ANGLE_UNIT ( ) SI_UNIT ( $, .RADIAN. ) );
#6270 = DIRECTION ( 'NONE',  ( 1.000000000000000000, 0.000000000000000000, -0.000000000000000000 ) ) ;
#6271 =( LENGTH_UNIT ( ) NAMED_UNIT ( * ) SI_UNIT ( .MILLI., .METRE. ) );
#6272 = LINE ( 'NONE', #8726, #6823 ) ;
#6273 =( NAMED_UNIT ( * ) SI_UNIT ( $, .STERADIAN. ) SOLID_ANGLE_UNIT ( ) );
#6274 = CARTESIAN_POINT ( 'NONE',  ( 25.04108258044395896, -11.23269720503880187, 38.49999999999999289 ) ) ;
#6275 = UNCERTAINTY_MEASURE_WITH_UNIT (LENGTH_MEASURE( 1.000000000000000082E-05 ), #6949, 'distance_accuracy_value', 'NONE');
#6276 = PRESENTATION_LAYER_ASSIGNMENT (  '', '', ( #843 ) ) ;
#6277 = VECTOR ( 'NONE', #3219, 1000.000000000000000 ) ;
#6278 = PRESENTATION_STYLE_ASSIGNMENT (( #2251 ) ) ;
#6279 = ORIENTED_EDGE ( 'NONE', *, *, #1121, .T. ) ;
#6280 = EDGE_CURVE ( 'NONE', #5249, #9277, #6805, .T. ) ;
#6281 = LINE ( 'NONE', #2486, #5902 ) ;
#6282 = CARTESIAN_POINT ( 'NONE',  ( 24.21622776601683213, -11.97792407799439474, 38.00000000000000000 ) ) ;
#6283 = ORIENTED_EDGE ( 'NONE', *, *, #9880, .T. ) ;
#6284 = EDGE_CURVE ( 'NONE', #8161, #6593, #8115, .T. ) ;
#6285 = DIRECTION ( 'NONE',  ( 0.000000000000000000, 0.000000000000000000, -1.000000000000000000 ) ) ;
#6287 = DIRECTION ( 'NONE',  ( -0.000000000000000000, 0.000000000000000000, 1.000000000000000000 ) ) ;
#6286 = VECTOR ( 'NONE', #7527, 1000.000000000000000 ) ;
#6288 = SURFACE_SIDE_STYLE ('',( #1537 ) ) ;
#6289 = SURFACE_STYLE_USAGE ( .BOTH. , #10182 ) ;
#6290 = ORIENTED_EDGE ( 'NONE', *, *, #7004, .T. ) ;
#6291 = CARTESIAN_POINT ( 'NONE',  ( 14.24999999999983835, 15.50000000000015987, 4.500000000000000888 ) ) ;
#6292 = ORIENTED_EDGE ( 'NONE', *, *, #9091, .T. ) ;
#6293 = DIRECTION ( 'NONE',  ( 2.668805347656631609E-15, -1.000000000000000000, 0.000000000000000000 ) ) ;
#6294 =( LENGTH_UNIT ( ) NAMED_UNIT ( * ) SI_UNIT ( .MILLI., .METRE. ) );
#6295 = PRESENTATION_LAYER_ASSIGNMENT (  '', '', ( #7304 ) ) ;
#6296 = ORIENTED_EDGE ( 'NONE', *, *, #6008, .F. ) ;
#6297 = FILL_AREA_STYLE_COLOUR ( '', #9075 ) ;
#6298 = VERTEX_POINT ( 'NONE', #10012 ) ;
#6299 = EDGE_CURVE ( 'NONE', #8714, #9739, #3718, .T. ) ;
#6300 = SURFACE_STYLE_USAGE ( .BOTH. , #7248 ) ;
#6301 = FILL_AREA_STYLE ('',( #3281 ) ) ;
#6302 = DIRECTION ( 'NONE',  ( 0.000000000000000000, 0.000000000000000000, 1.000000000000000000 ) ) ;
#6303 = DIRECTION ( 'NONE',  ( -0.000000000000000000, -0.000000000000000000, 1.000000000000000000 ) ) ;
#6304 = ORIENTED_EDGE ( 'NONE', *, *, #10171, .F. ) ;
#6305 = ORIENTED_EDGE ( 'NONE', *, *, #6319, .F. ) ;
#6306 = LINE ( 'NONE', #890, #2358 ) ;
#6307 = VERTEX_POINT ( 'NONE', #8590 ) ;
#6308 = LINE ( 'NONE', #1666, #9126 ) ;
#6309 = STYLED_ITEM ( 'NONE', ( #2038 ), #4628 ) ;
#6310 = SURFACE_STYLE_USAGE ( .BOTH. , #8717 ) ;
#6311 =( NAMED_UNIT ( * ) SI_UNIT ( $, .STERADIAN. ) SOLID_ANGLE_UNIT ( ) );
#6312 = DIRECTION ( 'NONE',  ( 0.000000000000000000, -1.000000000000000000, 0.000000000000000000 ) ) ;
#6313 = DIRECTION ( 'NONE',  ( -0.3162277660168379967, -0.9486832980505137680, 0.000000000000000000 ) ) ;
#6314 = STYLED_ITEM ( 'NONE', ( #5744 ), #4731 ) ;
#6315 =( GEOMETRIC_REPRESENTATION_CONTEXT ( 3 ) GLOBAL_UNCERTAINTY_ASSIGNED_CONTEXT ( ( #8379 ) ) GLOBAL_UNIT_ASSIGNED_CONTEXT ( ( #7370, #5651, #4936 ) ) REPRESENTATION_CONTEXT ( 'NONE', 'WORKASPACE' ) );
#6316 = AXIS2_PLACEMENT_3D ( 'NONE', #10123, #3271, #10180 ) ;
#6317 = ORIENTED_EDGE ( 'NONE', *, *, #7441, .T. ) ;
#6318 = LINE ( 'NONE', #4728, #5503 ) ;
#6319 = EDGE_CURVE ( 'NONE', #2716, #944, #7626, .T. ) ;
#6320 = FACE_OUTER_BOUND ( 'NONE', #2861, .T. ) ;
#6321 = LINE ( 'NONE', #9524, #6329 ) ;
#6322 = FILL_AREA_STYLE ('',( #7168 ) ) ;
#6323 = SURFACE_SIDE_STYLE ('',( #1730 ) ) ;
#6324 = COLOUR_RGB ( '',0.2509803921568627416, 0.2509803921568627416, 0.2509803921568627416 ) ;
#6325 =( NAMED_UNIT ( * ) PLANE_ANGLE_UNIT ( ) SI_UNIT ( $, .RADIAN. ) );
#6326 = COLOUR_RGB ( '',0.2509803921568627416, 0.2509803921568627416, 0.2509803921568627416 ) ;
#6327 = DIRECTION ( 'NONE',  ( -0.000000000000000000, -0.000000000000000000, -1.000000000000000000 ) ) ;
#6328 = ORIENTED_EDGE ( 'NONE', *, *, #965, .T. ) ;
#6329 = VECTOR ( 'NONE', #1729, 1000.000000000000000 ) ;
#6330 = UNCERTAINTY_MEASURE_WITH_UNIT (LENGTH_MEASURE( 1.000000000000000082E-05 ), #6294, 'distance_accuracy_value', 'NONE');
#6331 = ORIENTED_EDGE ( 'NONE', *, *, #7898, .T. ) ;
#6332 = DIRECTION ( 'NONE',  ( 1.000000000000000000, 1.334402673828310480E-15, 0.000000000000000000 ) ) ;
#6333 =( NAMED_UNIT ( * ) SI_UNIT ( $, .STERADIAN. ) SOLID_ANGLE_UNIT ( ) );
#6334 = PRESENTATION_STYLE_ASSIGNMENT (( #3415 ) ) ;
#6335 = ORIENTED_EDGE ( 'NONE', *, *, #6942, .T. ) ;
#6336 = DIRECTION ( 'NONE',  ( 1.000000000000000000, 0.000000000000000000, 0.000000000000000000 ) ) ;
#6337 = LINE ( 'NONE', #9540, #233 ) ;
#6338 = FILL_AREA_STYLE ('',( #2645 ) ) ;
#6339 = ORIENTED_EDGE ( 'NONE', *, *, #182, .F. ) ;
#6340 =( NAMED_UNIT ( * ) PLANE_ANGLE_UNIT ( ) SI_UNIT ( $, .RADIAN. ) );
#6341 = PRESENTATION_STYLE_ASSIGNMENT (( #3227 ) ) ;
#6342 = VERTEX_POINT ( 'NONE', #4639 ) ;
#6343 = FACE_OUTER_BOUND ( 'NONE', #10025, .T. ) ;
#6344 = VERTEX_POINT ( 'NONE', #6964 ) ;
#6345 = AXIS2_PLACEMENT_3D ( 'NONE', #3009, #2151, #6907 ) ;
#6346 = UNCERTAINTY_MEASURE_WITH_UNIT (LENGTH_MEASURE( 1.000000000000000082E-05 ), #9667, 'distance_accuracy_value', 'NONE');
#6347 =( GEOMETRIC_REPRESENTATION_CONTEXT ( 3 ) GLOBAL_UNCERTAINTY_ASSIGNED_CONTEXT ( ( #6263 ) ) GLOBAL_UNIT_ASSIGNED_CONTEXT ( ( #1190, #2821, #5130 ) ) REPRESENTATION_CONTEXT ( 'NONE', 'WORKASPACE' ) );
#6348 =( GEOMETRIC_REPRESENTATION_CONTEXT ( 3 ) GLOBAL_UNCERTAINTY_ASSIGNED_CONTEXT ( ( #7102 ) ) GLOBAL_UNIT_ASSIGNED_CONTEXT ( ( #5566, #718, #3893 ) ) REPRESENTATION_CONTEXT ( 'NONE', 'WORKASPACE' ) );
#6349 = CARTESIAN_POINT ( 'NONE',  ( -15.50000000000016520, -15.50000000000102496, 47.00000000000000000 ) ) ;
#6350 =( LENGTH_UNIT ( ) NAMED_UNIT ( * ) SI_UNIT ( .MILLI., .METRE. ) );
#6351 = CARTESIAN_POINT ( 'NONE',  ( -16.00000000000015987, -13.70000000000102425, 45.39999999999999858 ) ) ;
#6352 = SURFACE_SIDE_STYLE ('',( #10139 ) ) ;
#6353 = EDGE_LOOP ( 'NONE', ( #6403, #8983, #4652, #3479 ) ) ;
#6354 = VECTOR ( 'NONE', #1745, 1000.000000000000000 ) ;
#6355 = COLOUR_RGB ( '',0.2509803921568627416, 0.2509803921568627416, 0.2509803921568627416 ) ;
#6356 = PRESENTATION_LAYER_ASSIGNMENT (  '', '', ( #1234 ) ) ;
#6357 = EDGE_CURVE ( 'NONE', #5815, #9791, #7594, .T. ) ;
#6358 = VERTEX_POINT ( 'NONE', #9168 ) ;
#6359 = CARTESIAN_POINT ( 'NONE',  ( 17.14999999999996660, 21.14999999999999858, 47.00000000000000000 ) ) ;
#6360 = ORIENTED_EDGE ( 'NONE', *, *, #586, .T. ) ;
#6361 =( NAMED_UNIT ( * ) PLANE_ANGLE_UNIT ( ) SI_UNIT ( $, .RADIAN. ) );
#6362 = DIRECTION ( 'NONE',  ( -0.000000000000000000, -1.000000000000000000, -0.000000000000000000 ) ) ;
#6363 = DIRECTION ( 'NONE',  ( 0.000000000000000000, 0.000000000000000000, -1.000000000000000000 ) ) ;
#6364 =( LENGTH_UNIT ( ) NAMED_UNIT ( * ) SI_UNIT ( .MILLI., .METRE. ) );
#6365 = CARTESIAN_POINT ( 'NONE',  ( 18.24999999999983658, 15.49999999999897504, 46.40000000000000568 ) ) ;
#6366 = ORIENTED_EDGE ( 'NONE', *, *, #6689, .F. ) ;
#6367 = UNCERTAINTY_MEASURE_WITH_UNIT (LENGTH_MEASURE( 1.000000000000000082E-05 ), #5415, 'distance_accuracy_value', 'NONE');
#6368 = SURFACE_STYLE_USAGE ( .BOTH. , #8769 ) ;
#6369 = EDGE_CURVE ( 'NONE', #4307, #8886, #2856, .T. ) ;
#6370 = DIRECTION ( 'NONE',  ( -0.000000000000000000, -0.000000000000000000, -1.000000000000000000 ) ) ;
#6371 = FACE_OUTER_BOUND ( 'NONE', #5565, .T. ) ;
#6372 = ORIENTED_EDGE ( 'NONE', *, *, #5152, .T. ) ;
#6373 = DIRECTION ( 'NONE',  ( -1.000000000000000000, 0.000000000000000000, 0.000000000000000000 ) ) ;
#6374 = AXIS2_PLACEMENT_3D ( 'NONE', #2199, #7692, #7854 ) ;
#6375 = SURFACE_STYLE_USAGE ( .BOTH. , #950 ) ;
#6376 = ADVANCED_FACE ( 'NONE', ( #2902 ), #2101, .F. ) ;
#6377 = DIRECTION ( 'NONE',  ( -1.000000000000000000, 2.668805347656628059E-15, 0.000000000000000000 ) ) ;
#6378 = DIRECTION ( 'NONE',  ( 0.000000000000000000, 0.000000000000000000, -1.000000000000000000 ) ) ;
#6379 =( NAMED_UNIT ( * ) PLANE_ANGLE_UNIT ( ) SI_UNIT ( $, .RADIAN. ) );
#6380 = DIRECTION ( 'NONE',  ( -0.000000000000000000, -0.000000000000000000, 1.000000000000000000 ) ) ;
#6381 = DIRECTION ( 'NONE',  ( 0.000000000000000000, 0.000000000000000000, -1.000000000000000000 ) ) ;
#6382 = ORIENTED_EDGE ( 'NONE', *, *, #1755, .F. ) ;
#6383 = DIRECTION ( 'NONE',  ( 1.000000000000000000, 1.334402673828310480E-15, 0.000000000000000000 ) ) ;
#6384 = CARTESIAN_POINT ( 'NONE',  ( 24.94122574922874591, -11.59883891949458068, 38.40383536529800068 ) ) ;
#6385 = ORIENTED_EDGE ( 'NONE', *, *, #6471, .T. ) ;
#6386 = PLANE ( 'NONE',  #320 ) ;
#6387 = CARTESIAN_POINT ( 'NONE',  ( 27.64999999999999858, -9.779240779943883410, 43.00000000000000000 ) ) ;
#6388 = LINE ( 'NONE', #5556, #4624 ) ;
#6389 = ORIENTED_EDGE ( 'NONE', *, *, #3002, .F. ) ;
#6390 = DIRECTION ( 'NONE',  ( 5.337610695313264006E-15, -1.000000000000000000, 0.000000000000000000 ) ) ;
#6391 = ORIENTED_EDGE ( 'NONE', *, *, #10195, .T. ) ;
#6392 = CARTESIAN_POINT ( 'NONE',  ( -21.14999999999999503, -17.15000000000000213, 37.00000000000000000 ) ) ;
#6393 = PRESENTATION_STYLE_ASSIGNMENT (( #2334 ) ) ;
#6394 = EDGE_CURVE ( 'NONE', #9277, #8475, #1743, .T. ) ;
#6395 = VERTEX_POINT ( 'NONE', #7182 ) ;
#6396 = MECHANICAL_DESIGN_GEOMETRIC_PRESENTATION_REPRESENTATION (  '', ( #8573 ), #3762 ) ;
#6397 = ORIENTED_EDGE ( 'NONE', *, *, #2055, .T. ) ;
#6398 = CARTESIAN_POINT ( 'NONE',  ( 0.000000000000000000, 0.000000000000000000, 37.00000000000000000 ) ) ;
#6399 = CARTESIAN_POINT ( 'NONE',  ( -21.14999999999999503, -17.15000000000000213, 37.00000000000000000 ) ) ;
#6400 = PLANE ( 'NONE',  #4074 ) ;
#6401 = LINE ( 'NONE', #2457, #47 ) ;
#6402 = CARTESIAN_POINT ( 'NONE',  ( -15.49999999999994316, -15.50000000000004974, 4.500000000000000888 ) ) ;
#6403 = ORIENTED_EDGE ( 'NONE', *, *, #5216, .F. ) ;
#6404 = MECHANICAL_DESIGN_GEOMETRIC_PRESENTATION_REPRESENTATION (  '', ( #9371 ), #5742 ) ;
#6405 = EDGE_CURVE ( 'NONE', #4307, #10170, #2443, .T. ) ;
#6406 = ORIENTED_EDGE ( 'NONE', *, *, #493, .F. ) ;
#6407 = ORIENTED_EDGE ( 'NONE', *, *, #109, .F. ) ;
#6408 = DIRECTION ( 'NONE',  ( 2.668805347656632003E-15, -1.000000000000000000, 0.000000000000000000 ) ) ;
#6409 = FACE_OUTER_BOUND ( 'NONE', #8295, .T. ) ;
#6410 = ADVANCED_FACE ( 'NONE', ( #1638 ), #4155, .T. ) ;
#6411 = CARTESIAN_POINT ( 'NONE',  ( 6.014999999999994351, -18.04500000000000171, 43.00000000000000000 ) ) ;
#6412 = VERTEX_POINT ( 'NONE', #2494 ) ;
#6413 = AXIS2_PLACEMENT_3D ( 'NONE', #8366, #1251, #4995 ) ;
#6414 = PRESENTATION_LAYER_ASSIGNMENT (  '', '', ( #9854 ) ) ;
#6415 = PLANE ( 'NONE',  #4596 ) ;
#6416 = FACE_OUTER_BOUND ( 'NONE', #5331, .T. ) ;
#6417 = SURFACE_SIDE_STYLE ('',( #3299 ) ) ;
#6418 = COLOUR_RGB ( '',0.2509803921568627416, 0.2509803921568627416, 0.2509803921568627416 ) ;
#6419 = VERTEX_POINT ( 'NONE', #9490 ) ;
#6420 = AXIS2_PLACEMENT_3D ( 'NONE', #6828, #6042, #3033 ) ;
#6421 = CARTESIAN_POINT ( 'NONE',  ( -15.00000000000016165, -15.00000000000102673, 46.39999999999999858 ) ) ;
#6422 = STYLED_ITEM ( 'NONE', ( #8186 ), #8144 ) ;
#6423 = CARTESIAN_POINT ( 'NONE',  ( 15.49999999999983480, 15.50000000000015987, 5.251075773784450895 ) ) ;
#6424 = SURFACE_STYLE_USAGE ( .BOTH. , #5702 ) ;
#6425 = CARTESIAN_POINT ( 'NONE',  ( 0.000000000000000000, 0.000000000000000000, -24.00000000000000000 ) ) ;
#6426 = EDGE_CURVE ( 'NONE', #9331, #3335, #6075, .T. ) ;
#6427 = CARTESIAN_POINT ( 'NONE',  ( 28.45468350425461779, -6.452093298358629880, 38.43198665026463345 ) ) ;
#6428 = CARTESIAN_POINT ( 'NONE',  ( -15.49999999999994316, -15.50000000000004974, 0.000000000000000000 ) ) ;
#6429 = PRESENTATION_STYLE_ASSIGNMENT (( #1581 ) ) ;
#6430 = ORIENTED_EDGE ( 'NONE', *, *, #2893, .F. ) ;
#6431 = UNCERTAINTY_MEASURE_WITH_UNIT (LENGTH_MEASURE( 1.000000000000000082E-05 ), #6526, 'distance_accuracy_value', 'NONE');
#6432 =( GEOMETRIC_REPRESENTATION_CONTEXT ( 3 ) GLOBAL_UNCERTAINTY_ASSIGNED_CONTEXT ( ( #755 ) ) GLOBAL_UNIT_ASSIGNED_CONTEXT ( ( #1744, #4091, #2495 ) ) REPRESENTATION_CONTEXT ( 'NONE', 'WORKASPACE' ) );
#6433 = LINE ( 'NONE', #5462, #9417 ) ;
#6434 =( GEOMETRIC_REPRESENTATION_CONTEXT ( 3 ) GLOBAL_UNCERTAINTY_ASSIGNED_CONTEXT ( ( #6590 ) ) GLOBAL_UNIT_ASSIGNED_CONTEXT ( ( #2006, #5155, #3424 ) ) REPRESENTATION_CONTEXT ( 'NONE', 'WORKASPACE' ) );
#6435 = VECTOR ( 'NONE', #1873, 1000.000000000000000 ) ;
#6436 = FILL_AREA_STYLE ('',( #2639 ) ) ;
#6437 = CARTESIAN_POINT ( 'NONE',  ( -15.49999999999999645, 15.50000000000000000, -2.266821225221747863E-17 ) ) ;
#6438 = CARTESIAN_POINT ( 'NONE',  ( 28.64999999999999858, 0.000000000000000000, 0.000000000000000000 ) ) ;
#6439 = CARTESIAN_POINT ( 'NONE',  ( 0.000000000000000000, 0.000000000000000000, 39.00000000000000000 ) ) ;
#6440 =( NAMED_UNIT ( * ) SI_UNIT ( $, .STERADIAN. ) SOLID_ANGLE_UNIT ( ) );
#6441 = DIRECTION ( 'NONE',  ( 0.7071067811865489050, 0.7071067811865462405, -0.000000000000000000 ) ) ;
#6442 = EDGE_LOOP ( 'NONE', ( #4052, #1724, #504, #9387 ) ) ;
#6443 = DIRECTION ( 'NONE',  ( -1.000000000000000000, -1.224646799147353454E-16, 0.000000000000000000 ) ) ;
#6444 = CIRCLE ( 'NONE', #6767, 0.5000000000000004441 ) ;
#6445 = ORIENTED_EDGE ( 'NONE', *, *, #7324, .F. ) ;
#6446 = ORIENTED_EDGE ( 'NONE', *, *, #3068, .T. ) ;
#6447 = VECTOR ( 'NONE', #2546, 1000.000000000000000 ) ;
#6448 = EDGE_CURVE ( 'NONE', #7272, #6358, #3112, .T. ) ;
#6449 = CARTESIAN_POINT ( 'NONE',  ( 0.000000000000000000, 0.000000000000000000, -2.000000000000000000 ) ) ;
#6450 =( NAMED_UNIT ( * ) SI_UNIT ( $, .STERADIAN. ) SOLID_ANGLE_UNIT ( ) );
#6451 = CARTESIAN_POINT ( 'NONE',  ( 28.44289321881344890, -6.520106648094795787, 41.99999999999999289 ) ) ;
#6452 = EDGE_CURVE ( 'NONE', #313, #7295, #7126, .T. ) ;
#6453 = PRESENTATION_LAYER_ASSIGNMENT (  '', '', ( #6784 ) ) ;
#6454 = DIRECTION ( 'NONE',  ( 1.000000000000000000, 0.000000000000000000, 0.000000000000000000 ) ) ;
#6455 = PRESENTATION_STYLE_ASSIGNMENT (( #2517 ) ) ;
#6456 = EDGE_LOOP ( 'NONE', ( #876, #6155, #7801, #2106 ) ) ;
#6457 = STYLED_ITEM ( 'NONE', ( #3393 ), #4192 ) ;
#6458 = ORIENTED_EDGE ( 'NONE', *, *, #4545, .F. ) ;
#6459 = FACE_OUTER_BOUND ( 'NONE', #4775, .T. ) ;
#6460 = ORIENTED_EDGE ( 'NONE', *, *, #3244, .F. ) ;
#6461 = DIRECTION ( 'NONE',  ( -1.000000000000000000, 0.000000000000000000, 0.000000000000000000 ) ) ;
#6462 = EDGE_CURVE ( 'NONE', #8523, #2462, #8793, .T. ) ;
#6463 = FILL_AREA_STYLE_COLOUR ( '', #2756 ) ;
#6464 = DIRECTION ( 'NONE',  ( -1.000000000000000000, 3.384847957477177260E-12, 0.000000000000000000 ) ) ;
#6465 = ORIENTED_EDGE ( 'NONE', *, *, #1811, .T. ) ;
#6466 = UNCERTAINTY_MEASURE_WITH_UNIT (LENGTH_MEASURE( 1.000000000000000082E-05 ), #2070, 'distance_accuracy_value', 'NONE');
#6467 = SURFACE_SIDE_STYLE ('',( #165 ) ) ;
#6468 = CARTESIAN_POINT ( 'NONE',  ( 28.40180948139486006, -6.893893043731424086, 42.56310680218168585 ) ) ;
#6469 = EDGE_CURVE ( 'NONE', #6527, #5224, #1692, .T. ) ;
#6470 = ORIENTED_EDGE ( 'NONE', *, *, #5035, .F. ) ;
#6471 = EDGE_CURVE ( 'NONE', #6867, #9415, #4967, .T. ) ;
#6472 = DIRECTION ( 'NONE',  ( 1.000000000000000000, 2.668805347656624115E-15, 0.000000000000000000 ) ) ;
#6473 = CARTESIAN_POINT ( 'NONE',  ( 5.626851092634242768, 3.999999999999998224, -23.56571032415539690 ) ) ;
#6474 = SURFACE_STYLE_FILL_AREA ( #952 ) ;
#6475 = DIRECTION ( 'NONE',  ( 0.000000000000000000, 0.000000000000000000, 1.000000000000000000 ) ) ;
#6476 = DIRECTION ( 'NONE',  ( -1.000000000000000000, 0.000000000000000000, 0.000000000000000000 ) ) ;
#6477 = UNCERTAINTY_MEASURE_WITH_UNIT (LENGTH_MEASURE( 1.000000000000000082E-05 ), #3163, 'distance_accuracy_value', 'NONE');
#6478 = CARTESIAN_POINT ( 'NONE',  ( 28.44289321881344890, 6.520106648094790458, 41.99999999999999289 ) ) ;
#6479 = EDGE_LOOP ( 'NONE', ( #2646, #1378, #8394 ) ) ;
#6480 = AXIS2_PLACEMENT_3D ( 'NONE', #2793, #2694, #6729 ) ;
#6481 = DIRECTION ( 'NONE',  ( 1.000000000000000000, 0.000000000000000000, -0.000000000000000000 ) ) ;
#6482 = DIRECTION ( 'NONE',  ( -1.000000000000000000, -0.000000000000000000, 0.000000000000000000 ) ) ;
#6483 = EDGE_CURVE ( 'NONE', #3240, #4050, #1898, .T. ) ;
#6484 = MECHANICAL_DESIGN_GEOMETRIC_PRESENTATION_REPRESENTATION (  '', ( #6140 ), #1206 ) ;
#6485 = PLANE ( 'NONE',  #544 ) ;
#6486 = MECHANICAL_DESIGN_GEOMETRIC_PRESENTATION_REPRESENTATION (  '', ( #5334 ), #8004 ) ;
#6487 = CARTESIAN_POINT ( 'NONE',  ( -16.00000000000015987, 17.29999999999897753, 45.39999999999999858 ) ) ;
#6488 = SURFACE_STYLE_FILL_AREA ( #2744 ) ;
#6489 = SURFACE_STYLE_FILL_AREA ( #7127 ) ;
#6490 = VERTEX_POINT ( 'NONE', #5004 ) ;
#6491 = CARTESIAN_POINT ( 'NONE',  ( 0.000000000000000000, 0.000000000000000000, -2.000000000000000000 ) ) ;
#6492 =( LENGTH_UNIT ( ) NAMED_UNIT ( * ) SI_UNIT ( .MILLI., .METRE. ) );
#6493 = ADVANCED_FACE ( 'NONE', ( #5713, #8172, #4136, #4949, #6694 ), #6583, .T. ) ;
#6494 = ORIENTED_EDGE ( 'NONE', *, *, #2919, .F. ) ;
#6495 = PRESENTATION_STYLE_ASSIGNMENT (( #2655 ) ) ;
#6496 = EDGE_CURVE ( 'NONE', #5631, #3437, #7425, .T. ) ;
#6497 = LINE ( 'NONE', #5154, #3540 ) ;
#6498 =( GEOMETRIC_REPRESENTATION_CONTEXT ( 3 ) GLOBAL_UNCERTAINTY_ASSIGNED_CONTEXT ( ( #2967 ) ) GLOBAL_UNIT_ASSIGNED_CONTEXT ( ( #5453, #7110, #2248 ) ) REPRESENTATION_CONTEXT ( 'NONE', 'WORKASPACE' ) );
#6499 = FILL_AREA_STYLE ('',( #4753 ) ) ;
#6500 = PRESENTATION_STYLE_ASSIGNMENT (( #4865 ) ) ;
#6501 =( GEOMETRIC_REPRESENTATION_CONTEXT ( 3 ) GLOBAL_UNCERTAINTY_ASSIGNED_CONTEXT ( ( #5069 ) ) GLOBAL_UNIT_ASSIGNED_CONTEXT ( ( #5579, #9558, #8760 ) ) REPRESENTATION_CONTEXT ( 'NONE', 'WORKASPACE' ) );
#6502 =( NAMED_UNIT ( * ) SI_UNIT ( $, .STERADIAN. ) SOLID_ANGLE_UNIT ( ) );
#6503 = VERTEX_POINT ( 'NONE', #2642 ) ;
#6504 =( BOUNDED_SURFACE ( )  B_SPLINE_SURFACE ( 3, 2, ( 
 ( #8883, #1786, #4940 ),
 ( #1017, #4182, #9719 ),
 ( #1112, #228, #8928 ),
 ( #2690, #3406, #1062 ) ),
 .UNSPECIFIED., .F., .F., .T. ) 
 B_SPLINE_SURFACE_WITH_KNOTS ( ( 4, 4 ),
 ( 3, 3 ),
 ( 4.390638425988047544, 4.712388980384689674 ),
 ( 0.000000000000000000, 1.000000000000000000 ),
 .UNSPECIFIED. ) 
 GEOMETRIC_REPRESENTATION_ITEM ( )  RATIONAL_B_SPLINE_SURFACE ( (
 ( 1.000000000000000000, 0.7416198487095670977, 1.000000000000000000),
 ( 1.000000000000000000, 0.7307758147742052790, 1.000000000000000000),
 ( 1.000000000000000000, 0.7190998675408929453, 1.000000000000000000),
 ( 1.000000000000000000, 0.7071067811865425767, 1.000000000000000000) ) ) 
 REPRESENTATION_ITEM ( '' )  SURFACE ( )  );
#6505 = VECTOR ( 'NONE', #1107, 1000.000000000000000 ) ;
#6506 = ORIENTED_EDGE ( 'NONE', *, *, #1174, .T. ) ;
#6507 = DIRECTION ( 'NONE',  ( 0.000000000000000000, 0.000000000000000000, -1.000000000000000000 ) ) ;
#6508 = VECTOR ( 'NONE', #1956, 1000.000000000000000 ) ;
#6509 = PRESENTATION_LAYER_ASSIGNMENT (  '', '', ( #5851 ) ) ;
#6510 = EDGE_LOOP ( 'NONE', ( #6609, #5079, #2368, #1173 ) ) ;
#6511 = CARTESIAN_POINT ( 'NONE',  ( 21.15000000000000213, -21.15000000000000213, 10.00000000000000000 ) ) ;
#6512 = CARTESIAN_POINT ( 'NONE',  ( 15.99999999999984013, 17.29999999999897753, 46.39999999999999858 ) ) ;
#6513 = CARTESIAN_POINT ( 'NONE',  ( 24.63926546838040821, 11.83691151053985813, 42.77703955406779102 ) ) ;
#6514 = DIRECTION ( 'NONE',  ( 0.000000000000000000, 1.000000000000000000, 0.000000000000000000 ) ) ;
#6515 = DIRECTION ( 'NONE',  ( -0.000000000000000000, 0.000000000000000000, 1.000000000000000000 ) ) ;
#6516 = VERTEX_POINT ( 'NONE', #8890 ) ;
#6517 = VECTOR ( 'NONE', #6260, 1000.000000000000000 ) ;
#6518 = PRESENTATION_LAYER_ASSIGNMENT (  '', '', ( #916 ) ) ;
#6519 = CARTESIAN_POINT ( 'NONE',  ( 24.47405398482469963, 11.80829099545390015, 42.70176188168473885 ) ) ;
#6520 = ORIENTED_EDGE ( 'NONE', *, *, #2767, .T. ) ;
#6521 = SURFACE_SIDE_STYLE ('',( #3973 ) ) ;
#6522 = AXIS2_PLACEMENT_3D ( 'NONE', #8661, #3176, #1553 ) ;
#6523 = DIRECTION ( 'NONE',  ( 1.000000000000000000, 0.000000000000000000, 0.000000000000000000 ) ) ;
#6524 = DIRECTION ( 'NONE',  ( 1.334402673828310480E-15, -1.000000000000000000, 0.000000000000000000 ) ) ;
#6525 = CARTESIAN_POINT ( 'NONE',  ( 28.64999999999999858, -6.085568291390581308, 38.13092328659060826 ) ) ;
#6526 =( LENGTH_UNIT ( ) NAMED_UNIT ( * ) SI_UNIT ( .MILLI., .METRE. ) );
#6527 = VERTEX_POINT ( 'NONE', #277 ) ;
#6528 = FILL_AREA_STYLE ('',( #3359 ) ) ;
#6529 = UNCERTAINTY_MEASURE_WITH_UNIT (LENGTH_MEASURE( 1.000000000000000082E-05 ), #6271, 'distance_accuracy_value', 'NONE');
#6530 = EDGE_CURVE ( 'NONE', #830, #2014, #9771, .T. ) ;
#6531 = CARTESIAN_POINT ( 'NONE',  ( 24.55811388300841358, 10.80986948560773619, 39.00000000000000000 ) ) ;
#6532 = DIRECTION ( 'NONE',  ( 0.000000000000000000, 0.000000000000000000, 1.000000000000000000 ) ) ;
#6533 = FILL_AREA_STYLE_COLOUR ( '', #4802 ) ;
#6534 = DIRECTION ( 'NONE',  ( 0.000000000000000000, -1.000000000000000000, 0.000000000000000000 ) ) ;
#6535 = DIRECTION ( 'NONE',  ( -2.668805347656620959E-15, -1.000000000000000000, 0.000000000000000000 ) ) ;
#6536 = EDGE_CURVE ( 'NONE', #836, #5541, #5758, .T. ) ;
#6537 = SURFACE_STYLE_FILL_AREA ( #6338 ) ;
#6538 = ORIENTED_EDGE ( 'NONE', *, *, #9565, .T. ) ;
#6539 = LINE ( 'NONE', #2648, #4422 ) ;
#6540 = STYLED_ITEM ( 'NONE', ( #3808 ), #1133 ) ;
#6541 = VERTEX_POINT ( 'NONE', #8931 ) ;
#6542 = VECTOR ( 'NONE', #9467, 1000.000000000000000 ) ;
#6543 = CARTESIAN_POINT ( 'NONE',  ( 21.15000000000000213, -21.15000000000000213, 6.000000000000000000 ) ) ;
#6544 = PLANE ( 'NONE',  #2813 ) ;
#6545 = EDGE_CURVE ( 'NONE', #5622, #6704, #2699, .T. ) ;
#6546 = LINE ( 'NONE', #5878, #5529 ) ;
#6547 = CARTESIAN_POINT ( 'NONE',  ( -16.00000000000016342, -15.00000000000102673, 45.39999999999999858 ) ) ;
#6548 = ORIENTED_EDGE ( 'NONE', *, *, #8957, .F. ) ;
#6549 = COLOUR_RGB ( '',0.2509803921568627416, 0.2509803921568627416, 0.2509803921568627416 ) ;
#6550 = ORIENTED_EDGE ( 'NONE', *, *, #586, .F. ) ;
#6551 = ORIENTED_EDGE ( 'NONE', *, *, #2226, .T. ) ;
#6552 = SURFACE_STYLE_FILL_AREA ( #1967 ) ;
#6553 = CYLINDRICAL_SURFACE ( 'NONE', #8430, 3.000000000000002665 ) ;
#6554 = FILL_AREA_STYLE_COLOUR ( '', #4131 ) ;
#6555 = FILL_AREA_STYLE ('',( #899 ) ) ;
#6556 = ORIENTED_EDGE ( 'NONE', *, *, #4545, .T. ) ;
#6557 = AXIS2_PLACEMENT_3D ( 'NONE', #8491, #489, #4296 ) ;
#6558 =( BOUNDED_CURVE ( )  B_SPLINE_CURVE ( 3, ( #5932, #7598, #2105, #486 ),
 .UNSPECIFIED., .F., .F. ) 
 B_SPLINE_CURVE_WITH_KNOTS ( ( 4, 4 ),
 ( 0.000000000000000000, 1.249045772398249987 ),
 .UNSPECIFIED. ) 
 CURVE ( )  GEOMETRIC_REPRESENTATION_ITEM ( )  RATIONAL_B_SPLINE_CURVE ( ( 1.000000000000000000, 0.8741614567837079353, 0.8741614567837079353, 1.000000000000000000 ) ) 
 REPRESENTATION_ITEM ( '' )  );
#6559 = CIRCLE ( 'NONE', #3304, 11.00000000000000000 ) ;
#6560 = FILL_AREA_STYLE ('',( #4925 ) ) ;
#6561 = ADVANCED_FACE ( 'NONE', ( #9631 ), #7484, .F. ) ;
#6562 = CARTESIAN_POINT ( 'NONE',  ( 28.62223219557704468, -6.218428161621782024, 42.80167848647368345 ) ) ;
#6563 = VERTEX_POINT ( 'NONE', #6797 ) ;
#6564 = DIRECTION ( 'NONE',  ( 0.000000000000000000, 0.000000000000000000, -1.000000000000000000 ) ) ;
#6565 = CARTESIAN_POINT ( 'NONE',  ( 24.58711449353181067, 11.43032072754414941, 38.52502142803889740 ) ) ;
#6566 = CIRCLE ( 'NONE', #3784, 2.500000000000000000 ) ;
#6567 = VECTOR ( 'NONE', #709, 1000.000000000000000 ) ;
#6568 = DIRECTION ( 'NONE',  ( -1.000000000000000000, 0.000000000000000000, 0.000000000000000000 ) ) ;
#6569 =( NAMED_UNIT ( * ) PLANE_ANGLE_UNIT ( ) SI_UNIT ( $, .RADIAN. ) );
#6570 = CARTESIAN_POINT ( 'NONE',  ( -16.00000000000016342, -15.00000000000102673, 46.39999999999999858 ) ) ;
#6571 = UNCERTAINTY_MEASURE_WITH_UNIT (LENGTH_MEASURE( 1.000000000000000082E-05 ), #741, 'distance_accuracy_value', 'NONE');
#6572 = ADVANCED_FACE ( 'NONE', ( #5969 ), #3757, .F. ) ;
#6573 = FILL_AREA_STYLE ('',( #1888 ) ) ;
#6574 = EDGE_LOOP ( 'NONE', ( #6924, #6253, #3519, #5938 ) ) ;
#6575 = CARTESIAN_POINT ( 'NONE',  ( 21.15000000000000213, -17.14999999999995950, 47.00000000000000000 ) ) ;
#6576 = LINE ( 'NONE', #316, #8631 ) ;
#6577 = AXIS2_PLACEMENT_3D ( 'NONE', #1022, #4236, #3456 ) ;
#6578 = AXIS2_PLACEMENT_3D ( 'NONE', #4387, #1224, #5015 ) ;
#6579 = PLANE ( 'NONE',  #7664 ) ;
#6580 = SURFACE_STYLE_FILL_AREA ( #1116 ) ;
#6581 = CARTESIAN_POINT ( 'NONE',  ( 25.05811388300841358, 10.64320281894106834, 38.50000000000000000 ) ) ;
#6582 = ADVANCED_FACE ( 'NONE', ( #3047 ), #6847, .F. ) ;
#6583 = PLANE ( 'NONE',  #7090 ) ;
#6584 = PRESENTATION_STYLE_ASSIGNMENT (( #5809 ) ) ;
#6585 =( GEOMETRIC_REPRESENTATION_CONTEXT ( 3 ) GLOBAL_UNCERTAINTY_ASSIGNED_CONTEXT ( ( #5765 ) ) GLOBAL_UNIT_ASSIGNED_CONTEXT ( ( #2718, #8299, #3585 ) ) REPRESENTATION_CONTEXT ( 'NONE', 'WORKASPACE' ) );
#6586 = CARTESIAN_POINT ( 'NONE',  ( 27.64999999999999858, -7.020106648094796675, 42.49999999999999289 ) ) ;
#6587 = EDGE_LOOP ( 'NONE', ( #7687, #9279, #7322, #1087, #1959, #2116, #8835, #8597, #8801, #4079, #1854, #6713 ) ) ;
#6588 = CARTESIAN_POINT ( 'NONE',  ( 27.64999999999999858, 9.779240779943870976, 42.49999999999999289 ) ) ;
#6589 = DIRECTION ( 'NONE',  ( -0.000000000000000000, -1.000000000000000000, 0.000000000000000000 ) ) ;
#6590 = UNCERTAINTY_MEASURE_WITH_UNIT (LENGTH_MEASURE( 1.000000000000000082E-05 ), #2006, 'distance_accuracy_value', 'NONE');
#6591 = COLOUR_RGB ( '',0.2509803921568627416, 0.2509803921568627416, 0.2509803921568627416 ) ;
#6592 = EDGE_CURVE ( 'NONE', #6978, #6826, #9936, .T. ) ;
#6593 = VERTEX_POINT ( 'NONE', #5198 ) ;
#6594 = FILL_AREA_STYLE ('',( #7389 ) ) ;
#6595 = CARTESIAN_POINT ( 'NONE',  ( 0.000000000000000000, 0.000000000000000000, 0.000000000000000000 ) ) ;
#6596 = DIRECTION ( 'NONE',  ( 1.000000000000000000, 0.000000000000000000, 0.000000000000000000 ) ) ;
#6597 = SURFACE_STYLE_FILL_AREA ( #6648 ) ;
#6598 = VECTOR ( 'NONE', #5002, 1000.000000000000000 ) ;
#6599 = FILL_AREA_STYLE ('',( #2660 ) ) ;
#6600 = LINE ( 'NONE', #290, #2886 ) ;
#6601 = CARTESIAN_POINT ( 'NONE',  ( -16.74999999999994316, -15.50000000000004974, 4.500000000000000888 ) ) ;
#6602 = ORIENTED_EDGE ( 'NONE', *, *, #4407, .T. ) ;
#6603 = AXIS2_PLACEMENT_3D ( 'NONE', #1035, #1658, #4102 ) ;
#6604 = VECTOR ( 'NONE', #7567, 1000.000000000000000 ) ;
#6605 = CIRCLE ( 'NONE', #1999, 2.500000000000000000 ) ;
#6606 = VERTEX_POINT ( 'NONE', #6107 ) ;
#6607 =( LENGTH_UNIT ( ) NAMED_UNIT ( * ) SI_UNIT ( .MILLI., .METRE. ) );
#6608 = EDGE_CURVE ( 'NONE', #2329, #1228, #7583, .T. ) ;
#6609 = ORIENTED_EDGE ( 'NONE', *, *, #207, .T. ) ;
#6610 = PRESENTATION_STYLE_ASSIGNMENT (( #9840 ) ) ;
#6611 = SURFACE_STYLE_FILL_AREA ( #3435 ) ;
#6612 =( LENGTH_UNIT ( ) NAMED_UNIT ( * ) SI_UNIT ( .MILLI., .METRE. ) );
#6613 = AXIS2_PLACEMENT_3D ( 'NONE', #58, #8823, #8150 ) ;
#6614 = CARTESIAN_POINT ( 'NONE',  ( 28.64999999999999858, 1.698780669118024500, 41.70121933088196897 ) ) ;
#6615 = ORIENTED_EDGE ( 'NONE', *, *, #1085, .F. ) ;
#6616 = DIRECTION ( 'NONE',  ( -1.000000000000000000, 0.000000000000000000, 0.000000000000000000 ) ) ;
#6617 = CARTESIAN_POINT ( 'NONE',  ( 28.45727336512964101, -6.819773480208531247, 42.60016658394309985 ) ) ;
#6618 = ADVANCED_FACE ( 'NONE', ( #5396 ), #5305, .T. ) ;
#6619 = VERTEX_POINT ( 'NONE', #4630 ) ;
#6620 =( NAMED_UNIT ( * ) SI_UNIT ( $, .STERADIAN. ) SOLID_ANGLE_UNIT ( ) );
#6621 =( NAMED_UNIT ( * ) SI_UNIT ( $, .STERADIAN. ) SOLID_ANGLE_UNIT ( ) );
#6622 = CARTESIAN_POINT ( 'NONE',  ( 48.64999999999999858, 1.222509309741136029E-15, 37.59999999999999432 ) ) ;
#6623 =( BOUNDED_SURFACE ( )  B_SPLINE_SURFACE ( 3, 2, ( 
 ( #728, #10143, #5577 ),
 ( #4662, #6252, #3845 ),
 ( #675, #3029, #3133 ),
 ( #44, #1561, #4013 ) ),
 .UNSPECIFIED., .F., .F., .F. ) 
 B_SPLINE_SURFACE_WITH_KNOTS ( ( 4, 4 ),
 ( 3, 3 ),
 ( 4.712388980384689674, 5.034139534781333580 ),
 ( 0.000000000000000000, 1.000000000000000000 ),
 .UNSPECIFIED. ) 
 GEOMETRIC_REPRESENTATION_ITEM ( )  RATIONAL_B_SPLINE_SURFACE ( (
 ( 1.000000000000000000, 0.7071067811865500152, 1.000000000000000000),
 ( 1.000000000000000000, 0.7190998675408946106, 1.000000000000000000),
 ( 1.000000000000000000, 0.7307758147742061672, 1.000000000000000000),
 ( 1.000000000000000000, 0.7416198487095697622, 1.000000000000000000) ) ) 
 REPRESENTATION_ITEM ( '' )  SURFACE ( )  );
#6624 = EDGE_CURVE ( 'NONE', #3640, #2665, #3153, .T. ) ;
#6625 = CARTESIAN_POINT ( 'NONE',  ( -13.31369220013741206, -21.16000000000000725, -53.84951795962939514 ) ) ;
#6626 = SURFACE_SIDE_STYLE ('',( #2688 ) ) ;
#6627 = VERTEX_POINT ( 'NONE', #3926 ) ;
#6628 = SURFACE_STYLE_USAGE ( .BOTH. , #9013 ) ;
#6629 = VECTOR ( 'NONE', #1680, 1000.000000000000000 ) ;
#6630 = CARTESIAN_POINT ( 'NONE',  ( 48.64999999999999858, -1.478586710707345573E-14, 43.39999999999999147 ) ) ;
#6631 = EDGE_CURVE ( 'NONE', #2170, #5475, #6644, .T. ) ;
#6632 = ORIENTED_EDGE ( 'NONE', *, *, #7501, .F. ) ;
#6633 = CARTESIAN_POINT ( 'NONE',  ( 0.000000000000000000, 0.000000000000000000, 7.999999999999992895 ) ) ;
#6634 = SURFACE_STYLE_FILL_AREA ( #3510 ) ;
#6635 = DIRECTION ( 'NONE',  ( 0.9486832980505137680, 0.3162277660168381077, 0.000000000000000000 ) ) ;
#6636 = PRESENTATION_LAYER_ASSIGNMENT (  '', '', ( #5654 ) ) ;
#6637 = DIRECTION ( 'NONE',  ( -0.000000000000000000, -0.000000000000000000, 1.000000000000000000 ) ) ;
#6638 = LINE ( 'NONE', #9772, #7767 ) ;
#6639 = DIRECTION ( 'NONE',  ( -0.000000000000000000, -0.000000000000000000, 1.000000000000000000 ) ) ;
#6640 = ORIENTED_EDGE ( 'NONE', *, *, #2128, .F. ) ;
#6641 = DIRECTION ( 'NONE',  ( 0.000000000000000000, -1.000000000000000000, 0.000000000000000000 ) ) ;
#6642 = LINE ( 'NONE', #2754, #1124 ) ;
#6643 = MECHANICAL_DESIGN_GEOMETRIC_PRESENTATION_REPRESENTATION (  '', ( #8668 ), #9275 ) ;
#6644 = CIRCLE ( 'NONE', #909, 1.249999999999997558 ) ;
#6645 = ORIENTED_EDGE ( 'NONE', *, *, #7881, .T. ) ;
#6646 = DIRECTION ( 'NONE',  ( -0.000000000000000000, 0.000000000000000000, 1.000000000000000000 ) ) ;
#6647 = CARTESIAN_POINT ( 'NONE',  ( 28.38926546838042242, -10.58691151053986879, 36.44785309367609472 ) ) ;
#6648 = FILL_AREA_STYLE ('',( #4290 ) ) ;
#6649 =( LENGTH_UNIT ( ) NAMED_UNIT ( * ) SI_UNIT ( .MILLI., .METRE. ) );
#6650 = LINE ( 'NONE', #5017, #3381 ) ;
#6651 = PLANE ( 'NONE',  #178 ) ;
#6652 = EDGE_LOOP ( 'NONE', ( #10144, #9048 ) ) ;
#6653 = MECHANICAL_DESIGN_GEOMETRIC_PRESENTATION_REPRESENTATION (  '', ( #2034 ), #2195 ) ;
#6654 = AXIS2_PLACEMENT_3D ( 'NONE', #8381, #9608, #9166 ) ;
#6655 = VECTOR ( 'NONE', #7329, 1000.000000000000000 ) ;
#6657 = ADVANCED_FACE ( 'NONE', ( #4733 ), #2483, .F. ) ;
#6656 = VERTEX_POINT ( 'NONE', #4841 ) ;
#6658 = ORIENTED_EDGE ( 'NONE', *, *, #9572, .T. ) ;
#6659 =( NAMED_UNIT ( * ) SI_UNIT ( $, .STERADIAN. ) SOLID_ANGLE_UNIT ( ) );
#6660 = PRESENTATION_LAYER_ASSIGNMENT (  '', '', ( #8181 ) ) ;
#6661 = SURFACE_STYLE_FILL_AREA ( #345 ) ;
#6662 =( LENGTH_UNIT ( ) NAMED_UNIT ( * ) SI_UNIT ( .MILLI., .METRE. ) );
#6663 = ORIENTED_EDGE ( 'NONE', *, *, #3308, .T. ) ;
#6664 = ADVANCED_FACE ( 'NONE', ( #7790 ), #805, .F. ) ;
#6665 = AXIS2_PLACEMENT_3D ( 'NONE', #3261, #6378, #8156 ) ;
#6666 = STYLED_ITEM ( 'NONE', ( #8234 ), #5526 ) ;
#6667 = MECHANICAL_DESIGN_GEOMETRIC_PRESENTATION_REPRESENTATION (  '', ( #552 ), #7342 ) ;
#6668 = FILL_AREA_STYLE ('',( #3544 ) ) ;
#6669 = CARTESIAN_POINT ( 'NONE',  ( 28.64999999999999858, -6.020106648094795787, 43.00000000000000000 ) ) ;
#6670 = EDGE_LOOP ( 'NONE', ( #8468, #6109, #6030, #6956 ) ) ;
#6671 = DIRECTION ( 'NONE',  ( -1.000000000000000000, 1.334402673828310480E-15, 0.000000000000000000 ) ) ;
#6672 = DIRECTION ( 'NONE',  ( 1.000000000000000000, 0.000000000000000000, -0.000000000000000000 ) ) ;
#6673 = CIRCLE ( 'NONE', #9484, 25.00000000000000000 ) ;
#6674 = CARTESIAN_POINT ( 'NONE',  ( 27.80811388300841358, -10.25358242896913907, 42.49999999999999289 ) ) ;
#6675 = DIRECTION ( 'NONE',  ( 0.000000000000000000, 0.000000000000000000, 1.000000000000000000 ) ) ;
#6676 = SURFACE_STYLE_FILL_AREA ( #1200 ) ;
#6677 = PRESENTATION_LAYER_ASSIGNMENT (  '', '', ( #8197 ) ) ;
#6678 = CARTESIAN_POINT ( 'NONE',  ( 0.000000000000000000, 0.000000000000000000, -1.734723475976807094E-15 ) ) ;
#6679 = DIRECTION ( 'NONE',  ( -0.8571673007021116675, 0.000000000000000000, -0.5150380749100552658 ) ) ;
#6680 = UNCERTAINTY_MEASURE_WITH_UNIT (LENGTH_MEASURE( 1.000000000000000082E-05 ), #5227, 'distance_accuracy_value', 'NONE');
#6681 = EDGE_CURVE ( 'NONE', #6419, #9008, #9422, .T. ) ;
#6682 = CARTESIAN_POINT ( 'NONE',  ( 24.58921030455000434, -11.54368746851649519, 38.49115997770830688 ) ) ;
#6683 = ORIENTED_EDGE ( 'NONE', *, *, #8138, .T. ) ;
#6684 = PRESENTATION_STYLE_ASSIGNMENT (( #8521 ) ) ;
#6685 = VECTOR ( 'NONE', #8867, 1000.000000000000000 ) ;
#6686 = LINE ( 'NONE', #9059, #183 ) ;
#6687 = AXIS2_PLACEMENT_3D ( 'NONE', #9948, #2232, #6255 ) ;
#6688 = EDGE_LOOP ( 'NONE', ( #6360, #3800, #3338, #8663, #470, #3903 ) ) ;
#6689 = EDGE_CURVE ( 'NONE', #2668, #8601, #7112, .T. ) ;
#6690 = SURFACE_STYLE_USAGE ( .BOTH. , #4098 ) ;
#6691 = DIRECTION ( 'NONE',  ( 1.000000000000000000, 0.000000000000000000, 0.000000000000000000 ) ) ;
#6692 = SURFACE_STYLE_FILL_AREA ( #1356 ) ;
#6693 = CARTESIAN_POINT ( 'NONE',  ( -17.30000000000016414, -16.00000000000102318, 45.39999999999999858 ) ) ;
#6694 = FACE_OUTER_BOUND ( 'NONE', #980, .T. ) ;
#6695 = LINE ( 'NONE', #5916, #9211 ) ;
#6696 = PRESENTATION_STYLE_ASSIGNMENT (( #3458 ) ) ;
#6697 = ORIENTED_EDGE ( 'NONE', *, *, #2554, .T. ) ;
#6698 = DIRECTION ( 'NONE',  ( 1.000000000000000000, 8.202002250481357549E-17, 0.000000000000000000 ) ) ;
#6699 = EDGE_CURVE ( 'NONE', #1486, #3783, #177, .T. ) ;
#6700 = SURFACE_STYLE_FILL_AREA ( #6594 ) ;
#6701 = CARTESIAN_POINT ( 'NONE',  ( 0.000000000000000000, 0.000000000000000000, -24.00000000000000000 ) ) ;
#6702 = CARTESIAN_POINT ( 'NONE',  ( -12.75000000000016342, -15.50000000000102496, 46.40000000000000568 ) ) ;
#6703 = PRESENTATION_STYLE_ASSIGNMENT (( #1227 ) ) ;
#6704 = VERTEX_POINT ( 'NONE', #6570 ) ;
#6705 = EDGE_CURVE ( 'NONE', #8053, #6419, #4311, .T. ) ;
#6706 = DIRECTION ( 'NONE',  ( -0.000000000000000000, -0.000000000000000000, -1.000000000000000000 ) ) ;
#6707 = EDGE_LOOP ( 'NONE', ( #6016, #5561, #5861, #203 ) ) ;
#6708 = ORIENTED_EDGE ( 'NONE', *, *, #965, .F. ) ;
#6709 = CARTESIAN_POINT ( 'NONE',  ( 14.99999999999991296, -31.00000000000008527, 45.39999999999999858 ) ) ;
#6710 =( NAMED_UNIT ( * ) SI_UNIT ( $, .STERADIAN. ) SOLID_ANGLE_UNIT ( ) );
#6711 = CYLINDRICAL_SURFACE ( 'NONE', #9872, 1.249999999999997558 ) ;
#6713 = ORIENTED_EDGE ( 'NONE', *, *, #1830, .T. ) ;
#6712 = ADVANCED_FACE ( 'NONE', ( #3448 ), #4889, .F. ) ;
#6714 = AXIS2_PLACEMENT_3D ( 'NONE', #6787, #6009, #1306 ) ;
#6715 = DIRECTION ( 'NONE',  ( -1.000000000000000000, 0.000000000000000000, -0.000000000000000000 ) ) ;
#6716 = ORIENTED_EDGE ( 'NONE', *, *, #9080, .F. ) ;
#6717 = MECHANICAL_DESIGN_GEOMETRIC_PRESENTATION_REPRESENTATION (  '', ( #2949 ), #6048 ) ;
#6718 = EDGE_CURVE ( 'NONE', #7652, #657, #9757, .T. ) ;
#6719 = CARTESIAN_POINT ( 'NONE',  ( 24.54992289684097528, 11.60766137412037402, 38.86731668987833643 ) ) ;
#6720 = DIRECTION ( 'NONE',  ( 2.668805347656631609E-15, -1.000000000000000000, 0.000000000000000000 ) ) ;
#6721 = CARTESIAN_POINT ( 'NONE',  ( -16.00000000000020606, 4.270088556250648439E-14, 46.39999999999999858 ) ) ;
#6722 =( GEOMETRIC_REPRESENTATION_CONTEXT ( 3 ) GLOBAL_UNCERTAINTY_ASSIGNED_CONTEXT ( ( #2364 ) ) GLOBAL_UNIT_ASSIGNED_CONTEXT ( ( #1220, #8732, #5604 ) ) REPRESENTATION_CONTEXT ( 'NONE', 'WORKASPACE' ) );
#6723 = FACE_OUTER_BOUND ( 'NONE', #2459, .T. ) ;
#6724 = DIRECTION ( 'NONE',  ( -0.000000000000000000, -0.000000000000000000, 1.000000000000000000 ) ) ;
#6725 = PLANE ( 'NONE',  #3759 ) ;
#6726 = CARTESIAN_POINT ( 'NONE',  ( 26.28245553203367280, -10.23508893593265157, 42.49999999999999289 ) ) ;
#6727 = AXIS2_PLACEMENT_3D ( 'NONE', #5299, #1355, #8530 ) ;
#6728 = ORIENTED_EDGE ( 'NONE', *, *, #2186, .T. ) ;
#6729 = DIRECTION ( 'NONE',  ( 1.000000000000000000, 0.000000000000000000, 0.000000000000000000 ) ) ;
#6730 = VECTOR ( 'NONE', #4801, 1000.000000000000000 ) ;
#6731 = ADVANCED_FACE ( 'NONE', ( #4124 ), #9670, .T. ) ;
#6732 = AXIS2_PLACEMENT_3D ( 'NONE', #9671, #6327, #858 ) ;
#6733 = DIRECTION ( 'NONE',  ( 1.000000000000000000, 0.000000000000000000, 0.000000000000000000 ) ) ;
#6734 = FILL_AREA_STYLE ('',( #7377 ) ) ;
#6735 = CARTESIAN_POINT ( 'NONE',  ( 0.000000000000000000, 0.000000000000000000, -23.50000000000000711 ) ) ;
#6736 = AXIS2_PLACEMENT_3D ( 'NONE', #9474, #8010, #9851 ) ;
#6737 = SURFACE_SIDE_STYLE ('',( #6580 ) ) ;
#6738 = CARTESIAN_POINT ( 'NONE',  ( 21.15000000000000213, -21.15000000000000213, 39.00000000000000000 ) ) ;
#6739 = CARTESIAN_POINT ( 'NONE',  ( -2.001604010742331613E-14, 14.99999999999899458, 45.39999999999999858 ) ) ;
#6740 = DIRECTION ( 'NONE',  ( 0.9320546490017997954, -0.3106848830006000428, -0.1864109298003609749 ) ) ;
#6741 = ORIENTED_EDGE ( 'NONE', *, *, #1351, .T. ) ;
#6742 = COLOUR_RGB ( '',0.2509803921568627416, 0.2509803921568627416, 0.2509803921568627416 ) ;
#6743 = MECHANICAL_DESIGN_GEOMETRIC_PRESENTATION_REPRESENTATION (  '', ( #1149 ), #2498 ) ;
#6744 = PRESENTATION_LAYER_ASSIGNMENT (  '', '', ( #631 ) ) ;
#6745 = SURFACE_STYLE_FILL_AREA ( #6960 ) ;
#6746 = AXIS2_PLACEMENT_3D ( 'NONE', #7460, #1237, #2071 ) ;
#6747 = CARTESIAN_POINT ( 'NONE',  ( 24.51794613172587489, -11.70671498655209675, 42.25600196125318320 ) ) ;
#6748 = MECHANICAL_DESIGN_GEOMETRIC_PRESENTATION_REPRESENTATION (  '', ( #8100 ), #8616 ) ;
#6749 = DIRECTION ( 'NONE',  ( 1.000000000000000000, 1.334402673828310480E-15, 0.000000000000000000 ) ) ;
#6750 = PLANE ( 'NONE',  #2307 ) ;
#6751 = LINE ( 'NONE', #9029, #1232 ) ;
#6752 = DIRECTION ( 'NONE',  ( 2.668805347656624115E-15, -1.000000000000000000, 0.000000000000000000 ) ) ;
#6753 = EDGE_CURVE ( 'NONE', #6412, #8220, #8924, .T. ) ;
#6754 =( LENGTH_UNIT ( ) NAMED_UNIT ( * ) SI_UNIT ( .MILLI., .METRE. ) );
#6755 = ORIENTED_EDGE ( 'NONE', *, *, #7556, .F. ) ;
#6756 = LINE ( 'NONE', #2107, #46 ) ;
#6757 = COLOUR_RGB ( '',0.2509803921568627416, 0.2509803921568627416, 0.2509803921568627416 ) ;
#6758 = VECTOR ( 'NONE', #4395, 1000.000000000000000 ) ;
#6759 = EDGE_LOOP ( 'NONE', ( #2909, #9401, #6898, #3084 ) ) ;
#6760 =( NAMED_UNIT ( * ) PLANE_ANGLE_UNIT ( ) SI_UNIT ( $, .RADIAN. ) );
#6761 = EDGE_CURVE ( 'NONE', #9571, #3182, #9456, .T. ) ;
#6762 = ORIENTED_EDGE ( 'NONE', *, *, #244, .T. ) ;
#6763 = CARTESIAN_POINT ( 'NONE',  ( 24.05811388300841713, -11.50358242896913730, 42.49999999999999289 ) ) ;
#6764 = EDGE_CURVE ( 'NONE', #2014, #6527, #8263, .T. ) ;
#6765 = CARTESIAN_POINT ( 'NONE',  ( -15.00000000000016165, -13.70000000000102425, 45.39999999999999858 ) ) ;
#6766 = DIRECTION ( 'NONE',  ( 1.000000000000000000, 0.000000000000000000, 0.000000000000000000 ) ) ;
#6767 = AXIS2_PLACEMENT_3D ( 'NONE', #8858, #1761, #3427 ) ;
#6768 = MECHANICAL_DESIGN_GEOMETRIC_PRESENTATION_REPRESENTATION (  '', ( #4777 ), #2840 ) ;
#6769 = PLANE ( 'NONE',  #1905 ) ;
#6770 = ORIENTED_EDGE ( 'NONE', *, *, #8606, .F. ) ;
#6771 = COLOUR_RGB ( '',0.2509803921568627416, 0.2509803921568627416, 0.2509803921568627416 ) ;
#6772 = FILL_AREA_STYLE ('',( #3119 ) ) ;
#6773 = CARTESIAN_POINT ( 'NONE',  ( 28.44289321881344890, -7.020106648094795787, 38.50000000000000000 ) ) ;
#6774 = AXIS2_PLACEMENT_3D ( 'NONE', #925, #8933, #8741 ) ;
#6775 = ORIENTED_EDGE ( 'NONE', *, *, #8213, .F. ) ;
#6776 = SURFACE_SIDE_STYLE ('',( #7663 ) ) ;
#6777 = EDGE_CURVE ( 'NONE', #4097, #3063, #1365, .T. ) ;
#6778 = CARTESIAN_POINT ( 'NONE',  ( 24.35997896498352944, 11.91199363726330773, 38.15722339751931713 ) ) ;
#6779 = VECTOR ( 'NONE', #7424, 1000.000000000000114 ) ;
#6780 = SHAPE_DEFINITION_REPRESENTATION ( #2283, #8930 ) ;
#6781 = LINE ( 'NONE', #8515, #4000 ) ;
#6782 = DIRECTION ( 'NONE',  ( 0.000000000000000000, 0.000000000000000000, -1.000000000000000000 ) ) ;
#6783 = UNCERTAINTY_MEASURE_WITH_UNIT (LENGTH_MEASURE( 1.000000000000000082E-05 ), #6246, 'distance_accuracy_value', 'NONE');
#6784 = STYLED_ITEM ( 'NONE', ( #8488 ), #9157 ) ;
#6785 = CARTESIAN_POINT ( 'NONE',  ( 24.31498063939964993, -11.94500645353345547, 38.05204733422923624 ) ) ;
#6786 = EDGE_CURVE ( 'NONE', #1089, #7792, #8662, .T. ) ;
#6787 = CARTESIAN_POINT ( 'NONE',  ( 0.000000000000000000, 0.000000000000000000, 0.000000000000000000 ) ) ;
#6788 = VECTOR ( 'NONE', #4611, 1000.000000000000000 ) ;
#6789 = FILL_AREA_STYLE_COLOUR ( '', #4810 ) ;
#6790 = ORIENTED_EDGE ( 'NONE', *, *, #6026, .T. ) ;
#6791 = CARTESIAN_POINT ( 'NONE',  ( 31.00000000000000000, 13.69999999999897611, 45.39999999999999858 ) ) ;
#6792 = EDGE_CURVE ( 'NONE', #77, #2349, #8560, .T. ) ;
#6793 = SURFACE_SIDE_STYLE ('',( #9064 ) ) ;
#6794 = DIRECTION ( 'NONE',  ( -0.000000000000000000, -0.000000000000000000, 1.000000000000000000 ) ) ;
#6795 = CARTESIAN_POINT ( 'NONE',  ( 48.64999999999999858, 8.673617379884035472E-16, 43.50000000000000000 ) ) ;
#6796 = CARTESIAN_POINT ( 'NONE',  ( 0.000000000000000000, 0.000000000000000000, 37.00000000000000000 ) ) ;
#6797 = CARTESIAN_POINT ( 'NONE',  ( 2.799999999999999822, 3.429011037612588783E-16, 0.000000000000000000 ) ) ;
#6798 = EDGE_LOOP ( 'NONE', ( #6615, #4396, #5549, #6040 ) ) ;
#6799 = VECTOR ( 'NONE', #5699, 1000.000000000000000 ) ;
#6800 = EDGE_CURVE ( 'NONE', #1418, #4003, #10138, .T. ) ;
#6801 = DIRECTION ( 'NONE',  ( -1.000000000000000000, 0.000000000000000000, 0.000000000000000000 ) ) ;
#6802 = UNCERTAINTY_MEASURE_WITH_UNIT (LENGTH_MEASURE( 1.000000000000000082E-05 ), #7431, 'distance_accuracy_value', 'NONE');
#6803 = FACE_OUTER_BOUND ( 'NONE', #26, .T. ) ;
#6804 = LINE ( 'NONE', #4583, #2564 ) ;
#6805 = LINE ( 'NONE', #596, #4943 ) ;
#6806 = DIRECTION ( 'NONE',  ( 0.000000000000000000, 0.000000000000000000, -1.000000000000000000 ) ) ;
#6807 = CARTESIAN_POINT ( 'NONE',  ( 14.25000000000010303, -15.49999999999989164, -2.266821225221747863E-17 ) ) ;
#6808 = ORIENTED_EDGE ( 'NONE', *, *, #7193, .F. ) ;
#6809 = ADVANCED_FACE ( 'NONE', ( #9055 ), #4707, .T. ) ;
#6810 = SURFACE_STYLE_USAGE ( .BOTH. , #9082 ) ;
#6811 = VECTOR ( 'NONE', #4808, 1000.000000000000000 ) ;
#6812 = ORIENTED_EDGE ( 'NONE', *, *, #3599, .T. ) ;
#6813 = DIRECTION ( 'NONE',  ( 0.000000000000000000, 0.000000000000000000, 1.000000000000000000 ) ) ;
#6814 = ORIENTED_EDGE ( 'NONE', *, *, #9196, .T. ) ;
#6815 = EDGE_CURVE ( 'NONE', #7991, #2989, #4405, .T. ) ;
#6816 =( NAMED_UNIT ( * ) PLANE_ANGLE_UNIT ( ) SI_UNIT ( $, .RADIAN. ) );
#6817 = DIRECTION ( 'NONE',  ( 0.000000000000000000, -1.000000000000000000, 0.000000000000000000 ) ) ;
#6818 = PRESENTATION_LAYER_ASSIGNMENT (  '', '', ( #7153 ) ) ;
#6819 = DIRECTION ( 'NONE',  ( 1.000000000000000000, -1.064530274482815014E-15, 0.000000000000000000 ) ) ;
#6820 = SURFACE_SIDE_STYLE ('',( #3681 ) ) ;
#6821 = VECTOR ( 'NONE', #430, 1000.000000000000000 ) ;
#6822 = ORIENTED_EDGE ( 'NONE', *, *, #4282, .F. ) ;
#6823 = VECTOR ( 'NONE', #9420, 1000.000000000000000 ) ;
#6824 = COLOUR_RGB ( '',0.2509803921568627416, 0.2509803921568627416, 0.2509803921568627416 ) ;
#6825 =( NAMED_UNIT ( * ) PLANE_ANGLE_UNIT ( ) SI_UNIT ( $, .RADIAN. ) );
#6826 = VERTEX_POINT ( 'NONE', #2785 ) ;
#6827 = DIRECTION ( 'NONE',  ( 0.000000000000000000, 0.000000000000000000, -1.000000000000000000 ) ) ;
#6828 = CARTESIAN_POINT ( 'NONE',  ( 0.000000000000000000, 2.000000000000000000, 0.000000000000000000 ) ) ;
#6829 = CARTESIAN_POINT ( 'NONE',  ( -17.15000000000000568, 21.14999999999999858, 37.00000000000000000 ) ) ;
#6830 = CARTESIAN_POINT ( 'NONE',  ( -21.15999999999999304, 13.31369220013744581, 39.00000000000000000 ) ) ;
#6831 = VECTOR ( 'NONE', #3323, 1000.000000000000000 ) ;
#6832 =( GEOMETRIC_REPRESENTATION_CONTEXT ( 3 ) GLOBAL_UNCERTAINTY_ASSIGNED_CONTEXT ( ( #8050 ) ) GLOBAL_UNIT_ASSIGNED_CONTEXT ( ( #3961, #6361, #3189 ) ) REPRESENTATION_CONTEXT ( 'NONE', 'WORKASPACE' ) );
#6833 = AXIS2_PLACEMENT_3D ( 'NONE', #6217, #7846, #9370 ) ;
#6834 = CARTESIAN_POINT ( 'NONE',  ( 27.64999999999999858, -7.020106648094796675, 39.00000000000000000 ) ) ;
#6835 = DIRECTION ( 'NONE',  ( 1.000000000000000000, 0.000000000000000000, 0.000000000000000000 ) ) ;
#6836 = LINE ( 'NONE', #2936, #2691 ) ;
#6837 = EDGE_LOOP ( 'NONE', ( #1309, #487, #4585, #8273, #2937, #1195, #7658, #5755, #6372, #7924, #4400, #7133 ) ) ;
#6838 = MECHANICAL_DESIGN_GEOMETRIC_PRESENTATION_REPRESENTATION (  '', ( #737 ), #240 ) ;
#6839 = PRESENTATION_LAYER_ASSIGNMENT (  '', '', ( #1393 ) ) ;
#6840 = COLOUR_RGB ( '',0.2509803921568627416, 0.2509803921568627416, 0.2509803921568627416 ) ;
#6841 = CONICAL_SURFACE ( 'NONE', #1571, 1.249999999999997558, 1.029744258676653201 ) ;
#6842 = PRESENTATION_STYLE_ASSIGNMENT (( #6889 ) ) ;
#6843 = CARTESIAN_POINT ( 'NONE',  ( 24.55811388300841713, -11.28379111273216928, 41.99999999999999289 ) ) ;
#6844 = SURFACE_SIDE_STYLE ('',( #9912 ) ) ;
#6845 = CARTESIAN_POINT ( 'NONE',  ( 13.32957238623955831, 21.14999999999999858, 5.999999999999998224 ) ) ;
#6846 =( NAMED_UNIT ( * ) PLANE_ANGLE_UNIT ( ) SI_UNIT ( $, .RADIAN. ) );
#6847 = PLANE ( 'NONE',  #4503 ) ;
#6848 = VERTEX_POINT ( 'NONE', #4362 ) ;
#6849 = ADVANCED_FACE ( 'NONE', ( #6723 ), #9856, .T. ) ;
#6850 = TOROIDAL_SURFACE ( 'NONE', #569, 0.5000000000000000000, 0.5000000000000000000 ) ;
#6851 = COLOUR_RGB ( '',0.2509803921568627416, 0.2509803921568627416, 0.2509803921568627416 ) ;
#6852 = VECTOR ( 'NONE', #8214, 1000.000000000000114 ) ;
#6853 = FILL_AREA_STYLE ('',( #9161 ) ) ;
#6854 =( LENGTH_UNIT ( ) NAMED_UNIT ( * ) SI_UNIT ( .MILLI., .METRE. ) );
#6855 = VECTOR ( 'NONE', #10029, 1000.000000000000000 ) ;
#6856 = SURFACE_STYLE_FILL_AREA ( #5403 ) ;
#6857 = ADVANCED_FACE ( 'NONE', ( #2608 ), #1706, .T. ) ;
#6858 =( LENGTH_UNIT ( ) NAMED_UNIT ( * ) SI_UNIT ( .MILLI., .METRE. ) );
#6859 = DIRECTION ( 'NONE',  ( 0.000000000000000000, 0.000000000000000000, 1.000000000000000000 ) ) ;
#6860 = CARTESIAN_POINT ( 'NONE',  ( -12.75000000000016342, 15.49999999999897504, 46.40000000000000568 ) ) ;
#6861 = FILL_AREA_STYLE_COLOUR ( '', #1160 ) ;
#6862 = LINE ( 'NONE', #2102, #7091 ) ;
#6863 =( LENGTH_UNIT ( ) NAMED_UNIT ( * ) SI_UNIT ( .MILLI., .METRE. ) );
#6864 = VERTEX_POINT ( 'NONE', #4059 ) ;
#6865 = SURFACE_STYLE_USAGE ( .BOTH. , #6969 ) ;
#6866 = FACE_OUTER_BOUND ( 'NONE', #7244, .T. ) ;
#6867 = VERTEX_POINT ( 'NONE', #10199 ) ;
#6868 = DIRECTION ( 'NONE',  ( -1.000000000000000000, -0.000000000000000000, -0.000000000000000000 ) ) ;
#6869 = ORIENTED_EDGE ( 'NONE', *, *, #8718, .T. ) ;
#6870 = ADVANCED_FACE ( 'NONE', ( #7252 ), #3236, .F. ) ;
#6871 = FACE_OUTER_BOUND ( 'NONE', #5572, .T. ) ;
#6872 = DIRECTION ( 'NONE',  ( -0.9486832980505138790, -0.3162277660168376636, -0.000000000000000000 ) ) ;
#6873 = FILL_AREA_STYLE_COLOUR ( '', #7028 ) ;
#6874 =( NAMED_UNIT ( * ) PLANE_ANGLE_UNIT ( ) SI_UNIT ( $, .RADIAN. ) );
#6875 = EDGE_LOOP ( 'NONE', ( #291, #956 ) ) ;
#6876 = PRESENTATION_STYLE_ASSIGNMENT (( #5280 ) ) ;
#6877 = EDGE_LOOP ( 'NONE', ( #9941, #2524, #8629, #5150, #5673, #5884 ) ) ;
#6878 = CARTESIAN_POINT ( 'NONE',  ( 28.45727336512964101, 6.819773480208530358, 38.39983341605690725 ) ) ;
#6879 = CARTESIAN_POINT ( 'NONE',  ( 27.65000000000000213, -8.337722339831627139, 42.49999999999999289 ) ) ;
#6880 = COLOUR_RGB ( '',0.2509803921568627416, 0.2509803921568627416, 0.2509803921568627416 ) ;
#6881 = CARTESIAN_POINT ( 'NONE',  ( 21.14999999999999858, 21.14999999999999858, 0.000000000000000000 ) ) ;
#6882 = UNCERTAINTY_MEASURE_WITH_UNIT (LENGTH_MEASURE( 1.000000000000000082E-05 ), #4788, 'distance_accuracy_value', 'NONE');
#6883 = EDGE_CURVE ( 'NONE', #3504, #1713, #1657, .T. ) ;
#6884 = CYLINDRICAL_SURFACE ( 'NONE', #7259, 0.5000000000000004441 ) ;
#6885 = SURFACE_SIDE_STYLE ('',( #466 ) ) ;
#6886 = LINE ( 'NONE', #1210, #3010 ) ;
#6887 = ORIENTED_EDGE ( 'NONE', *, *, #9070, .T. ) ;
#6888 = CARTESIAN_POINT ( 'NONE',  ( -13.32957238623954765, -21.15000000000000568, 39.00000000000000000 ) ) ;
#6889 = SURFACE_STYLE_USAGE ( .BOTH. , #2245 ) ;
#6890 = CARTESIAN_POINT ( 'NONE',  ( 25.05811388300841358, 9.779240779943870976, 42.49999999999999289 ) ) ;
#6891 = SURFACE_STYLE_FILL_AREA ( #5353 ) ;
#6892 = EDGE_CURVE ( 'NONE', #2589, #5622, #3180, .T. ) ;
#6893 =( LENGTH_UNIT ( ) NAMED_UNIT ( * ) SI_UNIT ( .MILLI., .METRE. ) );
#6894 =( NAMED_UNIT ( * ) SI_UNIT ( $, .STERADIAN. ) SOLID_ANGLE_UNIT ( ) );
#6895 = STYLED_ITEM ( 'NONE', ( #9637 ), #3543 ) ;
#6896 = UNCERTAINTY_MEASURE_WITH_UNIT (LENGTH_MEASURE( 1.000000000000000082E-05 ), #4864, 'distance_accuracy_value', 'NONE');
#6897 = SURFACE_STYLE_FILL_AREA ( #8582 ) ;
#6898 = ORIENTED_EDGE ( 'NONE', *, *, #2776, .F. ) ;
#6899 = LINE ( 'NONE', #7637, #4759 ) ;
#6900 =( BOUNDED_SURFACE ( )  B_SPLINE_SURFACE ( 3, 2, ( 
 ( #5447, #9464, #6207 ),
 ( #4, #8673, #1567 ),
 ( #4723, #9357, #7890 ),
 ( #790, #3796, #4618 ) ),
 .UNSPECIFIED., .F., .F., .T. ) 
 B_SPLINE_SURFACE_WITH_KNOTS ( ( 4, 4 ),
 ( 3, 3 ),
 ( 4.712388980384689674, 5.034139534781330028 ),
 ( 0.000000000000000000, 1.000000000000000000 ),
 .UNSPECIFIED. ) 
 GEOMETRIC_REPRESENTATION_ITEM ( )  RATIONAL_B_SPLINE_SURFACE ( (
 ( 1.000000000000000000, 0.7071067811865425767, 1.000000000000000000),
 ( 1.000000000000000000, 0.7190998675408947216, 1.000000000000000000),
 ( 1.000000000000000000, 0.7307758147742020594, 1.000000000000000000),
 ( 1.000000000000000000, 0.7416198487095648773, 1.000000000000000000) ) ) 
 REPRESENTATION_ITEM ( '' )  SURFACE ( )  );
#6901 = PRESENTATION_LAYER_ASSIGNMENT (  '', '', ( #5575 ) ) ;
#6902 = PLANE ( 'NONE',  #7563 ) ;
#6903 = EDGE_CURVE ( 'NONE', #8194, #3832, #2293, .T. ) ;
#6904 = CARTESIAN_POINT ( 'NONE',  ( -15.00000000000016342, 14.99999999999897504, 45.39999999999999858 ) ) ;
#6905 = DIRECTION ( 'NONE',  ( 0.000000000000000000, 0.000000000000000000, -1.000000000000000000 ) ) ;
#6906 = PRESENTATION_LAYER_ASSIGNMENT (  '', '', ( #4427 ) ) ;
#6907 = DIRECTION ( 'NONE',  ( 0.000000000000000000, 0.000000000000000000, -1.000000000000000000 ) ) ;
#6908 = FILL_AREA_STYLE ('',( #9213 ) ) ;
#6909 = DIRECTION ( 'NONE',  ( 0.000000000000000000, -1.000000000000000000, 0.000000000000000000 ) ) ;
#6910 = FACE_OUTER_BOUND ( 'NONE', #7882, .T. ) ;
#6911 = MECHANICAL_DESIGN_GEOMETRIC_PRESENTATION_REPRESENTATION (  '', ( #1461 ), #7927 ) ;
#6912 = CARTESIAN_POINT ( 'NONE',  ( -21.14999999999999503, -13.32957238623956364, 39.00000000000000000 ) ) ;
#6913 = PRESENTATION_LAYER_ASSIGNMENT (  '', '', ( #5438 ) ) ;
#6914 =( NAMED_UNIT ( * ) PLANE_ANGLE_UNIT ( ) SI_UNIT ( $, .RADIAN. ) );
#6915 = ORIENTED_EDGE ( 'NONE', *, *, #5978, .F. ) ;
#6916 = CIRCLE ( 'NONE', #7931, 25.00000000000000000 ) ;
#6917 =( LENGTH_UNIT ( ) NAMED_UNIT ( * ) SI_UNIT ( .MILLI., .METRE. ) );
#6918 = SURFACE_SIDE_STYLE ('',( #2013 ) ) ;
#6919 = EDGE_CURVE ( 'NONE', #5486, #2735, #6401, .T. ) ;
#6920 = VERTEX_POINT ( 'NONE', #9552 ) ;
#6921 = CARTESIAN_POINT ( 'NONE',  ( 25.04108258044395541, 11.23269720503879476, 42.49999999999999289 ) ) ;
#6922 = AXIS2_PLACEMENT_3D ( 'NONE', #8346, #5169, #7401 ) ;
#6923 = PRESENTATION_LAYER_ASSIGNMENT (  '', '', ( #8756 ) ) ;
#6924 = ORIENTED_EDGE ( 'NONE', *, *, #5231, .F. ) ;
#6925 = CARTESIAN_POINT ( 'NONE',  ( 21.14999999999999858, 13.32957238623956009, 98.84951795962938093 ) ) ;
#6926 = DIRECTION ( 'NONE',  ( -0.9486832980505137680, -0.3162277660168381077, -0.000000000000000000 ) ) ;
#6927 = DIRECTION ( 'NONE',  ( -1.000000000000000000, -0.000000000000000000, -0.000000000000000000 ) ) ;
#6928 = CYLINDRICAL_SURFACE ( 'NONE', #2225, 25.00000000000000000 ) ;
#6929 = ORIENTED_EDGE ( 'NONE', *, *, #8138, .F. ) ;
#6930 = EDGE_CURVE ( 'NONE', #140, #2548, #6650, .T. ) ;
#6931 = ORIENTED_EDGE ( 'NONE', *, *, #1247, .T. ) ;
#6932 = PRESENTATION_STYLE_ASSIGNMENT (( #8713 ) ) ;
#6933 = ORIENTED_EDGE ( 'NONE', *, *, #9259, .T. ) ;
#6934 = DIRECTION ( 'NONE',  ( 1.000000000000000000, 0.000000000000000000, 0.000000000000000000 ) ) ;
#6935 = CARTESIAN_POINT ( 'NONE',  ( 28.21546164077672358, 7.020106648061915422, 38.50000000000000000 ) ) ;
#6936 = FACE_OUTER_BOUND ( 'NONE', #7753, .T. ) ;
#6937 = CARTESIAN_POINT ( 'NONE',  ( 24.55811388300841358, 11.17024909563579627, 39.00000000000000000 ) ) ;
#6938 = CARTESIAN_POINT ( 'NONE',  ( 27.96622776601683569, 10.72792407799438585, 43.00000000000000000 ) ) ;
#6939 =( GEOMETRIC_REPRESENTATION_CONTEXT ( 3 ) GLOBAL_UNCERTAINTY_ASSIGNED_CONTEXT ( ( #684 ) ) GLOBAL_UNIT_ASSIGNED_CONTEXT ( ( #8496, #3121, #2337 ) ) REPRESENTATION_CONTEXT ( 'NONE', 'WORKASPACE' ) );
#6940 = DIRECTION ( 'NONE',  ( -0.000000000000000000, -0.000000000000000000, 1.000000000000000000 ) ) ;
#6941 = VECTOR ( 'NONE', #3364, 1000.000000000000000 ) ;
#6942 = EDGE_CURVE ( 'NONE', #5982, #6606, #8822, .T. ) ;
#6943 = MECHANICAL_DESIGN_GEOMETRIC_PRESENTATION_REPRESENTATION (  '', ( #5948 ), #1498 ) ;
#6944 = VECTOR ( 'NONE', #5285, 1000.000000000000000 ) ;
#6945 = DIRECTION ( 'NONE',  ( 0.000000000000000000, -1.000000000000000000, 0.000000000000000000 ) ) ;
#6946 = ORIENTED_EDGE ( 'NONE', *, *, #8332, .T. ) ;
#6947 = VECTOR ( 'NONE', #1162, 1000.000000000000000 ) ;
#6948 = EDGE_CURVE ( 'NONE', #6342, #2329, #8288, .T. ) ;
#6949 =( LENGTH_UNIT ( ) NAMED_UNIT ( * ) SI_UNIT ( .MILLI., .METRE. ) );
#6950 = DIRECTION ( 'NONE',  ( 0.000000000000000000, 1.000000000000000000, 0.000000000000000000 ) ) ;
#6951 = AXIS2_PLACEMENT_3D ( 'NONE', #9541, #2500, #3993 ) ;
#6952 = DIRECTION ( 'NONE',  ( -1.000000000000000000, -0.000000000000000000, -0.000000000000000000 ) ) ;
#6953 = CARTESIAN_POINT ( 'NONE',  ( 28.64999999999999858, -1.698780669118019615, 40.49999999999995737 ) ) ;
#6954 = SURFACE_STYLE_FILL_AREA ( #3928 ) ;
#6955 = AXIS2_PLACEMENT_3D ( 'NONE', #4449, #7614, #6038 ) ;
#6956 = ORIENTED_EDGE ( 'NONE', *, *, #2196, .T. ) ;
#6957 = CYLINDRICAL_SURFACE ( 'NONE', #7074, 0.4999999999999997780 ) ;
#6958 = UNCERTAINTY_MEASURE_WITH_UNIT (LENGTH_MEASURE( 1.000000000000000082E-05 ), #3841, 'distance_accuracy_value', 'NONE');
#6959 = EDGE_CURVE ( 'NONE', #7768, #2778, #6141, .T. ) ;
#6960 = FILL_AREA_STYLE ('',( #5252 ) ) ;
#6961 = CARTESIAN_POINT ( 'NONE',  ( 24.55811388300841713, -11.55560879136609387, 42.08422106268078977 ) ) ;
#6962 = FILL_AREA_STYLE ('',( #759 ) ) ;
#6963 = SURFACE_STYLE_FILL_AREA ( #6908 ) ;
#6964 = CARTESIAN_POINT ( 'NONE',  ( -1.387719793734910390, 2.000000000000000000, -23.56571032415539690 ) ) ;
#6965 = CARTESIAN_POINT ( 'NONE',  ( -4.270088556250335419E-14, -15.00000000000098410, 45.39999999999999858 ) ) ;
#6966 = ORIENTED_EDGE ( 'NONE', *, *, #831, .F. ) ;
#6967 = DIRECTION ( 'NONE',  ( 1.000000000000000000, 0.000000000000000000, 0.000000000000000000 ) ) ;
#6968 = ORIENTED_EDGE ( 'NONE', *, *, #2407, .F. ) ;
#6969 = SURFACE_SIDE_STYLE ('',( #7701 ) ) ;
#6970 = DIRECTION ( 'NONE',  ( 1.000000000000000000, 8.202002250481357549E-17, 0.000000000000000000 ) ) ;
#6971 = ORIENTED_EDGE ( 'NONE', *, *, #435, .F. ) ;
#6972 = STYLED_ITEM ( 'NONE', ( #1104 ), #5067 ) ;
#6973 = ORIENTED_EDGE ( 'NONE', *, *, #2893, .T. ) ;
#6974 = CARTESIAN_POINT ( 'NONE',  ( 16.74999999999983302, 15.50000000000015987, 0.000000000000000000 ) ) ;
#6975 = CARTESIAN_POINT ( 'NONE',  ( -13.32957238623954765, -21.15000000000000568, 98.84951795962938093 ) ) ;
#6976 = CARTESIAN_POINT ( 'NONE',  ( 0.000000000000000000, 0.000000000000000000, -23.50000000000000711 ) ) ;
#6977 = SURFACE_STYLE_USAGE ( .BOTH. , #668 ) ;
#6978 = VERTEX_POINT ( 'NONE', #1130 ) ;
#6979 = ORIENTED_EDGE ( 'NONE', *, *, #7549, .F. ) ;
#6980 = CARTESIAN_POINT ( 'NONE',  ( -21.14999999999997726, 13.32957238623959029, 8.000000000000000000 ) ) ;
#6981 = ORIENTED_EDGE ( 'NONE', *, *, #5962, .T. ) ;
#6982 = CARTESIAN_POINT ( 'NONE',  ( 28.15470225766928891, 6.536588918950582361, 42.48351772914445945 ) ) ;
#6983 =( GEOMETRIC_REPRESENTATION_CONTEXT ( 3 ) GLOBAL_UNCERTAINTY_ASSIGNED_CONTEXT ( ( #4830 ) ) GLOBAL_UNIT_ASSIGNED_CONTEXT ( ( #1977, #2779, #221 ) ) REPRESENTATION_CONTEXT ( 'NONE', 'WORKASPACE' ) );
#6984 =( GEOMETRIC_REPRESENTATION_CONTEXT ( 3 ) GLOBAL_UNCERTAINTY_ASSIGNED_CONTEXT ( ( #1367 ) ) GLOBAL_UNIT_ASSIGNED_CONTEXT ( ( #2029, #1250, #5141 ) ) REPRESENTATION_CONTEXT ( 'NONE', 'WORKASPACE' ) );
#6985 = FILL_AREA_STYLE_COLOUR ( '', #3202 ) ;
#6986 = VECTOR ( 'NONE', #7644, 1000.000000000000114 ) ;
#6987 =( LENGTH_UNIT ( ) NAMED_UNIT ( * ) SI_UNIT ( .MILLI., .METRE. ) );
#6988 = DIRECTION ( 'NONE',  ( 0.000000000000000000, 0.000000000000000000, -1.000000000000000000 ) ) ;
#6989 = EDGE_CURVE ( 'NONE', #1909, #8742, #5349, .T. ) ;
#6990 = CARTESIAN_POINT ( 'NONE',  ( 27.64999999999999858, 6.520106648094790458, 42.49999999999999289 ) ) ;
#6991 = COLOUR_RGB ( '',0.2509803921568627416, 0.2509803921568627416, 0.2509803921568627416 ) ;
#6992 = CARTESIAN_POINT ( 'NONE',  ( 0.000000000000000000, 0.000000000000000000, 39.00000000000000000 ) ) ;
#6993 = UNCERTAINTY_MEASURE_WITH_UNIT (LENGTH_MEASURE( 1.000000000000000082E-05 ), #3557, 'distance_accuracy_value', 'NONE');
#6994 = AXIS2_PLACEMENT_3D ( 'NONE', #432, #6752, #336 ) ;
#6995 = MECHANICAL_DESIGN_GEOMETRIC_PRESENTATION_REPRESENTATION (  '', ( #4048 ), #8833 ) ;
#6996 = CARTESIAN_POINT ( 'NONE',  ( 31.00000000000000000, 13.69999999999897611, 46.39999999999999858 ) ) ;
#6997 = SURFACE_STYLE_USAGE ( .BOTH. , #6417 ) ;
#6998 = EDGE_LOOP ( 'NONE', ( #5383, #4807, #3778, #2522 ) ) ;
#6999 = SURFACE_STYLE_FILL_AREA ( #4520 ) ;
#7000 = SURFACE_STYLE_FILL_AREA ( #3560 ) ;
#7001 = LINE ( 'NONE', #3863, #7268 ) ;
#7002 = AXIS2_PLACEMENT_3D ( 'NONE', #4874, #9457, #6461 ) ;
#7003 = SURFACE_SIDE_STYLE ('',( #9314 ) ) ;
#7004 = EDGE_CURVE ( 'NONE', #8564, #4569, #6600, .T. ) ;
#7005 = LINE ( 'NONE', #5246, #2614 ) ;
#7006 = SURFACE_STYLE_FILL_AREA ( #8683 ) ;
#7007 = ORIENTED_EDGE ( 'NONE', *, *, #6369, .T. ) ;
#7008 = CYLINDRICAL_SURFACE ( 'NONE', #2114, 0.4999999999999995004 ) ;
#7009 = ADVANCED_FACE ( 'NONE', ( #2710 ), #4293, .T. ) ;
#7010 = MECHANICAL_DESIGN_GEOMETRIC_PRESENTATION_REPRESENTATION (  '', ( #9307 ), #5362 ) ;
#7011 = DIRECTION ( 'NONE',  ( -0.000000000000000000, -0.000000000000000000, -1.000000000000000000 ) ) ;
#7012 = STYLED_ITEM ( 'NONE', ( #4862 ), #5437 ) ;
#7013 =( NAMED_UNIT ( * ) SI_UNIT ( $, .STERADIAN. ) SOLID_ANGLE_UNIT ( ) );
#7014 = LINE ( 'NONE', #7856, #1878 ) ;
#7015 = PRESENTATION_LAYER_ASSIGNMENT (  '', '', ( #6187 ) ) ;
#7016 =( NAMED_UNIT ( * ) PLANE_ANGLE_UNIT ( ) SI_UNIT ( $, .RADIAN. ) );
#7017 = VECTOR ( 'NONE', #9691, 1000.000000000000000 ) ;
#7018 = PRESENTATION_LAYER_ASSIGNMENT (  '', '', ( #7680 ) ) ;
#7019 =( NAMED_UNIT ( * ) PLANE_ANGLE_UNIT ( ) SI_UNIT ( $, .RADIAN. ) );
#7020 =( GEOMETRIC_REPRESENTATION_CONTEXT ( 3 ) GLOBAL_UNCERTAINTY_ASSIGNED_CONTEXT ( ( #9465 ) ) GLOBAL_UNIT_ASSIGNED_CONTEXT ( ( #8259, #8308, #457 ) ) REPRESENTATION_CONTEXT ( 'NONE', 'WORKASPACE' ) );
#7021 = EDGE_LOOP ( 'NONE', ( #4044, #7457, #2338, #2609, #5615, #6305, #490, #2229 ) ) ;
#7022 = FACE_OUTER_BOUND ( 'NONE', #138, .T. ) ;
#7023 = CARTESIAN_POINT ( 'NONE',  ( 28.64999999999999858, 1.698780669118024500, 40.49999999999999289 ) ) ;
#7024 = ORIENTED_EDGE ( 'NONE', *, *, #2378, .F. ) ;
#7025 = DIRECTION ( 'NONE',  ( -0.7071067811865411334, 8.659560562354853972E-17, 0.7071067811865539010 ) ) ;
#7026 = EDGE_CURVE ( 'NONE', #2566, #8714, #9885, .T. ) ;
#7027 = CARTESIAN_POINT ( 'NONE',  ( 16.74999999999983302, 15.50000000000015987, -2.266821225221747863E-17 ) ) ;
#7028 = COLOUR_RGB ( '',0.2509803921568627416, 0.2509803921568627416, 0.2509803921568627416 ) ;
#7029 = EDGE_LOOP ( 'NONE', ( #5653, #7552, #8658, #545 ) ) ;
#7030 = DIRECTION ( 'NONE',  ( -1.000000000000000000, 0.000000000000000000, 0.000000000000000000 ) ) ;
#7031 = ORIENTED_EDGE ( 'NONE', *, *, #5712, .F. ) ;
#7032 = LINE ( 'NONE', #4906, #4223 ) ;
#7033 = DIRECTION ( 'NONE',  ( -4.101001125240678281E-16, -1.000000000000000000, 0.000000000000000000 ) ) ;
#7034 = CARTESIAN_POINT ( 'NONE',  ( 0.000000000000000000, 0.000000000000000000, 39.00000000000000000 ) ) ;
#7035 = CARTESIAN_POINT ( 'NONE',  ( 48.64999999999999858, 1.698780669118024500, 41.70121933088196897 ) ) ;
#7036 = FILL_AREA_STYLE_COLOUR ( '', #8688 ) ;
#7037 = DIRECTION ( 'NONE',  ( -1.000000000000000000, -0.000000000000000000, -0.000000000000000000 ) ) ;
#7038 = CARTESIAN_POINT ( 'NONE',  ( -1.500000000000000222, 2.000000000000000000, 1.000000000000000000 ) ) ;
#7039 = ORIENTED_EDGE ( 'NONE', *, *, #5512, .F. ) ;
#7040 = CLOSED_SHELL ( 'NONE', ( #3996, #8917, #5804, #4341 ) ) ;
#7041 = ORIENTED_EDGE ( 'NONE', *, *, #2514, .F. ) ;
#7042 =( LENGTH_UNIT ( ) NAMED_UNIT ( * ) SI_UNIT ( .MILLI., .METRE. ) );
#7043 = ORIENTED_EDGE ( 'NONE', *, *, #2547, .F. ) ;
#7044 = CARTESIAN_POINT ( 'NONE',  ( 28.54983341605690228, 6.327380013224434663, 42.38545326974070804 ) ) ;
#7045 = CARTESIAN_POINT ( 'NONE',  ( 28.15470225766928891, 6.536588918950582361, 38.51648227085554055 ) ) ;
#7046 = ADVANCED_FACE ( 'NONE', ( #7447 ), #2859, .T. ) ;
#7047 = DIRECTION ( 'NONE',  ( -0.000000000000000000, -0.000000000000000000, 1.000000000000000000 ) ) ;
#7048 = CARTESIAN_POINT ( 'NONE',  ( 28.64999999999999858, -6.020106648094795787, 43.00000000000000000 ) ) ;
#7049 = SURFACE_STYLE_FILL_AREA ( #3476 ) ;
#7050 = VECTOR ( 'NONE', #4469, 1000.000000000000000 ) ;
#7051 =( LENGTH_UNIT ( ) NAMED_UNIT ( * ) SI_UNIT ( .MILLI., .METRE. ) );
#7052 = EDGE_CURVE ( 'NONE', #6864, #10194, #1720, .T. ) ;
#7053 = ORIENTED_EDGE ( 'NONE', *, *, #6699, .T. ) ;
#7054 = CYLINDRICAL_SURFACE ( 'NONE', #3213, 1.249999999999997558 ) ;
#7055 = MECHANICAL_DESIGN_GEOMETRIC_PRESENTATION_REPRESENTATION (  '', ( #2946 ), #5234 ) ;
#7056 = FILL_AREA_STYLE ('',( #1413 ) ) ;
#7057 = DIRECTION ( 'NONE',  ( 0.000000000000000000, 0.000000000000000000, -1.000000000000000000 ) ) ;
#7058 = FILL_AREA_STYLE_COLOUR ( '', #9762 ) ;
#7059 = SURFACE_STYLE_USAGE ( .BOTH. , #2142 ) ;
#7060 = ORIENTED_EDGE ( 'NONE', *, *, #1714, .F. ) ;
#7061 = FILL_AREA_STYLE ('',( #5399 ) ) ;
#7062 = UNCERTAINTY_MEASURE_WITH_UNIT (LENGTH_MEASURE( 1.000000000000000082E-05 ), #6160, 'distance_accuracy_value', 'NONE');
#7063 = EDGE_CURVE ( 'NONE', #9033, #1752, #8549, .T. ) ;
#7064 = PRESENTATION_LAYER_ASSIGNMENT (  '', '', ( #3451 ) ) ;
#7065 = FACE_OUTER_BOUND ( 'NONE', #6124, .T. ) ;
#7066 = DIRECTION ( 'NONE',  ( 0.000000000000000000, 0.000000000000000000, -1.000000000000000000 ) ) ;
#7067 = SURFACE_STYLE_USAGE ( .BOTH. , #10063 ) ;
#7068 = EDGE_LOOP ( 'NONE', ( #6082, #5496, #391, #9338 ) ) ;
#7069 = PRESENTATION_LAYER_ASSIGNMENT (  '', '', ( #121 ) ) ;
#7070 = DIRECTION ( 'NONE',  ( -1.000000000000000000, 0.000000000000000000, 0.000000000000000000 ) ) ;
#7071 = CARTESIAN_POINT ( 'NONE',  ( 24.55811388300841358, 10.80986948560773619, 42.49999999999999289 ) ) ;
#7072 = FACE_OUTER_BOUND ( 'NONE', #8906, .T. ) ;
#7073 = ORIENTED_EDGE ( 'NONE', *, *, #9163, .T. ) ;
#7074 = AXIS2_PLACEMENT_3D ( 'NONE', #4737, #7118, #70 ) ;
#7075 = LINE ( 'NONE', #4854, #5257 ) ;
#7076 = ORIENTED_EDGE ( 'NONE', *, *, #9017, .F. ) ;
#7077 =( GEOMETRIC_REPRESENTATION_CONTEXT ( 3 ) GLOBAL_UNCERTAINTY_ASSIGNED_CONTEXT ( ( #6330 ) ) GLOBAL_UNIT_ASSIGNED_CONTEXT ( ( #6294, #6122, #9390 ) ) REPRESENTATION_CONTEXT ( 'NONE', 'WORKASPACE' ) );
#7078 = EDGE_LOOP ( 'NONE', ( #7219, #4169, #4744, #5346 ) ) ;
#7079 = AXIS2_PLACEMENT_3D ( 'NONE', #4901, #7385, #8280 ) ;
#7080 = DIRECTION ( 'NONE',  ( -0.000000000000000000, -0.000000000000000000, -1.000000000000000000 ) ) ;
#7081 = AXIS2_PLACEMENT_3D ( 'NONE', #5959, #5754, #1983 ) ;
#7082 = ADVANCED_FACE ( 'NONE', ( #9969 ), #5262, .F. ) ;
#7083 = CARTESIAN_POINT ( 'NONE',  ( 28.14999999999999858, -7.020106648094795787, 42.49999999999999289 ) ) ;
#7084 = PLANE ( 'NONE',  #6088 ) ;
#7085 = DIRECTION ( 'NONE',  ( 0.000000000000000000, 0.000000000000000000, -1.000000000000000000 ) ) ;
#7086 = VECTOR ( 'NONE', #5139, 1000.000000000000000 ) ;
#7087 = DIRECTION ( 'NONE',  ( 0.000000000000000000, 0.000000000000000000, -1.000000000000000000 ) ) ;
#7088 = DIRECTION ( 'NONE',  ( -0.000000000000000000, -0.000000000000000000, -1.000000000000000000 ) ) ;
#7089 = EDGE_LOOP ( 'NONE', ( #6407, #5134, #5460, #3751 ) ) ;
#7090 = AXIS2_PLACEMENT_3D ( 'NONE', #3564, #8117, #3366 ) ;
#7091 = VECTOR ( 'NONE', #10066, 1000.000000000000000 ) ;
#7092 = VERTEX_POINT ( 'NONE', #7802 ) ;
#7093 = CARTESIAN_POINT ( 'NONE',  ( 17.14999999999998437, -21.15000000000000213, 10.00000000000000000 ) ) ;
#7094 = VERTEX_POINT ( 'NONE', #8486 ) ;
#7095 = CARTESIAN_POINT ( 'NONE',  ( 28.40180948139497019, 6.456999845913055758, 42.12621360436324380 ) ) ;
#7096 = PRESENTATION_STYLE_ASSIGNMENT (( #4018 ) ) ;
#7097 = FACE_OUTER_BOUND ( 'NONE', #10057, .T. ) ;
#7098 = PRESENTATION_LAYER_ASSIGNMENT (  '', '', ( #4138 ) ) ;
#7099 =( GEOMETRIC_REPRESENTATION_CONTEXT ( 3 ) GLOBAL_UNCERTAINTY_ASSIGNED_CONTEXT ( ( #3267 ) ) GLOBAL_UNIT_ASSIGNED_CONTEXT ( ( #3854, #10151, #6311 ) ) REPRESENTATION_CONTEXT ( 'NONE', 'WORKASPACE' ) );
#7100 = CARTESIAN_POINT ( 'NONE',  ( 27.65000000000000213, 9.779240779943872752, 42.49999999999999289 ) ) ;
#7101 = SURFACE_STYLE_FILL_AREA ( #2237 ) ;
#7102 = UNCERTAINTY_MEASURE_WITH_UNIT (LENGTH_MEASURE( 1.000000000000000082E-05 ), #5566, 'distance_accuracy_value', 'NONE');
#7103 = SURFACE_STYLE_FILL_AREA ( #3968 ) ;
#7104 = VECTOR ( 'NONE', #5376, 1000.000000000000000 ) ;
#7105 = ORIENTED_EDGE ( 'NONE', *, *, #6800, .F. ) ;
#7106 = SURFACE_STYLE_FILL_AREA ( #2430 ) ;
#7107 = UNCERTAINTY_MEASURE_WITH_UNIT (LENGTH_MEASURE( 1.000000000000000082E-05 ), #9460, 'distance_accuracy_value', 'NONE');
#7108 = DIRECTION ( 'NONE',  ( 8.202002250481356316E-17, -1.000000000000000000, 0.000000000000000000 ) ) ;
#7109 = CARTESIAN_POINT ( 'NONE',  ( 4.270088556250320273E-14, -15.00000000000106759, 45.39999999999999858 ) ) ;
#7110 =( NAMED_UNIT ( * ) PLANE_ANGLE_UNIT ( ) SI_UNIT ( $, .RADIAN. ) );
#7111 = CARTESIAN_POINT ( 'NONE',  ( 28.40180948139486006, -6.893893043731425863, 38.43689319781830704 ) ) ;
#7112 = LINE ( 'NONE', #7169, #5038 ) ;
#7113 = UNCERTAINTY_MEASURE_WITH_UNIT (LENGTH_MEASURE( 1.000000000000000082E-05 ), #3307, 'distance_accuracy_value', 'NONE');
#7114 = VECTOR ( 'NONE', #1446, 1000.000000000000000 ) ;
#7115 = VECTOR ( 'NONE', #1402, 1000.000000000000000 ) ;
#7116 = SURFACE_SIDE_STYLE ('',( #4938 ) ) ;
#7117 = ORIENTED_EDGE ( 'NONE', *, *, #10188, .T. ) ;
#7118 = DIRECTION ( 'NONE',  ( -0.9486832980505137680, 0.3162277660168379967, 0.000000000000000000 ) ) ;
#7119 = VECTOR ( 'NONE', #9835, 1000.000000000000000 ) ;
#7120 = ADVANCED_FACE ( 'NONE', ( #7022 ), #4542, .F. ) ;
#7121 = CIRCLE ( 'NONE', #6774, 0.5000000000000004441 ) ;
#7122 = VERTEX_POINT ( 'NONE', #9928 ) ;
#7123 = FACE_OUTER_BOUND ( 'NONE', #34, .T. ) ;
#7124 = DIRECTION ( 'NONE',  ( -1.000000000000000000, 0.000000000000000000, -0.000000000000000000 ) ) ;
#7125 = STYLED_ITEM ( 'NONE', ( #9468 ), #4117 ) ;
#7126 = LINE ( 'NONE', #25, #3465 ) ;
#7127 = FILL_AREA_STYLE ('',( #8118 ) ) ;
#7128 = EDGE_LOOP ( 'NONE', ( #947, #5131, #404, #3813 ) ) ;
#7129 = ADVANCED_FACE ( 'NONE', ( #5366 ), #1431, .T. ) ;
#7130 = DIRECTION ( 'NONE',  ( 1.000000000000000000, 0.000000000000000000, 0.000000000000000000 ) ) ;
#7131 = DIRECTION ( 'NONE',  ( -1.000000000000000000, -5.337610695313264006E-15, 0.000000000000000000 ) ) ;
#7132 =( LENGTH_UNIT ( ) NAMED_UNIT ( * ) SI_UNIT ( .MILLI., .METRE. ) );
#7133 = ORIENTED_EDGE ( 'NONE', *, *, #2837, .F. ) ;
#7134 = CARTESIAN_POINT ( 'NONE',  ( 1.500000000000000222, 2.000000000000000000, -23.50000000000000711 ) ) ;
#7135 = MECHANICAL_DESIGN_GEOMETRIC_PRESENTATION_REPRESENTATION (  '', ( #1337 ), #7978 ) ;
#7136 = SURFACE_SIDE_STYLE ('',( #4748 ) ) ;
#7137 = ORIENTED_EDGE ( 'NONE', *, *, #9430, .T. ) ;
#7138 = ORIENTED_EDGE ( 'NONE', *, *, #5923, .F. ) ;
#7139 = SURFACE_STYLE_USAGE ( .BOTH. , #9393 ) ;
#7140 = FILL_AREA_STYLE ('',( #5568 ) ) ;
#7141 =( NAMED_UNIT ( * ) PLANE_ANGLE_UNIT ( ) SI_UNIT ( $, .RADIAN. ) );
#7142 = SURFACE_STYLE_USAGE ( .BOTH. , #8807 ) ;
#7143 = ADVANCED_FACE ( 'NONE', ( #4693 ), #821, .F. ) ;
#7144 =( NAMED_UNIT ( * ) PLANE_ANGLE_UNIT ( ) SI_UNIT ( $, .RADIAN. ) );
#7145 =( NAMED_UNIT ( * ) SI_UNIT ( $, .STERADIAN. ) SOLID_ANGLE_UNIT ( ) );
#7146 = CARTESIAN_POINT ( 'NONE',  ( 0.000000000000000000, 0.000000000000000000, 0.5000000000000000000 ) ) ;
#7147 = ORIENTED_EDGE ( 'NONE', *, *, #2554, .F. ) ;
#7148 = STYLED_ITEM ( 'NONE', ( #3744 ), #5119 ) ;
#7149 = EDGE_CURVE ( 'NONE', #2823, #1763, #6337, .T. ) ;
#7150 = ORIENTED_EDGE ( 'NONE', *, *, #8311, .F. ) ;
#7151 = LINE ( 'NONE', #2228, #3351 ) ;
#7152 = ORIENTED_EDGE ( 'NONE', *, *, #1111, .T. ) ;
#7153 = STYLED_ITEM ( 'NONE', ( #1677 ), #4711 ) ;
#7154 = SURFACE_STYLE_USAGE ( .BOTH. , #49 ) ;
#7155 = FILL_AREA_STYLE ('',( #7263 ) ) ;
#7156 = DIRECTION ( 'NONE',  ( -0.000000000000000000, -0.000000000000000000, -1.000000000000000000 ) ) ;
#7157 = FILL_AREA_STYLE ('',( #1612 ) ) ;
#7158 = FACE_OUTER_BOUND ( 'NONE', #6707, .T. ) ;
#7159 = FACE_OUTER_BOUND ( 'NONE', #10091, .T. ) ;
#7160 =( GEOMETRIC_REPRESENTATION_CONTEXT ( 3 ) GLOBAL_UNCERTAINTY_ASSIGNED_CONTEXT ( ( #792 ) ) GLOBAL_UNIT_ASSIGNED_CONTEXT ( ( #1509, #7772, #2356 ) ) REPRESENTATION_CONTEXT ( 'NONE', 'WORKASPACE' ) );
#7161 = AXIS2_PLACEMENT_3D ( 'NONE', #1315, #1261, #4375 ) ;
#7162 = CARTESIAN_POINT ( 'NONE',  ( 24.55811388300841713, -11.50358242896913730, 42.05131670194948157 ) ) ;
#7163 = PRESENTATION_LAYER_ASSIGNMENT (  '', '', ( #5334 ) ) ;
#7164 = ORIENTED_EDGE ( 'NONE', *, *, #4804, .F. ) ;
#7165 = PLANE ( 'NONE',  #2880 ) ;
#7166 = CYLINDRICAL_SURFACE ( 'NONE', #4029, 11.00000000000000000 ) ;
#7167 = DIRECTION ( 'NONE',  ( -1.224646799147353207E-16, 1.000000000000000000, 0.000000000000000000 ) ) ;
#7168 = FILL_AREA_STYLE_COLOUR ( '', #6005 ) ;
#7169 = CARTESIAN_POINT ( 'NONE',  ( 15.99999999999984013, -13.70000000000102425, 45.39999999999999858 ) ) ;
#7170 = MECHANICAL_DESIGN_GEOMETRIC_PRESENTATION_REPRESENTATION (  '', ( #5343 ), #8978 ) ;
#7171 = FACE_OUTER_BOUND ( 'NONE', #1021, .T. ) ;
#7172 = ORIENTED_EDGE ( 'NONE', *, *, #10195, .F. ) ;
#7173 = CARTESIAN_POINT ( 'NONE',  ( 31.00000000000000000, -13.70000000000102425, 46.39999999999999858 ) ) ;
#7174 = UNCERTAINTY_MEASURE_WITH_UNIT (LENGTH_MEASURE( 1.000000000000000082E-05 ), #9493, 'distance_accuracy_value', 'NONE');
#7175 = VECTOR ( 'NONE', #2275, 1000.000000000000000 ) ;
#7176 =( NAMED_UNIT ( * ) PLANE_ANGLE_UNIT ( ) SI_UNIT ( $, .RADIAN. ) );
#7177 = VECTOR ( 'NONE', #1084, 1000.000000000000000 ) ;
#7178 = VECTOR ( 'NONE', #4256, 1000.000000000000000 ) ;
#7179 = VECTOR ( 'NONE', #9867, 1000.000000000000000 ) ;
#7180 = ORIENTED_EDGE ( 'NONE', *, *, #6761, .T. ) ;
#7181 = DIRECTION ( 'NONE',  ( 0.000000000000000000, 0.000000000000000000, 1.000000000000000000 ) ) ;
#7182 = CARTESIAN_POINT ( 'NONE',  ( 28.14999999999999858, -6.520106648094795787, 39.00000000000000000 ) ) ;
#7183 = DIRECTION ( 'NONE',  ( 0.000000000000000000, -0.000000000000000000, -1.000000000000000000 ) ) ;
#7184 = ORIENTED_EDGE ( 'NONE', *, *, #10097, .F. ) ;
#7185 = FILL_AREA_STYLE_COLOUR ( '', #384 ) ;
#7186 = DIRECTION ( 'NONE',  ( 0.000000000000000000, -1.000000000000000000, -2.668805347656626185E-16 ) ) ;
#7187 = ORIENTED_EDGE ( 'NONE', *, *, #1416, .F. ) ;
#7188 = AXIS2_PLACEMENT_3D ( 'NONE', #868, #2447, #4043 ) ;
#7189 = STYLED_ITEM ( 'NONE', ( #1653 ), #5375 ) ;
#7190 = MECHANICAL_DESIGN_GEOMETRIC_PRESENTATION_REPRESENTATION (  '', ( #3536 ), #8188 ) ;
#7191 = DIRECTION ( 'NONE',  ( 0.000000000000000000, 0.000000000000000000, 1.000000000000000000 ) ) ;
#7192 = ORIENTED_EDGE ( 'NONE', *, *, #4946, .T. ) ;
#7193 = EDGE_CURVE ( 'NONE', #6120, #5766, #4214, .T. ) ;
#7194 = ORIENTED_EDGE ( 'NONE', *, *, #6026, .F. ) ;
#7195 = PRESENTATION_LAYER_ASSIGNMENT (  '', '', ( #2748 ) ) ;
#7196 = STYLED_ITEM ( 'NONE', ( #2932 ), #7515 ) ;
#7197 = CONICAL_SURFACE ( 'NONE', #4701, 2.750000000000000888, 0.7853981633974461696 ) ;
#7198 = COLOUR_RGB ( '',0.2509803921568627416, 0.2509803921568627416, 0.2509803921568627416 ) ;
#7199 =( GEOMETRIC_REPRESENTATION_CONTEXT ( 3 ) GLOBAL_UNCERTAINTY_ASSIGNED_CONTEXT ( ( #2712 ) ) GLOBAL_UNIT_ASSIGNED_CONTEXT ( ( #1282, #4441, #553 ) ) REPRESENTATION_CONTEXT ( 'NONE', 'WORKASPACE' ) );
#7200 = CARTESIAN_POINT ( 'NONE',  ( -2.799999999999999822, 0.000000000000000000, 0.000000000000000000 ) ) ;
#7201 = FACE_OUTER_BOUND ( 'NONE', #8861, .T. ) ;
#7202 = SURFACE_STYLE_USAGE ( .BOTH. , #4815 ) ;
#7203 = FILL_AREA_STYLE ('',( #2515 ) ) ;
#7204 = CARTESIAN_POINT ( 'NONE',  ( 24.94122574922872815, 11.59883891949458778, 38.40383536529798647 ) ) ;
#7205 = FILL_AREA_STYLE ('',( #3283 ) ) ;
#7206 = ORIENTED_EDGE ( 'NONE', *, *, #4275, .F. ) ;
#7207 = CIRCLE ( 'NONE', #744, 3.349999999999993427 ) ;
#7208 = PRESENTATION_LAYER_ASSIGNMENT (  '', '', ( #1401 ) ) ;
#7209 = PRESENTATION_LAYER_ASSIGNMENT (  '', '', ( #2428 ) ) ;
#7210 = PRESENTATION_LAYER_ASSIGNMENT (  '', '', ( #9952 ) ) ;
#7211 = ORIENTED_EDGE ( 'NONE', *, *, #4412, .F. ) ;
#7212 =( NAMED_UNIT ( * ) SI_UNIT ( $, .STERADIAN. ) SOLID_ANGLE_UNIT ( ) );
#7213 = EDGE_CURVE ( 'NONE', #9334, #817, #5560, .T. ) ;
#7214 = ORIENTED_EDGE ( 'NONE', *, *, #9351, .T. ) ;
#7215 = SURFACE_SIDE_STYLE ('',( #7261 ) ) ;
#7216 = FACE_OUTER_BOUND ( 'NONE', #6138, .T. ) ;
#7217 = DIRECTION ( 'NONE',  ( 0.000000000000000000, 0.000000000000000000, 1.000000000000000000 ) ) ;
#7218 = FACE_BOUND ( 'NONE', #3758, .T. ) ;
#7219 = ORIENTED_EDGE ( 'NONE', *, *, #10022, .F. ) ;
#7220 = UNCERTAINTY_MEASURE_WITH_UNIT (LENGTH_MEASURE( 1.000000000000000082E-05 ), #2781, 'distance_accuracy_value', 'NONE');
#7221 = CARTESIAN_POINT ( 'NONE',  ( 24.31237550419755777, 11.93724077501535952, 42.79184211325463849 ) ) ;
#7222 = EDGE_LOOP ( 'NONE', ( #3542, #2162, #7784, #8232 ) ) ;
#7223 = STYLED_ITEM ( 'NONE', ( #8448 ), #1274 ) ;
#7224 =( NAMED_UNIT ( * ) SI_UNIT ( $, .STERADIAN. ) SOLID_ANGLE_UNIT ( ) );
#7225 = UNCERTAINTY_MEASURE_WITH_UNIT (LENGTH_MEASURE( 1.000000000000000082E-05 ), #5031, 'distance_accuracy_value', 'NONE');
#7226 = DIRECTION ( 'NONE',  ( 0.000000000000000000, 0.000000000000000000, 1.000000000000000000 ) ) ;
#7227 = CARTESIAN_POINT ( 'NONE',  ( 28.54983341605676728, -6.327380013224578548, 38.61454673025983908 ) ) ;
#7228 =( NAMED_UNIT ( * ) SI_UNIT ( $, .STERADIAN. ) SOLID_ANGLE_UNIT ( ) );
#7229 = UNCERTAINTY_MEASURE_WITH_UNIT (LENGTH_MEASURE( 1.000000000000000082E-05 ), #4629, 'distance_accuracy_value', 'NONE');
#7230 = CARTESIAN_POINT ( 'NONE',  ( 28.64999999999999858, 6.020106648094790458, 43.00000000000000000 ) ) ;
#7231 = ORIENTED_EDGE ( 'NONE', *, *, #161, .F. ) ;
#7232 = PRESENTATION_STYLE_ASSIGNMENT (( #10172 ) ) ;
#7233 = ADVANCED_FACE ( 'NONE', ( #8740 ), #4798, .F. ) ;
#7234 = SURFACE_STYLE_FILL_AREA ( #917 ) ;
#7235 = DIRECTION ( 'NONE',  ( -2.668805347656620959E-15, -1.000000000000000000, 0.000000000000000000 ) ) ;
#7236 =( LENGTH_UNIT ( ) NAMED_UNIT ( * ) SI_UNIT ( .MILLI., .METRE. ) );
#7237 = FACE_OUTER_BOUND ( 'NONE', #9084, .T. ) ;
#7238 = CARTESIAN_POINT ( 'NONE',  ( -13.70000000000016094, 15.99999999999897682, 45.39999999999999858 ) ) ;
#7239 = DIRECTION ( 'NONE',  ( 0.000000000000000000, 0.000000000000000000, -1.000000000000000000 ) ) ;
#7240 = SURFACE_SIDE_STYLE ('',( #6537 ) ) ;
#7241 = EDGE_LOOP ( 'NONE', ( #9593, #186 ) ) ;
#7242 = SURFACE_SIDE_STYLE ('',( #9435 ) ) ;
#7243 =( NAMED_UNIT ( * ) SI_UNIT ( $, .STERADIAN. ) SOLID_ANGLE_UNIT ( ) );
#7245 = ADVANCED_FACE ( 'NONE', ( #4729 ), #4571, .T. ) ;
#7244 = EDGE_LOOP ( 'NONE', ( #4106, #9219, #779, #1046 ) ) ;
#7246 = PRESENTATION_STYLE_ASSIGNMENT (( #6690 ) ) ;
#7247 = ORIENTED_EDGE ( 'NONE', *, *, #646, .F. ) ;
#7248 = SURFACE_SIDE_STYLE ('',( #3174 ) ) ;
#7249 = VECTOR ( 'NONE', #543, 1000.000000000000000 ) ;
#7250 = DIRECTION ( 'NONE',  ( 0.000000000000000000, 0.000000000000000000, 1.000000000000000000 ) ) ;
#7251 = FILL_AREA_STYLE_COLOUR ( '', #6757 ) ;
#7252 = FACE_OUTER_BOUND ( 'NONE', #5943, .T. ) ;
#7253 = CARTESIAN_POINT ( 'NONE',  ( 24.55811388300841358, 11.50358242896913019, 42.05131670194948157 ) ) ;
#7254 = ORIENTED_EDGE ( 'NONE', *, *, #2547, .T. ) ;
#7255 = EDGE_CURVE ( 'NONE', #3371, #5034, #6051, .T. ) ;
#7256 = AXIS2_PLACEMENT_3D ( 'NONE', #5472, #8651, #4697 ) ;
#7257 = ORIENTED_EDGE ( 'NONE', *, *, #7917, .F. ) ;
#7258 = DIRECTION ( 'NONE',  ( -1.000000000000000000, 0.000000000000000000, 0.000000000000000000 ) ) ;
#7259 = AXIS2_PLACEMENT_3D ( 'NONE', #6834, #9992, #3092 ) ;
#7260 = ORIENTED_EDGE ( 'NONE', *, *, #7384, .T. ) ;
#7261 = SURFACE_STYLE_FILL_AREA ( #2357 ) ;
#7262 =( LENGTH_UNIT ( ) NAMED_UNIT ( * ) SI_UNIT ( .MILLI., .METRE. ) );
#7263 = FILL_AREA_STYLE_COLOUR ( '', #7267 ) ;
#7264 = PLANE ( 'NONE',  #75 ) ;
#7265 = CARTESIAN_POINT ( 'NONE',  ( 0.000000000000000000, -21.16000000000000725, 5.999999999999998224 ) ) ;
#7266 = EDGE_CURVE ( 'NONE', #4750, #7122, #1354, .T. ) ;
#7267 = COLOUR_RGB ( '',0.2509803921568627416, 0.2509803921568627416, 0.2509803921568627416 ) ;
#7268 = VECTOR ( 'NONE', #3100, 1000.000000000000000 ) ;
#7269 = DIRECTION ( 'NONE',  ( 1.000000000000000000, 0.000000000000000000, 0.000000000000000000 ) ) ;
#7270 = CARTESIAN_POINT ( 'NONE',  ( 28.52625658817190413, -6.384847858779453489, 42.63525878931462643 ) ) ;
#7271 = CIRCLE ( 'NONE', #4941, 2.799999999999999822 ) ;
#7272 = VERTEX_POINT ( 'NONE', #9311 ) ;
#7273 = LINE ( 'NONE', #1007, #4678 ) ;
#7274 =( GEOMETRIC_REPRESENTATION_CONTEXT ( 3 ) GLOBAL_UNCERTAINTY_ASSIGNED_CONTEXT ( ( #8478 ) ) GLOBAL_UNIT_ASSIGNED_CONTEXT ( ( #9652, #4975, #5580 ) ) REPRESENTATION_CONTEXT ( 'NONE', 'WORKASPACE' ) );
#7275 = CARTESIAN_POINT ( 'NONE',  ( 31.00000000000000000, -17.30000000000102389, 46.39999999999999858 ) ) ;
#7276 =( LENGTH_UNIT ( ) NAMED_UNIT ( * ) SI_UNIT ( .MILLI., .METRE. ) );
#7277 = SURFACE_STYLE_FILL_AREA ( #2587 ) ;
#7278 = EDGE_CURVE ( 'NONE', #2735, #7768, #8575, .T. ) ;
#7279 = ORIENTED_EDGE ( 'NONE', *, *, #8799, .T. ) ;
#7280 = CIRCLE ( 'NONE', #1820, 25.00000000000000000 ) ;
#7281 = UNCERTAINTY_MEASURE_WITH_UNIT (LENGTH_MEASURE( 1.000000000000000082E-05 ), #1372, 'distance_accuracy_value', 'NONE');
#7282 = PRESENTATION_LAYER_ASSIGNMENT (  '', '', ( #8100 ) ) ;
#7283 = DIRECTION ( 'NONE',  ( -0.000000000000000000, -0.000000000000000000, 1.000000000000000000 ) ) ;
#7284 = ORIENTED_EDGE ( 'NONE', *, *, #7324, .T. ) ;
#7285 = CIRCLE ( 'NONE', #9221, 1.000000000000000888 ) ;
#7286 = STYLED_ITEM ( 'NONE', ( #4187 ), #6561 ) ;
#7287 = CARTESIAN_POINT ( 'NONE',  ( 27.65000000000000213, -6.520106648094795787, 42.49999999999999289 ) ) ;
#7288 = PRESENTATION_STYLE_ASSIGNMENT (( #8980 ) ) ;
#7289 = DIRECTION ( 'NONE',  ( -0.000000000000000000, -0.000000000000000000, 1.000000000000000000 ) ) ;
#7290 = CARTESIAN_POINT ( 'NONE',  ( 28.64999999999999858, 1.234755777732608992E-15, 37.49999999999999289 ) ) ;
#7291 = ORIENTED_EDGE ( 'NONE', *, *, #7441, .F. ) ;
#7292 = CARTESIAN_POINT ( 'NONE',  ( 25.05811388300841358, 10.64320281894106834, 38.50000000000000000 ) ) ;
#7293 = SURFACE_STYLE_FILL_AREA ( #713 ) ;
#7294 = VECTOR ( 'NONE', #599, 1000.000000000000000 ) ;
#7295 = VERTEX_POINT ( 'NONE', #3862 ) ;
#7296 = COLOUR_RGB ( '',0.2509803921568627416, 0.2509803921568627416, 0.2509803921568627416 ) ;
#7297 = CARTESIAN_POINT ( 'NONE',  ( -15.00000000000016165, 17.29999999999897753, 45.39999999999999858 ) ) ;
#7298 = FILL_AREA_STYLE_COLOUR ( '', #219 ) ;
#7299 = FACE_OUTER_BOUND ( 'NONE', #7975, .T. ) ;
#7300 = CARTESIAN_POINT ( 'NONE',  ( 26.28245553203367280, -10.23508893593265157, 42.49999999999999289 ) ) ;
#7301 =( GEOMETRIC_REPRESENTATION_CONTEXT ( 3 ) GLOBAL_UNCERTAINTY_ASSIGNED_CONTEXT ( ( #3157 ) ) GLOBAL_UNIT_ASSIGNED_CONTEXT ( ( #9680, #7974, #132 ) ) REPRESENTATION_CONTEXT ( 'NONE', 'WORKASPACE' ) );
#7302 =( NAMED_UNIT ( * ) SI_UNIT ( $, .STERADIAN. ) SOLID_ANGLE_UNIT ( ) );
#7303 = ORIENTED_EDGE ( 'NONE', *, *, #5947, .T. ) ;
#7304 = STYLED_ITEM ( 'NONE', ( #2301 ), #4177 ) ;
#7305 = EDGE_LOOP ( 'NONE', ( #3231, #2769 ) ) ;
#7306 = ORIENTED_EDGE ( 'NONE', *, *, #2315, .F. ) ;
#7307 = CARTESIAN_POINT ( 'NONE',  ( 27.64999999999999858, -9.779240779943883410, 38.50000000000000000 ) ) ;
#7308 = LINE ( 'NONE', #1817, #3641 ) ;
#7309 = SURFACE_STYLE_USAGE ( .BOTH. , #2100 ) ;
#7310 = DIRECTION ( 'NONE',  ( 2.668805347656628059E-15, 1.000000000000000000, 0.000000000000000000 ) ) ;
#7312 = ORIENTED_EDGE ( 'NONE', *, *, #21, .F. ) ;
#7311 = ADVANCED_FACE ( 'NONE', ( #7681 ), #8778, .F. ) ;
#7313 =( BOUNDED_CURVE ( )  B_SPLINE_CURVE ( 3, ( #9053, #2083, #5235, #1301 ),
 .UNSPECIFIED., .F., .T. ) 
 B_SPLINE_CURVE_WITH_KNOTS ( ( 4, 4 ),
 ( 1.570796326794896336, 2.819842099193147877 ),
 .UNSPECIFIED. ) 
 CURVE ( )  GEOMETRIC_REPRESENTATION_ITEM ( )  RATIONAL_B_SPLINE_CURVE ( ( 1.000000000000000000, 0.8741614567837077132, 0.8741614567837077132, 1.000000000000000000 ) ) 
 REPRESENTATION_ITEM ( '' )  );
#7314 = CARTESIAN_POINT ( 'NONE',  ( 24.57740079426809032, 11.61199060320978305, 42.54164285515026478 ) ) ;
#7315 = VERTEX_POINT ( 'NONE', #3806 ) ;
#7316 = CIRCLE ( 'NONE', #2871, 0.5000000000000004441 ) ;
#7317 = ADVANCED_FACE ( 'NONE', ( #3151 ), #8578, .F. ) ;
#7318 =( NAMED_UNIT ( * ) SI_UNIT ( $, .STERADIAN. ) SOLID_ANGLE_UNIT ( ) );
#7319 = PLANE ( 'NONE',  #1295 ) ;
#7320 = SURFACE_STYLE_FILL_AREA ( #9756 ) ;
#7321 = UNCERTAINTY_MEASURE_WITH_UNIT (LENGTH_MEASURE( 1.000000000000000082E-05 ), #3447, 'distance_accuracy_value', 'NONE');
#7322 = ORIENTED_EDGE ( 'NONE', *, *, #109, .T. ) ;
#7323 = CARTESIAN_POINT ( 'NONE',  ( 15.99999999999981704, -30.99999999999997868, 46.39999999999999858 ) ) ;
#7324 = EDGE_CURVE ( 'NONE', #3941, #3990, #857, .T. ) ;
#7325 =( GEOMETRIC_REPRESENTATION_CONTEXT ( 3 ) GLOBAL_UNCERTAINTY_ASSIGNED_CONTEXT ( ( #9567 ) ) GLOBAL_UNIT_ASSIGNED_CONTEXT ( ( #5894, #353, #6620 ) ) REPRESENTATION_CONTEXT ( 'NONE', 'WORKASPACE' ) );
#7326 = VECTOR ( 'NONE', #1500, 1000.000000000000000 ) ;
#7327 = CARTESIAN_POINT ( 'NONE',  ( 27.65000000000000213, -6.520106648094795787, 39.00000000000000000 ) ) ;
#7328 =( LENGTH_UNIT ( ) NAMED_UNIT ( * ) SI_UNIT ( .MILLI., .METRE. ) );
#7329 = DIRECTION ( 'NONE',  ( -0.000000000000000000, -0.000000000000000000, 1.000000000000000000 ) ) ;
#7330 =( NAMED_UNIT ( * ) PLANE_ANGLE_UNIT ( ) SI_UNIT ( $, .RADIAN. ) );
#7331 = SURFACE_SIDE_STYLE ('',( #5714 ) ) ;
#7332 = CARTESIAN_POINT ( 'NONE',  ( 0.000000000000000000, 0.000000000000000000, -23.50000000000000711 ) ) ;
#7333 = ORIENTED_EDGE ( 'NONE', *, *, #2160, .T. ) ;
#7334 = PRESENTATION_STYLE_ASSIGNMENT (( #2650 ) ) ;
#7335 = UNCERTAINTY_MEASURE_WITH_UNIT (LENGTH_MEASURE( 1.000000000000000082E-05 ), #8383, 'distance_accuracy_value', 'NONE');
#7336 = ORIENTED_EDGE ( 'NONE', *, *, #1001, .T. ) ;
#7337 = CARTESIAN_POINT ( 'NONE',  ( 14.99999999999979394, 4.270088556250648439E-14, 45.39999999999999858 ) ) ;
#7338 = VECTOR ( 'NONE', #1473, 1000.000000000000000 ) ;
#7339 = LINE ( 'NONE', #249, #7650 ) ;
#7340 = DIRECTION ( 'NONE',  ( 0.000000000000000000, 0.000000000000000000, 1.000000000000000000 ) ) ;
#7341 = CARTESIAN_POINT ( 'NONE',  ( 28.64999999999999858, -6.312999866908247881, 42.41421356237309226 ) ) ;
#7342 =( GEOMETRIC_REPRESENTATION_CONTEXT ( 3 ) GLOBAL_UNCERTAINTY_ASSIGNED_CONTEXT ( ( #1321 ) ) GLOBAL_UNIT_ASSIGNED_CONTEXT ( ( #2138, #8473, #7684 ) ) REPRESENTATION_CONTEXT ( 'NONE', 'WORKASPACE' ) );
#7343 = LINE ( 'NONE', #3425, #7017 ) ;
#7344 = CARTESIAN_POINT ( 'NONE',  ( 24.55811388300841358, 11.17024909563579627, 41.99999999999999289 ) ) ;
#7345 = ORIENTED_EDGE ( 'NONE', *, *, #9624, .T. ) ;
#7346 = AXIS2_PLACEMENT_3D ( 'NONE', #6678, #6782, #4456 ) ;
#7347 = ORIENTED_EDGE ( 'NONE', *, *, #2862, .F. ) ;
#7348 = PRESENTATION_STYLE_ASSIGNMENT (( #4204 ) ) ;
#7349 = PRESENTATION_LAYER_ASSIGNMENT (  '', '', ( #738 ) ) ;
#7350 = CIRCLE ( 'NONE', #8362, 25.00000000000000000 ) ;
#7351 = MECHANICAL_DESIGN_GEOMETRIC_PRESENTATION_REPRESENTATION (  '', ( #9783 ), #3074 ) ;
#7352 = ORIENTED_EDGE ( 'NONE', *, *, #3386, .T. ) ;
#7353 = CARTESIAN_POINT ( 'NONE',  ( 27.64999999999999858, 9.779240779943870976, 38.50000000000000000 ) ) ;
#7354 = EDGE_CURVE ( 'NONE', #2349, #4027, #8681, .T. ) ;
#7355 = CARTESIAN_POINT ( 'NONE',  ( -4.270088556250335419E-14, 15.99999999999901590, 45.39999999999999858 ) ) ;
#7356 = FACE_OUTER_BOUND ( 'NONE', #9613, .T. ) ;
#7357 = FACE_OUTER_BOUND ( 'NONE', #8730, .T. ) ;
#7358 = ORIENTED_EDGE ( 'NONE', *, *, #5302, .F. ) ;
#7359 = AXIS2_PLACEMENT_3D ( 'NONE', #189, #8027, #7070 ) ;
#7360 = STYLED_ITEM ( 'NONE', ( #7582 ), #1886 ) ;
#7361 =( GEOMETRIC_REPRESENTATION_CONTEXT ( 3 ) GLOBAL_UNCERTAINTY_ASSIGNED_CONTEXT ( ( #4724 ) ) GLOBAL_UNIT_ASSIGNED_CONTEXT ( ( #1535, #4637, #7013 ) ) REPRESENTATION_CONTEXT ( 'NONE', 'WORKASPACE' ) );
#7362 = ORIENTED_EDGE ( 'NONE', *, *, #2830, .T. ) ;
#7363 = DIRECTION ( 'NONE',  ( -0.9486832980505137680, 0.3162277660168379967, 0.000000000000000000 ) ) ;
#7364 = ADVANCED_FACE ( 'NONE', ( #9525 ), #3924, .F. ) ;
#7365 = CARTESIAN_POINT ( 'NONE',  ( 25.00811388300840932, 11.35358242896914938, 38.47434164902524856 ) ) ;
#7366 = LINE ( 'NONE', #5086, #10108 ) ;
#7367 = SURFACE_STYLE_USAGE ( .BOTH. , #2684 ) ;
#7368 = PRESENTATION_STYLE_ASSIGNMENT (( #5045 ) ) ;
#7369 = CARTESIAN_POINT ( 'NONE',  ( 28.64999999999999858, -6.020106648094794011, 38.00000000000000000 ) ) ;
#7370 =( LENGTH_UNIT ( ) NAMED_UNIT ( * ) SI_UNIT ( .MILLI., .METRE. ) );
#7371 = CARTESIAN_POINT ( 'NONE',  ( 25.00811388300841642, -11.35358242896913694, 38.47434164902526277 ) ) ;
#7372 = ORIENTED_EDGE ( 'NONE', *, *, #6426, .T. ) ;
#7373 = ADVANCED_FACE ( 'NONE', ( #5703 ), #3080, .T. ) ;
#7374 = PLANE ( 'NONE',  #6214 ) ;
#7375 = UNCERTAINTY_MEASURE_WITH_UNIT (LENGTH_MEASURE( 1.000000000000000082E-05 ), #9918, 'distance_accuracy_value', 'NONE');
#7376 = CARTESIAN_POINT ( 'NONE',  ( 25.05811388300841358, 10.64320281894106834, 42.49999999999999289 ) ) ;
#7377 = FILL_AREA_STYLE_COLOUR ( '', #8513 ) ;
#7378 = CARTESIAN_POINT ( 'NONE',  ( -2.001604010742331613E-14, -16.00000000000100542, 46.39999999999999858 ) ) ;
#7379 = DIRECTION ( 'NONE',  ( 0.000000000000000000, 0.000000000000000000, -1.000000000000000000 ) ) ;
#7380 = CARTESIAN_POINT ( 'NONE',  ( -13.31369220013742805, 21.15999999999999659, -53.84951795962939514 ) ) ;
#7381 = LINE ( 'NONE', #1071, #8432 ) ;
#7382 = SURFACE_STYLE_FILL_AREA ( #9108 ) ;
#7383 = ORIENTED_EDGE ( 'NONE', *, *, #6592, .T. ) ;
#7384 = EDGE_CURVE ( 'NONE', #9930, #8315, #4369, .T. ) ;
#7385 = DIRECTION ( 'NONE',  ( 1.000000000000000000, 0.000000000000000000, 0.000000000000000000 ) ) ;
#7386 = CARTESIAN_POINT ( 'NONE',  ( -21.14999999999999503, 13.32957238623956364, 37.00000000000000000 ) ) ;
#7387 = ORIENTED_EDGE ( 'NONE', *, *, #4412, .T. ) ;
#7388 = VECTOR ( 'NONE', #6835, 1000.000000000000000 ) ;
#7389 = FILL_AREA_STYLE_COLOUR ( '', #3892 ) ;
#7390 = FILL_AREA_STYLE ('',( #5724 ) ) ;
#7391 =( NAMED_UNIT ( * ) PLANE_ANGLE_UNIT ( ) SI_UNIT ( $, .RADIAN. ) );
#7392 = CARTESIAN_POINT ( 'NONE',  ( 15.49999999999983480, -15.50000000000102496, 46.40000000000000568 ) ) ;
#7393 = ORIENTED_EDGE ( 'NONE', *, *, #6764, .T. ) ;
#7394 = DIRECTION ( 'NONE',  ( 0.000000000000000000, -0.000000000000000000, 1.000000000000000000 ) ) ;
#7395 = AXIS2_PLACEMENT_3D ( 'NONE', #2534, #262, #6616 ) ;
#7396 = VERTEX_POINT ( 'NONE', #309 ) ;
#7397 = SURFACE_STYLE_FILL_AREA ( #8862 ) ;
#7398 = VERTEX_POINT ( 'NONE', #1010 ) ;
#7399 = ADVANCED_FACE ( 'NONE', ( #5649 ), #8105, .F. ) ;
#7400 = FACE_OUTER_BOUND ( 'NONE', #8042, .T. ) ;
#7401 = DIRECTION ( 'NONE',  ( 1.000000000000000000, 0.000000000000000000, 0.000000000000000000 ) ) ;
#7402 = DIRECTION ( 'NONE',  ( 0.000000000000000000, 0.000000000000000000, -1.000000000000000000 ) ) ;
#7403 = CARTESIAN_POINT ( 'NONE',  ( 48.64999999999999858, 1.698780669118024500, 40.49999999999999289 ) ) ;
#7404 = CARTESIAN_POINT ( 'NONE',  ( 28.38926546838042242, 10.58691151053985635, 36.44785309367608761 ) ) ;
#7405 = SURFACE_SIDE_STYLE ('',( #5736 ) ) ;
#7406 = ORIENTED_EDGE ( 'NONE', *, *, #7458, .F. ) ;
#7407 = AXIS2_PLACEMENT_3D ( 'NONE', #2911, #6706, #9890 ) ;
#7408 = EDGE_CURVE ( 'NONE', #4041, #937, #5047, .T. ) ;
#7409 = VECTOR ( 'NONE', #2947, 1000.000000000000000 ) ;
#7410 = PRESENTATION_STYLE_ASSIGNMENT (( #4982 ) ) ;
#7411 = CARTESIAN_POINT ( 'NONE',  ( 28.64999999999485425, -6.118291982030528153, 42.90181466606474459 ) ) ;
#7412 = ORIENTED_EDGE ( 'NONE', *, *, #10090, .F. ) ;
#7413 = DIRECTION ( 'NONE',  ( -0.9486832980505146562, -0.3162277660168358873, -0.000000000000000000 ) ) ;
#7414 = AXIS2_PLACEMENT_3D ( 'NONE', #2845, #8317, #2134 ) ;
#7415 = LINE ( 'NONE', #4403, #2429 ) ;
#7416 = DIRECTION ( 'NONE',  ( -1.000000000000000000, 0.000000000000000000, 0.000000000000000000 ) ) ;
#7417 = PRESENTATION_LAYER_ASSIGNMENT (  '', '', ( #5260 ) ) ;
#7418 = DIRECTION ( 'NONE',  ( -1.000000000000000000, 2.668805347656628059E-15, 0.000000000000000000 ) ) ;
#7419 = UNCERTAINTY_MEASURE_WITH_UNIT (LENGTH_MEASURE( 1.000000000000000082E-05 ), #9356, 'distance_accuracy_value', 'NONE');
#7420 = CARTESIAN_POINT ( 'NONE',  ( 24.51794613172586423, -11.70671498655213050, 38.74399803874680970 ) ) ;
#7421 = ORIENTED_EDGE ( 'NONE', *, *, #4850, .F. ) ;
#7422 = DIRECTION ( 'NONE',  ( 0.000000000000000000, -0.3015113445777611312, 0.9534625892455932394 ) ) ;
#7423 = COLOUR_RGB ( '',0.2509803921568627416, 0.2509803921568627416, 0.2509803921568627416 ) ;
#7424 = DIRECTION ( 'NONE',  ( -0.7071067811865460184, 8.659560562354913137E-17, 0.7071067811865489050 ) ) ;
#7425 = CIRCLE ( 'NONE', #6577, 3.500000000000000000 ) ;
#7426 = VECTOR ( 'NONE', #4540, 1000.000000000000000 ) ;
#7427 = ORIENTED_EDGE ( 'NONE', *, *, #3833, .F. ) ;
#7428 = FILL_AREA_STYLE_COLOUR ( '', #1042 ) ;
#7429 = CARTESIAN_POINT ( 'NONE',  ( 15.49999999999983658, 15.50000000000015987, -2.266821225221747863E-17 ) ) ;
#7430 = CARTESIAN_POINT ( 'NONE',  ( 13.69999999999983764, 15.99999999999897682, 45.39999999999999858 ) ) ;
#7431 =( LENGTH_UNIT ( ) NAMED_UNIT ( * ) SI_UNIT ( .MILLI., .METRE. ) );
#7432 =( NAMED_UNIT ( * ) SI_UNIT ( $, .STERADIAN. ) SOLID_ANGLE_UNIT ( ) );
#7433 = STYLED_ITEM ( 'NONE', ( #8609 ), #5940 ) ;
#7434 = COLOUR_RGB ( '',0.2509803921568627416, 0.2509803921568627416, 0.2509803921568627416 ) ;
#7435 = EDGE_LOOP ( 'NONE', ( #10115, #8710, #771, #4099 ) ) ;
#7436 = CARTESIAN_POINT ( 'NONE',  ( -16.00000000000015987, -17.30000000000102389, 45.39999999999999858 ) ) ;
#7437 = FACE_OUTER_BOUND ( 'NONE', #3072, .T. ) ;
#7438 = AXIS2_PLACEMENT_3D ( 'NONE', #6398, #4151, #9445 ) ;
#7439 = AXIS2_PLACEMENT_3D ( 'NONE', #8400, #2168, #9042 ) ;
#7440 = EDGE_LOOP ( 'NONE', ( #5440, #2623, #4939, #9391 ) ) ;
#7441 = EDGE_CURVE ( 'NONE', #8147, #2747, #9619, .T. ) ;
#7442 = LINE ( 'NONE', #982, #8850 ) ;
#7443 = CARTESIAN_POINT ( 'NONE',  ( 28.64999999999999858, -10.22516167180832447, 36.50000000000000711 ) ) ;
#7444 = PRESENTATION_STYLE_ASSIGNMENT (( #4333 ) ) ;
#7445 = MECHANICAL_DESIGN_GEOMETRIC_PRESENTATION_REPRESENTATION (  '', ( #5617 ), #8287 ) ;
#7446 = SURFACE_STYLE_FILL_AREA ( #8944 ) ;
#7447 = FACE_OUTER_BOUND ( 'NONE', #10039, .T. ) ;
#7448 =( NAMED_UNIT ( * ) PLANE_ANGLE_UNIT ( ) SI_UNIT ( $, .RADIAN. ) );
#7449 = ORIENTED_EDGE ( 'NONE', *, *, #3278, .T. ) ;
#7450 = UNCERTAINTY_MEASURE_WITH_UNIT (LENGTH_MEASURE( 1.000000000000000082E-05 ), #2398, 'distance_accuracy_value', 'NONE');
#7451 = AXIS2_PLACEMENT_3D ( 'NONE', #4060, #4963, #8135 ) ;
#7452 = VECTOR ( 'NONE', #9188, 1000.000000000000000 ) ;
#7453 = FACE_OUTER_BOUND ( 'NONE', #1688, .T. ) ;
#7454 = CIRCLE ( 'NONE', #4638, 0.4999999999999980016 ) ;
#7455 = ORIENTED_EDGE ( 'NONE', *, *, #5485, .F. ) ;
#7456 = FILL_AREA_STYLE ('',( #5323 ) ) ;
#7457 = ORIENTED_EDGE ( 'NONE', *, *, #9778, .T. ) ;
#7458 = EDGE_CURVE ( 'NONE', #8475, #838, #4888, .T. ) ;
#7459 = DIRECTION ( 'NONE',  ( -0.7071067811865460184, 8.659560562354913137E-17, 0.7071067811865489050 ) ) ;
#7460 = CARTESIAN_POINT ( 'NONE',  ( 27.64999999999999858, 9.779240779943870976, 38.50000000000000000 ) ) ;
#7461 = PRESENTATION_STYLE_ASSIGNMENT (( #1923 ) ) ;
#7462 = SURFACE_STYLE_USAGE ( .BOTH. , #1872 ) ;
#7463 = CIRCLE ( 'NONE', #3020, 25.00000000000000000 ) ;
#7464 = DIRECTION ( 'NONE',  ( -0.000000000000000000, -1.000000000000000000, 0.000000000000000000 ) ) ;
#7465 = ORIENTED_EDGE ( 'NONE', *, *, #9263, .T. ) ;
#7466 =( NAMED_UNIT ( * ) PLANE_ANGLE_UNIT ( ) SI_UNIT ( $, .RADIAN. ) );
#7467 = ORIENTED_EDGE ( 'NONE', *, *, #7777, .F. ) ;
#7468 = COLOUR_RGB ( '',0.2509803921568627416, 0.2509803921568627416, 0.2509803921568627416 ) ;
#7469 = FACE_OUTER_BOUND ( 'NONE', #8852, .T. ) ;
#7470 = CARTESIAN_POINT ( 'NONE',  ( 15.49999999999983658, 15.50000000000015987, 4.500000000000000888 ) ) ;
#7471 = CARTESIAN_POINT ( 'NONE',  ( 27.96622776601683569, -10.72792407799439118, 36.36324555320337026 ) ) ;
#7472 = CARTESIAN_POINT ( 'NONE',  ( 48.64999999999999858, -1.698780669118019615, 40.49999999999995737 ) ) ;
#7473 = FILL_AREA_STYLE ('',( #2630 ) ) ;
#7474 = CARTESIAN_POINT ( 'NONE',  ( 24.49416538541814958, -11.75371763297045646, 38.66915016132453076 ) ) ;
#7475 = ORIENTED_EDGE ( 'NONE', *, *, #3776, .F. ) ;
#7476 =( GEOMETRIC_REPRESENTATION_CONTEXT ( 3 ) GLOBAL_UNCERTAINTY_ASSIGNED_CONTEXT ( ( #4022 ) ) GLOBAL_UNIT_ASSIGNED_CONTEXT ( ( #4885, #9664, #7224 ) ) REPRESENTATION_CONTEXT ( 'NONE', 'WORKASPACE' ) );
#7477 = LINE ( 'NONE', #7323, #2851 ) ;
#7478 = ORIENTED_EDGE ( 'NONE', *, *, #506, .T. ) ;
#7479 =( LENGTH_UNIT ( ) NAMED_UNIT ( * ) SI_UNIT ( .MILLI., .METRE. ) );
#7480 = PLANE ( 'NONE',  #10173 ) ;
#7481 = DIRECTION ( 'NONE',  ( 1.000000000000000000, 3.690901012716600198E-15, 0.000000000000000000 ) ) ;
#7482 = CARTESIAN_POINT ( 'NONE',  ( 21.15000000000000213, -21.15000000000000213, 47.00000000000000000 ) ) ;
#7483 = PRESENTATION_LAYER_ASSIGNMENT (  '', '', ( #6309 ) ) ;
#7484 = CYLINDRICAL_SURFACE ( 'NONE', #235, 1.249999999999999334 ) ;
#7485 = DIRECTION ( 'NONE',  ( 0.000000000000000000, 0.000000000000000000, 1.000000000000000000 ) ) ;
#7486 = DIRECTION ( 'NONE',  ( -1.000000000000000000, 2.668805347656628059E-15, 0.000000000000000000 ) ) ;
#7487 = ORIENTED_EDGE ( 'NONE', *, *, #2527, .F. ) ;
#7488 = PRESENTATION_STYLE_ASSIGNMENT (( #8073 ) ) ;
#7489 =( LENGTH_UNIT ( ) NAMED_UNIT ( * ) SI_UNIT ( .MILLI., .METRE. ) );
#7490 = PRESENTATION_LAYER_ASSIGNMENT (  '', '', ( #6314 ) ) ;
#7491 = CONICAL_SURFACE ( 'NONE', #42, 2.750000000000000888, 0.7853981633974461696 ) ;
#7492 = ADVANCED_FACE ( 'NONE', ( #174 ), #2418, .F. ) ;
#7493 =( LENGTH_UNIT ( ) NAMED_UNIT ( * ) SI_UNIT ( .MILLI., .METRE. ) );
#7494 = PLANE ( 'NONE',  #1904 ) ;
#7495 = CARTESIAN_POINT ( 'NONE',  ( -13.70000000000016094, -15.00000000000102318, 45.39999999999999858 ) ) ;
#7496 = VERTEX_POINT ( 'NONE', #5286 ) ;
#7497 =( GEOMETRIC_REPRESENTATION_CONTEXT ( 3 ) GLOBAL_UNCERTAINTY_ASSIGNED_CONTEXT ( ( #2340 ) ) GLOBAL_UNIT_ASSIGNED_CONTEXT ( ( #5158, #9738, #8237 ) ) REPRESENTATION_CONTEXT ( 'NONE', 'WORKASPACE' ) );
#7498 = CIRCLE ( 'NONE', #4856, 0.5000000000000004441 ) ;
#7499 = CARTESIAN_POINT ( 'NONE',  ( 21.14999999999999858, 17.14999999999999503, 37.00000000000000000 ) ) ;
#7500 = PRESENTATION_LAYER_ASSIGNMENT (  '', '', ( #4049 ) ) ;
#7501 = EDGE_CURVE ( 'NONE', #1652, #1530, #5955, .T. ) ;
#7502 = STYLED_ITEM ( 'NONE', ( #1757 ), #1303 ) ;
#7503 = VERTEX_POINT ( 'NONE', #5900 ) ;
#7504 =( LENGTH_UNIT ( ) NAMED_UNIT ( * ) SI_UNIT ( .MILLI., .METRE. ) );
#7505 = ORIENTED_EDGE ( 'NONE', *, *, #6021, .T. ) ;
#7506 = MECHANICAL_DESIGN_GEOMETRIC_PRESENTATION_REPRESENTATION (  '', ( #4522 ), #7837 ) ;
#7507 = PRESENTATION_LAYER_ASSIGNMENT (  '', '', ( #2049 ) ) ;
#7508 =( LENGTH_UNIT ( ) NAMED_UNIT ( * ) SI_UNIT ( .MILLI., .METRE. ) );
#7509 = SURFACE_SIDE_STYLE ('',( #5941 ) ) ;
#7510 = FACE_OUTER_BOUND ( 'NONE', #7089, .T. ) ;
#7511 = CARTESIAN_POINT ( 'NONE',  ( 1.500000000000000222, 2.000000000000000000, 1.000000000000000000 ) ) ;
#7512 = CARTESIAN_POINT ( 'NONE',  ( 30.99999999999995737, 15.99999999999901590, 45.39999999999999858 ) ) ;
#7513 = ORIENTED_EDGE ( 'NONE', *, *, #1685, .T. ) ;
#7514 = CIRCLE ( 'NONE', #4370, 0.5000000000000000000 ) ;
#7515 = ADVANCED_FACE ( 'NONE', ( #357 ), #9096, .T. ) ;
#7516 = CARTESIAN_POINT ( 'NONE',  ( 0.000000000000000000, 0.000000000000000000, -1.734723475976807094E-15 ) ) ;
#7517 = ORIENTED_EDGE ( 'NONE', *, *, #3668, .T. ) ;
#7518 = PRESENTATION_STYLE_ASSIGNMENT (( #4355 ) ) ;
#7519 =( GEOMETRIC_REPRESENTATION_CONTEXT ( 3 ) GLOBAL_UNCERTAINTY_ASSIGNED_CONTEXT ( ( #6346 ) ) GLOBAL_UNIT_ASSIGNED_CONTEXT ( ( #9667, #1781, #4934 ) ) REPRESENTATION_CONTEXT ( 'NONE', 'WORKASPACE' ) );
#7520 = PRESENTATION_STYLE_ASSIGNMENT (( #9143 ) ) ;
#7521 =( GEOMETRIC_REPRESENTATION_CONTEXT ( 3 ) GLOBAL_UNCERTAINTY_ASSIGNED_CONTEXT ( ( #8965 ) ) GLOBAL_UNIT_ASSIGNED_CONTEXT ( ( #6649, #7543, #4962 ) ) REPRESENTATION_CONTEXT ( 'NONE', 'WORKASPACE' ) );
#7522 = AXIS2_PLACEMENT_3D ( 'NONE', #9515, #105, #7944 ) ;
#7523 = LINE ( 'NONE', #5140, #5528 ) ;
#7524 = FILL_AREA_STYLE_COLOUR ( '', #529 ) ;
#7525 = UNCERTAINTY_MEASURE_WITH_UNIT (LENGTH_MEASURE( 1.000000000000000082E-05 ), #4849, 'distance_accuracy_value', 'NONE');
#7526 =( LENGTH_UNIT ( ) NAMED_UNIT ( * ) SI_UNIT ( .MILLI., .METRE. ) );
#7527 = DIRECTION ( 'NONE',  ( -0.000000000000000000, -0.000000000000000000, 1.000000000000000000 ) ) ;
#7528 = ORIENTED_EDGE ( 'NONE', *, *, #2397, .T. ) ;
#7529 =( NAMED_UNIT ( * ) SI_UNIT ( $, .STERADIAN. ) SOLID_ANGLE_UNIT ( ) );
#7530 = EDGE_CURVE ( 'NONE', #4166, #4871, #10024, .T. ) ;
#7531 = PRESENTATION_STYLE_ASSIGNMENT (( #4373 ) ) ;
#7532 = CARTESIAN_POINT ( 'NONE',  ( 28.64999999999999858, 8.673617379884035472E-16, 38.80121933088197039 ) ) ;
#7533 = PLANE ( 'NONE',  #8538 ) ;
#7534 = COLOUR_RGB ( '',0.2509803921568627416, 0.2509803921568627416, 0.2509803921568627416 ) ;
#7535 = CARTESIAN_POINT ( 'NONE',  ( 24.94122574922874236, -11.59883891949458068, 42.59616463470199932 ) ) ;
#7536 = CARTESIAN_POINT ( 'NONE',  ( -16.00000000000015987, 13.69999999999897611, 46.39999999999999858 ) ) ;
#7537 = VERTEX_POINT ( 'NONE', #8410 ) ;
#7538 = DIRECTION ( 'NONE',  ( -1.000000000000000000, 0.000000000000000000, 0.000000000000000000 ) ) ;
#7539 = EDGE_CURVE ( 'NONE', #5964, #5886, #6092, .T. ) ;
#7540 = CARTESIAN_POINT ( 'NONE',  ( 24.39623407393791510, -11.87558144723544373, 42.59373488127690877 ) ) ;
#7541 = LINE ( 'NONE', #4480, #6821 ) ;
#7542 = SURFACE_SIDE_STYLE ('',( #6597 ) ) ;
#7543 =( NAMED_UNIT ( * ) PLANE_ANGLE_UNIT ( ) SI_UNIT ( $, .RADIAN. ) );
#7544 = CARTESIAN_POINT ( 'NONE',  ( 0.000000000000000000, 0.000000000000000000, 39.00000000000000000 ) ) ;
#7545 = CARTESIAN_POINT ( 'NONE',  ( 17.14999999999998437, -21.15000000000000213, 37.00000000000000000 ) ) ;
#7546 = ORIENTED_EDGE ( 'NONE', *, *, #4163, .F. ) ;
#7547 =( GEOMETRIC_REPRESENTATION_CONTEXT ( 3 ) GLOBAL_UNCERTAINTY_ASSIGNED_CONTEXT ( ( #3403 ) ) GLOBAL_UNIT_ASSIGNED_CONTEXT ( ( #5097, #1844, #2847 ) ) REPRESENTATION_CONTEXT ( 'NONE', 'WORKASPACE' ) );
#7548 = CARTESIAN_POINT ( 'NONE',  ( -16.00000000000020606, -30.99999999999995737, 45.39999999999999858 ) ) ;
#7549 = EDGE_CURVE ( 'NONE', #600, #7732, #2224, .T. ) ;
#7550 = ORIENTED_EDGE ( 'NONE', *, *, #9824, .F. ) ;
#7551 = CYLINDRICAL_SURFACE ( 'NONE', #3815, 2.899999999999999911 ) ;
#7552 = ORIENTED_EDGE ( 'NONE', *, *, #4053, .F. ) ;
#7553 = LINE ( 'NONE', #3482, #5839 ) ;
#7554 = LINE ( 'NONE', #7355, #828 ) ;
#7555 = DIRECTION ( 'NONE',  ( -0.000000000000000000, -0.000000000000000000, -1.000000000000000000 ) ) ;
#7556 = EDGE_CURVE ( 'NONE', #2823, #1659, #7523, .T. ) ;
#7557 = PRESENTATION_STYLE_ASSIGNMENT (( #9746 ) ) ;
#7558 = ORIENTED_EDGE ( 'NONE', *, *, #6919, .F. ) ;
#7559 = EDGE_CURVE ( 'NONE', #10021, #7315, #8260, .T. ) ;
#7560 = SURFACE_STYLE_FILL_AREA ( #6668 ) ;
#7561 = CARTESIAN_POINT ( 'NONE',  ( 28.14999999999999858, 7.020106648094790458, 38.50000000000000000 ) ) ;
#7562 = ORIENTED_EDGE ( 'NONE', *, *, #8974, .F. ) ;
#7563 = AXIS2_PLACEMENT_3D ( 'NONE', #4579, #9207, #6111 ) ;
#7564 =( NAMED_UNIT ( * ) SI_UNIT ( $, .STERADIAN. ) SOLID_ANGLE_UNIT ( ) );
#7565 = FILL_AREA_STYLE ('',( #2683 ) ) ;
#7566 = CARTESIAN_POINT ( 'NONE',  ( 0.000000000000000000, 0.000000000000000000, 0.000000000000000000 ) ) ;
#7567 = DIRECTION ( 'NONE',  ( -0.000000000000000000, -0.000000000000000000, 1.000000000000000000 ) ) ;
#7568 = CARTESIAN_POINT ( 'NONE',  ( 15.99999999999987566, -4.003208021484980664E-14, 45.39999999999999858 ) ) ;
#7569 = EDGE_CURVE ( 'NONE', #3437, #5631, #3891, .T. ) ;
#7570 = STYLED_ITEM ( 'NONE', ( #1543 ), #9789 ) ;
#7571 = CARTESIAN_POINT ( 'NONE',  ( 24.47405398482420225, -11.80829099545428740, 38.29823811831577984 ) ) ;
#7572 = DIRECTION ( 'NONE',  ( -1.000000000000000000, 2.668805347656628059E-15, 0.000000000000000000 ) ) ;
#7573 = SURFACE_SIDE_STYLE ('',( #8314 ) ) ;
#7574 = COLOUR_RGB ( '',0.2509803921568627416, 0.2509803921568627416, 0.2509803921568627416 ) ;
#7575 = VERTEX_POINT ( 'NONE', #9906 ) ;
#7576 =( NAMED_UNIT ( * ) PLANE_ANGLE_UNIT ( ) SI_UNIT ( $, .RADIAN. ) );
#7577 = COLOUR_RGB ( '',0.2509803921568627416, 0.2509803921568627416, 0.2509803921568627416 ) ;
#7578 = DIRECTION ( 'NONE',  ( -0.000000000000000000, -0.000000000000000000, -1.000000000000000000 ) ) ;
#7579 = CARTESIAN_POINT ( 'NONE',  ( 48.64999999999999858, 8.673617379884035472E-16, 40.00243866176395358 ) ) ;
#7580 = EDGE_CURVE ( 'NONE', #3554, #9775, #2877, .T. ) ;
#7581 = DIRECTION ( 'NONE',  ( 0.000000000000000000, 0.000000000000000000, -1.000000000000000000 ) ) ;
#7582 = PRESENTATION_STYLE_ASSIGNMENT (( #9408 ) ) ;
#7583 = LINE ( 'NONE', #4470, #1563 ) ;
#7584 = VECTOR ( 'NONE', #3396, 1000.000000000000000 ) ;
#7585 = CARTESIAN_POINT ( 'NONE',  ( 14.99999999999984013, 13.69999999999897611, 45.39999999999999858 ) ) ;
#7586 = ORIENTED_EDGE ( 'NONE', *, *, #8966, .F. ) ;
#7587 = COLOUR_RGB ( '',0.2509803921568627416, 0.2509803921568627416, 0.2509803921568627416 ) ;
#7588 = DIRECTION ( 'NONE',  ( -1.000000000000000000, 0.000000000000000000, 0.000000000000000000 ) ) ;
#7589 =( NAMED_UNIT ( * ) PLANE_ANGLE_UNIT ( ) SI_UNIT ( $, .RADIAN. ) );
#7590 = COLOUR_RGB ( '',0.2509803921568627416, 0.2509803921568627416, 0.2509803921568627416 ) ;
#7591 = AXIS2_PLACEMENT_3D ( 'NONE', #6739, #2643, #2700 ) ;
#7592 = DIRECTION ( 'NONE',  ( -0.000000000000000000, -0.000000000000000000, 1.000000000000000000 ) ) ;
#7593 = CYLINDRICAL_SURFACE ( 'NONE', #6316, 1.000000000000000888 ) ;
#7594 = LINE ( 'NONE', #9214, #8428 ) ;
#7595 = SURFACE_STYLE_USAGE ( .BOTH. , #4432 ) ;
#7596 = CARTESIAN_POINT ( 'NONE',  ( 24.55811388300841713, -11.17024909563580515, 39.00000000000000000 ) ) ;
#7597 =( NAMED_UNIT ( * ) SI_UNIT ( $, .STERADIAN. ) SOLID_ANGLE_UNIT ( ) );
#7598 = CARTESIAN_POINT ( 'NONE',  ( 28.65000000000000213, 10.22516167180831026, 44.50000000000000711 ) ) ;
#7599 = ORIENTED_EDGE ( 'NONE', *, *, #5428, .F. ) ;
#7600 = DIRECTION ( 'NONE',  ( 0.000000000000000000, 0.000000000000000000, 1.000000000000000000 ) ) ;
#7601 = VECTOR ( 'NONE', #501, 1000.000000000000000 ) ;
#7602 = ORIENTED_EDGE ( 'NONE', *, *, #3520, .T. ) ;
#7603 = CARTESIAN_POINT ( 'NONE',  ( -21.14999999999999503, 21.14999999999999858, 37.00000000000000000 ) ) ;
#7604 = ORIENTED_EDGE ( 'NONE', *, *, #7905, .F. ) ;
#7605 = UNCERTAINTY_MEASURE_WITH_UNIT (LENGTH_MEASURE( 1.000000000000000082E-05 ), #389, 'distance_accuracy_value', 'NONE');
#7606 = CARTESIAN_POINT ( 'NONE',  ( 21.15000000000000213, -17.15000000000001634, 10.00000000000000000 ) ) ;
#7607 = DIRECTION ( 'NONE',  ( 0.000000000000000000, 0.000000000000000000, 1.000000000000000000 ) ) ;
#7608 = CYLINDRICAL_SURFACE ( 'NONE', #2598, 0.5000000000000004441 ) ;
#7609 = PRESENTATION_LAYER_ASSIGNMENT (  '', '', ( #4305 ) ) ;
#7610 = SURFACE_STYLE_USAGE ( .BOTH. , #9181 ) ;
#7611 = FILL_AREA_STYLE_COLOUR ( '', #1985 ) ;
#7612 = ORIENTED_EDGE ( 'NONE', *, *, #8470, .T. ) ;
#7613 = MECHANICAL_DESIGN_GEOMETRIC_PRESENTATION_REPRESENTATION (  '', ( #9409 ), #6093 ) ;
#7614 = DIRECTION ( 'NONE',  ( 1.000000000000000000, -0.000000000000000000, 0.000000000000000000 ) ) ;
#7615 = AXIS2_PLACEMENT_3D ( 'NONE', #4419, #6639, #4376 ) ;
#7616 = ORIENTED_EDGE ( 'NONE', *, *, #9196, .F. ) ;
#7617 =( NAMED_UNIT ( * ) SI_UNIT ( $, .STERADIAN. ) SOLID_ANGLE_UNIT ( ) );
#7618 = DIRECTION ( 'NONE',  ( 0.000000000000000000, 0.000000000000000000, -1.000000000000000000 ) ) ;
#7619 = VECTOR ( 'NONE', #8929, 1000.000000000000000 ) ;
#7620 = EDGE_CURVE ( 'NONE', #3209, #6120, #7313, .T. ) ;
#7621 = CARTESIAN_POINT ( 'NONE',  ( -17.30000000000016414, 14.99999999999897682, 45.39999999999999858 ) ) ;
#7622 = LINE ( 'NONE', #3692, #5190 ) ;
#7623 = UNCERTAINTY_MEASURE_WITH_UNIT (LENGTH_MEASURE( 1.000000000000000082E-05 ), #5661, 'distance_accuracy_value', 'NONE');
#7624 = VECTOR ( 'NONE', #6057, 1000.000000000000000 ) ;
#7625 = LINE ( 'NONE', #4512, #780 ) ;
#7626 = B_SPLINE_CURVE_WITH_KNOTS ( 'NONE', 3,
 ( #2953, #9925, #6066, #5406 ),
 .UNSPECIFIED., .F., .F.,
 ( 4, 4 ),
 ( 0.000000000000000000, 0.0001300949323361118293 ),
 .UNSPECIFIED. ) ;
#7627 = MECHANICAL_DESIGN_GEOMETRIC_PRESENTATION_REPRESENTATION (  '', ( #1845 ), #4825 ) ;
#7628 = CARTESIAN_POINT ( 'NONE',  ( 26.28245553203367635, 10.23508893593264801, 42.49999999999999289 ) ) ;
#7629 = EDGE_CURVE ( 'NONE', #9544, #3789, #7622, .T. ) ;
#7630 = ORIENTED_EDGE ( 'NONE', *, *, #2767, .F. ) ;
#7631 = DIRECTION ( 'NONE',  ( 0.000000000000000000, -0.000000000000000000, -1.000000000000000000 ) ) ;
#7632 = SURFACE_STYLE_USAGE ( .BOTH. , #9367 ) ;
#7633 = DIRECTION ( 'NONE',  ( 0.9486832980505146562, -0.3162277660168358873, -1.097135458930211078E-15 ) ) ;
#7634 = FILL_AREA_STYLE_COLOUR ( '', #4215 ) ;
#7635 = SURFACE_STYLE_FILL_AREA ( #2999 ) ;
#7636 = ORIENTED_EDGE ( 'NONE', *, *, #10120, .T. ) ;
#7637 = CARTESIAN_POINT ( 'NONE',  ( 28.64999999999999858, -6.520106648094795787, 43.00000000000000000 ) ) ;
#7638 =( BOUNDED_CURVE ( )  B_SPLINE_CURVE ( 3, ( #179, #6478, #7959, #7230 ),
 .UNSPECIFIED., .F., .T. ) 
 B_SPLINE_CURVE_WITH_KNOTS ( ( 4, 4 ),
 ( 0.000000000000000000, 1.570796326794896558 ),
 .UNSPECIFIED. ) 
 CURVE ( )  GEOMETRIC_REPRESENTATION_ITEM ( )  RATIONAL_B_SPLINE_CURVE ( ( 1.000000000000000000, 0.8047378541243649375, 0.8047378541243649375, 1.000000000000000000 ) ) 
 REPRESENTATION_ITEM ( '' )  );
#7639 = PRESENTATION_STYLE_ASSIGNMENT (( #3004 ) ) ;
#7640 = ADVANCED_FACE ( 'NONE', ( #2784 ), #4073, .F. ) ;
#7641 = FILL_AREA_STYLE ('',( #4636 ) ) ;
#7642 = CARTESIAN_POINT ( 'NONE',  ( 24.31237550419750804, -11.93724077501541281, 42.79184211325463849 ) ) ;
#7643 = CARTESIAN_POINT ( 'NONE',  ( 12.74999999999983480, 15.49999999999897504, 46.40000000000000568 ) ) ;
#7644 = DIRECTION ( 'NONE',  ( 0.7071067811865460184, 0.000000000000000000, 0.7071067811865489050 ) ) ;
#7645 = LINE ( 'NONE', #5365, #8997 ) ;
#7646 = CARTESIAN_POINT ( 'NONE',  ( 24.55811388300841358, 11.50358242896913019, 38.94868329805049001 ) ) ;
#7647 = VERTEX_POINT ( 'NONE', #6830 ) ;
#7648 = LINE ( 'NONE', #338, #7249 ) ;
#7649 = VECTOR ( 'NONE', #8964, 1000.000000000000000 ) ;
#7650 = VECTOR ( 'NONE', #3423, 999.9999999999998863 ) ;
#7651 = ORIENTED_EDGE ( 'NONE', *, *, #769, .F. ) ;
#7652 = VERTEX_POINT ( 'NONE', #4669 ) ;
#7653 = MECHANICAL_DESIGN_GEOMETRIC_PRESENTATION_REPRESENTATION (  '', ( #1875 ), #1364 ) ;
#7654 = COLOUR_RGB ( '',0.2509803921568627416, 0.2509803921568627416, 0.2509803921568627416 ) ;
#7655 = DIRECTION ( 'NONE',  ( -1.000000000000000000, 0.000000000000000000, -0.000000000000000000 ) ) ;
#7656 = PRESENTATION_LAYER_ASSIGNMENT (  '', '', ( #5343 ) ) ;
#7657 = SURFACE_STYLE_FILL_AREA ( #5889 ) ;
#7658 = ORIENTED_EDGE ( 'NONE', *, *, #418, .T. ) ;
#7659 = PRESENTATION_LAYER_ASSIGNMENT (  '', '', ( #4051 ) ) ;
#7660 = CARTESIAN_POINT ( 'NONE',  ( 28.65000000000000213, -9.779240779943883410, 44.50000000000000000 ) ) ;
#7661 = EDGE_CURVE ( 'NONE', #4641, #657, #4537, .T. ) ;
#7662 = ORIENTED_EDGE ( 'NONE', *, *, #6959, .T. ) ;
#7663 = SURFACE_STYLE_FILL_AREA ( #8356 ) ;
#7664 = AXIS2_PLACEMENT_3D ( 'NONE', #5805, #4372, #3508 ) ;
#7665 = LINE ( 'NONE', #8458, #1531 ) ;
#7666 =( NAMED_UNIT ( * ) PLANE_ANGLE_UNIT ( ) SI_UNIT ( $, .RADIAN. ) );
#7667 = CARTESIAN_POINT ( 'NONE',  ( 24.55811388300841003, 11.29879872625426174, 38.52344206978700925 ) ) ;
#7668 = COLOUR_RGB ( '',0.2000000000000000111, 0.2000000000000000111, 0.2000000000000000111 ) ;
#7669 = AXIS2_PLACEMENT_3D ( 'NONE', #6763, #9895, #5986 ) ;
#7670 =( GEOMETRIC_REPRESENTATION_CONTEXT ( 3 ) GLOBAL_UNCERTAINTY_ASSIGNED_CONTEXT ( ( #4327 ) ) GLOBAL_UNIT_ASSIGNED_CONTEXT ( ( #2313, #6325, #5456 ) ) REPRESENTATION_CONTEXT ( 'NONE', 'WORKASPACE' ) );
#7671 = DIRECTION ( 'NONE',  ( 0.9486832980505137680, -0.3162277660168379967, -0.000000000000000000 ) ) ;
#7672 = DIRECTION ( 'NONE',  ( -0.7071067811865451302, 0.7071067811865500152, -0.000000000000000000 ) ) ;
#7673 = EDGE_CURVE ( 'NONE', #9415, #6867, #5847, .T. ) ;
#7674 = LINE ( 'NONE', #7628, #3497 ) ;
#7675 = ORIENTED_EDGE ( 'NONE', *, *, #4198, .T. ) ;
#7676 = LINE ( 'NONE', #7785, #9754 ) ;
#7677 = CIRCLE ( 'NONE', #2223, 0.5000000000000004441 ) ;
#7678 =( GEOMETRIC_REPRESENTATION_CONTEXT ( 3 ) GLOBAL_UNCERTAINTY_ASSIGNED_CONTEXT ( ( #4811 ) ) GLOBAL_UNIT_ASSIGNED_CONTEXT ( ( #9852, #1982, #2835 ) ) REPRESENTATION_CONTEXT ( 'NONE', 'WORKASPACE' ) );
#7679 = MECHANICAL_DESIGN_GEOMETRIC_PRESENTATION_REPRESENTATION (  '', ( #1393 ), #4879 ) ;
#7680 = STYLED_ITEM ( 'NONE', ( #8502 ), #2078 ) ;
#7681 = FACE_OUTER_BOUND ( 'NONE', #9994, .T. ) ;
#7682 = FACE_BOUND ( 'NONE', #5790, .T. ) ;
#7683 = SURFACE_SIDE_STYLE ('',( #3704 ) ) ;
#7684 =( NAMED_UNIT ( * ) SI_UNIT ( $, .STERADIAN. ) SOLID_ANGLE_UNIT ( ) );
#7685 = EDGE_CURVE ( 'NONE', #4107, #7896, #3141, .T. ) ;
#7686 =( NAMED_UNIT ( * ) PLANE_ANGLE_UNIT ( ) SI_UNIT ( $, .RADIAN. ) );
#7687 = ORIENTED_EDGE ( 'NONE', *, *, #7255, .T. ) ;
#7688 = MECHANICAL_DESIGN_GEOMETRIC_PRESENTATION_REPRESENTATION (  '', ( #6187 ), #1239 ) ;
#7689 = AXIS2_PLACEMENT_3D ( 'NONE', #4140, #6336, #5612 ) ;
#7690 =( NAMED_UNIT ( * ) SI_UNIT ( $, .STERADIAN. ) SOLID_ANGLE_UNIT ( ) );
#7691 = UNCERTAINTY_MEASURE_WITH_UNIT (LENGTH_MEASURE( 1.000000000000000082E-05 ), #4838, 'distance_accuracy_value', 'NONE');
#7692 = DIRECTION ( 'NONE',  ( 0.000000000000000000, -1.000000000000000000, 0.000000000000000000 ) ) ;
#7693 = CARTESIAN_POINT ( 'NONE',  ( 31.00000000000002132, 14.99999999999895373, 45.39999999999999858 ) ) ;
#7694 = LINE ( 'NONE', #5405, #559 ) ;
#7695 = LINE ( 'NONE', #9116, #8169 ) ;
#7696 = CARTESIAN_POINT ( 'NONE',  ( 28.64999999999999858, 0.000000000000000000, 38.00000000000000000 ) ) ;
#7697 = DIRECTION ( 'NONE',  ( -0.000000000000000000, -0.000000000000000000, -1.000000000000000000 ) ) ;
#7698 = EDGE_CURVE ( 'NONE', #191, #6920, #8686, .T. ) ;
#7699 = SURFACE_STYLE_FILL_AREA ( #3881 ) ;
#7700 = VERTEX_POINT ( 'NONE', #7889 ) ;
#7701 = SURFACE_STYLE_FILL_AREA ( #9172 ) ;
#7702 = ORIENTED_EDGE ( 'NONE', *, *, #1871, .F. ) ;
#7703 = PRESENTATION_LAYER_ASSIGNMENT (  '', '', ( #1927 ) ) ;
#7704 = ORIENTED_EDGE ( 'NONE', *, *, #7720, .F. ) ;
#7705 = UNCERTAINTY_MEASURE_WITH_UNIT (LENGTH_MEASURE( 1.000000000000000082E-05 ), #7745, 'distance_accuracy_value', 'NONE');
#7706 = PLANE ( 'NONE',  #2752 ) ;
#7707 =( NAMED_UNIT ( * ) SI_UNIT ( $, .STERADIAN. ) SOLID_ANGLE_UNIT ( ) );
#7708 = EDGE_CURVE ( 'NONE', #2385, #6307, #2360, .T. ) ;
#7709 = CARTESIAN_POINT ( 'NONE',  ( 19.15000000000004476, -19.14999999999993108, 47.00000000000000000 ) ) ;
#7710 = CARTESIAN_POINT ( 'NONE',  ( -15.49999999999999645, 15.50000000000000000, 0.000000000000000000 ) ) ;
#7711 = VERTEX_POINT ( 'NONE', #8516 ) ;
#7712 = EDGE_CURVE ( 'NONE', #9183, #10034, #8568, .T. ) ;
#7713 = FILL_AREA_STYLE ('',( #1194 ) ) ;
#7714 = VERTEX_POINT ( 'NONE', #3963 ) ;
#7715 =( NAMED_UNIT ( * ) PLANE_ANGLE_UNIT ( ) SI_UNIT ( $, .RADIAN. ) );
#7716 = FACE_OUTER_BOUND ( 'NONE', #5144, .T. ) ;
#7717 = LINE ( 'NONE', #7621, #7115 ) ;
#7718 = PRESENTATION_LAYER_ASSIGNMENT (  '', '', ( #114 ) ) ;
#7719 = CARTESIAN_POINT ( 'NONE',  ( 0.000000000000000000, 0.000000000000000000, 39.00000000000000000 ) ) ;
#7720 = EDGE_CURVE ( 'NONE', #1652, #9544, #4720, .T. ) ;
#7721 = DIRECTION ( 'NONE',  ( -1.000000000000000000, 0.000000000000000000, 0.000000000000000000 ) ) ;
#7722 = UNCERTAINTY_MEASURE_WITH_UNIT (LENGTH_MEASURE( 1.000000000000000082E-05 ), #95, 'distance_accuracy_value', 'NONE');
#7723 = CARTESIAN_POINT ( 'NONE',  ( 48.64999999999999858, -1.478586710707345573E-14, 42.19878066911801540 ) ) ;
#7724 = CARTESIAN_POINT ( 'NONE',  ( -15.00000000000016165, 13.69999999999897611, 45.39999999999999858 ) ) ;
#7725 = MECHANICAL_DESIGN_GEOMETRIC_PRESENTATION_REPRESENTATION (  '', ( #1777 ), #8241 ) ;
#7726 = EDGE_LOOP ( 'NONE', ( #4661, #614, #5068, #417 ) ) ;
#7727 = SURFACE_STYLE_FILL_AREA ( #5296 ) ;
#7728 = CARTESIAN_POINT ( 'NONE',  ( 27.64999999999999858, -9.779240779943883410, 42.49999999999999289 ) ) ;
#7729 = CARTESIAN_POINT ( 'NONE',  ( -15.50000000000016520, 15.49999999999897504, 46.40000000000000568 ) ) ;
#7730 = PRESENTATION_STYLE_ASSIGNMENT (( #9198 ) ) ;
#7731 = FILL_AREA_STYLE_COLOUR ( '', #8493 ) ;
#7732 = VERTEX_POINT ( 'NONE', #6938 ) ;
#7733 = CARTESIAN_POINT ( 'NONE',  ( 0.000000000000000000, 0.000000000000000000, 0.000000000000000000 ) ) ;
#7734 = CIRCLE ( 'NONE', #9045, 1.249999999999999334 ) ;
#7735 =( LENGTH_UNIT ( ) NAMED_UNIT ( * ) SI_UNIT ( .MILLI., .METRE. ) );
#7736 = CARTESIAN_POINT ( 'NONE',  ( 24.55811388300841713, -11.50358242896913730, 42.05131670194948157 ) ) ;
#7737 = STYLED_ITEM ( 'NONE', ( #5244 ), #9982 ) ;
#7738 = FACE_OUTER_BOUND ( 'NONE', #5719, .T. ) ;
#7739 = CARTESIAN_POINT ( 'NONE',  ( 21.14999999999999858, 21.14999999999999858, 6.000000000000000000 ) ) ;
#7740 = ADVANCED_FACE ( 'NONE', ( #7097 ), #3852, .F. ) ;
#7741 = DIRECTION ( 'NONE',  ( 0.000000000000000000, 0.000000000000000000, -1.000000000000000000 ) ) ;
#7742 = SURFACE_SIDE_STYLE ('',( #6228 ) ) ;
#7743 = EDGE_LOOP ( 'NONE', ( #7704, #8955, #7254, #10131 ) ) ;
#7744 = AXIS2_PLACEMENT_3D ( 'NONE', #8322, #3513, #1118 ) ;
#7745 =( LENGTH_UNIT ( ) NAMED_UNIT ( * ) SI_UNIT ( .MILLI., .METRE. ) );
#7746 =( GEOMETRIC_REPRESENTATION_CONTEXT ( 3 ) GLOBAL_UNCERTAINTY_ASSIGNED_CONTEXT ( ( #3810 ) ) GLOBAL_UNIT_ASSIGNED_CONTEXT ( ( #1512, #786, #844 ) ) REPRESENTATION_CONTEXT ( 'NONE', 'WORKASPACE' ) );
#7747 = CARTESIAN_POINT ( 'NONE',  ( -15.49999999999999645, 15.50000000000000000, 4.500000000000000888 ) ) ;
#7748 = ORIENTED_EDGE ( 'NONE', *, *, #446, .T. ) ;
#7749 = STYLED_ITEM ( 'NONE', ( #4782 ), #1189 ) ;
#7750 = FILL_AREA_STYLE ('',( #9272 ) ) ;
#7751 = CARTESIAN_POINT ( 'NONE',  ( 5.856886116991575797, -17.57065835097474604, 43.00000000000000000 ) ) ;
#7752 = DIRECTION ( 'NONE',  ( 0.000000000000000000, 0.000000000000000000, -1.000000000000000000 ) ) ;
#7753 = EDGE_LOOP ( 'NONE', ( #2352, #4947, #7150, #7455, #6741, #5118 ) ) ;
#7754 = CARTESIAN_POINT ( 'NONE',  ( 24.05811388300841358, 11.50358242896913019, 0.000000000000000000 ) ) ;
#7755 = STYLED_ITEM ( 'NONE', ( #6610 ), #5871 ) ;
#7756 = EDGE_CURVE ( 'NONE', #9800, #9507, #8090, .T. ) ;
#7757 = PRESENTATION_LAYER_ASSIGNMENT (  '', '', ( #9708 ) ) ;
#7758 = ORIENTED_EDGE ( 'NONE', *, *, #4328, .T. ) ;
#7759 = LINE ( 'NONE', #6974, #3400 ) ;
#7760 =( NAMED_UNIT ( * ) PLANE_ANGLE_UNIT ( ) SI_UNIT ( $, .RADIAN. ) );
#7761 = DIRECTION ( 'NONE',  ( -0.000000000000000000, -1.000000000000000000, 0.000000000000000000 ) ) ;
#7762 =( NAMED_UNIT ( * ) SI_UNIT ( $, .STERADIAN. ) SOLID_ANGLE_UNIT ( ) );
#7763 = CARTESIAN_POINT ( 'NONE',  ( 25.05811388300841358, 11.17024909563579627, 41.99999999999999289 ) ) ;
#7764 =( LENGTH_UNIT ( ) NAMED_UNIT ( * ) SI_UNIT ( .MILLI., .METRE. ) );
#7765 = ORIENTED_EDGE ( 'NONE', *, *, #9990, .F. ) ;
#7766 = AXIS2_PLACEMENT_3D ( 'NONE', #8131, #7340, #6596 ) ;
#7767 = VECTOR ( 'NONE', #4565, 1000.000000000000000 ) ;
#7768 = VERTEX_POINT ( 'NONE', #4162 ) ;
#7769 = DIRECTION ( 'NONE',  ( -0.000000000000000000, -0.000000000000000000, 1.000000000000000000 ) ) ;
#7770 = EDGE_CURVE ( 'NONE', #4691, #1909, #1910, .T. ) ;
#7771 = ORIENTED_EDGE ( 'NONE', *, *, #3035, .T. ) ;
#7772 =( NAMED_UNIT ( * ) PLANE_ANGLE_UNIT ( ) SI_UNIT ( $, .RADIAN. ) );
#7773 = AXIS2_PLACEMENT_3D ( 'NONE', #2762, #5877, #9027 ) ;
#7774 = CARTESIAN_POINT ( 'NONE',  ( 28.31042662533636189, 6.534525835925892423, 38.51441918783147145 ) ) ;
#7775 = PRESENTATION_STYLE_ASSIGNMENT (( #6090 ) ) ;
#7776 = PLANE ( 'NONE',  #4306 ) ;
#7777 = EDGE_CURVE ( 'NONE', #8220, #5249, #258, .T. ) ;
#7778 = AXIS2_PLACEMENT_3D ( 'NONE', #7754, #10193, #2270 ) ;
#7779 = SURFACE_SIDE_STYLE ('',( #7101 ) ) ;
#7780 = PRESENTATION_STYLE_ASSIGNMENT (( #2879 ) ) ;
#7781 = DIRECTION ( 'NONE',  ( 1.000000000000000000, 0.000000000000000000, 0.000000000000000000 ) ) ;
#7782 =( GEOMETRIC_REPRESENTATION_CONTEXT ( 3 ) GLOBAL_UNCERTAINTY_ASSIGNED_CONTEXT ( ( #4787 ) ) GLOBAL_UNIT_ASSIGNED_CONTEXT ( ( #4868, #5679, #6502 ) ) REPRESENTATION_CONTEXT ( 'NONE', 'WORKASPACE' ) );
#7783 = FACE_OUTER_BOUND ( 'NONE', #9374, .T. ) ;
#7784 = ORIENTED_EDGE ( 'NONE', *, *, #646, .T. ) ;
#7785 = CARTESIAN_POINT ( 'NONE',  ( -13.70000000000016094, -31.00000000000000000, 45.39999999999999858 ) ) ;
#7786 = CARTESIAN_POINT ( 'NONE',  ( 21.14999999999999858, 21.14999999999999858, 39.00000000000000000 ) ) ;
#7787 = DIRECTION ( 'NONE',  ( 0.000000000000000000, 0.000000000000000000, 1.000000000000000000 ) ) ;
#7788 = FILL_AREA_STYLE ('',( #519 ) ) ;
#7789 = AXIS2_PLACEMENT_3D ( 'NONE', #7747, #1541, #5367 ) ;
#7790 = FACE_OUTER_BOUND ( 'NONE', #7440, .T. ) ;
#7791 = VECTOR ( 'NONE', #7883, 1000.000000000000000 ) ;
#7792 = VERTEX_POINT ( 'NONE', #9560 ) ;
#7793 = CARTESIAN_POINT ( 'NONE',  ( -15.50000000000016520, 15.49999999999897504, 47.00000000000000000 ) ) ;
#7794 = UNCERTAINTY_MEASURE_WITH_UNIT (LENGTH_MEASURE( 1.000000000000000082E-05 ), #6754, 'distance_accuracy_value', 'NONE');
#7795 = FILL_AREA_STYLE_COLOUR ( '', #3300 ) ;
#7796 = DIRECTION ( 'NONE',  ( 0.000000000000000000, -1.000000000000000000, 0.000000000000000000 ) ) ;
#7797 = CARTESIAN_POINT ( 'NONE',  ( 15.50000000000010481, -15.49999999999989164, -2.266821225221747863E-17 ) ) ;
#7798 = DIRECTION ( 'NONE',  ( 0.000000000000000000, 1.000000000000000000, 0.000000000000000000 ) ) ;
#7799 = FILL_AREA_STYLE ('',( #5610 ) ) ;
#7800 = FACE_OUTER_BOUND ( 'NONE', #6058, .T. ) ;
#7801 = ORIENTED_EDGE ( 'NONE', *, *, #6681, .T. ) ;
#7802 = CARTESIAN_POINT ( 'NONE',  ( 48.64999999999999858, 8.673617379884035472E-16, 40.00243866176395358 ) ) ;
#7803 = SURFACE_STYLE_FILL_AREA ( #8550 ) ;
#7804 = VERTEX_POINT ( 'NONE', #995 ) ;
#7805 = DIRECTION ( 'NONE',  ( 0.000000000000000000, 0.000000000000000000, -1.000000000000000000 ) ) ;
#7806 =( LENGTH_UNIT ( ) NAMED_UNIT ( * ) SI_UNIT ( .MILLI., .METRE. ) );
#7807 = FILL_AREA_STYLE_COLOUR ( '', #10148 ) ;
#7809 = ADVANCED_FACE ( 'NONE', ( #6409 ), #8048, .T. ) ;
#7808 = ORIENTED_EDGE ( 'NONE', *, *, #418, .F. ) ;
#7810 = SURFACE_SIDE_STYLE ('',( #603 ) ) ;
#7811 = EDGE_LOOP ( 'NONE', ( #6290, #8998, #6550, #7383, #7702, #2405, #6658, #6728 ) ) ;
#7812 = CARTESIAN_POINT ( 'NONE',  ( 4.270088556250320273E-14, 15.99999999999893241, 46.39999999999999858 ) ) ;
#7813 = PLANE ( 'NONE',  #4561 ) ;
#7814 = CARTESIAN_POINT ( 'NONE',  ( -14.24999999999994316, -15.50000000000004974, 0.000000000000000000 ) ) ;
#7815 = FILL_AREA_STYLE ('',( #10137 ) ) ;
#7816 = SURFACE_STYLE_USAGE ( .BOTH. , #5378 ) ;
#7817 = DIRECTION ( 'NONE',  ( -0.000000000000000000, -1.000000000000000000, 0.000000000000000000 ) ) ;
#7818 = ORIENTED_EDGE ( 'NONE', *, *, #3218, .T. ) ;
#7819 = PRESENTATION_LAYER_ASSIGNMENT (  '', '', ( #9107 ) ) ;
#7820 = EDGE_CURVE ( 'NONE', #9015, #3016, #1576, .T. ) ;
#7821 = ORIENTED_EDGE ( 'NONE', *, *, #5358, .F. ) ;
#7822 = SURFACE_STYLE_FILL_AREA ( #1451 ) ;
#7823 = ORIENTED_EDGE ( 'NONE', *, *, #4366, .T. ) ;
#7824 = CARTESIAN_POINT ( 'NONE',  ( 28.54983341605690228, 6.634653378354149034, 42.69272663487034691 ) ) ;
#7825 = VECTOR ( 'NONE', #6303, 1000.000000000000000 ) ;
#7826 = MANIFOLD_SOLID_BREP ( 'Í¹Ì¨-À­Éì11[4]', #1753 ) ;
#7827 = DIRECTION ( 'NONE',  ( 5.337610695313264006E-15, -1.000000000000000000, 0.000000000000000000 ) ) ;
#7828 = VECTOR ( 'NONE', #6065, 1000.000000000000000 ) ;
#7829 = SURFACE_SIDE_STYLE ('',( #733 ) ) ;
#7830 = CARTESIAN_POINT ( 'NONE',  ( 27.64999999999999858, 6.520106648094790458, 42.49999999999999289 ) ) ;
#7831 = DIRECTION ( 'NONE',  ( -0.000000000000000000, -0.000000000000000000, 1.000000000000000000 ) ) ;
#7832 = DIRECTION ( 'NONE',  ( -1.334402673828310480E-15, -1.000000000000000000, 0.000000000000000000 ) ) ;
#7833 = FACE_OUTER_BOUND ( 'NONE', #2604, .T. ) ;
#7834 = UNCERTAINTY_MEASURE_WITH_UNIT (LENGTH_MEASURE( 1.000000000000000082E-05 ), #7526, 'distance_accuracy_value', 'NONE');
#7835 = EDGE_CURVE ( 'NONE', #8401, #671, #7207, .T. ) ;
#7836 = SURFACE_STYLE_FILL_AREA ( #2129 ) ;
#7837 =( GEOMETRIC_REPRESENTATION_CONTEXT ( 3 ) GLOBAL_UNCERTAINTY_ASSIGNED_CONTEXT ( ( #2867 ) ) GLOBAL_UNIT_ASSIGNED_CONTEXT ( ( #1694, #86, #8846 ) ) REPRESENTATION_CONTEXT ( 'NONE', 'WORKASPACE' ) );
#7838 = CARTESIAN_POINT ( 'NONE',  ( 27.96622776601683569, -10.72792407799439474, 44.50000000000001421 ) ) ;
#7839 = DIRECTION ( 'NONE',  ( 0.7071067811865451302, 0.7071067811865500152, -0.000000000000000000 ) ) ;
#7840 = ORIENTED_EDGE ( 'NONE', *, *, #6892, .F. ) ;
#7841 = DIRECTION ( 'NONE',  ( 0.000000000000000000, 0.000000000000000000, 1.000000000000000000 ) ) ;
#7842 = AXIS2_PLACEMENT_3D ( 'NONE', #7844, #2311, #5598 ) ;
#7843 =( GEOMETRIC_REPRESENTATION_CONTEXT ( 3 ) GLOBAL_UNCERTAINTY_ASSIGNED_CONTEXT ( ( #1960 ) ) GLOBAL_UNIT_ASSIGNED_CONTEXT ( ( #8345, #5939, #6659 ) ) REPRESENTATION_CONTEXT ( 'NONE', 'WORKASPACE' ) );
#7844 = CARTESIAN_POINT ( 'NONE',  ( 0.000000000000000000, 0.000000000000000000, 1.000000000000000000 ) ) ;
#7845 = DIRECTION ( 'NONE',  ( 1.000000000000000000, 0.000000000000000000, 0.000000000000000000 ) ) ;
#7846 = DIRECTION ( 'NONE',  ( -1.000000000000000000, 2.668805347656620959E-15, 0.000000000000000000 ) ) ;
#7847 = PRESENTATION_STYLE_ASSIGNMENT (( #10056 ) ) ;
#7848 = EDGE_LOOP ( 'NONE', ( #932, #8335, #1606, #7513 ) ) ;
#7849 = DIRECTION ( 'NONE',  ( 1.000000000000000000, 0.000000000000000000, 0.000000000000000000 ) ) ;
#7851 = CIRCLE ( 'NONE', #241, 2.750000000000000888 ) ;
#7850 = DIRECTION ( 'NONE',  ( 0.7071067811865462405, -0.7071067811865489050, 0.000000000000000000 ) ) ;
#7852 = VECTOR ( 'NONE', #3488, 1000.000000000000000 ) ;
#7853 = EDGE_CURVE ( 'NONE', #9775, #40, #5942, .T. ) ;
#7854 = DIRECTION ( 'NONE',  ( 0.000000000000000000, 0.000000000000000000, -1.000000000000000000 ) ) ;
#7855 = DIRECTION ( 'NONE',  ( 1.000000000000000000, 0.000000000000000000, 0.000000000000000000 ) ) ;
#7856 = CARTESIAN_POINT ( 'NONE',  ( -16.00000000000015987, -17.30000000000102389, 45.39999999999999858 ) ) ;
#7857 =( GEOMETRIC_REPRESENTATION_CONTEXT ( 3 ) GLOBAL_UNCERTAINTY_ASSIGNED_CONTEXT ( ( #1310 ) ) GLOBAL_UNIT_ASSIGNED_CONTEXT ( ( #3952, #9343, #7762 ) ) REPRESENTATION_CONTEXT ( 'NONE', 'WORKASPACE' ) );
#7858 =( NAMED_UNIT ( * ) SI_UNIT ( $, .STERADIAN. ) SOLID_ANGLE_UNIT ( ) );
#7859 =( GEOMETRIC_REPRESENTATION_CONTEXT ( 3 ) GLOBAL_UNCERTAINTY_ASSIGNED_CONTEXT ( ( #4406 ) ) GLOBAL_UNIT_ASSIGNED_CONTEXT ( ( #8119, #1796, #5523 ) ) REPRESENTATION_CONTEXT ( 'NONE', 'WORKASPACE' ) );
#7860 = VECTOR ( 'NONE', #3194, 1000.000000000000000 ) ;
#7861 = FILL_AREA_STYLE_COLOUR ( '', #5595 ) ;
#7862 = STYLED_ITEM ( 'NONE', ( #7775 ), #5739 ) ;
#7863 = ORIENTED_EDGE ( 'NONE', *, *, #9430, .F. ) ;
#7864 = EDGE_CURVE ( 'NONE', #4928, #7732, #1143, .T. ) ;
#7865 = SURFACE_STYLE_FILL_AREA ( #5468 ) ;
#7866 = SURFACE_STYLE_USAGE ( .BOTH. , #28 ) ;
#7867 = PLANE ( 'NONE',  #6951 ) ;
#7868 = EDGE_LOOP ( 'NONE', ( #6339, #6548, #1936, #2143 ) ) ;
#7869 = CARTESIAN_POINT ( 'NONE',  ( 21.15000000000000213, -13.00000000000000355, 38.99999999999999289 ) ) ;
#7870 = ADVANCED_FACE ( 'NONE', ( #7510 ), #5221, .T. ) ;
#7871 = MANIFOLD_SOLID_BREP ( 'Í¹Ì¨-À­Éì11[2]', #7040 ) ;
#7872 = MECHANICAL_DESIGN_GEOMETRIC_PRESENTATION_REPRESENTATION (  '', ( #3909 ), #1583 ) ;
#7873 = VERTEX_POINT ( 'NONE', #1285 ) ;
#7874 = ORIENTED_EDGE ( 'NONE', *, *, #1264, .T. ) ;
#7875 = DIRECTION ( 'NONE',  ( -0.000000000000000000, 0.000000000000000000, 1.000000000000000000 ) ) ;
#7876 = PLANE ( 'NONE',  #887 ) ;
#7877 = CARTESIAN_POINT ( 'NONE',  ( 21.14999999999999858, 21.14999999999999858, 37.00000000000000000 ) ) ;
#7878 = CARTESIAN_POINT ( 'NONE',  ( -14.24999999999999645, 15.50000000000000000, 4.500000000000000888 ) ) ;
#7879 = CARTESIAN_POINT ( 'NONE',  ( 21.14999999999999858, 21.14999999999999858, 47.00000000000000000 ) ) ;
#7881 = EDGE_CURVE ( 'NONE', #8136, #4001, #9086, .T. ) ;
#7880 = ORIENTED_EDGE ( 'NONE', *, *, #1811, .F. ) ;
#7882 = EDGE_LOOP ( 'NONE', ( #4141, #8304, #3284, #3358, #8639, #6182, #1502, #5200, #343, #9604, #5413, #9802 ) ) ;
#7883 = DIRECTION ( 'NONE',  ( -0.000000000000000000, -0.000000000000000000, 1.000000000000000000 ) ) ;
#7884 = ORIENTED_EDGE ( 'NONE', *, *, #9817, .T. ) ;
#7885 = CARTESIAN_POINT ( 'NONE',  ( 28.28087395097022494, 6.994079317480735192, 42.51301366530702097 ) ) ;
#7886 = EDGE_CURVE ( 'NONE', #9183, #1342, #8536, .T. ) ;
#7887 = CARTESIAN_POINT ( 'NONE',  ( 28.64999999999999858, 6.020106648094789570, 38.00000000000000000 ) ) ;
#7888 = FACE_OUTER_BOUND ( 'NONE', #889, .T. ) ;
#7889 = CARTESIAN_POINT ( 'NONE',  ( 28.64999999999999858, 8.673617379884035472E-16, 40.00243866176395358 ) ) ;
#7890 = CARTESIAN_POINT ( 'NONE',  ( 24.55811388300841358, 11.39630482284045598, 42.01739254424509085 ) ) ;
#7891 = ADVANCED_FACE ( 'NONE', ( #9132 ), #7608, .T. ) ;
#7892 = FILL_AREA_STYLE_COLOUR ( '', #5738 ) ;
#7893 = PRESENTATION_LAYER_ASSIGNMENT (  '', '', ( #6540 ) ) ;
#7894 = SURFACE_SIDE_STYLE ('',( #4726 ) ) ;
#7895 = CARTESIAN_POINT ( 'NONE',  ( 2.001604010742336977E-14, -16.00000000000104805, 45.39999999999999858 ) ) ;
#7896 = VERTEX_POINT ( 'NONE', #9446 ) ;
#7897 = STYLED_ITEM ( 'NONE', ( #9150 ), #3144 ) ;
#7898 = EDGE_CURVE ( 'NONE', #2164, #7496, #5539, .T. ) ;
#7899 =( NAMED_UNIT ( * ) SI_UNIT ( $, .STERADIAN. ) SOLID_ANGLE_UNIT ( ) );
#7900 = CARTESIAN_POINT ( 'NONE',  ( 28.21546164077680174, -6.520106648094795787, 38.99999999996729372 ) ) ;
#7901 = CARTESIAN_POINT ( 'NONE',  ( 27.64999999999999858, 9.779240779943870976, 0.000000000000000000 ) ) ;
#7902 = EDGE_LOOP ( 'NONE', ( #8140, #9502, #8897, #1712, #826, #602 ) ) ;
#7903 = COLOUR_RGB ( '',0.2509803921568627416, 0.2509803921568627416, 0.2509803921568627416 ) ;
#7904 = DIRECTION ( 'NONE',  ( 0.000000000000000000, 0.000000000000000000, 1.000000000000000000 ) ) ;
#7905 = EDGE_CURVE ( 'NONE', #8759, #5785, #777, .T. ) ;
#7906 = VECTOR ( 'NONE', #4423, 1000.000000000000114 ) ;
#7907 = ORIENTED_EDGE ( 'NONE', *, *, #3078, .T. ) ;
#7908 = PLANE ( 'NONE',  #9310 ) ;
#7909 = SURFACE_STYLE_FILL_AREA ( #6436 ) ;
#7910 = SURFACE_STYLE_FILL_AREA ( #7799 ) ;
#7911 = DIRECTION ( 'NONE',  ( 0.000000000000000000, -0.000000000000000000, -1.000000000000000000 ) ) ;
#7912 = CARTESIAN_POINT ( 'NONE',  ( 25.05811388300841358, 11.17024909563579627, 38.50000000000000000 ) ) ;
#7913 = EDGE_LOOP ( 'NONE', ( #8859, #2409, #7137, #2012, #7487, #1574, #8926, #8705 ) ) ;
#7914 =( GEOMETRIC_REPRESENTATION_CONTEXT ( 3 ) GLOBAL_UNCERTAINTY_ASSIGNED_CONTEXT ( ( #3051 ) ) GLOBAL_UNIT_ASSIGNED_CONTEXT ( ( #8240, #2422, #3252 ) ) REPRESENTATION_CONTEXT ( 'NONE', 'WORKASPACE' ) );
#7915 = CARTESIAN_POINT ( 'NONE',  ( 24.55811388300841358, 10.80986948560773619, 42.49999999999999289 ) ) ;
#7916 = PRESENTATION_STYLE_ASSIGNMENT (( #4898 ) ) ;
#7917 = EDGE_CURVE ( 'NONE', #3182, #8605, #2344, .T. ) ;
#7918 = EDGE_LOOP ( 'NONE', ( #2281, #9517, #3644, #4715 ) ) ;
#7919 = PRESENTATION_LAYER_ASSIGNMENT (  '', '', ( #801 ) ) ;
#7920 = LINE ( 'NONE', #6392, #6730 ) ;
#7921 = SURFACE_STYLE_USAGE ( .BOTH. , #7136 ) ;
#7922 = ORIENTED_EDGE ( 'NONE', *, *, #1222, .T. ) ;
#7923 = CYLINDRICAL_SURFACE ( 'NONE', #7778, 0.5000000000000004441 ) ;
#7924 = ORIENTED_EDGE ( 'NONE', *, *, #7539, .F. ) ;
#7925 = PRESENTATION_LAYER_ASSIGNMENT (  '', '', ( #9696 ) ) ;
#7926 = DIRECTION ( 'NONE',  ( -1.000000000000000000, 0.000000000000000000, 0.000000000000000000 ) ) ;
#7927 =( GEOMETRIC_REPRESENTATION_CONTEXT ( 3 ) GLOBAL_UNCERTAINTY_ASSIGNED_CONTEXT ( ( #3360 ) ) GLOBAL_UNIT_ASSIGNED_CONTEXT ( ( #2239, #3856, #3916 ) ) REPRESENTATION_CONTEXT ( 'NONE', 'WORKASPACE' ) );
#7928 =( NAMED_UNIT ( * ) SI_UNIT ( $, .STERADIAN. ) SOLID_ANGLE_UNIT ( ) );
#7929 = PRESENTATION_STYLE_ASSIGNMENT (( #5480 ) ) ;
#7930 =( NAMED_UNIT ( * ) SI_UNIT ( $, .STERADIAN. ) SOLID_ANGLE_UNIT ( ) );
#7931 = AXIS2_PLACEMENT_3D ( 'NONE', #9315, #8579, #7845 ) ;
#7932 = CARTESIAN_POINT ( 'NONE',  ( 0.000000000000000000, 0.000000000000000000, 6.000000000000000000 ) ) ;
#7933 = CARTESIAN_POINT ( 'NONE',  ( 4.270088556250320273E-14, 15.99999999999893241, 45.39999999999999858 ) ) ;
#7934 = ORIENTED_EDGE ( 'NONE', *, *, #1193, .F. ) ;
#7935 = CONICAL_SURFACE ( 'NONE', #3316, 2.750000000000000888, 0.7853981633974461696 ) ;
#7936 = PRESENTATION_LAYER_ASSIGNMENT (  '', '', ( #4777 ) ) ;
#7937 = AXIS2_PLACEMENT_3D ( 'NONE', #6067, #3113, #1538 ) ;
#7938 = ORIENTED_EDGE ( 'NONE', *, *, #8157, .F. ) ;
#7939 = EDGE_LOOP ( 'NONE', ( #8324, #5281, #5071, #3534 ) ) ;
#7940 = LINE ( 'NONE', #50, #4608 ) ;
#7941 =( NAMED_UNIT ( * ) SI_UNIT ( $, .STERADIAN. ) SOLID_ANGLE_UNIT ( ) );
#7942 = PRESENTATION_LAYER_ASSIGNMENT (  '', '', ( #8755 ) ) ;
#7943 = STYLED_ITEM ( 'NONE', ( #2444 ), #8276 ) ;
#7944 = DIRECTION ( 'NONE',  ( -1.000000000000000000, 2.668805347656628059E-15, 0.000000000000000000 ) ) ;
#7945 = UNCERTAINTY_MEASURE_WITH_UNIT (LENGTH_MEASURE( 1.000000000000000082E-05 ), #5336, 'distance_accuracy_value', 'NONE');
#7946 =( NAMED_UNIT ( * ) SI_UNIT ( $, .STERADIAN. ) SOLID_ANGLE_UNIT ( ) );
#7947 = CARTESIAN_POINT ( 'NONE',  ( -17.15000000000000568, 21.14999999999999858, 37.00000000000000000 ) ) ;
#7948 = CIRCLE ( 'NONE', #4297, 3.349999999999993427 ) ;
#7949 = ORIENTED_EDGE ( 'NONE', *, *, #3933, .T. ) ;
#7950 = EDGE_CURVE ( 'NONE', #6563, #5419, #3413, .T. ) ;
#7951 = DIRECTION ( 'NONE',  ( 1.000000000000000000, 0.000000000000000000, 0.000000000000000000 ) ) ;
#7952 = VECTOR ( 'NONE', #6507, 1000.000000000000000 ) ;
#7953 = PRESENTATION_STYLE_ASSIGNMENT (( #3149 ) ) ;
#7954 = COLOUR_RGB ( '',0.2509803921568627416, 0.2509803921568627416, 0.2509803921568627416 ) ;
#7955 = CARTESIAN_POINT ( 'NONE',  ( 14.25000000000010481, -15.49999999999989164, 0.000000000000000000 ) ) ;
#7956 = UNCERTAINTY_MEASURE_WITH_UNIT (LENGTH_MEASURE( 1.000000000000000082E-05 ), #3398, 'distance_accuracy_value', 'NONE');
#7957 = VECTOR ( 'NONE', #5470, 1000.000000000000000 ) ;
#7958 = AXIS2_PLACEMENT_3D ( 'NONE', #3651, #6988, #509 ) ;
#7959 = CARTESIAN_POINT ( 'NONE',  ( 28.64999999999999858, 6.312999866908240776, 42.41421356237309226 ) ) ;
#7960 = ORIENTED_EDGE ( 'NONE', *, *, #6117, .F. ) ;
#7961 = EDGE_CURVE ( 'NONE', #6262, #6656, #10198, .T. ) ;
#7962 = DIRECTION ( 'NONE',  ( 0.000000000000000000, -1.000000000000000000, 0.000000000000000000 ) ) ;
#7963 = STYLED_ITEM ( 'NONE', ( #9909 ), #3996 ) ;
#7964 = SURFACE_STYLE_USAGE ( .BOTH. , #5657 ) ;
#7965 = STYLED_ITEM ( 'NONE', ( #869 ), #9274 ) ;
#7966 = ORIENTED_EDGE ( 'NONE', *, *, #9321, .T. ) ;
#7967 = SURFACE_STYLE_FILL_AREA ( #1636 ) ;
#7969 =( NAMED_UNIT ( * ) PLANE_ANGLE_UNIT ( ) SI_UNIT ( $, .RADIAN. ) );
#7968 = COLOUR_RGB ( '',0.2509803921568627416, 0.2509803921568627416, 0.2509803921568627416 ) ;
#7970 = PRESENTATION_STYLE_ASSIGNMENT (( #8545 ) ) ;
#7971 = SURFACE_STYLE_USAGE ( .BOTH. , #4794 ) ;
#7972 = VERTEX_POINT ( 'NONE', #556 ) ;
#7973 = LINE ( 'NONE', #5518, #6354 ) ;
#7974 =( NAMED_UNIT ( * ) PLANE_ANGLE_UNIT ( ) SI_UNIT ( $, .RADIAN. ) );
#7975 = EDGE_LOOP ( 'NONE', ( #4278, #7558, #424, #9834, #201, #10079, #6602, #8296, #781, #5451, #4440, #9062 ) ) ;
#7976 = EDGE_CURVE ( 'NONE', #2538, #3677, #6195, .T. ) ;
#7977 = FILL_AREA_STYLE_COLOUR ( '', #9375 ) ;
#7978 =( GEOMETRIC_REPRESENTATION_CONTEXT ( 3 ) GLOBAL_UNCERTAINTY_ASSIGNED_CONTEXT ( ( #4183 ) ) GLOBAL_UNIT_ASSIGNED_CONTEXT ( ( #9316, #9373, #1475 ) ) REPRESENTATION_CONTEXT ( 'NONE', 'WORKASPACE' ) );
#7979 = SURFACE_STYLE_FILL_AREA ( #4143 ) ;
#7980 = AXIS2_PLACEMENT_3D ( 'NONE', #5731, #5632, #5072 ) ;
#7981 = ORIENTED_EDGE ( 'NONE', *, *, #9901, .T. ) ;
#7982 = LINE ( 'NONE', #1892, #4499 ) ;
#7983 = ORIENTED_EDGE ( 'NONE', *, *, #9113, .T. ) ;
#7984 = CYLINDRICAL_SURFACE ( 'NONE', #10184, 0.5000000000000004441 ) ;
#7985 = LINE ( 'NONE', #3378, #2750 ) ;
#7986 = CARTESIAN_POINT ( 'NONE',  ( 24.21622776601682858, 11.97792407799438585, 38.00000000000000000 ) ) ;
#7987 = FACE_OUTER_BOUND ( 'NONE', #7913, .T. ) ;
#7988 = ORIENTED_EDGE ( 'NONE', *, *, #4870, .T. ) ;
#7989 = COLOUR_RGB ( '',0.2509803921568627416, 0.2509803921568627416, 0.2509803921568627416 ) ;
#7990 =( BOUNDED_SURFACE ( )  B_SPLINE_SURFACE ( 3, 2, ( 
 ( #5502, #2482, #4732 ),
 ( #7900, #9479, #1011 ),
 ( #2542, #5599, #4935 ),
 ( #3978, #4178, #7111 ),
 ( #8780, #1681, #910 ),
 ( #7227, #6427, #5650 ),
 ( #8059, #1835, #2629 ),
 ( #4992, #4224, #8158 ),
 ( #6525, #5751, #9668 ),
 ( #1059, #8923, #7369 ) ),
 .UNSPECIFIED., .F., .F., .T. ) 
 B_SPLINE_SURFACE_WITH_KNOTS ( ( 4, 2, 2, 2, 4 ),
 ( 3, 3 ),
 ( 3.141592653589793116, 3.534291735288517255, 3.926990816987241395, 4.319689898685965090, 4.712388980384689674 ),
 ( 0.000000000000000000, 1.000000000000000000 ),
 .UNSPECIFIED. ) 
 GEOMETRIC_REPRESENTATION_ITEM ( )  RATIONAL_B_SPLINE_SURFACE ( (
 ( 1.000000000000000000, 0.7071067811865475727, 1.000000000000000000),
 ( 1.000000000000000000, 0.7066757558486976842, 1.000000000000000000),
 ( 1.000000000000000000, 0.7265517405482708746, 1.000000000000000000),
 ( 1.000000000000000000, 0.7876784991489322874, 1.000000000000000000),
 ( 1.000000000000000000, 0.8282379324245165986, 1.000000000000000000),
 ( 1.000000000000000000, 0.9038128751443589293, 1.000000000000000000),
 ( 1.000000000000000000, 0.9386556568292464542, 1.000000000000000000),
 ( 1.000000000000000000, 0.9867291829330676611, 1.000000000000000000),
 ( 1.000000000000000000, 1.000158585517645360, 1.000000000000000000),
 ( 1.000000000000000000, 1.000000000000000000, 1.000000000000000000) ) ) 
 REPRESENTATION_ITEM ( '' )  SURFACE ( )  );
#7991 = VERTEX_POINT ( 'NONE', #3737 ) ;
#7992 = ORIENTED_EDGE ( 'NONE', *, *, #4144, .F. ) ;
#7993 = CIRCLE ( 'NONE', #6480, 25.00000000000000000 ) ;
#7994 = DIRECTION ( 'NONE',  ( 0.9805806756909204447, 0.000000000000000000, 0.1961161351381824902 ) ) ;
#7995 = DIRECTION ( 'NONE',  ( 1.000000000000000000, 0.000000000000000000, 0.000000000000000000 ) ) ;
#7996 = CARTESIAN_POINT ( 'NONE',  ( 27.64999999999999858, 7.020106648094791346, 39.00000000000000000 ) ) ;
#7997 = SURFACE_STYLE_USAGE ( .BOTH. , #7779 ) ;
#7998 = ORIENTED_EDGE ( 'NONE', *, *, #4034, .F. ) ;
#7999 = CARTESIAN_POINT ( 'NONE',  ( -13.70000000000016094, 0.000000000000000000, 46.39999999999999858 ) ) ;
#8000 = CARTESIAN_POINT ( 'NONE',  ( 24.81157117638676368, 11.64791570264770471, 42.66542491933771686 ) ) ;
#8001 = EDGE_CURVE ( 'NONE', #8072, #8445, #5535, .T. ) ;
#8002 = MECHANICAL_DESIGN_GEOMETRIC_PRESENTATION_REPRESENTATION (  '', ( #6007 ), #9127 ) ;
#8003 = SURFACE_STYLE_USAGE ( .BOTH. , #3145 ) ;
#8004 =( GEOMETRIC_REPRESENTATION_CONTEXT ( 3 ) GLOBAL_UNCERTAINTY_ASSIGNED_CONTEXT ( ( #10168 ) ) GLOBAL_UNIT_ASSIGNED_CONTEXT ( ( #9826, #2005, #9924 ) ) REPRESENTATION_CONTEXT ( 'NONE', 'WORKASPACE' ) );
#8005 = ORIENTED_EDGE ( 'NONE', *, *, #7864, .T. ) ;
#8006 =( LENGTH_UNIT ( ) NAMED_UNIT ( * ) SI_UNIT ( .MILLI., .METRE. ) );
#8007 = CARTESIAN_POINT ( 'NONE',  ( 48.64999999999999858, 8.673617379884035472E-16, 40.49999999999999289 ) ) ;
#8008 = PRESENTATION_LAYER_ASSIGNMENT (  '', '', ( #1711 ) ) ;
#8009 =( LENGTH_UNIT ( ) NAMED_UNIT ( * ) SI_UNIT ( .MILLI., .METRE. ) );
#8010 = DIRECTION ( 'NONE',  ( -0.000000000000000000, 0.000000000000000000, 1.000000000000000000 ) ) ;
#8011 = PRESENTATION_STYLE_ASSIGNMENT (( #1058 ) ) ;
#8012 = STYLED_ITEM ( 'NONE', ( #148 ), #6870 ) ;
#8013 = PRESENTATION_LAYER_ASSIGNMENT (  '', '', ( #5672 ) ) ;
#8014 = CARTESIAN_POINT ( 'NONE',  ( 31.00000000000004263, 15.99999999999893241, 46.39999999999999858 ) ) ;
#8015 = ORIENTED_EDGE ( 'NONE', *, *, #1723, .F. ) ;
#8016 = ADVANCED_FACE ( 'NONE', ( #9395 ), #8501, .F. ) ;
#8017 = CARTESIAN_POINT ( 'NONE',  ( -17.30000000000016414, 0.000000000000000000, 46.39999999999999858 ) ) ;
#8018 = UNCERTAINTY_MEASURE_WITH_UNIT (LENGTH_MEASURE( 1.000000000000000082E-05 ), #10169, 'distance_accuracy_value', 'NONE');
#8019 = FILL_AREA_STYLE_COLOUR ( '', #2637 ) ;
#8020 = PRESENTATION_LAYER_ASSIGNMENT (  '', '', ( #3873 ) ) ;
#8021 = STYLED_ITEM ( 'NONE', ( #8864 ), #5166 ) ;
#8022 = ORIENTED_EDGE ( 'NONE', *, *, #8857, .T. ) ;
#8023 = ADVANCED_FACE ( 'NONE', ( #2218 ), #8559, .F. ) ;
#8024 = LINE ( 'NONE', #323, #3005 ) ;
#8025 = DIRECTION ( 'NONE',  ( 1.000000000000000000, 0.000000000000000000, 0.000000000000000000 ) ) ;
#8026 = DIRECTION ( 'NONE',  ( 0.9320546490018003505, 0.3106848830005997653, 0.1864109298003585324 ) ) ;
#8027 = DIRECTION ( 'NONE',  ( 0.000000000000000000, 0.000000000000000000, -1.000000000000000000 ) ) ;
#8028 = DIRECTION ( 'NONE',  ( 1.000000000000000000, -0.000000000000000000, 0.000000000000000000 ) ) ;
#8029 = ORIENTED_EDGE ( 'NONE', *, *, #6483, .T. ) ;
#8030 = MECHANICAL_DESIGN_GEOMETRIC_PRESENTATION_REPRESENTATION (  '', ( #2214 ), #7519 ) ;
#8031 =( GEOMETRIC_REPRESENTATION_CONTEXT ( 3 ) GLOBAL_UNCERTAINTY_ASSIGNED_CONTEXT ( ( #1132 ) ) GLOBAL_UNIT_ASSIGNED_CONTEXT ( ( #4812, #2342, #5532 ) ) REPRESENTATION_CONTEXT ( 'NONE', 'WORKASPACE' ) );
#8032 =( NAMED_UNIT ( * ) PLANE_ANGLE_UNIT ( ) SI_UNIT ( $, .RADIAN. ) );
#8033 = ORIENTED_EDGE ( 'NONE', *, *, #1384, .F. ) ;
#8034 = FACE_OUTER_BOUND ( 'NONE', #4716, .T. ) ;
#8035 = VERTEX_POINT ( 'NONE', #8750 ) ;
#8036 = CIRCLE ( 'NONE', #4072, 1.201219330881977854 ) ;
#8037 = AXIS2_PLACEMENT_3D ( 'NONE', #1388, #5275, #6196 ) ;
#8038 = COLOUR_RGB ( '',0.2509803921568627416, 0.2509803921568627416, 0.2509803921568627416 ) ;
#8039 = EDGE_CURVE ( 'NONE', #2252, #3082, #2659, .T. ) ;
#8040 = DIRECTION ( 'NONE',  ( 0.000000000000000000, 1.000000000000000000, 0.000000000000000000 ) ) ;
#8041 = PRESENTATION_STYLE_ASSIGNMENT (( #9644 ) ) ;
#8042 = EDGE_LOOP ( 'NONE', ( #797, #4298, #6031, #8677, #8870, #9813, #8033, #5827 ) ) ;
#8043 = EDGE_LOOP ( 'NONE', ( #7636, #4964 ) ) ;
#8044 = VERTEX_POINT ( 'NONE', #7300 ) ;
#8045 = EDGE_CURVE ( 'NONE', #8523, #9183, #5901, .T. ) ;
#8046 = FACE_OUTER_BOUND ( 'NONE', #3823, .T. ) ;
#8047 = DIRECTION ( 'NONE',  ( 1.000000000000000000, 0.000000000000000000, 0.000000000000000000 ) ) ;
#8048 = CYLINDRICAL_SURFACE ( 'NONE', #5201, 1.201219330881977854 ) ;
#8049 = DIRECTION ( 'NONE',  ( -1.000000000000000000, 0.000000000000000000, 0.000000000000000000 ) ) ;
#8050 = UNCERTAINTY_MEASURE_WITH_UNIT (LENGTH_MEASURE( 1.000000000000000082E-05 ), #3961, 'distance_accuracy_value', 'NONE');
#8051 =( BOUNDED_CURVE ( )  B_SPLINE_CURVE ( 3, ( #9115, #994, #6513, #3342 ),
 .UNSPECIFIED., .F., .T. ) 
 B_SPLINE_CURVE_WITH_KNOTS ( ( 4, 4 ),
 ( 3.463343207986437022, 4.712388980384687898 ),
 .UNSPECIFIED. ) 
 CURVE ( )  GEOMETRIC_REPRESENTATION_ITEM ( )  RATIONAL_B_SPLINE_CURVE ( ( 1.000000000000000000, 0.8741614567837079353, 0.8741614567837079353, 1.000000000000000000 ) ) 
 REPRESENTATION_ITEM ( '' )  );
#8052 = DIRECTION ( 'NONE',  ( 0.3162277660168358873, 0.9486832980505145452, 0.000000000000000000 ) ) ;
#8053 = VERTEX_POINT ( 'NONE', #4816 ) ;
#8054 = DIRECTION ( 'NONE',  ( -0.000000000000000000, -0.000000000000000000, 1.000000000000000000 ) ) ;
#8055 = CARTESIAN_POINT ( 'NONE',  ( 0.000000000000000000, 0.000000000000000000, -2.000000000000000000 ) ) ;
#8056 = SURFACE_STYLE_FILL_AREA ( #8777 ) ;
#8057 = PRESENTATION_STYLE_ASSIGNMENT (( #6424 ) ) ;
#8058 = CARTESIAN_POINT ( 'NONE',  ( 14.99999999999991296, -31.00000000000008527, 46.39999999999999858 ) ) ;
#8059 = CARTESIAN_POINT ( 'NONE',  ( 28.58689319642920523, -6.271916132843245784, 38.50361896949656426 ) ) ;
#8060 = CARTESIAN_POINT ( 'NONE',  ( 14.25000000000010658, -15.49999999999989164, 4.500000000000000888 ) ) ;
#8061 = FILL_AREA_STYLE_COLOUR ( '', #7577 ) ;
#8062 = ORIENTED_EDGE ( 'NONE', *, *, #1093, .F. ) ;
#8063 = DIRECTION ( 'NONE',  ( 0.000000000000000000, 0.9534625892455923513, 0.3015113445777640733 ) ) ;
#8064 = DIRECTION ( 'NONE',  ( 0.000000000000000000, 0.000000000000000000, -1.000000000000000000 ) ) ;
#8065 = VERTEX_POINT ( 'NONE', #8856 ) ;
#8066 =( NAMED_UNIT ( * ) SI_UNIT ( $, .STERADIAN. ) SOLID_ANGLE_UNIT ( ) );
#8067 = PLANE ( 'NONE',  #3733 ) ;
#8068 = DIRECTION ( 'NONE',  ( -1.000000000000000000, 2.668805347656628059E-15, 0.000000000000000000 ) ) ;
#8070 =( GEOMETRIC_REPRESENTATION_CONTEXT ( 3 ) GLOBAL_UNCERTAINTY_ASSIGNED_CONTEXT ( ( #6571 ) ) GLOBAL_UNIT_ASSIGNED_CONTEXT ( ( #741, #9412, #7946 ) ) REPRESENTATION_CONTEXT ( 'NONE', 'WORKASPACE' ) );
#8069 = SURFACE_STYLE_FILL_AREA ( #5663 ) ;
#8071 = DIRECTION ( 'NONE',  ( 2.668805347656631609E-15, -1.000000000000000000, 0.000000000000000000 ) ) ;
#8072 = VERTEX_POINT ( 'NONE', #37 ) ;
#8073 = SURFACE_STYLE_USAGE ( .BOTH. , #2703 ) ;
#8074 = DIRECTION ( 'NONE',  ( 1.000000000000000000, 0.000000000000000000, 0.000000000000000000 ) ) ;
#8075 = PRESENTATION_LAYER_ASSIGNMENT (  '', '', ( #3122 ) ) ;
#8076 = ORIENTED_EDGE ( 'NONE', *, *, #2431, .F. ) ;
#8077 = AXIS2_PLACEMENT_3D ( 'NONE', #7751, #3887, #4648 ) ;
#8078 = STYLED_ITEM ( 'NONE', ( #477 ), #2933 ) ;
#8079 = FACE_OUTER_BOUND ( 'NONE', #1280, .T. ) ;
#8080 = DIRECTION ( 'NONE',  ( 0.9486832980505138790, -0.3162277660168379967, -0.000000000000000000 ) ) ;
#8081 = ORIENTED_EDGE ( 'NONE', *, *, #3106, .T. ) ;
#8082 = EDGE_CURVE ( 'NONE', #663, #4569, #10093, .T. ) ;
#8083 = COLOUR_RGB ( '',0.2509803921568627416, 0.2509803921568627416, 0.2509803921568627416 ) ;
#8084 = VERTEX_POINT ( 'NONE', #8942 ) ;
#8085 = VECTOR ( 'NONE', #5340, 1000.000000000000000 ) ;
#8086 = ORIENTED_EDGE ( 'NONE', *, *, #4789, .T. ) ;
#8087 = COLOUR_RGB ( '',0.2509803921568627416, 0.2509803921568627416, 0.2509803921568627416 ) ;
#8088 = CARTESIAN_POINT ( 'NONE',  ( 25.65000000000000213, 8.337722339831621809, 42.49999999999999289 ) ) ;
#8089 = DIRECTION ( 'NONE',  ( -0.000000000000000000, -0.000000000000000000, -1.000000000000000000 ) ) ;
#8090 = LINE ( 'NONE', #2530, #6685 ) ;
#8091 = DIRECTION ( 'NONE',  ( -0.000000000000000000, -0.000000000000000000, 1.000000000000000000 ) ) ;
#8092 = DIRECTION ( 'NONE',  ( 0.000000000000000000, 0.000000000000000000, -1.000000000000000000 ) ) ;
#8093 = VECTOR ( 'NONE', #484, 1000.000000000000000 ) ;
#8094 = AXIS2_PLACEMENT_3D ( 'NONE', #2310, #7578, #472 ) ;
#8095 = ADVANCED_FACE ( 'NONE', ( #8079 ), #6544, .F. ) ;
#8096 = FILL_AREA_STYLE ('',( #1774 ) ) ;
#8097 = ORIENTED_EDGE ( 'NONE', *, *, #4313, .F. ) ;
#8098 = FILL_AREA_STYLE ('',( #304 ) ) ;
#8099 = FILL_AREA_STYLE ('',( #4897 ) ) ;
#8100 = STYLED_ITEM ( 'NONE', ( #6334 ), #8320 ) ;
#8101 = ADVANCED_FACE ( 'NONE', ( #2455 ), #7984, .F. ) ;
#8102 = SURFACE_STYLE_FILL_AREA ( #813 ) ;
#8103 =( NAMED_UNIT ( * ) PLANE_ANGLE_UNIT ( ) SI_UNIT ( $, .RADIAN. ) );
#8104 = CARTESIAN_POINT ( 'NONE',  ( 27.64999999999999858, 6.520106648094790458, 38.50000000000000000 ) ) ;
#8105 = PLANE ( 'NONE',  #8854 ) ;
#8106 = FILL_AREA_STYLE_COLOUR ( '', #6991 ) ;
#8107 = ORIENTED_EDGE ( 'NONE', *, *, #3285, .F. ) ;
#8108 = PRESENTATION_LAYER_ASSIGNMENT (  '', '', ( #6266 ) ) ;
#8109 = PRESENTATION_STYLE_ASSIGNMENT (( #3505 ) ) ;
#8110 = UNCERTAINTY_MEASURE_WITH_UNIT (LENGTH_MEASURE( 1.000000000000000082E-05 ), #3671, 'distance_accuracy_value', 'NONE');
#8111 = MECHANICAL_DESIGN_GEOMETRIC_PRESENTATION_REPRESENTATION (  '', ( #2141 ), #5609 ) ;
#8112 = DIRECTION ( 'NONE',  ( -0.000000000000000000, -0.000000000000000000, 1.000000000000000000 ) ) ;
#8113 = ORIENTED_EDGE ( 'NONE', *, *, #3460, .T. ) ;
#8114 = VECTOR ( 'NONE', #9929, 1000.000000000000000 ) ;
#8115 = CIRCLE ( 'NONE', #141, 0.5000000000000004441 ) ;
#8116 = PRESENTATION_STYLE_ASSIGNMENT (( #324 ) ) ;
#8117 = DIRECTION ( 'NONE',  ( 0.000000000000000000, 0.000000000000000000, 1.000000000000000000 ) ) ;
#8118 = FILL_AREA_STYLE_COLOUR ( '', #829 ) ;
#8119 =( LENGTH_UNIT ( ) NAMED_UNIT ( * ) SI_UNIT ( .MILLI., .METRE. ) );
#8120 = DIRECTION ( 'NONE',  ( -0.000000000000000000, -0.000000000000000000, 1.000000000000000000 ) ) ;
#8121 = PRESENTATION_LAYER_ASSIGNMENT (  '', '', ( #5944 ) ) ;
#8122 = ORIENTED_EDGE ( 'NONE', *, *, #4635, .F. ) ;
#8123 =( LENGTH_UNIT ( ) NAMED_UNIT ( * ) SI_UNIT ( .MILLI., .METRE. ) );
#8124 = FILL_AREA_STYLE_COLOUR ( '', #2805 ) ;
#8125 = MANIFOLD_SOLID_BREP ( 'Í¹Ì¨-À­Éì11[1]', #9322 ) ;
#8126 = EDGE_CURVE ( 'NONE', #2653, #6011, #3524, .T. ) ;
#8127 = VECTOR ( 'NONE', #8120, 1000.000000000000000 ) ;
#8128 = ORIENTED_EDGE ( 'NONE', *, *, #1103, .F. ) ;
#8129 = MECHANICAL_DESIGN_GEOMETRIC_PRESENTATION_REPRESENTATION (  '', ( #9236 ), #9891 ) ;
#8130 = PRESENTATION_STYLE_ASSIGNMENT (( #1856 ) ) ;
#8131 = CARTESIAN_POINT ( 'NONE',  ( 15.49999999999983480, 15.49999999999897504, 46.40000000000000568 ) ) ;
#8132 =( NAMED_UNIT ( * ) SI_UNIT ( $, .STERADIAN. ) SOLID_ANGLE_UNIT ( ) );
#8133 = AXIS2_PLACEMENT_3D ( 'NONE', #3155, #9962, #10001 ) ;
#8134 = CARTESIAN_POINT ( 'NONE',  ( 27.64999999999999858, 9.779240779943870976, 42.49999999999999289 ) ) ;
#8135 = DIRECTION ( 'NONE',  ( 0.000000000000000000, -0.000000000000000000, -1.000000000000000000 ) ) ;
#8136 = VERTEX_POINT ( 'NONE', #9169 ) ;
#8137 = PRESENTATION_LAYER_ASSIGNMENT (  '', '', ( #6457 ) ) ;
#8138 = EDGE_CURVE ( 'NONE', #2555, #10140, #4130, .T. ) ;
#8139 = EDGE_LOOP ( 'NONE', ( #8911, #9224, #9012, #852 ) ) ;
#8140 = ORIENTED_EDGE ( 'NONE', *, *, #2503, .F. ) ;
#8141 = CARTESIAN_POINT ( 'NONE',  ( 24.55811388300841358, 11.33691576230246234, 39.00000000000000000 ) ) ;
#8142 = CARTESIAN_POINT ( 'NONE',  ( 24.55811388300841358, 11.17024909563579627, 39.00000000000000000 ) ) ;
#8143 = DIRECTION ( 'NONE',  ( 0.000000000000000000, -1.000000000000000000, 0.000000000000000000 ) ) ;
#8144 = ADVANCED_FACE ( 'NONE', ( #3622 ), #6750, .T. ) ;
#8145 = LINE ( 'NONE', #1670, #571 ) ;
#8146 = DIRECTION ( 'NONE',  ( -0.000000000000000000, 0.000000000000000000, 1.000000000000000000 ) ) ;
#8147 = VERTEX_POINT ( 'NONE', #9326 ) ;
#8148 =( GEOMETRIC_REPRESENTATION_CONTEXT ( 3 ) GLOBAL_UNCERTAINTY_ASSIGNED_CONTEXT ( ( #900 ) ) GLOBAL_UNIT_ASSIGNED_CONTEXT ( ( #6917, #9332, #8390 ) ) REPRESENTATION_CONTEXT ( 'NONE', 'WORKASPACE' ) );
#8149 =( NAMED_UNIT ( * ) SI_UNIT ( $, .STERADIAN. ) SOLID_ANGLE_UNIT ( ) );
#8150 = DIRECTION ( 'NONE',  ( -1.000000000000000000, 0.000000000000000000, 0.000000000000000000 ) ) ;
#8151 = ORIENTED_EDGE ( 'NONE', *, *, #5428, .T. ) ;
#8152 = CARTESIAN_POINT ( 'NONE',  ( 15.99999999999984013, -17.30000000000102389, 45.39999999999999858 ) ) ;
#8153 =( GEOMETRIC_REPRESENTATION_CONTEXT ( 3 ) GLOBAL_UNCERTAINTY_ASSIGNED_CONTEXT ( ( #1305 ) ) GLOBAL_UNIT_ASSIGNED_CONTEXT ( ( #3834, #1649, #7529 ) ) REPRESENTATION_CONTEXT ( 'NONE', 'WORKASPACE' ) );
#8154 = FILL_AREA_STYLE_COLOUR ( '', #6418 ) ;
#8155 =( NAMED_UNIT ( * ) SI_UNIT ( $, .STERADIAN. ) SOLID_ANGLE_UNIT ( ) );
#8156 = DIRECTION ( 'NONE',  ( -1.000000000000000000, 0.000000000000000000, -0.000000000000000000 ) ) ;
#8157 = EDGE_CURVE ( 'NONE', #2653, #6298, #703, .T. ) ;
#8158 = CARTESIAN_POINT ( 'NONE',  ( 28.63698633608193944, -6.281854543328255325, 38.13087394761697624 ) ) ;
#8159 = UNCERTAINTY_MEASURE_WITH_UNIT (LENGTH_MEASURE( 1.000000000000000082E-05 ), #1368, 'distance_accuracy_value', 'NONE');
#8160 = CARTESIAN_POINT ( 'NONE',  ( -13.32957238623954765, -21.15000000000000568, 8.000000000000000000 ) ) ;
#8161 = VERTEX_POINT ( 'NONE', #2205 ) ;
#8162 = AXIS2_PLACEMENT_3D ( 'NONE', #3040, #3861, #6156 ) ;
#8163 = AXIS2_PLACEMENT_3D ( 'NONE', #6428, #4783, #10166 ) ;
#8164 =( NAMED_UNIT ( * ) PLANE_ANGLE_UNIT ( ) SI_UNIT ( $, .RADIAN. ) );
#8165 = CARTESIAN_POINT ( 'NONE',  ( -17.14999999999997726, -21.15000000000000568, 37.00000000000000000 ) ) ;
#8166 = COLOUR_RGB ( '',0.2509803921568627416, 0.2509803921568627416, 0.2509803921568627416 ) ;
#8167 = MECHANICAL_DESIGN_GEOMETRIC_PRESENTATION_REPRESENTATION (  '', ( #2563 ), #8328 ) ;
#8168 = CARTESIAN_POINT ( 'NONE',  ( 48.64999999999999858, -1.698780669118019615, 41.70121933088194055 ) ) ;
#8169 = VECTOR ( 'NONE', #8544, 1000.000000000000000 ) ;
#8170 = FILL_AREA_STYLE_COLOUR ( '', #7954 ) ;
#8171 = CARTESIAN_POINT ( 'NONE',  ( 0.000000000000000000, 0.000000000000000000, 0.000000000000000000 ) ) ;
#8172 = FACE_BOUND ( 'NONE', #752, .T. ) ;
#8173 = DIRECTION ( 'NONE',  ( 5.337610695313263217E-15, -1.000000000000000000, 0.000000000000000000 ) ) ;
#8174 = COLOUR_RGB ( '',0.2509803921568627416, 0.2509803921568627416, 0.2509803921568627416 ) ;
#8175 = CARTESIAN_POINT ( 'NONE',  ( 13.31369220013742805, 21.15999999999999659, -53.84951795962939514 ) ) ;
#8176 = EDGE_LOOP ( 'NONE', ( #5620, #6391, #6335, #6971 ) ) ;
#8177 = FILL_AREA_STYLE ('',( #4326 ) ) ;
#8178 = EDGE_CURVE ( 'NONE', #4391, #6978, #6862, .T. ) ;
#8179 = COLOUR_RGB ( '',0.2509803921568627416, 0.2509803921568627416, 0.2509803921568627416 ) ;
#8180 = CARTESIAN_POINT ( 'NONE',  ( 21.16000000000000014, -0.000000000000000000, 39.00000000000000000 ) ) ;
#8181 = STYLED_ITEM ( 'NONE', ( #8222 ), #100 ) ;
#8182 = ORIENTED_EDGE ( 'NONE', *, *, #6800, .T. ) ;
#8183 = FACE_OUTER_BOUND ( 'NONE', #6479, .T. ) ;
#8184 = ADVANCED_FACE ( 'NONE', ( #6910 ), #597, .T. ) ;
#8185 = AXIS2_PLACEMENT_3D ( 'NONE', #7728, #1468, #6270 ) ;
#8186 = PRESENTATION_STYLE_ASSIGNMENT (( #7595 ) ) ;
#8187 = CIRCLE ( 'NONE', #6162, 0.5000000000000004441 ) ;
#8188 =( GEOMETRIC_REPRESENTATION_CONTEXT ( 3 ) GLOBAL_UNCERTAINTY_ASSIGNED_CONTEXT ( ( #5253 ) ) GLOBAL_UNIT_ASSIGNED_CONTEXT ( ( #3809, #9916, #522 ) ) REPRESENTATION_CONTEXT ( 'NONE', 'WORKASPACE' ) );
#8189 = DIRECTION ( 'NONE',  ( 1.000000000000000000, 0.000000000000000000, -0.000000000000000000 ) ) ;
#8190 = CARTESIAN_POINT ( 'NONE',  ( 48.64999999999999858, 8.673617379884035472E-16, 38.80121933088197039 ) ) ;
#8191 = ORIENTED_EDGE ( 'NONE', *, *, #278, .T. ) ;
#8192 = SURFACE_STYLE_USAGE ( .BOTH. , #9466 ) ;
#8193 = AXIS2_PLACEMENT_3D ( 'NONE', #10149, #7156, #2179 ) ;
#8194 = VERTEX_POINT ( 'NONE', #1482 ) ;
#8195 =( LENGTH_UNIT ( ) NAMED_UNIT ( * ) SI_UNIT ( .MILLI., .METRE. ) );
#8196 = COLOUR_RGB ( '',0.2509803921568627416, 0.2509803921568627416, 0.2509803921568627416 ) ;
#8197 = STYLED_ITEM ( 'NONE', ( #500 ), #2086 ) ;
#8198 = VECTOR ( 'NONE', #3467, 1000.000000000000000 ) ;
#8199 = ORIENTED_EDGE ( 'NONE', *, *, #3974, .T. ) ;
#8200 = LINE ( 'NONE', #4301, #7178 ) ;
#8201 = PLANE ( 'NONE',  #9286 ) ;
#8202 = DIRECTION ( 'NONE',  ( -0.000000000000000000, -0.000000000000000000, -1.000000000000000000 ) ) ;
#8203 =( NAMED_UNIT ( * ) PLANE_ANGLE_UNIT ( ) SI_UNIT ( $, .RADIAN. ) );
#8204 = STYLED_ITEM ( 'NONE', ( #4977 ), #7826 ) ;
#8205 = ORIENTED_EDGE ( 'NONE', *, *, #5152, .F. ) ;
#8206 = AXIS2_PLACEMENT_3D ( 'NONE', #6439, #1693, #3274 ) ;
#8207 = VECTOR ( 'NONE', #1260, 1000.000000000000000 ) ;
#8208 = COLOUR_RGB ( '',0.2509803921568627416, 0.2509803921568627416, 0.2509803921568627416 ) ;
#8209 = CARTESIAN_POINT ( 'NONE',  ( 14.24999999999983835, 15.50000000000015987, 0.000000000000000000 ) ) ;
#8210 = CARTESIAN_POINT ( 'NONE',  ( 28.31042662533636900, -6.534525835925829362, 42.48558081216854987 ) ) ;
#8211 = VERTEX_POINT ( 'NONE', #4690 ) ;
#8212 = CARTESIAN_POINT ( 'NONE',  ( 24.81157117638674947, 11.64791570264771359, 38.33457508066226893 ) ) ;
#8213 = EDGE_CURVE ( 'NONE', #2989, #4239, #819, .T. ) ;
#8214 = DIRECTION ( 'NONE',  ( -0.9486832980505138790, -0.3162277660168376636, 0.000000000000000000 ) ) ;
#8215 = FILL_AREA_STYLE_COLOUR ( '', #8849 ) ;
#8216 = CARTESIAN_POINT ( 'NONE',  ( 24.21622776601683569, -11.97792407799439296, 38.00000000000000000 ) ) ;
#8217 = EDGE_LOOP ( 'NONE', ( #8557, #7180 ) ) ;
#8218 = DIRECTION ( 'NONE',  ( 0.000000000000000000, 0.000000000000000000, -1.000000000000000000 ) ) ;
#8219 = EDGE_CURVE ( 'NONE', #1879, #3115, #1427, .T. ) ;
#8220 = VERTEX_POINT ( 'NONE', #3939 ) ;
#8221 = SURFACE_STYLE_USAGE ( .BOTH. , #3606 ) ;
#8222 = PRESENTATION_STYLE_ASSIGNMENT (( #5760 ) ) ;
#8223 = DIRECTION ( 'NONE',  ( 0.000000000000000000, 0.000000000000000000, -1.000000000000000000 ) ) ;
#8224 = FACE_OUTER_BOUND ( 'NONE', #6688, .T. ) ;
#8225 =( NAMED_UNIT ( * ) SI_UNIT ( $, .STERADIAN. ) SOLID_ANGLE_UNIT ( ) );
#8226 = CARTESIAN_POINT ( 'NONE',  ( 28.64999999999999858, 6.020106648094790458, 38.00000000000000000 ) ) ;
#8227 = CARTESIAN_POINT ( 'NONE',  ( 0.000000000000000000, 0.000000000000000000, 8.000000000000000000 ) ) ;
#8228 = ORIENTED_EDGE ( 'NONE', *, *, #7026, .T. ) ;
#8229 = CARTESIAN_POINT ( 'NONE',  ( 24.76522066419495616, 10.74083389187888926, 38.50000000000000000 ) ) ;
#8230 = SURFACE_STYLE_FILL_AREA ( #1028 ) ;
#8231 = ADVANCED_FACE ( 'NONE', ( #3768, #5316 ), #3012, .T. ) ;
#8232 = ORIENTED_EDGE ( 'NONE', *, *, #2739, .F. ) ;
#8233 = PRESENTATION_LAYER_ASSIGNMENT (  '', '', ( #2461 ) ) ;
#8234 = PRESENTATION_STYLE_ASSIGNMENT (( #8986 ) ) ;
#8235 = EDGE_CURVE ( 'NONE', #3228, #8947, #6388, .T. ) ;
#8236 = CARTESIAN_POINT ( 'NONE',  ( 28.65000000000000213, -9.779240779943883410, 36.50000000000000711 ) ) ;
#8237 =( NAMED_UNIT ( * ) SI_UNIT ( $, .STERADIAN. ) SOLID_ANGLE_UNIT ( ) );
#8238 =( NAMED_UNIT ( * ) SI_UNIT ( $, .STERADIAN. ) SOLID_ANGLE_UNIT ( ) );
#8239 = ORIENTED_EDGE ( 'NONE', *, *, #7720, .T. ) ;
#8240 =( LENGTH_UNIT ( ) NAMED_UNIT ( * ) SI_UNIT ( .MILLI., .METRE. ) );
#8241 =( GEOMETRIC_REPRESENTATION_CONTEXT ( 3 ) GLOBAL_UNCERTAINTY_ASSIGNED_CONTEXT ( ( #574 ) ) GLOBAL_UNIT_ASSIGNED_CONTEXT ( ( #4349, #7466, #5417 ) ) REPRESENTATION_CONTEXT ( 'NONE', 'WORKASPACE' ) );
#8242 = ORIENTED_EDGE ( 'NONE', *, *, #769, .T. ) ;
#8243 = ORIENTED_EDGE ( 'NONE', *, *, #5091, .F. ) ;
#8244 = DIRECTION ( 'NONE',  ( -0.000000000000000000, -0.000000000000000000, -1.000000000000000000 ) ) ;
#8245 = VECTOR ( 'NONE', #5812, 1000.000000000000000 ) ;
#8246 =( NAMED_UNIT ( * ) PLANE_ANGLE_UNIT ( ) SI_UNIT ( $, .RADIAN. ) );
#8247 = FACE_OUTER_BOUND ( 'NONE', #5779, .T. ) ;
#8248 = SURFACE_SIDE_STYLE ('',( #1972 ) ) ;
#8249 = ORIENTED_EDGE ( 'NONE', *, *, #7853, .F. ) ;
#8250 = PRESENTATION_LAYER_ASSIGNMENT (  '', '', ( #3454 ) ) ;
#8251 = SURFACE_STYLE_FILL_AREA ( #6772 ) ;
#8252 = CARTESIAN_POINT ( 'NONE',  ( 28.14999999999999503, -6.520106648094795787, 41.99999999999999289 ) ) ;
#8253 = EDGE_CURVE ( 'NONE', #3832, #9033, #5181, .T. ) ;
#8254 = ORIENTED_EDGE ( 'NONE', *, *, #6903, .T. ) ;
#8255 = SURFACE_STYLE_USAGE ( .BOTH. , #6521 ) ;
#8256 = SURFACE_STYLE_FILL_AREA ( #5042 ) ;
#8257 = CIRCLE ( 'NONE', #809, 25.00000000000000000 ) ;
#8258 = UNCERTAINTY_MEASURE_WITH_UNIT (LENGTH_MEASURE( 1.000000000000000082E-05 ), #8900, 'distance_accuracy_value', 'NONE');
#8259 =( LENGTH_UNIT ( ) NAMED_UNIT ( * ) SI_UNIT ( .MILLI., .METRE. ) );
#8260 = LINE ( 'NONE', #6881, #9136 ) ;
#8261 = AXIS2_PLACEMENT_3D ( 'NONE', #5, #4023, #5494 ) ;
#8262 = VECTOR ( 'NONE', #7995, 1000.000000000000000 ) ;
#8263 = LINE ( 'NONE', #5956, #7326 ) ;
#8264 = UNCERTAINTY_MEASURE_WITH_UNIT (LENGTH_MEASURE( 1.000000000000000082E-05 ), #1773, 'distance_accuracy_value', 'NONE');
#8265 = COLOUR_RGB ( '',0.03921568627450980338, 0.4901960784313725283, 0.7098039215686274828 ) ;
#8266 = CARTESIAN_POINT ( 'NONE',  ( 24.99250597426884823, -11.41081142761272638, 38.45788946867045155 ) ) ;
#8267 = VERTEX_POINT ( 'NONE', #3320 ) ;
#8268 = LINE ( 'NONE', #8971, #1938 ) ;
#8269 = VECTOR ( 'NONE', #7787, 1000.000000000000000 ) ;
#8270 = CARTESIAN_POINT ( 'NONE',  ( 30.99999999999995737, -15.00000000000098410, 45.39999999999999858 ) ) ;
#8271 =( GEOMETRIC_REPRESENTATION_CONTEXT ( 3 ) GLOBAL_UNCERTAINTY_ASSIGNED_CONTEXT ( ( #3420 ) ) GLOBAL_UNIT_ASSIGNED_CONTEXT ( ( #7262, #3191, #209 ) ) REPRESENTATION_CONTEXT ( 'NONE', 'WORKASPACE' ) );
#8273 = ORIENTED_EDGE ( 'NONE', *, *, #5477, .T. ) ;
#8272 = APPLICATION_CONTEXT ( 'automotive_design' ) ;
#8274 = SURFACE_STYLE_FILL_AREA ( #1895 ) ;
#8275 = CARTESIAN_POINT ( 'NONE',  ( 28.14999999999999858, -9.779240779943883410, 43.00000000000000000 ) ) ;
#8276 = ADVANCED_FACE ( 'NONE', ( #7237 ), #237, .T. ) ;
#8277 = PRESENTATION_LAYER_ASSIGNMENT (  '', '', ( #8765 ) ) ;
#8278 = DIRECTION ( 'NONE',  ( 0.000000000000000000, 0.000000000000000000, 1.000000000000000000 ) ) ;
#8279 = EDGE_LOOP ( 'NONE', ( #4516, #352, #9842, #1748 ) ) ;
#8280 = DIRECTION ( 'NONE',  ( 0.000000000000000000, 0.000000000000000000, -1.000000000000000000 ) ) ;
#8281 = DIRECTION ( 'NONE',  ( -0.000000000000000000, -0.000000000000000000, -1.000000000000000000 ) ) ;
#8282 = FILL_AREA_STYLE ('',( #4959 ) ) ;
#8284 = FACE_BOUND ( 'NONE', #5985, .T. ) ;
#8283 = COLOUR_RGB ( '',0.2509803921568627416, 0.2509803921568627416, 0.2509803921568627416 ) ;
#8285 = PRESENTATION_STYLE_ASSIGNMENT (( #4248 ) ) ;
#8286 = EDGE_CURVE ( 'NONE', #3677, #5737, #82, .T. ) ;
#8287 =( GEOMETRIC_REPRESENTATION_CONTEXT ( 3 ) GLOBAL_UNCERTAINTY_ASSIGNED_CONTEXT ( ( #2588 ) ) GLOBAL_UNIT_ASSIGNED_CONTEXT ( ( #7328, #1740, #3317 ) ) REPRESENTATION_CONTEXT ( 'NONE', 'WORKASPACE' ) );
#8288 = LINE ( 'NONE', #8386, #217 ) ;
#8289 = LINE ( 'NONE', #7545, #4634 ) ;
#8290 = ORIENTED_EDGE ( 'NONE', *, *, #2641, .T. ) ;
#8291 = UNCERTAINTY_MEASURE_WITH_UNIT (LENGTH_MEASURE( 1.000000000000000082E-05 ), #6858, 'distance_accuracy_value', 'NONE');
#8292 = VECTOR ( 'NONE', #7817, 1000.000000000000000 ) ;
#8293 = FILL_AREA_STYLE ('',( #5120 ) ) ;
#8294 = AXIS2_PLACEMENT_3D ( 'NONE', #7895, #1616, #10103 ) ;
#8295 = EDGE_LOOP ( 'NONE', ( #3867, #725, #8655, #7983 ) ) ;
#8296 = ORIENTED_EDGE ( 'NONE', *, *, #3125, .T. ) ;
#8297 = SURFACE_STYLE_USAGE ( .BOTH. , #344 ) ;
#8298 = COLOUR_RGB ( '',0.2509803921568627416, 0.2509803921568627416, 0.2509803921568627416 ) ;
#8299 =( NAMED_UNIT ( * ) PLANE_ANGLE_UNIT ( ) SI_UNIT ( $, .RADIAN. ) );
#8300 = CARTESIAN_POINT ( 'NONE',  ( 27.96622776601683569, 10.72792407799438585, 36.50000000000000000 ) ) ;
#8301 = SURFACE_SIDE_STYLE ('',( #259 ) ) ;
#8302 = AXIS2_PLACEMENT_3D ( 'NONE', #3643, #9900, #2171 ) ;
#8303 = PRESENTATION_STYLE_ASSIGNMENT (( #347 ) ) ;
#8304 = ORIENTED_EDGE ( 'NONE', *, *, #673, .T. ) ;
#8305 = DIRECTION ( 'NONE',  ( -0.000000000000000000, -0.000000000000000000, -1.000000000000000000 ) ) ;
#8306 = ORIENTED_EDGE ( 'NONE', *, *, #1525, .T. ) ;
#8307 = SURFACE_STYLE_FILL_AREA ( #5136 ) ;
#8308 =( NAMED_UNIT ( * ) PLANE_ANGLE_UNIT ( ) SI_UNIT ( $, .RADIAN. ) );
#8309 = FACE_OUTER_BOUND ( 'NONE', #1953, .T. ) ;
#8310 = DIRECTION ( 'NONE',  ( -1.000000000000000000, 1.334402673828310480E-15, 0.000000000000000000 ) ) ;
#8311 = EDGE_CURVE ( 'NONE', #2437, #313, #3272, .T. ) ;
#8312 = CARTESIAN_POINT ( 'NONE',  ( 24.43330456577423959, -11.83815750963158386, 38.50027040800300426 ) ) ;
#8313 = DIRECTION ( 'NONE',  ( 1.000000000000000000, -0.000000000000000000, 0.000000000000000000 ) ) ;
#8314 = SURFACE_STYLE_FILL_AREA ( #8522 ) ;
#8315 = VERTEX_POINT ( 'NONE', #1794 ) ;
#8316 = CARTESIAN_POINT ( 'NONE',  ( 11.00000000000000000, 0.000000000000000000, -2.000000000000000000 ) ) ;
#8317 = DIRECTION ( 'NONE',  ( -1.000000000000000000, -5.337610695313264006E-15, 0.000000000000000000 ) ) ;
#8318 = LINE ( 'NONE', #520, #4605 ) ;
#8319 = CARTESIAN_POINT ( 'NONE',  ( 0.000000000000000000, -13.70000000000102425, 46.39999999999999858 ) ) ;
#8320 = ADVANCED_FACE ( 'NONE', ( #188 ), #3367, .F. ) ;
#8321 = AXIS2_PLACEMENT_3D ( 'NONE', #8630, #5550, #6373 ) ;
#8322 = CARTESIAN_POINT ( 'NONE',  ( 0.000000000000000000, 0.000000000000000000, 5.999999999999998224 ) ) ;
#8323 = SURFACE_STYLE_FILL_AREA ( #3515 ) ;
#8324 = ORIENTED_EDGE ( 'NONE', *, *, #1429, .F. ) ;
#8325 =( NAMED_UNIT ( * ) SI_UNIT ( $, .STERADIAN. ) SOLID_ANGLE_UNIT ( ) );
#8326 = FILL_AREA_STYLE ('',( #2704 ) ) ;
#8327 = AXIS2_PLACEMENT_3D ( 'NONE', #5697, #7413, #9753 ) ;
#8328 =( GEOMETRIC_REPRESENTATION_CONTEXT ( 3 ) GLOBAL_UNCERTAINTY_ASSIGNED_CONTEXT ( ( #5720 ) ) GLOBAL_UNIT_ASSIGNED_CONTEXT ( ( #7764, #463, #9345 ) ) REPRESENTATION_CONTEXT ( 'NONE', 'WORKASPACE' ) );
#8329 = EDGE_CURVE ( 'NONE', #5419, #6563, #4448, .T. ) ;
#8330 = VECTOR ( 'NONE', #1268, 1000.000000000000000 ) ;
#8331 = FACE_OUTER_BOUND ( 'NONE', #9742, .T. ) ;
#8332 = EDGE_CURVE ( 'NONE', #1542, #2989, #963, .T. ) ;
#8333 = SURFACE_STYLE_FILL_AREA ( #334 ) ;
#8334 = CARTESIAN_POINT ( 'NONE',  ( 17.29999999999983729, 14.99999999999897682, 45.39999999999999858 ) ) ;
#8335 = ORIENTED_EDGE ( 'NONE', *, *, #7685, .F. ) ;
#8336 = AXIS2_PLACEMENT_3D ( 'NONE', #5318, #2104, #4643 ) ;
#8337 = AXIS2_PLACEMENT_3D ( 'NONE', #1267, #8089, #210 ) ;
#8338 = DIRECTION ( 'NONE',  ( -1.000000000000000000, 0.000000000000000000, 0.000000000000000000 ) ) ;
#8339 = VECTOR ( 'NONE', #3563, 1000.000000000000000 ) ;
#8340 = ORIENTED_EDGE ( 'NONE', *, *, #3766, .F. ) ;
#8341 = EDGE_CURVE ( 'NONE', #3990, #10094, #6638, .T. ) ;
#8342 = ORIENTED_EDGE ( 'NONE', *, *, #9927, .F. ) ;
#8343 = VECTOR ( 'NONE', #2939, 1000.000000000000000 ) ;
#8344 = COLOUR_RGB ( '',0.2509803921568627416, 0.2509803921568627416, 0.2509803921568627416 ) ;
#8345 =( LENGTH_UNIT ( ) NAMED_UNIT ( * ) SI_UNIT ( .MILLI., .METRE. ) );
#8346 = CARTESIAN_POINT ( 'NONE',  ( 31.00000000000000000, 0.000000000000000000, 46.39999999999999858 ) ) ;
#8347 =( NAMED_UNIT ( * ) PLANE_ANGLE_UNIT ( ) SI_UNIT ( $, .RADIAN. ) );
#8348 = PRESENTATION_STYLE_ASSIGNMENT (( #2822 ) ) ;
#8349 = ORIENTED_EDGE ( 'NONE', *, *, #9237, .T. ) ;
#8350 = AXIS2_PLACEMENT_3D ( 'NONE', #7472, #5180, #9807 ) ;
#8351 = VECTOR ( 'NONE', #3575, 1000.000000000000000 ) ;
#8352 = CARTESIAN_POINT ( 'NONE',  ( 24.21622776601682858, 11.97792407799438585, 43.00000000000000000 ) ) ;
#8353 = DIRECTION ( 'NONE',  ( -0.000000000000000000, 1.000000000000000000, -0.000000000000000000 ) ) ;
#8354 = EDGE_CURVE ( 'NONE', #4489, #6656, #1945, .T. ) ;
#8355 = ORIENTED_EDGE ( 'NONE', *, *, #9321, .F. ) ;
#8356 = FILL_AREA_STYLE ('',( #3790 ) ) ;
#8357 = CARTESIAN_POINT ( 'NONE',  ( 27.64999999999999858, -9.779240779943883410, 38.50000000000000000 ) ) ;
#8358 =( GEOMETRIC_REPRESENTATION_CONTEXT ( 3 ) GLOBAL_UNCERTAINTY_ASSIGNED_CONTEXT ( ( #7107 ) ) GLOBAL_UNIT_ASSIGNED_CONTEXT ( ( #9460, #2291, #7941 ) ) REPRESENTATION_CONTEXT ( 'NONE', 'WORKASPACE' ) );
#8359 = DIRECTION ( 'NONE',  ( -0.000000000000000000, -0.000000000000000000, -1.000000000000000000 ) ) ;
#8360 = COLOUR_RGB ( '',0.2509803921568627416, 0.2509803921568627416, 0.2509803921568627416 ) ;
#8361 = DIRECTION ( 'NONE',  ( -0.000000000000000000, -0.000000000000000000, 1.000000000000000000 ) ) ;
#8362 = AXIS2_PLACEMENT_3D ( 'NONE', #4978, #8091, #6464 ) ;
#8363 = VECTOR ( 'NONE', #3594, 1000.000000000000000 ) ;
#8364 = EDGE_CURVE ( 'NONE', #2735, #10204, #1899, .T. ) ;
#8365 = UNCERTAINTY_MEASURE_WITH_UNIT (LENGTH_MEASURE( 1.000000000000000082E-05 ), #589, 'distance_accuracy_value', 'NONE');
#8366 = CARTESIAN_POINT ( 'NONE',  ( 28.64999999999999858, 8.673617379884035472E-16, 40.49999999999999289 ) ) ;
#8367 = PRESENTATION_LAYER_ASSIGNMENT (  '', '', ( #4235 ) ) ;
#8368 = ORIENTED_EDGE ( 'NONE', *, *, #1313, .F. ) ;
#8369 = DIRECTION ( 'NONE',  ( 0.000000000000000000, -1.000000000000000000, 0.000000000000000000 ) ) ;
#8370 =( NAMED_UNIT ( * ) SI_UNIT ( $, .STERADIAN. ) SOLID_ANGLE_UNIT ( ) );
#8371 =( LENGTH_UNIT ( ) NAMED_UNIT ( * ) SI_UNIT ( .MILLI., .METRE. ) );
#8372 =( LENGTH_UNIT ( ) NAMED_UNIT ( * ) SI_UNIT ( .MILLI., .METRE. ) );
#8373 = FILL_AREA_STYLE_COLOUR ( '', #9669 ) ;
#8374 = CYLINDRICAL_SURFACE ( 'NONE', #8133, 1.249999999999997558 ) ;
#8375 = ORIENTED_EDGE ( 'NONE', *, *, #7052, .T. ) ;
#8376 = DIRECTION ( 'NONE',  ( 0.000000000000000000, 0.000000000000000000, 1.000000000000000000 ) ) ;
#8377 =( BOUNDED_CURVE ( )  B_SPLINE_CURVE ( 3, ( #6081, #3639, #9979, #9234 ),
 .UNSPECIFIED., .F., .T. ) 
 B_SPLINE_CURVE_WITH_KNOTS ( ( 4, 4 ),
 ( 0.3217505543966488468, 1.570796326794897224 ),
 .UNSPECIFIED. ) 
 CURVE ( )  GEOMETRIC_REPRESENTATION_ITEM ( )  RATIONAL_B_SPLINE_CURVE ( ( 1.000000000000000000, 0.8741614567837082683, 0.8741614567837082683, 1.000000000000000000 ) ) 
 REPRESENTATION_ITEM ( '' )  );
#8378 = CARTESIAN_POINT ( 'NONE',  ( 24.55811388300841358, 11.17024909563579627, 39.00000000000000000 ) ) ;
#8379 = UNCERTAINTY_MEASURE_WITH_UNIT (LENGTH_MEASURE( 1.000000000000000082E-05 ), #7370, 'distance_accuracy_value', 'NONE');
#8380 = FILL_AREA_STYLE ('',( #5975 ) ) ;
#8381 = CARTESIAN_POINT ( 'NONE',  ( 48.64999999999999858, -1.478586710707345573E-14, 42.19878066911801540 ) ) ;
#8382 = CARTESIAN_POINT ( 'NONE',  ( -21.14999999999999503, -21.15000000000000568, 6.000000000000000000 ) ) ;
#8383 =( LENGTH_UNIT ( ) NAMED_UNIT ( * ) SI_UNIT ( .MILLI., .METRE. ) );
#8384 = PRESENTATION_STYLE_ASSIGNMENT (( #5210 ) ) ;
#8385 = CARTESIAN_POINT ( 'NONE',  ( 14.99999999999979394, -30.99999999999995737, 45.39999999999999858 ) ) ;
#8386 = CARTESIAN_POINT ( 'NONE',  ( 13.69999999999983764, 14.99999999999897682, 45.39999999999999858 ) ) ;
#8387 = FILL_AREA_STYLE_COLOUR ( '', #1992 ) ;
#8388 = ORIENTED_EDGE ( 'NONE', *, *, #7620, .T. ) ;
#8389 = COLOUR_RGB ( '',0.2509803921568627416, 0.2509803921568627416, 0.2509803921568627416 ) ;
#8390 =( NAMED_UNIT ( * ) SI_UNIT ( $, .STERADIAN. ) SOLID_ANGLE_UNIT ( ) );
#8392 = EDGE_CURVE ( 'NONE', #2665, #9317, #7381, .T. ) ;
#8391 = VERTEX_POINT ( 'NONE', #5867 ) ;
#8393 = MECHANICAL_DESIGN_GEOMETRIC_PRESENTATION_REPRESENTATION (  '', ( #7897 ), #2791 ) ;
#8394 = ORIENTED_EDGE ( 'NONE', *, *, #3920, .F. ) ;
#8395 = PRESENTATION_STYLE_ASSIGNMENT (( #1336 ) ) ;
#8396 = LINE ( 'NONE', #8608, #7175 ) ;
#8397 = DIRECTION ( 'NONE',  ( -0.000000000000000000, -0.000000000000000000, 1.000000000000000000 ) ) ;
#8398 = CARTESIAN_POINT ( 'NONE',  ( -13.70000000000016094, -31.00000000000000000, 45.39999999999999858 ) ) ;
#8399 = FILL_AREA_STYLE ('',( #1971 ) ) ;
#8400 = CARTESIAN_POINT ( 'NONE',  ( -17.30000000000016414, 0.000000000000000000, 45.39999999999999858 ) ) ;
#8401 = VERTEX_POINT ( 'NONE', #1119 ) ;
#8402 = COLOUR_RGB ( '',0.2509803921568627416, 0.2509803921568627416, 0.2509803921568627416 ) ;
#8403 = ADVANCED_FACE ( 'NONE', ( #8517 ), #6094, .T. ) ;
#8404 = VERTEX_POINT ( 'NONE', #3565 ) ;
#8405 =( NAMED_UNIT ( * ) SI_UNIT ( $, .STERADIAN. ) SOLID_ANGLE_UNIT ( ) );
#8406 = VECTOR ( 'NONE', #9073, 999.9999999999998863 ) ;
#8407 = CARTESIAN_POINT ( 'NONE',  ( 28.64999999999486135, 6.118291982030459764, 38.09818533393494988 ) ) ;
#8408 =( LENGTH_UNIT ( ) NAMED_UNIT ( * ) SI_UNIT ( .MILLI., .METRE. ) );
#8409 = DIRECTION ( 'NONE',  ( -0.000000000000000000, -0.000000000000000000, 1.000000000000000000 ) ) ;
#8410 = CARTESIAN_POINT ( 'NONE',  ( 27.96622776601683569, -10.72792407799439474, 43.00000000000000000 ) ) ;
#8411 = STYLED_ITEM ( 'NONE', ( #5161 ), #9658 ) ;
#8412 = MECHANICAL_DESIGN_GEOMETRIC_PRESENTATION_REPRESENTATION (  '', ( #1449 ), #9689 ) ;
#8413 = EDGE_CURVE ( 'NONE', #9930, #1713, #6695, .T. ) ;
#8414 = PRESENTATION_LAYER_ASSIGNMENT (  '', '', ( #3137 ) ) ;
#8415 = DIRECTION ( 'NONE',  ( 0.000000000000000000, 0.000000000000000000, -1.000000000000000000 ) ) ;
#8416 = LINE ( 'NONE', #6726, #6286 ) ;
#8417 = CIRCLE ( 'NONE', #2118, 0.4999999999999995004 ) ;
#8418 = ORIENTED_EDGE ( 'NONE', *, *, #8045, .F. ) ;
#8419 = EDGE_CURVE ( 'NONE', #9424, #9706, #2800, .T. ) ;
#8420 = PRESENTATION_LAYER_ASSIGNMENT (  '', '', ( #3621 ) ) ;
#8421 = PRESENTATION_LAYER_ASSIGNMENT (  '', '', ( #1461 ) ) ;
#8422 = CARTESIAN_POINT ( 'NONE',  ( 24.55811388300841713, -11.39586701372285305, 42.01725409682057943 ) ) ;
#8423 = DIRECTION ( 'NONE',  ( 1.000000000000000000, 0.000000000000000000, 0.000000000000000000 ) ) ;
#8424 = VECTOR ( 'NONE', #1833, 1000.000000000000000 ) ;
#8425 = SURFACE_SIDE_STYLE ('',( #10054 ) ) ;
#8426 = COLOUR_RGB ( '',0.2509803921568627416, 0.2509803921568627416, 0.2509803921568627416 ) ;
#8427 = ORIENTED_EDGE ( 'NONE', *, *, #8354, .T. ) ;
#8428 = VECTOR ( 'NONE', #3011, 1000.000000000000000 ) ;
#8429 = PRESENTATION_STYLE_ASSIGNMENT (( #645 ) ) ;
#8430 = AXIS2_PLACEMENT_3D ( 'NONE', #5831, #9702, #8999 ) ;
#8431 = CARTESIAN_POINT ( 'NONE',  ( 24.81157117638684184, -11.64791570264763187, 42.66542491933763870 ) ) ;
#8432 = VECTOR ( 'NONE', #8173, 1000.000000000000000 ) ;
#8433 = LINE ( 'NONE', #4428, #1214 ) ;
#8434 = CARTESIAN_POINT ( 'NONE',  ( 14.99999999999979394, -30.99999999999995737, 45.39999999999999858 ) ) ;
#8435 = DIRECTION ( 'NONE',  ( 1.000000000000000000, -1.334402673828317777E-15, 0.000000000000000000 ) ) ;
#8436 =( NAMED_UNIT ( * ) SI_UNIT ( $, .STERADIAN. ) SOLID_ANGLE_UNIT ( ) );
#8437 = FILL_AREA_STYLE_COLOUR ( '', #2209 ) ;
#8438 = DIRECTION ( 'NONE',  ( 0.000000000000000000, 0.000000000000000000, 1.000000000000000000 ) ) ;
#8439 = ORIENTED_EDGE ( 'NONE', *, *, #6471, .F. ) ;
#8440 =( NAMED_UNIT ( * ) PLANE_ANGLE_UNIT ( ) SI_UNIT ( $, .RADIAN. ) );
#8441 = DIRECTION ( 'NONE',  ( 1.000000000000000000, 0.000000000000000000, 0.000000000000000000 ) ) ;
#8442 = VECTOR ( 'NONE', #6926, 1000.000000000000000 ) ;
#8443 = PRESENTATION_LAYER_ASSIGNMENT (  '', '', ( #1821 ) ) ;
#8444 = EDGE_LOOP ( 'NONE', ( #5680, #8646, #4829 ) ) ;
#8445 = VERTEX_POINT ( 'NONE', #621 ) ;
#8446 =( GEOMETRIC_REPRESENTATION_CONTEXT ( 3 ) GLOBAL_UNCERTAINTY_ASSIGNED_CONTEXT ( ( #5236 ) ) GLOBAL_UNIT_ASSIGNED_CONTEXT ( ( #2450, #827, #5372 ) ) REPRESENTATION_CONTEXT ( 'NONE', 'WORKASPACE' ) );
#8447 = PRESENTATION_STYLE_ASSIGNMENT (( #2274 ) ) ;
#8448 = PRESENTATION_STYLE_ASSIGNMENT (( #9130 ) ) ;
#8449 = CARTESIAN_POINT ( 'NONE',  ( -17.30000000000016414, 14.99999999999897682, 46.39999999999999858 ) ) ;
#8450 = COLOUR_RGB ( '',0.2509803921568627416, 0.2509803921568627416, 0.2509803921568627416 ) ;
#8451 = DIRECTION ( 'NONE',  ( 1.000000000000000000, 0.000000000000000000, 0.000000000000000000 ) ) ;
#8453 = ORIENTED_EDGE ( 'NONE', *, *, #8329, .T. ) ;
#8452 = EDGE_CURVE ( 'NONE', #4871, #5716, #2015, .T. ) ;
#8454 = SURFACE_STYLE_FILL_AREA ( #8096 ) ;
#8455 = ORIENTED_EDGE ( 'NONE', *, *, #10060, .T. ) ;
#8456 = FACE_OUTER_BOUND ( 'NONE', #3375, .T. ) ;
#8457 = ADVANCED_FACE ( 'NONE', ( #1996 ), #6900, .F. ) ;
#8458 = CARTESIAN_POINT ( 'NONE',  ( -16.74999999999999289, 15.50000000000000000, 4.500000000000000888 ) ) ;
#8459 =( GEOMETRIC_REPRESENTATION_CONTEXT ( 3 ) GLOBAL_UNCERTAINTY_ASSIGNED_CONTEXT ( ( #2238 ) ) GLOBAL_UNIT_ASSIGNED_CONTEXT ( ( #4674, #5548, #902 ) ) REPRESENTATION_CONTEXT ( 'NONE', 'WORKASPACE' ) );
#8460 = CARTESIAN_POINT ( 'NONE',  ( 1.500000000000000222, 2.000000000000000000, 1.000000000000000000 ) ) ;
#8461 = CARTESIAN_POINT ( 'NONE',  ( 0.000000000000000000, 0.000000000000000000, 0.5000000000000000000 ) ) ;
#8462 = CARTESIAN_POINT ( 'NONE',  ( 24.55811388300841713, -11.72654287490136049, 42.19232926940401285 ) ) ;
#8463 = UNCERTAINTY_MEASURE_WITH_UNIT (LENGTH_MEASURE( 1.000000000000000082E-05 ), #8625, 'distance_accuracy_value', 'NONE');
#8464 = SURFACE_STYLE_USAGE ( .BOTH. , #1462 ) ;
#8465 = SURFACE_STYLE_FILL_AREA ( #9192 ) ;
#8466 = COLOUR_RGB ( '',0.2509803921568627416, 0.2509803921568627416, 0.2509803921568627416 ) ;
#8467 = DIRECTION ( 'NONE',  ( 1.000000000000000000, 0.000000000000000000, 0.000000000000000000 ) ) ;
#8468 = ORIENTED_EDGE ( 'NONE', *, *, #736, .T. ) ;
#8469 = FACE_OUTER_BOUND ( 'NONE', #4157, .T. ) ;
#8470 = EDGE_CURVE ( 'NONE', #4050, #6490, #306, .T. ) ;
#8471 = CARTESIAN_POINT ( 'NONE',  ( 27.65000000000000213, -7.020106648094796675, 38.50000000000000000 ) ) ;
#8472 = FACE_OUTER_BOUND ( 'NONE', #1452, .T. ) ;
#8473 =( NAMED_UNIT ( * ) PLANE_ANGLE_UNIT ( ) SI_UNIT ( $, .RADIAN. ) );
#8474 = UNCERTAINTY_MEASURE_WITH_UNIT (LENGTH_MEASURE( 1.000000000000000082E-05 ), #3356, 'distance_accuracy_value', 'NONE');
#8475 = VERTEX_POINT ( 'NONE', #848 ) ;
#8476 = SURFACE_SIDE_STYLE ('',( #1361 ) ) ;
#8477 = FACE_OUTER_BOUND ( 'NONE', #5516, .T. ) ;
#8478 = UNCERTAINTY_MEASURE_WITH_UNIT (LENGTH_MEASURE( 1.000000000000000082E-05 ), #9652, 'distance_accuracy_value', 'NONE');
#8479 = EDGE_CURVE ( 'NONE', #102, #1228, #4021, .T. ) ;
#8480 = SURFACE_STYLE_USAGE ( .BOTH. , #2257 ) ;
#8481 =( NAMED_UNIT ( * ) PLANE_ANGLE_UNIT ( ) SI_UNIT ( $, .RADIAN. ) );
#8482 = CARTESIAN_POINT ( 'NONE',  ( 28.64999999999999858, -1.698780669118019615, 40.49999999999995737 ) ) ;
#8483 = CARTESIAN_POINT ( 'NONE',  ( -17.15000000000000568, -21.15000000000000568, 0.000000000000000000 ) ) ;
#8484 =( NAMED_UNIT ( * ) SI_UNIT ( $, .STERADIAN. ) SOLID_ANGLE_UNIT ( ) );
#8485 = PRESENTATION_STYLE_ASSIGNMENT (( #9381 ) ) ;
#8486 = CARTESIAN_POINT ( 'NONE',  ( 17.15000000000002345, 21.14999999999999858, 0.000000000000000000 ) ) ;
#8487 = EDGE_CURVE ( 'NONE', #1486, #5224, #2508, .T. ) ;
#8488 = PRESENTATION_STYLE_ASSIGNMENT (( #2956 ) ) ;
#8489 = VERTEX_POINT ( 'NONE', #6365 ) ;
#8490 = CARTESIAN_POINT ( 'NONE',  ( 28.64999999999999858, 6.085568291390575979, 42.86907671340938464 ) ) ;
#8491 = CARTESIAN_POINT ( 'NONE',  ( 15.49999999999983480, 15.49999999999897504, 46.40000000000000568 ) ) ;
#8492 = MECHANICAL_DESIGN_GEOMETRIC_PRESENTATION_REPRESENTATION (  '', ( #7153 ), #711 ) ;
#8493 = COLOUR_RGB ( '',0.2509803921568627416, 0.2509803921568627416, 0.2509803921568627416 ) ;
#8494 = STYLED_ITEM ( 'NONE', ( #8130 ), #1396 ) ;
#8495 = ORIENTED_EDGE ( 'NONE', *, *, #4053, .T. ) ;
#8496 =( LENGTH_UNIT ( ) NAMED_UNIT ( * ) SI_UNIT ( .MILLI., .METRE. ) );
#8497 = EDGE_LOOP ( 'NONE', ( #7771, #7076, #3956, #3626 ) ) ;
#8498 = FILL_AREA_STYLE ('',( #9226 ) ) ;
#8499 = AXIS2_PLACEMENT_3D ( 'NONE', #8991, #5980, #1226 ) ;
#8500 = CARTESIAN_POINT ( 'NONE',  ( 28.64999999999999858, 1.222509309741136029E-15, 37.59999999999999432 ) ) ;
#8501 = CYLINDRICAL_SURFACE ( 'NONE', #8703, 0.5000000000000004441 ) ;
#8502 = PRESENTATION_STYLE_ASSIGNMENT (( #5329 ) ) ;
#8503 = CIRCLE ( 'NONE', #893, 0.5000000000000004441 ) ;
#8504 = CARTESIAN_POINT ( 'NONE',  ( 27.65000000000000213, -7.020106648094796675, 42.49999999999999289 ) ) ;
#8505 = ORIENTED_EDGE ( 'NONE', *, *, #8419, .T. ) ;
#8506 = PRESENTATION_LAYER_ASSIGNMENT (  '', '', ( #9461 ) ) ;
#8507 = COLOUR_RGB ( '',0.2509803921568627416, 0.2509803921568627416, 0.2509803921568627416 ) ;
#8508 = PRESENTATION_LAYER_ASSIGNMENT (  '', '', ( #4055 ) ) ;
#8509 =( NAMED_UNIT ( * ) SI_UNIT ( $, .STERADIAN. ) SOLID_ANGLE_UNIT ( ) );
#8510 = CIRCLE ( 'NONE', #1893, 1.249999999999999334 ) ;
#8511 = VERTEX_POINT ( 'NONE', #5493 ) ;
#8512 = LINE ( 'NONE', #9141, #5658 ) ;
#8513 = COLOUR_RGB ( '',0.2509803921568627416, 0.2509803921568627416, 0.2509803921568627416 ) ;
#8514 = SURFACE_SIDE_STYLE ('',( #3745 ) ) ;
#8515 = CARTESIAN_POINT ( 'NONE',  ( 11.00000000000000000, 0.000000000000000000, -2.000000000000000000 ) ) ;
#8516 = CARTESIAN_POINT ( 'NONE',  ( 15.99999999999984013, 13.69999999999897611, 46.39999999999999858 ) ) ;
#8517 = FACE_OUTER_BOUND ( 'NONE', #9294, .T. ) ;
#8518 = MECHANICAL_DESIGN_GEOMETRIC_PRESENTATION_REPRESENTATION (  '', ( #1380 ), #4361 ) ;
#8519 =( GEOMETRIC_REPRESENTATION_CONTEXT ( 3 ) GLOBAL_UNCERTAINTY_ASSIGNED_CONTEXT ( ( #7450 ) ) GLOBAL_UNIT_ASSIGNED_CONTEXT ( ( #2398, #1081, #5110 ) ) REPRESENTATION_CONTEXT ( 'NONE', 'WORKASPACE' ) );
#8520 = FILL_AREA_STYLE_COLOUR ( '', #2649 ) ;
#8521 = SURFACE_STYLE_USAGE ( .BOTH. , #6885 ) ;
#8522 = FILL_AREA_STYLE ('',( #6789 ) ) ;
#8523 = VERTEX_POINT ( 'NONE', #7048 ) ;
#8524 = MECHANICAL_DESIGN_GEOMETRIC_PRESENTATION_REPRESENTATION (  '', ( #2748 ), #9227 ) ;
#8525 = COLOUR_RGB ( '',0.03921568627450980338, 0.4901960784313725283, 0.7098039215686274828 ) ;
#8526 = PRESENTATION_LAYER_ASSIGNMENT (  '', '', ( #5202 ) ) ;
#8527 = MECHANICAL_DESIGN_GEOMETRIC_PRESENTATION_REPRESENTATION (  '', ( #5364 ), #2057 ) ;
#8528 = PRESENTATION_LAYER_ASSIGNMENT (  '', '', ( #746 ) ) ;
#8529 = SURFACE_STYLE_FILL_AREA ( #9418 ) ;
#8530 = DIRECTION ( 'NONE',  ( 0.000000000000000000, 0.000000000000000000, -1.000000000000000000 ) ) ;
#8531 = CARTESIAN_POINT ( 'NONE',  ( 21.15000000000000213, -21.15000000000000213, 37.00000000000000000 ) ) ;
#8532 = CARTESIAN_POINT ( 'NONE',  ( 25.05811388300841713, -11.17024909563580515, 42.49999999999999289 ) ) ;
#8533 = FILL_AREA_STYLE_COLOUR ( '', #8265 ) ;
#8534 = CARTESIAN_POINT ( 'NONE',  ( 28.14999999999999858, -7.020106648094795787, 38.50000000000000000 ) ) ;
#8535 = ORIENTED_EDGE ( 'NONE', *, *, #2685, .T. ) ;
#8536 = CIRCLE ( 'NONE', #4710, 0.5000000000000004441 ) ;
#8537 = VECTOR ( 'NONE', #8071, 1000.000000000000000 ) ;
#8538 = AXIS2_PLACEMENT_3D ( 'NONE', #6796, #6206, #682 ) ;
#8539 = ADVANCED_FACE ( 'NONE', ( #7833 ), #3195, .F. ) ;
#8540 = CARTESIAN_POINT ( 'NONE',  ( 0.000000000000000000, 0.000000000000000000, 6.000000000000000000 ) ) ;
#8541 = UNCERTAINTY_MEASURE_WITH_UNIT (LENGTH_MEASURE( 1.000000000000000082E-05 ), #2064, 'distance_accuracy_value', 'NONE');
#8542 = CARTESIAN_POINT ( 'NONE',  ( 2.799999999999999822, 3.429011037612588783E-16, 1.000000000000000000 ) ) ;
#8543 = CARTESIAN_POINT ( 'NONE',  ( 17.14999999999998437, -21.15000000000000213, 0.000000000000000000 ) ) ;
#8544 = DIRECTION ( 'NONE',  ( 0.000000000000000000, -1.000000000000000000, 0.000000000000000000 ) ) ;
#8545 = SURFACE_STYLE_USAGE ( .BOTH. , #5363 ) ;
#8546 = DIRECTION ( 'NONE',  ( 1.000000000000000000, 0.000000000000000000, 0.000000000000000000 ) ) ;
#8547 = ORIENTED_EDGE ( 'NONE', *, *, #2721, .T. ) ;
#8548 = LINE ( 'NONE', #8385, #2419 ) ;
#8549 = LINE ( 'NONE', #8648, #3233 ) ;
#8550 = FILL_AREA_STYLE ('',( #8649 ) ) ;
#8551 = ORIENTED_EDGE ( 'NONE', *, *, #8479, .T. ) ;
#8552 = ADVANCED_FACE ( 'NONE', ( #7158 ), #54, .T. ) ;
#8553 = CARTESIAN_POINT ( 'NONE',  ( 48.64999999999999858, -1.478586710707345573E-14, 42.19878066911801540 ) ) ;
#8554 = EDGE_LOOP ( 'NONE', ( #1110, #9899, #4846, #4739 ) ) ;
#8555 =( GEOMETRIC_REPRESENTATION_CONTEXT ( 3 ) GLOBAL_UNCERTAINTY_ASSIGNED_CONTEXT ( ( #10055 ) ) GLOBAL_UNIT_ASSIGNED_CONTEXT ( ( #647, #8644, #10062 ) ) REPRESENTATION_CONTEXT ( 'NONE', 'WORKASPACE' ) );
#8556 = CARTESIAN_POINT ( 'NONE',  ( 21.15000000000011582, -17.15000000000001634, 8.000000000000000000 ) ) ;
#8557 = ORIENTED_EDGE ( 'NONE', *, *, #5397, .T. ) ;
#8558 = CARTESIAN_POINT ( 'NONE',  ( 27.64999999999999858, 7.020106648094791346, 41.99999999999999289 ) ) ;
#8559 = PLANE ( 'NONE',  #1641 ) ;
#8560 = LINE ( 'NONE', #4603, #2722 ) ;
#8561 = CARTESIAN_POINT ( 'NONE',  ( 2.000000000000015543, 0.000000000000000000, -24.00000000000000000 ) ) ;
#8562 = ORIENTED_EDGE ( 'NONE', *, *, #1416, .T. ) ;
#8563 = ORIENTED_EDGE ( 'NONE', *, *, #2987, .F. ) ;
#8564 = VERTEX_POINT ( 'NONE', #4114 ) ;
#8565 = CARTESIAN_POINT ( 'NONE',  ( 17.14999999999994884, 21.14999999999999858, 37.00000000000000000 ) ) ;
#8566 = SURFACE_SIDE_STYLE ('',( #1453 ) ) ;
#8567 = DIRECTION ( 'NONE',  ( -1.000000000000000000, -0.000000000000000000, -0.000000000000000000 ) ) ;
#8568 = LINE ( 'NONE', #4564, #3717 ) ;
#8569 = SURFACE_STYLE_FILL_AREA ( #2043 ) ;
#8570 = UNCERTAINTY_MEASURE_WITH_UNIT (LENGTH_MEASURE( 1.000000000000000082E-05 ), #3430, 'distance_accuracy_value', 'NONE');
#8571 = CARTESIAN_POINT ( 'NONE',  ( 27.80811388300841358, 10.25358242896912842, 42.49999999999999289 ) ) ;
#8572 = CARTESIAN_POINT ( 'NONE',  ( -21.14999999999999503, -17.15000000000000213, 37.00000000000000000 ) ) ;
#8573 = STYLED_ITEM ( 'NONE', ( #6123 ), #3439 ) ;
#8574 = EDGE_LOOP ( 'NONE', ( #8005, #8086, #1397, #2852, #7053, #9983, #5380, #3118, #8968, #7966 ) ) ;
#8575 = LINE ( 'NONE', #7786, #6169 ) ;
#8576 = DIRECTION ( 'NONE',  ( -1.000000000000000000, 0.000000000000000000, 0.000000000000000000 ) ) ;
#8577 = CARTESIAN_POINT ( 'NONE',  ( 48.64999999999999858, 1.014468678852257413E-15, 37.59999999999999432 ) ) ;
#8578 = PLANE ( 'NONE',  #3073 ) ;
#8579 = DIRECTION ( 'NONE',  ( 0.000000000000000000, 0.000000000000000000, 1.000000000000000000 ) ) ;
#8580 = DIRECTION ( 'NONE',  ( -0.000000000000000000, -0.000000000000000000, -1.000000000000000000 ) ) ;
#8581 = MECHANICAL_DESIGN_GEOMETRIC_PRESENTATION_REPRESENTATION (  '', ( #8895 ), #437 ) ;
#8582 = FILL_AREA_STYLE ('',( #1359 ) ) ;
#8583 = EDGE_LOOP ( 'NONE', ( #1476, #5513, #4951, #8495 ) ) ;
#8584 = EDGE_CURVE ( 'NONE', #663, #600, #8954, .T. ) ;
#8585 = SURFACE_STYLE_FILL_AREA ( #7061 ) ;
#8586 = VECTOR ( 'NONE', #3572, 1000.000000000000000 ) ;
#8587 = VECTOR ( 'NONE', #9249, 1000.000000000000000 ) ;
#8588 = EDGE_CURVE ( 'NONE', #7652, #836, #5033, .T. ) ;
#8589 = SURFACE_STYLE_USAGE ( .BOTH. , #223 ) ;
#8590 = CARTESIAN_POINT ( 'NONE',  ( -21.14999999999999503, -13.32957238623956364, 37.00000000000000000 ) ) ;
#8591 = ORIENTED_EDGE ( 'NONE', *, *, #3296, .F. ) ;
#8592 = PRESENTATION_LAYER_ASSIGNMENT (  '', '', ( #7286 ) ) ;
#8593 =( GEOMETRIC_REPRESENTATION_CONTEXT ( 3 ) GLOBAL_UNCERTAINTY_ASSIGNED_CONTEXT ( ( #2146 ) ) GLOBAL_UNIT_ASSIGNED_CONTEXT ( ( #3578, #5114, #6027 ) ) REPRESENTATION_CONTEXT ( 'NONE', 'WORKASPACE' ) );
#8594 = DIRECTION ( 'NONE',  ( 1.000000000000000000, 0.000000000000000000, 0.000000000000000000 ) ) ;
#8595 = AXIS2_PLACEMENT_3D ( 'NONE', #4875, #7217, #8047 ) ;
#8596 = CARTESIAN_POINT ( 'NONE',  ( 31.00000000000000000, -17.30000000000102389, 45.39999999999999858 ) ) ;
#8597 = ORIENTED_EDGE ( 'NONE', *, *, #2652, .F. ) ;
#8598 = PRESENTATION_STYLE_ASSIGNMENT (( #3771 ) ) ;
#8599 = CARTESIAN_POINT ( 'NONE',  ( 0.000000000000000000, 21.15999999999999659, -53.84951795962939514 ) ) ;
#8600 = DIRECTION ( 'NONE',  ( -0.000000000000000000, 0.000000000000000000, 1.000000000000000000 ) ) ;
#8601 = VERTEX_POINT ( 'NONE', #9564 ) ;
#8602 = PLANE ( 'NONE',  #2183 ) ;
#8603 = COLOUR_RGB ( '',0.2509803921568627416, 0.2509803921568627416, 0.2509803921568627416 ) ;
#8604 = VECTOR ( 'NONE', #7289, 1000.000000000000000 ) ;
#8605 = VERTEX_POINT ( 'NONE', #6614 ) ;
#8606 = EDGE_CURVE ( 'NONE', #1185, #688, #4149, .T. ) ;
#8607 = SURFACE_STYLE_FILL_AREA ( #8498 ) ;
#8608 = CARTESIAN_POINT ( 'NONE',  ( -21.14999999999999503, -21.15000000000000568, 8.000000000000000000 ) ) ;
#8609 = PRESENTATION_STYLE_ASSIGNMENT (( #2969 ) ) ;
#8610 = DIRECTION ( 'NONE',  ( -1.000000000000000000, -8.881784197001252323E-16, 0.000000000000000000 ) ) ;
#8611 = CARTESIAN_POINT ( 'NONE',  ( 24.55811388300841358, 10.80986948560773619, 41.99999999999999289 ) ) ;
#8612 = DIRECTION ( 'NONE',  ( -0.000000000000000000, -0.000000000000000000, 1.000000000000000000 ) ) ;
#8613 = FACE_OUTER_BOUND ( 'NONE', #2553, .T. ) ;
#8614 = ORIENTED_EDGE ( 'NONE', *, *, #3696, .T. ) ;
#8615 = AXIS2_PLACEMENT_3D ( 'NONE', #4554, #3127, #1339 ) ;
#8616 =( GEOMETRIC_REPRESENTATION_CONTEXT ( 3 ) GLOBAL_UNCERTAINTY_ASSIGNED_CONTEXT ( ( #7174 ) ) GLOBAL_UNIT_ASSIGNED_CONTEXT ( ( #9493, #7330, #8696 ) ) REPRESENTATION_CONTEXT ( 'NONE', 'WORKASPACE' ) );
#8617 = VERTEX_POINT ( 'NONE', #5638 ) ;
#8618 = FILL_AREA_STYLE ('',( #5542 ) ) ;
#8619 = EDGE_LOOP ( 'NONE', ( #2449, #8290, #1699, #3567, #6292, #3844, #5276, #4853 ) ) ;
#8620 = CARTESIAN_POINT ( 'NONE',  ( 28.63698633608207800, 6.150980595711430965, 38.26174789523361852 ) ) ;
#8621 = PRESENTATION_LAYER_ASSIGNMENT (  '', '', ( #9074 ) ) ;
#8622 = AXIS2_PLACEMENT_3D ( 'NONE', #2550, #5662, #128 ) ;
#8623 = CARTESIAN_POINT ( 'NONE',  ( 15.49999999999983480, 15.49999999999897504, 47.00000000000000000 ) ) ;
#8624 = FILL_AREA_STYLE ('',( #9189 ) ) ;
#8625 =( LENGTH_UNIT ( ) NAMED_UNIT ( * ) SI_UNIT ( .MILLI., .METRE. ) );
#8626 =( NAMED_UNIT ( * ) PLANE_ANGLE_UNIT ( ) SI_UNIT ( $, .RADIAN. ) );
#8627 = LINE ( 'NONE', #1518, #2271 ) ;
#8628 =( GEOMETRIC_REPRESENTATION_CONTEXT ( 3 ) GLOBAL_UNCERTAINTY_ASSIGNED_CONTEXT ( ( #6958 ) ) GLOBAL_UNIT_ASSIGNED_CONTEXT ( ( #3841, #4250, #4911 ) ) REPRESENTATION_CONTEXT ( 'NONE', 'WORKASPACE' ) );
#8629 = ORIENTED_EDGE ( 'NONE', *, *, #2503, .T. ) ;
#8630 = CARTESIAN_POINT ( 'NONE',  ( 0.000000000000000000, 0.000000000000000000, -24.00000000000000000 ) ) ;
#8631 = VECTOR ( 'NONE', #4942, 1000.000000000000000 ) ;
#8632 = SURFACE_STYLE_USAGE ( .BOTH. , #10050 ) ;
#8633 = LINE ( 'NONE', #11, #9849 ) ;
#8634 = ADVANCED_FACE ( 'NONE', ( #1771, #4876 ), #9000, .T. ) ;
#8635 = VECTOR ( 'NONE', #6441, 999.9999999999998863 ) ;
#8636 = FACE_OUTER_BOUND ( 'NONE', #2376, .T. ) ;
#8637 = SURFACE_SIDE_STYLE ('',( #7006 ) ) ;
#8638 = CARTESIAN_POINT ( 'NONE',  ( 25.05811388300841358, 11.17024909563579627, 42.49999999999999289 ) ) ;
#8639 = ORIENTED_EDGE ( 'NONE', *, *, #4721, .F. ) ;
#8640 = CARTESIAN_POINT ( 'NONE',  ( 28.64999999999999858, 6.605893085721695535, 38.29289321881345387 ) ) ;
#8641 = UNCERTAINTY_MEASURE_WITH_UNIT (LENGTH_MEASURE( 1.000000000000000082E-05 ), #3446, 'distance_accuracy_value', 'NONE');
#8642 = CARTESIAN_POINT ( 'NONE',  ( 0.000000000000000000, 0.000000000000000000, 5.999999999999998224 ) ) ;
#8643 = EDGE_CURVE ( 'NONE', #4489, #10021, #4922, .T. ) ;
#8644 =( NAMED_UNIT ( * ) PLANE_ANGLE_UNIT ( ) SI_UNIT ( $, .RADIAN. ) );
#8645 =( NAMED_UNIT ( * ) PLANE_ANGLE_UNIT ( ) SI_UNIT ( $, .RADIAN. ) );
#8646 = ORIENTED_EDGE ( 'NONE', *, *, #9917, .T. ) ;
#8647 = SURFACE_STYLE_USAGE ( .BOTH. , #4042 ) ;
#8648 = CARTESIAN_POINT ( 'NONE',  ( 25.05811388300841358, 10.80986948560773619, 38.50000000000000000 ) ) ;
#8649 = FILL_AREA_STYLE_COLOUR ( '', #2335 ) ;
#8650 = ORIENTED_EDGE ( 'NONE', *, *, #5103, .T. ) ;
#8651 = DIRECTION ( 'NONE',  ( -1.000000000000000000, 0.000000000000000000, -0.000000000000000000 ) ) ;
#8652 = CARTESIAN_POINT ( 'NONE',  ( -17.30000000000016414, -16.00000000000102318, 46.39999999999999858 ) ) ;
#8653 =( NAMED_UNIT ( * ) SI_UNIT ( $, .STERADIAN. ) SOLID_ANGLE_UNIT ( ) );
#8654 = ADVANCED_FACE ( 'NONE', ( #7357 ), #260, .F. ) ;
#8655 = ORIENTED_EDGE ( 'NONE', *, *, #7917, .T. ) ;
#8656 = MECHANICAL_DESIGN_GEOMETRIC_PRESENTATION_REPRESENTATION (  '', ( #7148 ), #729 ) ;
#8657 = SURFACE_STYLE_FILL_AREA ( #3775 ) ;
#8658 = ORIENTED_EDGE ( 'NONE', *, *, #2423, .F. ) ;
#8659 = UNCERTAINTY_MEASURE_WITH_UNIT (LENGTH_MEASURE( 1.000000000000000082E-05 ), #5411, 'distance_accuracy_value', 'NONE');
#8660 = PRESENTATION_STYLE_ASSIGNMENT (( #9642 ) ) ;
#8661 = CARTESIAN_POINT ( 'NONE',  ( 0.000000000000000000, 0.000000000000000000, 0.000000000000000000 ) ) ;
#8662 = LINE ( 'NONE', #3128, #5504 ) ;
#8663 = ORIENTED_EDGE ( 'NONE', *, *, #7820, .T. ) ;
#8664 = MECHANICAL_DESIGN_GEOMETRIC_PRESENTATION_REPRESENTATION (  '', ( #5654 ), #9606 ) ;
#8665 = EDGE_CURVE ( 'NONE', #9026, #8194, #8377, .T. ) ;
#8666 = EDGE_LOOP ( 'NONE', ( #5667, #1676, #3238 ) ) ;
#8667 = ORIENTED_EDGE ( 'NONE', *, *, #1685, .F. ) ;
#8668 = STYLED_ITEM ( 'NONE', ( #2829 ), #4882 ) ;
#8669 = AXIS2_PLACEMENT_3D ( 'NONE', #268, #5752, #4271 ) ;
#8670 = FACE_OUTER_BOUND ( 'NONE', #5478, .T. ) ;
#8671 = SURFACE_STYLE_USAGE ( .BOTH. , #4719 ) ;
#8672 = CARTESIAN_POINT ( 'NONE',  ( 0.000000000000000000, 0.000000000000000000, 0.5000000000000000000 ) ) ;
#8673 = CARTESIAN_POINT ( 'NONE',  ( 24.55811388300955755, 11.23142676860686606, 42.48331517057803808 ) ) ;
#8674 = FACE_OUTER_BOUND ( 'NONE', #2380, .T. ) ;
#8675 =( GEOMETRIC_REPRESENTATION_CONTEXT ( 3 ) GLOBAL_UNCERTAINTY_ASSIGNED_CONTEXT ( ( #7605 ) ) GLOBAL_UNIT_ASSIGNED_CONTEXT ( ( #389, #2061, #252 ) ) REPRESENTATION_CONTEXT ( 'NONE', 'WORKASPACE' ) );
#8676 = ADVANCED_FACE ( 'NONE', ( #1146 ), #2520, .F. ) ;
#8677 = ORIENTED_EDGE ( 'NONE', *, *, #4310, .T. ) ;
#8678 = SURFACE_STYLE_FILL_AREA ( #948 ) ;
#8679 = EDGE_CURVE ( 'NONE', #9432, #1333, #4446, .T. ) ;
#8680 =( GEOMETRIC_REPRESENTATION_CONTEXT ( 3 ) GLOBAL_UNCERTAINTY_ASSIGNED_CONTEXT ( ( #6056 ) ) GLOBAL_UNIT_ASSIGNED_CONTEXT ( ( #5001, #9766, #5862 ) ) REPRESENTATION_CONTEXT ( 'NONE', 'WORKASPACE' ) );
#8681 = CIRCLE ( 'NONE', #9935, 1.201219330881977854 ) ;
#8682 = STYLED_ITEM ( 'NONE', ( #8447 ), #5279 ) ;
#8683 = FILL_AREA_STYLE ('',( #1527 ) ) ;
#8684 = ORIENTED_EDGE ( 'NONE', *, *, #6753, .T. ) ;
#8685 = FILL_AREA_STYLE ('',( #5509 ) ) ;
#8686 = CIRCLE ( 'NONE', #2749, 15.50000000000000000 ) ;
#8687 =( NAMED_UNIT ( * ) PLANE_ANGLE_UNIT ( ) SI_UNIT ( $, .RADIAN. ) );
#8688 = COLOUR_RGB ( '',0.2509803921568627416, 0.2509803921568627416, 0.2509803921568627416 ) ;
#8689 = EDGE_LOOP ( 'NONE', ( #9919, #9764, #7194, #337, #3288, #2679 ) ) ;
#8690 = PRESENTATION_STYLE_ASSIGNMENT (( #8589 ) ) ;
#8691 = CARTESIAN_POINT ( 'NONE',  ( 27.64999999999999858, 7.020106648094791346, 42.49999999999999289 ) ) ;
#8692 =( NAMED_UNIT ( * ) SI_UNIT ( $, .STERADIAN. ) SOLID_ANGLE_UNIT ( ) );
#8693 = AXIS2_PLACEMENT_3D ( 'NONE', #7996, #5689, #6514 ) ;
#8694 = SURFACE_STYLE_USAGE ( .BOTH. , #6288 ) ;
#8695 = MECHANICAL_DESIGN_GEOMETRIC_PRESENTATION_REPRESENTATION (  '', ( #9146 ), #2593 ) ;
#8696 =( NAMED_UNIT ( * ) SI_UNIT ( $, .STERADIAN. ) SOLID_ANGLE_UNIT ( ) );
#8697 =( GEOMETRIC_REPRESENTATION_CONTEXT ( 3 ) GLOBAL_UNCERTAINTY_ASSIGNED_CONTEXT ( ( #8291 ) ) GLOBAL_UNIT_ASSIGNED_CONTEXT ( ( #6858, #8481, #1423 ) ) REPRESENTATION_CONTEXT ( 'NONE', 'WORKASPACE' ) );
#8698 = EDGE_LOOP ( 'NONE', ( #6331, #3363, #9470, #1815 ) ) ;
#8699 = CARTESIAN_POINT ( 'NONE',  ( 15.99999999999981704, -30.99999999999997868, 45.39999999999999858 ) ) ;
#8700 = ORIENTED_EDGE ( 'NONE', *, *, #1014, .T. ) ;
#8701 = PRESENTATION_STYLE_ASSIGNMENT (( #30 ) ) ;
#8702 = DIRECTION ( 'NONE',  ( 0.000000000000000000, 0.000000000000000000, 1.000000000000000000 ) ) ;
#8703 = AXIS2_PLACEMENT_3D ( 'NONE', #5377, #6130, #9285 ) ;
#8704 = ORIENTED_EDGE ( 'NONE', *, *, #2350, .T. ) ;
#8705 = ORIENTED_EDGE ( 'NONE', *, *, #2407, .T. ) ;
#8706 = LINE ( 'NONE', #1601, #1395 ) ;
#8707 = CARTESIAN_POINT ( 'NONE',  ( -18.25000000000016698, -15.50000000000102496, 46.40000000000000568 ) ) ;
#8708 = DIRECTION ( 'NONE',  ( 1.000000000000000000, 0.000000000000000000, 0.000000000000000000 ) ) ;
#8709 = LINE ( 'NONE', #1556, #7114 ) ;
#8710 = ORIENTED_EDGE ( 'NONE', *, *, #4529, .F. ) ;
#8711 = EDGE_CURVE ( 'NONE', #9633, #1253, #9798, .T. ) ;
#8712 = ORIENTED_EDGE ( 'NONE', *, *, #4686, .T. ) ;
#8713 = SURFACE_STYLE_USAGE ( .BOTH. , #2410 ) ;
#8714 = VERTEX_POINT ( 'NONE', #3588 ) ;
#8715 = SURFACE_STYLE_USAGE ( .BOTH. , #4762 ) ;
#8716 = DIRECTION ( 'NONE',  ( -1.000000000000000000, -2.668805347656632003E-15, 0.000000000000000000 ) ) ;
#8717 = SURFACE_SIDE_STYLE ('',( #3193 ) ) ;
#8718 = EDGE_CURVE ( 'NONE', #7896, #6541, #9182, .T. ) ;
#8719 = CARTESIAN_POINT ( 'NONE',  ( 28.64999999999999858, -1.478586710707345573E-14, 42.19878066911801540 ) ) ;
#8720 = DIRECTION ( 'NONE',  ( -0.000000000000000000, -1.000000000000000000, 0.000000000000000000 ) ) ;
#8721 = ORIENTED_EDGE ( 'NONE', *, *, #1951, .T. ) ;
#8722 = PLANE ( 'NONE',  #2874 ) ;
#8723 = STYLED_ITEM ( 'NONE', ( #3198 ), #3230 ) ;
#8724 = DIRECTION ( 'NONE',  ( 1.000000000000000000, 0.000000000000000000, 0.000000000000000000 ) ) ;
#8725 = SURFACE_STYLE_USAGE ( .BOTH. , #5551 ) ;
#8726 = CARTESIAN_POINT ( 'NONE',  ( 15.99999999999987566, -31.00000000000004263, 46.39999999999999858 ) ) ;
#8727 = CARTESIAN_POINT ( 'NONE',  ( 0.000000000000000000, -21.16000000000000725, -53.84951795962939514 ) ) ;
#8728 = ADVANCED_FACE ( 'NONE', ( #3739 ), #6711, .F. ) ;
#8729 = SURFACE_SIDE_STYLE ('',( #4123 ) ) ;
#8730 = EDGE_LOOP ( 'NONE', ( #1804, #2016, #3786, #107 ) ) ;
#8731 = PRESENTATION_LAYER_ASSIGNMENT (  '', '', ( #1777 ) ) ;
#8732 =( NAMED_UNIT ( * ) PLANE_ANGLE_UNIT ( ) SI_UNIT ( $, .RADIAN. ) );
#8733 = CARTESIAN_POINT ( 'NONE',  ( -15.00000000000016165, 15.99999999999897327, 46.39999999999999858 ) ) ;
#8734 = ORIENTED_EDGE ( 'NONE', *, *, #137, .F. ) ;
#8735 =( NAMED_UNIT ( * ) PLANE_ANGLE_UNIT ( ) SI_UNIT ( $, .RADIAN. ) );
#8736 = CARTESIAN_POINT ( 'NONE',  ( 25.00811388300840932, 11.35358242896914938, 38.47434164902525566 ) ) ;
#8737 = ORIENTED_EDGE ( 'NONE', *, *, #4994, .F. ) ;
#8738 = PRESENTATION_LAYER_ASSIGNMENT (  '', '', ( #2964 ) ) ;
#8739 = CARTESIAN_POINT ( 'NONE',  ( 0.000000000000000000, 17.29999999999897753, 45.39999999999999858 ) ) ;
#8740 = FACE_OUTER_BOUND ( 'NONE', #5241, .T. ) ;
#8741 = DIRECTION ( 'NONE',  ( 0.000000000000000000, 0.000000000000000000, -1.000000000000000000 ) ) ;
#8742 = VERTEX_POINT ( 'NONE', #7038 ) ;
#8743 = MECHANICAL_DESIGN_GEOMETRIC_PRESENTATION_REPRESENTATION (  '', ( #3454 ), #6722 ) ;
#8744 = FACE_OUTER_BOUND ( 'NONE', #8279, .T. ) ;
#8745 = SURFACE_SIDE_STYLE ('',( #7979 ) ) ;
#8746 = ORIENTED_EDGE ( 'NONE', *, *, #8082, .F. ) ;
#8747 = LINE ( 'NONE', #5803, #6811 ) ;
#8748 = ORIENTED_EDGE ( 'NONE', *, *, #9862, .T. ) ;
#8749 = UNCERTAINTY_MEASURE_WITH_UNIT (LENGTH_MEASURE( 1.000000000000000082E-05 ), #3401, 'distance_accuracy_value', 'NONE');
#8750 = CARTESIAN_POINT ( 'NONE',  ( 13.32957238623955831, 21.14999999999999858, 39.00000000000000000 ) ) ;
#8751 = SURFACE_STYLE_USAGE ( .BOTH. , #2404 ) ;
#8752 = LINE ( 'NONE', #987, #3007 ) ;
#8753 = ORIENTED_EDGE ( 'NONE', *, *, #5084, .F. ) ;
#8754 = PRESENTATION_LAYER_ASSIGNMENT (  '', '', ( #979 ) ) ;
#8755 = STYLED_ITEM ( 'NONE', ( #7096 ), #5834 ) ;
#8756 = STYLED_ITEM ( 'NONE', ( #5259 ), #8231 ) ;
#8757 = ORIENTED_EDGE ( 'NONE', *, *, #920, .F. ) ;
#8758 = FACE_OUTER_BOUND ( 'NONE', #4654, .T. ) ;
#8759 = VERTEX_POINT ( 'NONE', #9289 ) ;
#8760 =( NAMED_UNIT ( * ) SI_UNIT ( $, .STERADIAN. ) SOLID_ANGLE_UNIT ( ) );
#8761 = EDGE_CURVE ( 'NONE', #830, #7295, #7285, .T. ) ;
#8762 = PLANE ( 'NONE',  #5925 ) ;
#8763 =( NAMED_UNIT ( * ) SI_UNIT ( $, .STERADIAN. ) SOLID_ANGLE_UNIT ( ) );
#8764 = STYLED_ITEM ( 'NONE', ( #401 ), #5852 ) ;
#8765 = STYLED_ITEM ( 'NONE', ( #5583 ), #8552 ) ;
#8766 = FACE_OUTER_BOUND ( 'NONE', #5163, .T. ) ;
#8767 = EDGE_LOOP ( 'NONE', ( #7192, #3347 ) ) ;
#8768 = UNCERTAINTY_MEASURE_WITH_UNIT (LENGTH_MEASURE( 1.000000000000000082E-05 ), #3645, 'distance_accuracy_value', 'NONE');
#8769 = SURFACE_SIDE_STYLE ('',( #56 ) ) ;
#8770 = LINE ( 'NONE', #7947, #5137 ) ;
#8771 = VECTOR ( 'NONE', #10028, 1000.000000000000000 ) ;
#8772 = EDGE_CURVE ( 'NONE', #2548, #7792, #4454, .T. ) ;
#8773 = VECTOR ( 'NONE', #7464, 1000.000000000000000 ) ;
#8774 = ORIENTED_EDGE ( 'NONE', *, *, #1067, .F. ) ;
#8775 = DIRECTION ( 'NONE',  ( 0.000000000000000000, 0.000000000000000000, -1.000000000000000000 ) ) ;
#8776 = DIRECTION ( 'NONE',  ( 0.000000000000000000, 0.000000000000000000, -1.000000000000000000 ) ) ;
#8777 = FILL_AREA_STYLE ('',( #2730 ) ) ;
#8778 = CYLINDRICAL_SURFACE ( 'NONE', #7842, 2.799999999999999822 ) ;
#8779 = VECTOR ( 'NONE', #1068, 1000.000000000000000 ) ;
#8780 = CARTESIAN_POINT ( 'NONE',  ( 28.45727336512978312, -6.419940064151560044, 38.79966683211325318 ) ) ;
#8781 = SURFACE_STYLE_USAGE ( .BOTH. , #2543 ) ;
#8782 = UNCERTAINTY_MEASURE_WITH_UNIT (LENGTH_MEASURE( 1.000000000000000082E-05 ), #5864, 'distance_accuracy_value', 'NONE');
#8783 = CIRCLE ( 'NONE', #2525, 1.201219330881977854 ) ;
#8784 =( GEOMETRIC_REPRESENTATION_CONTEXT ( 3 ) GLOBAL_UNCERTAINTY_ASSIGNED_CONTEXT ( ( #1415 ) ) GLOBAL_UNIT_ASSIGNED_CONTEXT ( ( #6144, #3089, #1610 ) ) REPRESENTATION_CONTEXT ( 'NONE', 'WORKASPACE' ) );
#8785 = SURFACE_STYLE_FILL_AREA ( #14 ) ;
#8786 = ORIENTED_EDGE ( 'NONE', *, *, #1023, .T. ) ;
#8787 =( LENGTH_UNIT ( ) NAMED_UNIT ( * ) SI_UNIT ( .MILLI., .METRE. ) );
#8788 = VECTOR ( 'NONE', #6047, 1000.000000000000000 ) ;
#8789 =( NAMED_UNIT ( * ) SI_UNIT ( $, .STERADIAN. ) SOLID_ANGLE_UNIT ( ) );
#8790 = EDGE_CURVE ( 'NONE', #3130, #4411, #2280, .T. ) ;
#8791 = STYLED_ITEM ( 'NONE', ( #9821 ), #9304 ) ;
#8792 = VERTEX_POINT ( 'NONE', #5432 ) ;
#8793 = LINE ( 'NONE', #761, #2305 ) ;
#8794 = CARTESIAN_POINT ( 'NONE',  ( 0.000000000000000000, -13.70000000000102425, 45.39999999999999858 ) ) ;
#8795 = DIRECTION ( 'NONE',  ( 1.000000000000000000, -1.334402673828317777E-15, 0.000000000000000000 ) ) ;
#8796 = CARTESIAN_POINT ( 'NONE',  ( 24.42774661719861840, 11.90741779426712199, 42.55407910813556072 ) ) ;
#8797 = ORIENTED_EDGE ( 'NONE', *, *, #5813, .F. ) ;
#8798 = DIRECTION ( 'NONE',  ( 1.000000000000000000, 0.000000000000000000, 0.000000000000000000 ) ) ;
#8799 = EDGE_CURVE ( 'NONE', #9424, #3115, #4792, .T. ) ;
#8800 =( GEOMETRIC_REPRESENTATION_CONTEXT ( 3 ) GLOBAL_UNCERTAINTY_ASSIGNED_CONTEXT ( ( #8570 ) ) GLOBAL_UNIT_ASSIGNED_CONTEXT ( ( #3430, #1814, #9603 ) ) REPRESENTATION_CONTEXT ( 'NONE', 'WORKASPACE' ) );
#8801 = ORIENTED_EDGE ( 'NONE', *, *, #1469, .F. ) ;
#8802 = CARTESIAN_POINT ( 'NONE',  ( 16.75000000000010658, -15.49999999999989164, -2.266821225221747863E-17 ) ) ;
#8803 = ORIENTED_EDGE ( 'NONE', *, *, #8364, .F. ) ;
#8804 = ADVANCED_FACE ( 'NONE', ( #2348, #8613 ), #724, .T. ) ;
#8805 = FILL_AREA_STYLE_COLOUR ( '', #3548 ) ;
#8806 = DIRECTION ( 'NONE',  ( 5.337610695313263217E-15, -1.000000000000000000, 0.000000000000000000 ) ) ;
#8807 = SURFACE_SIDE_STYLE ('',( #1655 ) ) ;
#8808 = SURFACE_STYLE_FILL_AREA ( #2561 ) ;
#8809 = CARTESIAN_POINT ( 'NONE',  ( 24.55811388300841358, 11.39586701372284239, 42.01725409682057943 ) ) ;
#8810 = ORIENTED_EDGE ( 'NONE', *, *, #7835, .F. ) ;
#8811 =( GEOMETRIC_REPRESENTATION_CONTEXT ( 3 ) GLOBAL_UNCERTAINTY_ASSIGNED_CONTEXT ( ( #4115 ) ) GLOBAL_UNIT_ASSIGNED_CONTEXT ( ( #4930, #4172, #2581 ) ) REPRESENTATION_CONTEXT ( 'NONE', 'WORKASPACE' ) );
#8812 = EDGE_LOOP ( 'NONE', ( #9032, #8753, #9134, #3215 ) ) ;
#8813 = FILL_AREA_STYLE ('',( #204 ) ) ;
#8814 = ORIENTED_EDGE ( 'NONE', *, *, #8045, .T. ) ;
#8815 = FILL_AREA_STYLE_COLOUR ( '', #5521 ) ;
#8816 = DIRECTION ( 'NONE',  ( 0.000000000000000000, -1.000000000000000000, 0.000000000000000000 ) ) ;
#8817 = DIRECTION ( 'NONE',  ( -0.000000000000000000, -0.000000000000000000, 1.000000000000000000 ) ) ;
#8818 = SURFACE_SIDE_STYLE ('',( #4020 ) ) ;
#8819 =( LENGTH_UNIT ( ) NAMED_UNIT ( * ) SI_UNIT ( .MILLI., .METRE. ) );
#8820 = CARTESIAN_POINT ( 'NONE',  ( 24.58921030454980183, 11.54368746851649519, 42.50884002229132363 ) ) ;
#8821 = VECTOR ( 'NONE', #7363, 1000.000000000000000 ) ;
#8822 = CIRCLE ( 'NONE', #8499, 2.899999999999999911 ) ;
#8823 = DIRECTION ( 'NONE',  ( -0.000000000000000000, -0.000000000000000000, -1.000000000000000000 ) ) ;
#8824 = AXIS2_PLACEMENT_3D ( 'NONE', #6595, #9735, #4288 ) ;
#8825 = EDGE_LOOP ( 'NONE', ( #677, #609 ) ) ;
#8826 =( NAMED_UNIT ( * ) SI_UNIT ( $, .STERADIAN. ) SOLID_ANGLE_UNIT ( ) );
#8827 = VECTOR ( 'NONE', #10121, 1000.000000000000000 ) ;
#8828 = PRESENTATION_STYLE_ASSIGNMENT (( #8962 ) ) ;
#8829 = DIRECTION ( 'NONE',  ( -1.000000000000000000, -1.224646799147349509E-16, 0.000000000000000000 ) ) ;
#8830 = DIRECTION ( 'NONE',  ( 0.000000000000000000, 0.000000000000000000, -1.000000000000000000 ) ) ;
#8831 = DIRECTION ( 'NONE',  ( -1.000000000000000000, 0.000000000000000000, 0.000000000000000000 ) ) ;
#8832 =( GEOMETRIC_REPRESENTATION_CONTEXT ( 3 ) GLOBAL_UNCERTAINTY_ASSIGNED_CONTEXT ( ( #8659 ) ) GLOBAL_UNIT_ASSIGNED_CONTEXT ( ( #5411, #3725, #2955 ) ) REPRESENTATION_CONTEXT ( 'NONE', 'WORKASPACE' ) );
#8833 =( GEOMETRIC_REPRESENTATION_CONTEXT ( 3 ) GLOBAL_UNCERTAINTY_ASSIGNED_CONTEXT ( ( #8159 ) ) GLOBAL_UNIT_ASSIGNED_CONTEXT ( ( #1368, #4688, #4582 ) ) REPRESENTATION_CONTEXT ( 'NONE', 'WORKASPACE' ) );
#8834 = SURFACE_STYLE_USAGE ( .BOTH. , #7116 ) ;
#8835 = ORIENTED_EDGE ( 'NONE', *, *, #2397, .F. ) ;
#8836 =( LENGTH_UNIT ( ) NAMED_UNIT ( * ) SI_UNIT ( .MILLI., .METRE. ) );
#8837 =( GEOMETRIC_REPRESENTATION_CONTEXT ( 3 ) GLOBAL_UNCERTAINTY_ASSIGNED_CONTEXT ( ( #6896 ) ) GLOBAL_UNIT_ASSIGNED_CONTEXT ( ( #4864, #1551, #7928 ) ) REPRESENTATION_CONTEXT ( 'NONE', 'WORKASPACE' ) );
#8838 = EDGE_CURVE ( 'NONE', #9498, #4489, #8709, .T. ) ;
#8839 = SURFACE_STYLE_FILL_AREA ( #4738 ) ;
#8840 = VECTOR ( 'NONE', #8244, 1000.000000000000000 ) ;
#8841 = LINE ( 'NONE', #9584, #9577 ) ;
#8842 =( NAMED_UNIT ( * ) SI_UNIT ( $, .STERADIAN. ) SOLID_ANGLE_UNIT ( ) );
#8843 = FILL_AREA_STYLE_COLOUR ( '', #6742 ) ;
#8844 = EDGE_CURVE ( 'NONE', #2555, #7972, #2221, .T. ) ;
#8845 = PLANE ( 'NONE',  #81 ) ;
#8846 =( NAMED_UNIT ( * ) SI_UNIT ( $, .STERADIAN. ) SOLID_ANGLE_UNIT ( ) );
#8847 =( NAMED_UNIT ( * ) SI_UNIT ( $, .STERADIAN. ) SOLID_ANGLE_UNIT ( ) );
#8848 = VERTEX_POINT ( 'NONE', #835 ) ;
#8849 = COLOUR_RGB ( '',0.2509803921568627416, 0.2509803921568627416, 0.2509803921568627416 ) ;
#8850 = VECTOR ( 'NONE', #5768, 1000.000000000000000 ) ;
#8851 = FILL_AREA_STYLE_COLOUR ( '', #6549 ) ;
#8852 = EDGE_LOOP ( 'NONE', ( #6790, #9590, #1191, #5525, #7505, #4147, #2602, #3330 ) ) ;
#8853 = VERTEX_POINT ( 'NONE', #8504 ) ;
#8854 = AXIS2_PLACEMENT_3D ( 'NONE', #8921, #3500, #8830 ) ;
#8855 = LINE ( 'NONE', #1758, #3486 ) ;
#8856 = CARTESIAN_POINT ( 'NONE',  ( 25.05811388300841358, 10.64320281894106834, 42.49999999999999289 ) ) ;
#8857 = EDGE_CURVE ( 'NONE', #3228, #6516, #6132, .T. ) ;
#8858 = CARTESIAN_POINT ( 'NONE',  ( 28.14999999999999858, 9.779240779943870976, 43.00000000000000000 ) ) ;
#8859 = ORIENTED_EDGE ( 'NONE', *, *, #7408, .F. ) ;
#8860 = ADVANCED_FACE ( 'NONE', ( #6197 ), #6099, .F. ) ;
#8861 = EDGE_LOOP ( 'NONE', ( #7823, #7748 ) ) ;
#8862 = FILL_AREA_STYLE ('',( #4254 ) ) ;
#8863 = ORIENTED_EDGE ( 'NONE', *, *, #2514, .T. ) ;
#8864 = PRESENTATION_STYLE_ASSIGNMENT (( #4108 ) ) ;
#8865 = MECHANICAL_DESIGN_GEOMETRIC_PRESENTATION_REPRESENTATION (  '', ( #4086 ), #5029 ) ;
#8866 = DIRECTION ( 'NONE',  ( 1.000000000000000000, 0.000000000000000000, 0.000000000000000000 ) ) ;
#8867 = DIRECTION ( 'NONE',  ( 0.000000000000000000, 0.000000000000000000, 1.000000000000000000 ) ) ;
#8868 = LINE ( 'NONE', #2617, #6012 ) ;
#8869 = PRESENTATION_STYLE_ASSIGNMENT (( #5691 ) ) ;
#8870 = ORIENTED_EDGE ( 'NONE', *, *, #1286, .F. ) ;
#8871 = CARTESIAN_POINT ( 'NONE',  ( 24.51794613172585358, 11.70671498655212162, 42.25600196125318320 ) ) ;
#8872 = EDGE_CURVE ( 'NONE', #9847, #3269, #1501, .T. ) ;
#8873 = CARTESIAN_POINT ( 'NONE',  ( 28.63698633608202826, -6.150980595711543764, 42.73825210476638148 ) ) ;
#8874 = VERTEX_POINT ( 'NONE', #6547 ) ;
#8875 = CARTESIAN_POINT ( 'NONE',  ( 6.015000000000000568, 18.04499999999999815, 43.00000000000000000 ) ) ;
#8876 =( NAMED_UNIT ( * ) PLANE_ANGLE_UNIT ( ) SI_UNIT ( $, .RADIAN. ) );
#8877 = CARTESIAN_POINT ( 'NONE',  ( 15.99999999999981704, 2.001604010742490016E-14, 45.39999999999999858 ) ) ;
#8878 =( NAMED_UNIT ( * ) SI_UNIT ( $, .STERADIAN. ) SOLID_ANGLE_UNIT ( ) );
#8879 = VECTOR ( 'NONE', #5196, 1000.000000000000114 ) ;
#8880 = SURFACE_STYLE_USAGE ( .BOTH. , #5705 ) ;
#8881 = FACE_OUTER_BOUND ( 'NONE', #7939, .T. ) ;
#8882 = VERTEX_POINT ( 'NONE', #2661 ) ;
#8883 = CARTESIAN_POINT ( 'NONE',  ( 25.00811388300841998, -11.35358242896913694, 42.52565835097474434 ) ) ;
#8884 = DIRECTION ( 'NONE',  ( 1.000000000000000000, 0.000000000000000000, 0.000000000000000000 ) ) ;
#8885 = PRESENTATION_LAYER_ASSIGNMENT (  '', '', ( #8723 ) ) ;
#8886 = VERTEX_POINT ( 'NONE', #884 ) ;
#8887 =( NAMED_UNIT ( * ) SI_UNIT ( $, .STERADIAN. ) SOLID_ANGLE_UNIT ( ) );
#8888 = DIRECTION ( 'NONE',  ( -1.000000000000000000, 0.000000000000000000, 0.000000000000000000 ) ) ;
#8889 = EDGE_CURVE ( 'NONE', #8564, #600, #6444, .T. ) ;
#8890 = CARTESIAN_POINT ( 'NONE',  ( 21.16000000000000014, -13.31369220013742272, 5.999999999999998224 ) ) ;
#8891 = AXIS2_PLACEMENT_3D ( 'NONE', #7516, #7752, #6715 ) ;
#8892 = PLANE ( 'NONE',  #5303 ) ;
#8893 = ORIENTED_EDGE ( 'NONE', *, *, #1586, .T. ) ;
#8894 = PRESENTATION_STYLE_ASSIGNMENT (( #328 ) ) ;
#8895 = STYLED_ITEM ( 'NONE', ( #8429 ), #3657 ) ;
#8896 = EDGE_CURVE ( 'NONE', #3995, #3546, #1279, .T. ) ;
#8897 = ORIENTED_EDGE ( 'NONE', *, *, #1871, .T. ) ;
#8898 = MECHANICAL_DESIGN_GEOMETRIC_PRESENTATION_REPRESENTATION (  '', ( #7570 ), #7077 ) ;
#8899 = SURFACE_SIDE_STYLE ('',( #8333 ) ) ;
#8900 =( LENGTH_UNIT ( ) NAMED_UNIT ( * ) SI_UNIT ( .MILLI., .METRE. ) );
#8901 = ORIENTED_EDGE ( 'NONE', *, *, #9526, .F. ) ;
#8902 =( GEOMETRIC_REPRESENTATION_CONTEXT ( 3 ) GLOBAL_UNCERTAINTY_ASSIGNED_CONTEXT ( ( #2030 ) ) GLOBAL_UNIT_ASSIGNED_CONTEXT ( ( #8123, #1075, #8935 ) ) REPRESENTATION_CONTEXT ( 'NONE', 'WORKASPACE' ) );
#8903 = VERTEX_POINT ( 'NONE', #149 ) ;
#8904 = EDGE_CURVE ( 'NONE', #9571, #9069, #8752, .T. ) ;
#8905 = MECHANICAL_DESIGN_GEOMETRIC_PRESENTATION_REPRESENTATION (  '', ( #5919 ), #1293 ) ;
#8906 = EDGE_LOOP ( 'NONE', ( #8243, #4200, #2172 ) ) ;
#8907 = FILL_AREA_STYLE ('',( #4717 ) ) ;
#8908 = CIRCLE ( 'NONE', #2651, 1.249999999999997558 ) ;
#8909 = CARTESIAN_POINT ( 'NONE',  ( -17.14999999999997726, -21.15000000000000568, 37.00000000000000000 ) ) ;
#8910 = CARTESIAN_POINT ( 'NONE',  ( 21.16000000000000014, 12.99666666666666259, 35.00200000000000955 ) ) ;
#8911 = ORIENTED_EDGE ( 'NONE', *, *, #756, .F. ) ;
#8912 = CONICAL_SURFACE ( 'NONE', #1471, 2.000000000000015543, 0.7853981633974391752 ) ;
#8913 = MECHANICAL_DESIGN_GEOMETRIC_PRESENTATION_REPRESENTATION (  '', ( #301 ), #4439 ) ;
#8914 = DIRECTION ( 'NONE',  ( 0.9486832980505148782, -0.3162277660168348881, 0.000000000000000000 ) ) ;
#8915 =( NAMED_UNIT ( * ) SI_UNIT ( $, .STERADIAN. ) SOLID_ANGLE_UNIT ( ) );
#8916 = ORIENTED_EDGE ( 'NONE', *, *, #2853, .F. ) ;
#8917 = ADVANCED_FACE ( 'NONE', ( #1707 ), #4153, .F. ) ;
#8918 = MECHANICAL_DESIGN_GEOMETRIC_PRESENTATION_REPRESENTATION (  '', ( #6259 ), #7099 ) ;
#8919 = PRESENTATION_STYLE_ASSIGNMENT (( #7367 ) ) ;
#8920 = CARTESIAN_POINT ( 'NONE',  ( -21.14999999999999503, -17.15000000000000213, 37.00000000000000000 ) ) ;
#8921 = CARTESIAN_POINT ( 'NONE',  ( 28.64999999999999858, 1.698780669118024500, 40.49999999999999289 ) ) ;
#8922 = EDGE_CURVE ( 'NONE', #8072, #3269, #2147, .T. ) ;
#8923 = CARTESIAN_POINT ( 'NONE',  ( 28.64999999999999858, -6.020106648094794011, 38.00000000000000000 ) ) ;
#8924 = LINE ( 'NONE', #1836, #1545 ) ;
#8925 = CARTESIAN_POINT ( 'NONE',  ( 17.14999999999998437, -21.14999999999986358, 8.000000000000000000 ) ) ;
#8926 = ORIENTED_EDGE ( 'NONE', *, *, #8413, .F. ) ;
#8927 = PRESENTATION_LAYER_ASSIGNMENT (  '', '', ( #1660 ) ) ;
#8928 = CARTESIAN_POINT ( 'NONE',  ( 24.55811388300841713, -11.28333052398411596, 42.00000000002314238 ) ) ;
#8929 = DIRECTION ( 'NONE',  ( 0.000000000000000000, 0.000000000000000000, -1.000000000000000000 ) ) ;
#8930 = ADVANCED_BREP_SHAPE_REPRESENTATION ( '17IP67-06', ( #1100, #8125, #7871, #4511, #7826, #5590 ), #10000 ) ;
#8931 = CARTESIAN_POINT ( 'NONE',  ( 17.29999999999983729, -15.00000000000102318, 46.39999999999999858 ) ) ;
#8932 = DIRECTION ( 'NONE',  ( 5.211847922874171178E-16, 1.000000000000000000, -0.000000000000000000 ) ) ;
#8933 = DIRECTION ( 'NONE',  ( 0.000000000000000000, -1.000000000000000000, 0.000000000000000000 ) ) ;
#8934 = ORIENTED_EDGE ( 'NONE', *, *, #3308, .F. ) ;
#8935 =( NAMED_UNIT ( * ) SI_UNIT ( $, .STERADIAN. ) SOLID_ANGLE_UNIT ( ) );
#8936 =( NAMED_UNIT ( * ) PLANE_ANGLE_UNIT ( ) SI_UNIT ( $, .RADIAN. ) );
#8937 = ADVANCED_FACE ( 'NONE', ( #7987 ), #1809, .F. ) ;
#8938 = VERTEX_POINT ( 'NONE', #5018 ) ;
#8939 = AXIS2_PLACEMENT_3D ( 'NONE', #6010, #5293, #9152 ) ;
#8940 = FACE_BOUND ( 'NONE', #5520, .T. ) ;
#8941 = DIRECTION ( 'NONE',  ( -1.000000000000000000, 0.000000000000000000, 0.000000000000000000 ) ) ;
#8942 = CARTESIAN_POINT ( 'NONE',  ( 27.80811388300841713, -10.25358242896914085, 38.50000000000000000 ) ) ;
#8943 = PRESENTATION_LAYER_ASSIGNMENT (  '', '', ( #4014 ) ) ;
#8944 = FILL_AREA_STYLE ('',( #2009 ) ) ;
#8945 = DIRECTION ( 'NONE',  ( -1.000000000000000000, -0.000000000000000000, -0.000000000000000000 ) ) ;
#8946 = ORIENTED_EDGE ( 'NONE', *, *, #6452, .T. ) ;
#8947 = VERTEX_POINT ( 'NONE', #1086 ) ;
#8948 = LINE ( 'NONE', #1039, #4464 ) ;
#8949 = ORIENTED_EDGE ( 'NONE', *, *, #4360, .F. ) ;
#8950 = DIRECTION ( 'NONE',  ( 5.337610695313263217E-15, -1.000000000000000000, 0.000000000000000000 ) ) ;
#8951 = CARTESIAN_POINT ( 'NONE',  ( -15.00000000000016165, 15.99999999999897327, 45.39999999999999858 ) ) ;
#8952 =( NAMED_UNIT ( * ) PLANE_ANGLE_UNIT ( ) SI_UNIT ( $, .RADIAN. ) );
#8953 = DIRECTION ( 'NONE',  ( -1.000000000000000000, 0.000000000000000000, 0.000000000000000000 ) ) ;
#8954 = LINE ( 'NONE', #9747, #6435 ) ;
#8955 = ORIENTED_EDGE ( 'NONE', *, *, #1001, .F. ) ;
#8956 = CIRCLE ( 'NONE', #24, 2.899999999999999911 ) ;
#8957 = EDGE_CURVE ( 'NONE', #7092, #1696, #8783, .T. ) ;
#8958 =( NAMED_UNIT ( * ) PLANE_ANGLE_UNIT ( ) SI_UNIT ( $, .RADIAN. ) );
#8959 = CARTESIAN_POINT ( 'NONE',  ( 28.15470225766953405, -6.536588918950522853, 42.48351772914446656 ) ) ;
#8960 = ORIENTED_EDGE ( 'NONE', *, *, #3573, .F. ) ;
#8961 = CARTESIAN_POINT ( 'NONE',  ( 24.39623407393779075, 11.87558144723552545, 38.40626511872308413 ) ) ;
#8962 = SURFACE_STYLE_USAGE ( .BOTH. , #4268 ) ;
#8963 = FILL_AREA_STYLE ('',( #4839 ) ) ;
#8964 = DIRECTION ( 'NONE',  ( -0.000000000000000000, -0.000000000000000000, 1.000000000000000000 ) ) ;
#8965 = UNCERTAINTY_MEASURE_WITH_UNIT (LENGTH_MEASURE( 1.000000000000000082E-05 ), #6649, 'distance_accuracy_value', 'NONE');
#8966 = EDGE_CURVE ( 'NONE', #1547, #1520, #8289, .T. ) ;
#8967 = CARTESIAN_POINT ( 'NONE',  ( 24.55811388300841713, -11.36721879260550061, 38.51746361711847300 ) ) ;
#8968 = ORIENTED_EDGE ( 'NONE', *, *, #784, .T. ) ;
#8969 = VECTOR ( 'NONE', #6564, 1000.000000000000000 ) ;
#8970 = COLOUR_RGB ( '',0.2509803921568627416, 0.2509803921568627416, 0.2509803921568627416 ) ;
#8971 = CARTESIAN_POINT ( 'NONE',  ( 27.64999999999999858, 6.520106648094790458, 41.99999999999999289 ) ) ;
#8972 = PRESENTATION_LAYER_ASSIGNMENT (  '', '', ( #1710 ) ) ;
#8973 = DIRECTION ( 'NONE',  ( 1.000000000000000000, 0.000000000000000000, 0.000000000000000000 ) ) ;
#8974 = EDGE_CURVE ( 'NONE', #4050, #3827, #1271, .T. ) ;
#8975 =( NAMED_UNIT ( * ) PLANE_ANGLE_UNIT ( ) SI_UNIT ( $, .RADIAN. ) );
#8976 = COLOUR_RGB ( '',0.2509803921568627416, 0.2509803921568627416, 0.2509803921568627416 ) ;
#8977 = DIRECTION ( 'NONE',  ( -1.000000000000000000, -2.668805347656632003E-15, 0.000000000000000000 ) ) ;
#8978 =( GEOMETRIC_REPRESENTATION_CONTEXT ( 3 ) GLOBAL_UNCERTAINTY_ASSIGNED_CONTEXT ( ( #7525 ) ) GLOBAL_UNIT_ASSIGNED_CONTEXT ( ( #4849, #7969, #3318 ) ) REPRESENTATION_CONTEXT ( 'NONE', 'WORKASPACE' ) );
#8979 = DIRECTION ( 'NONE',  ( -0.9486832980505137680, 0.3162277660168379967, 0.000000000000000000 ) ) ;
#8980 = SURFACE_STYLE_USAGE ( .BOTH. , #1995 ) ;
#8981 =( LENGTH_UNIT ( ) NAMED_UNIT ( * ) SI_UNIT ( .MILLI., .METRE. ) );
#8982 = MECHANICAL_DESIGN_GEOMETRIC_PRESENTATION_REPRESENTATION (  '', ( #4051 ), #1802 ) ;
#8983 = ORIENTED_EDGE ( 'NONE', *, *, #6496, .F. ) ;
#8984 =( GEOMETRIC_REPRESENTATION_CONTEXT ( 3 ) GLOBAL_UNCERTAINTY_ASSIGNED_CONTEXT ( ( #10026 ) ) GLOBAL_UNIT_ASSIGNED_CONTEXT ( ( #4093, #3223, #6440 ) ) REPRESENTATION_CONTEXT ( 'NONE', 'WORKASPACE' ) );
#8985 = ORIENTED_EDGE ( 'NONE', *, *, #5970, .T. ) ;
#8986 = SURFACE_STYLE_USAGE ( .BOTH. , #9640 ) ;
#8987 = SURFACE_STYLE_FILL_AREA ( #383 ) ;
#8988 = PRESENTATION_LAYER_ASSIGNMENT (  '', '', ( #2214 ) ) ;
#8989 = STYLED_ITEM ( 'NONE', ( #1236 ), #5250 ) ;
#8990 = CARTESIAN_POINT ( 'NONE',  ( -3.500000000000000000, 0.000000000000000000, -1.734723475976807094E-15 ) ) ;
#8991 = CARTESIAN_POINT ( 'NONE',  ( 28.64999999999999858, 8.673617379884035472E-16, 40.49999999999999289 ) ) ;
#8992 = PRESENTATION_STYLE_ASSIGNMENT (( #433 ) ) ;
#8993 = ORIENTED_EDGE ( 'NONE', *, *, #8974, .T. ) ;
#8994 = CARTESIAN_POINT ( 'NONE',  ( -21.14999999999999503, -17.15000000000000213, 10.00000000000000000 ) ) ;
#8995 = ORIENTED_EDGE ( 'NONE', *, *, #6284, .F. ) ;
#8996 = DIRECTION ( 'NONE',  ( 0.000000000000000000, 0.000000000000000000, -1.000000000000000000 ) ) ;
#8997 = VECTOR ( 'NONE', #3672, 1000.000000000000000 ) ;
#8998 = ORIENTED_EDGE ( 'NONE', *, *, #21, .T. ) ;
#8999 = DIRECTION ( 'NONE',  ( 0.000000000000000000, 0.000000000000000000, 1.000000000000000000 ) ) ;
#9000 = PLANE ( 'NONE',  #2839 ) ;
#9002 = EDGE_CURVE ( 'NONE', #10094, #3428, #5159, .T. ) ;
#9001 = ORIENTED_EDGE ( 'NONE', *, *, #6405, .F. ) ;
#9003 = AXIS2_PLACEMENT_3D ( 'NONE', #2330, #2446, #867 ) ;
#9004 = VECTOR ( 'NONE', #3611, 1000.000000000000114 ) ;
#9005 = CONICAL_SURFACE ( 'NONE', #3571, 1.249999999999997558, 1.029744258676653201 ) ;
#9006 = LINE ( 'NONE', #3491, #1265 ) ;
#9007 = CARTESIAN_POINT ( 'NONE',  ( 28.58689319642925497, -6.271916132843134761, 42.49638103050343574 ) ) ;
#9008 = VERTEX_POINT ( 'NONE', #6807 ) ;
#9009 = EDGE_CURVE ( 'NONE', #4347, #4928, #6558, .T. ) ;
#9010 = CARTESIAN_POINT ( 'NONE',  ( 24.99250597426845744, 11.41081142761270328, 38.45788946867048708 ) ) ;
#9011 = LINE ( 'NONE', #8920, #8424 ) ;
#9012 = ORIENTED_EDGE ( 'NONE', *, *, #5606, .T. ) ;
#9013 = SURFACE_SIDE_STYLE ('',( #314 ) ) ;
#9014 = CARTESIAN_POINT ( 'NONE',  ( 0.000000000000000000, 21.14999999999999858, 39.00000000000000000 ) ) ;
#9015 = VERTEX_POINT ( 'NONE', #1184 ) ;
#9016 = DIRECTION ( 'NONE',  ( 1.000000000000000000, 0.000000000000000000, 0.000000000000000000 ) ) ;
#9017 = EDGE_CURVE ( 'NONE', #7398, #45, #4388, .T. ) ;
#9018 = FACE_OUTER_BOUND ( 'NONE', #7726, .T. ) ;
#9019 = CARTESIAN_POINT ( 'NONE',  ( -16.00000000000015987, 17.29999999999897753, 46.39999999999999858 ) ) ;
#9020 = CARTESIAN_POINT ( 'NONE',  ( 28.64999999999999858, -9.779240779943883410, 36.50000000000000000 ) ) ;
#9021 = SURFACE_SIDE_STYLE ('',( #9870 ) ) ;
#9022 = FILL_AREA_STYLE_COLOUR ( '', #8298 ) ;
#9023 = VERTEX_POINT ( 'NONE', #4336 ) ;
#9024 = LINE ( 'NONE', #5104, #10174 ) ;
#9025 = CARTESIAN_POINT ( 'NONE',  ( 12.14999999999984226, -15.50000000000102496, 47.00000000000000000 ) ) ;
#9026 = VERTEX_POINT ( 'NONE', #7646 ) ;
#9027 = DIRECTION ( 'NONE',  ( 1.000000000000000000, 0.000000000000000000, 0.000000000000000000 ) ) ;
#9028 =( NAMED_UNIT ( * ) SI_UNIT ( $, .STERADIAN. ) SOLID_ANGLE_UNIT ( ) );
#9029 = CARTESIAN_POINT ( 'NONE',  ( 27.65000000000000213, -7.020106648094796675, 38.50000000000000000 ) ) ;
#9030 = FILL_AREA_STYLE ('',( #9078 ) ) ;
#9031 = DIRECTION ( 'NONE',  ( 0.000000000000000000, 0.000000000000000000, -1.000000000000000000 ) ) ;
#9032 = ORIENTED_EDGE ( 'NONE', *, *, #3807, .F. ) ;
#9033 = VERTEX_POINT ( 'NONE', #2860 ) ;
#9034 =( LENGTH_UNIT ( ) NAMED_UNIT ( * ) SI_UNIT ( .MILLI., .METRE. ) );
#9035 = ADVANCED_FACE ( 'NONE', ( #538 ), #6651, .F. ) ;
#9036 = VERTEX_POINT ( 'NONE', #5819 ) ;
#9037 = VECTOR ( 'NONE', #7962, 1000.000000000000000 ) ;
#9038 = ADVANCED_FACE ( 'NONE', ( #9786 ), #9830, .T. ) ;
#9039 = CARTESIAN_POINT ( 'NONE',  ( 25.05811388300841713, -10.64320281894107190, 38.50000000000000000 ) ) ;
#9040 = DIRECTION ( 'NONE',  ( -0.000000000000000000, 0.000000000000000000, 1.000000000000000000 ) ) ;
#9041 = CYLINDRICAL_SURFACE ( 'NONE', #242, 25.00000000000000000 ) ;
#9042 = DIRECTION ( 'NONE',  ( -0.000000000000000000, 0.000000000000000000, 1.000000000000000000 ) ) ;
#9043 = ORIENTED_EDGE ( 'NONE', *, *, #1723, .T. ) ;
#9044 = CIRCLE ( 'NONE', #6557, 2.750000000000000888 ) ;
#9045 = AXIS2_PLACEMENT_3D ( 'NONE', #9111, #3050, #7588 ) ;
#9046 = PLANE ( 'NONE',  #8891 ) ;
#9047 = SURFACE_STYLE_FILL_AREA ( #7713 ) ;
#9048 = ORIENTED_EDGE ( 'NONE', *, *, #3262, .F. ) ;
#9049 = EDGE_CURVE ( 'NONE', #1659, #9794, #2265, .T. ) ;
#9050 = FILL_AREA_STYLE_COLOUR ( '', #9431 ) ;
#9051 = PRESENTATION_STYLE_ASSIGNMENT (( #1882 ) ) ;
#9052 = LINE ( 'NONE', #8877, #7086 ) ;
#9053 = CARTESIAN_POINT ( 'NONE',  ( 24.21622776601683213, -11.97792407799439474, 38.00000000000000000 ) ) ;
#9054 =( GEOMETRIC_REPRESENTATION_CONTEXT ( 3 ) GLOBAL_UNCERTAINTY_ASSIGNED_CONTEXT ( ( #1626 ) ) GLOBAL_UNIT_ASSIGNED_CONTEXT ( ( #4627, #2090, #9960 ) ) REPRESENTATION_CONTEXT ( 'NONE', 'WORKASPACE' ) );
#9055 = FACE_OUTER_BOUND ( 'NONE', #1263, .T. ) ;
#9056 = UNCERTAINTY_MEASURE_WITH_UNIT (LENGTH_MEASURE( 1.000000000000000082E-05 ), #2854, 'distance_accuracy_value', 'NONE');
#9057 = EDGE_CURVE ( 'NONE', #3743, #9023, #3169, .T. ) ;
#9058 =( NAMED_UNIT ( * ) SI_UNIT ( $, .STERADIAN. ) SOLID_ANGLE_UNIT ( ) );
#9059 = CARTESIAN_POINT ( 'NONE',  ( 15.99999999999987566, -4.003208021484980664E-14, 46.39999999999999858 ) ) ;
#9060 = AXIS2_PLACEMENT_3D ( 'NONE', #5687, #2466, #7994 ) ;
#9061 =( GEOMETRIC_REPRESENTATION_CONTEXT ( 3 ) GLOBAL_UNCERTAINTY_ASSIGNED_CONTEXT ( ( #90 ) ) GLOBAL_UNIT_ASSIGNED_CONTEXT ( ( #5929, #2007, #9028 ) ) REPRESENTATION_CONTEXT ( 'NONE', 'WORKASPACE' ) );
#9062 = ORIENTED_EDGE ( 'NONE', *, *, #1939, .T. ) ;
#9063 =( NAMED_UNIT ( * ) SI_UNIT ( $, .STERADIAN. ) SOLID_ANGLE_UNIT ( ) );
#9064 = SURFACE_STYLE_FILL_AREA ( #9814 ) ;
#9065 = DIRECTION ( 'NONE',  ( 0.3162277660168358873, 0.9486832980505145452, 0.000000000000000000 ) ) ;
#9066 = SURFACE_STYLE_FILL_AREA ( #5808 ) ;
#9067 = CARTESIAN_POINT ( 'NONE',  ( -21.16000000000000014, 1.102827020480174781E-14, 5.999999999999998224 ) ) ;
#9068 = STYLED_ITEM ( 'NONE', ( #1914 ), #6142 ) ;
#9069 = VERTEX_POINT ( 'NONE', #4745 ) ;
#9070 = EDGE_CURVE ( 'NONE', #10178, #3335, #6234, .T. ) ;
#9071 = FACE_OUTER_BOUND ( 'NONE', #7811, .T. ) ;
#9072 =( BOUNDED_CURVE ( )  B_SPLINE_CURVE ( 3, ( #2827, #5946, #2021, #7660 ),
 .UNSPECIFIED., .F., .T. ) 
 B_SPLINE_CURVE_WITH_KNOTS ( ( 4, 4 ),
 ( 1.892546881191543795, 3.141592653589793116 ),
 .UNSPECIFIED. ) 
 CURVE ( )  GEOMETRIC_REPRESENTATION_ITEM ( )  RATIONAL_B_SPLINE_CURVE ( ( 1.000000000000000000, 0.8741614567837082683, 0.8741614567837082683, 1.000000000000000000 ) ) 
 REPRESENTATION_ITEM ( '' )  );
#9073 = DIRECTION ( 'NONE',  ( -0.7071067811865489050, -0.7071067811865462405, 0.000000000000000000 ) ) ;
#9074 = STYLED_ITEM ( 'NONE', ( #8348 ), #8728 ) ;
#9076 = LINE ( 'NONE', #6543, #6143 ) ;
#9075 = COLOUR_RGB ( '',0.2509803921568627416, 0.2509803921568627416, 0.2509803921568627416 ) ;
#9077 = SURFACE_SIDE_STYLE ('',( #3471 ) ) ;
#9078 = FILL_AREA_STYLE_COLOUR ( '', #8179 ) ;
#9079 = ORIENTED_EDGE ( 'NONE', *, *, #5173, .T. ) ;
#9080 = EDGE_CURVE ( 'NONE', #7295, #8084, #2846, .T. ) ;
#9081 = MECHANICAL_DESIGN_GEOMETRIC_PRESENTATION_REPRESENTATION (  '', ( #843 ), #7782 ) ;
#9082 = SURFACE_SIDE_STYLE ('',( #4436 ) ) ;
#9083 = VECTOR ( 'NONE', #4514, 1000.000000000000000 ) ;
#9084 = EDGE_LOOP ( 'NONE', ( #9482, #7840, #4036, #5295 ) ) ;
#9085 = VERTEX_POINT ( 'NONE', #5412 ) ;
#9086 = LINE ( 'NONE', #2819, #9639 ) ;
#9087 = CARTESIAN_POINT ( 'NONE',  ( 28.65000000000000213, -9.779240779943883410, 36.50000000000000711 ) ) ;
#9088 = COLOUR_RGB ( '',0.2509803921568627416, 0.2509803921568627416, 0.2509803921568627416 ) ;
#9089 =( LENGTH_UNIT ( ) NAMED_UNIT ( * ) SI_UNIT ( .MILLI., .METRE. ) );
#9090 = ORIENTED_EDGE ( 'NONE', *, *, #7408, .T. ) ;
#9091 = EDGE_CURVE ( 'NONE', #4011, #3580, #3015, .T. ) ;
#9092 = FACE_BOUND ( 'NONE', #9697, .T. ) ;
#9093 = EDGE_LOOP ( 'NONE', ( #8901, #4675, #5160, #6201 ) ) ;
#9094 = DIRECTION ( 'NONE',  ( -1.000000000000000000, 0.000000000000000000, 0.000000000000000000 ) ) ;
#9095 = PRESENTATION_STYLE_ASSIGNMENT (( #5337 ) ) ;
#9096 = CYLINDRICAL_SURFACE ( 'NONE', #8350, 1.201219330881977854 ) ;
#9097 = FILL_AREA_STYLE_COLOUR ( '', #9283 ) ;
#9098 = CARTESIAN_POINT ( 'NONE',  ( 24.26560420270880059, -11.96146526576373681, 38.10409466845823090 ) ) ;
#9099 = AXIS2_PLACEMENT_3D ( 'NONE', #8357, #2875, #6672 ) ;
#9100 = FILL_AREA_STYLE ('',( #2841 ) ) ;
#9101 = EDGE_LOOP ( 'NONE', ( #3918, #9902, #4912, #9489 ) ) ;
#9102 = DIRECTION ( 'NONE',  ( -0.3162277660168376636, 0.9486832980505138790, 0.000000000000000000 ) ) ;
#9103 = LINE ( 'NONE', #2089, #4767 ) ;
#9104 = CARTESIAN_POINT ( 'NONE',  ( 14.99999999999983658, -15.00000000000102673, 46.39999999999999858 ) ) ;
#9105 = CARTESIAN_POINT ( 'NONE',  ( 25.00811388300842353, -11.35358242896913694, 42.52565835097474434 ) ) ;
#9106 = DIRECTION ( 'NONE',  ( -0.7071067811865500152, -0.7071067811865451302, -0.000000000000000000 ) ) ;
#9107 = STYLED_ITEM ( 'NONE', ( #5497 ), #4676 ) ;
#9108 = FILL_AREA_STYLE ('',( #4238 ) ) ;
#9109 = ORIENTED_EDGE ( 'NONE', *, *, #7770, .T. ) ;
#9110 = EDGE_CURVE ( 'NONE', #9240, #4750, #10186, .T. ) ;
#9111 = CARTESIAN_POINT ( 'NONE',  ( -15.49999999999994316, -15.50000000000004974, 4.500000000000000888 ) ) ;
#9112 = COLOUR_RGB ( '',0.2509803921568627416, 0.2509803921568627416, 0.2509803921568627416 ) ;
#9113 = EDGE_CURVE ( 'NONE', #8605, #9069, #5457, .T. ) ;
#9114 = CARTESIAN_POINT ( 'NONE',  ( 24.35997896498352233, -11.91199363726344451, 42.84277660248019259 ) ) ;
#9115 = CARTESIAN_POINT ( 'NONE',  ( 25.00811388300841642, 11.35358242896912984, 42.52565835097473723 ) ) ;
#9116 = CARTESIAN_POINT ( 'NONE',  ( -17.30000000000016414, -31.00000000000000000, 46.39999999999999858 ) ) ;
#9117 = DIRECTION ( 'NONE',  ( 0.000000000000000000, -1.000000000000000000, -0.000000000000000000 ) ) ;
#9118 = DIRECTION ( 'NONE',  ( 0.000000000000000000, 0.000000000000000000, 1.000000000000000000 ) ) ;
#9119 = PRESENTATION_STYLE_ASSIGNMENT (( #2263 ) ) ;
#9120 = ORIENTED_EDGE ( 'NONE', *, *, #9817, .F. ) ;
#9121 = COLOUR_RGB ( '',0.2509803921568627416, 0.2509803921568627416, 0.2509803921568627416 ) ;
#9122 = FACE_OUTER_BOUND ( 'NONE', #5936, .T. ) ;
#9123 = ORIENTED_EDGE ( 'NONE', *, *, #3818, .T. ) ;
#9124 = DIRECTION ( 'NONE',  ( -0.000000000000000000, -0.000000000000000000, -1.000000000000000000 ) ) ;
#9125 = VERTEX_POINT ( 'NONE', #3826 ) ;
#9126 = VECTOR ( 'NONE', #2465, 1000.000000000000000 ) ;
#9127 =( GEOMETRIC_REPRESENTATION_CONTEXT ( 3 ) GLOBAL_UNCERTAINTY_ASSIGNED_CONTEXT ( ( #5973 ) ) GLOBAL_UNIT_ASSIGNED_CONTEXT ( ( #10114, #1682, #7228 ) ) REPRESENTATION_CONTEXT ( 'NONE', 'WORKASPACE' ) );
#9128 = ADVANCED_FACE ( 'NONE', ( #7072 ), #4817, .F. ) ;
#9129 = LINE ( 'NONE', #7812, #2733 ) ;
#9130 = SURFACE_STYLE_USAGE ( .BOTH. , #3076 ) ;
#9131 = PLANE ( 'NONE',  #6922 ) ;
#9132 = FACE_OUTER_BOUND ( 'NONE', #3879, .T. ) ;
#9133 = DIRECTION ( 'NONE',  ( -1.334402673828310480E-15, -1.000000000000000000, 0.000000000000000000 ) ) ;
#9134 = ORIENTED_EDGE ( 'NONE', *, *, #881, .F. ) ;
#9135 = EDGE_CURVE ( 'NONE', #9822, #7396, #3943, .T. ) ;
#9136 = VECTOR ( 'NONE', #1347, 1000.000000000000000 ) ;
#9137 = COLOUR_RGB ( '',0.2509803921568627416, 0.2509803921568627416, 0.2509803921568627416 ) ;
#9138 = MECHANICAL_DESIGN_GEOMETRIC_PRESENTATION_REPRESENTATION (  '', ( #7680 ), #2420 ) ;
#9139 = COLOUR_RGB ( '',0.2509803921568627416, 0.2509803921568627416, 0.2509803921568627416 ) ;
#9140 = EDGE_LOOP ( 'NONE', ( #2505, #5012 ) ) ;
#9141 = CARTESIAN_POINT ( 'NONE',  ( -13.32957238623955831, 21.14999999999999858, 98.84951795962938093 ) ) ;
#9142 = STYLED_ITEM ( 'NONE', ( #3485 ), #7871 ) ;
#9143 = SURFACE_STYLE_USAGE ( .BOTH. , #4357 ) ;
#9144 = STYLED_ITEM ( 'NONE', ( #10185 ), #2610 ) ;
#9145 = CARTESIAN_POINT ( 'NONE',  ( 24.55811388300841358, 11.28333052398349423, 38.99999999997685052 ) ) ;
#9146 = STYLED_ITEM ( 'NONE', ( #9563 ), #1968 ) ;
#9147 = PRESENTATION_LAYER_ASSIGNMENT (  '', '', ( #7862 ) ) ;
#9148 = DIRECTION ( 'NONE',  ( -0.000000000000000000, -0.000000000000000000, 1.000000000000000000 ) ) ;
#9149 = UNCERTAINTY_MEASURE_WITH_UNIT (LENGTH_MEASURE( 1.000000000000000082E-05 ), #2131, 'distance_accuracy_value', 'NONE');
#9150 = PRESENTATION_STYLE_ASSIGNMENT (( #416 ) ) ;
#9151 = VECTOR ( 'NONE', #667, 1000.000000000000114 ) ;
#9152 = DIRECTION ( 'NONE',  ( 0.000000000000000000, 0.000000000000000000, 1.000000000000000000 ) ) ;
#9153 = ORIENTED_EDGE ( 'NONE', *, *, #192, .F. ) ;
#9154 = DIRECTION ( 'NONE',  ( -0.000000000000000000, 0.000000000000000000, 1.000000000000000000 ) ) ;
#9155 = DIRECTION ( 'NONE',  ( 1.000000000000000000, 0.000000000000000000, 0.000000000000000000 ) ) ;
#9156 = CYLINDRICAL_SURFACE ( 'NONE', #1290, 2.500000000000000000 ) ;
#9157 = ADVANCED_FACE ( 'NONE', ( #6184 ), #7867, .T. ) ;
#9158 = CARTESIAN_POINT ( 'NONE',  ( -21.14999999999999147, -13.32957238623957252, 8.000000000000000000 ) ) ;
#9159 = CARTESIAN_POINT ( 'NONE',  ( 15.50000000000010481, -15.49999999999989164, -0.000000000000000000 ) ) ;
#9160 = ORIENTED_EDGE ( 'NONE', *, *, #2817, .T. ) ;
#9161 = FILL_AREA_STYLE_COLOUR ( '', #2966 ) ;
#9162 = CARTESIAN_POINT ( 'NONE',  ( -13.70000000000016094, 14.99999999999897682, 45.39999999999999858 ) ) ;
#9163 = EDGE_CURVE ( 'NONE', #830, #9085, #7121, .T. ) ;
#9164 = SURFACE_STYLE_FILL_AREA ( #6023 ) ;
#9165 = CARTESIAN_POINT ( 'NONE',  ( 24.51907571263259911, -11.74388274759370532, 42.63868284412784249 ) ) ;
#9166 = DIRECTION ( 'NONE',  ( 0.000000000000000000, 0.000000000000000000, -1.000000000000000000 ) ) ;
#9167 = SURFACE_SIDE_STYLE ('',( #6963 ) ) ;
#9168 = CARTESIAN_POINT ( 'NONE',  ( -11.00000000000000000, 1.347111479062088405E-15, 0.000000000000000000 ) ) ;
#9169 = CARTESIAN_POINT ( 'NONE',  ( -16.00000000000016698, -16.00000000000102673, 45.39999999999999858 ) ) ;
#9170 = ORIENTED_EDGE ( 'NONE', *, *, #7580, .T. ) ;
#9171 = VECTOR ( 'NONE', #5968, 1000.000000000000000 ) ;
#9172 = FILL_AREA_STYLE ('',( #2910 ) ) ;
#9173 = DIRECTION ( 'NONE',  ( 0.000000000000000000, 0.000000000000000000, -1.000000000000000000 ) ) ;
#9174 = EDGE_CURVE ( 'NONE', #2303, #7647, #5007, .T. ) ;
#9175 = ORIENTED_EDGE ( 'NONE', *, *, #6536, .T. ) ;
#9176 = CARTESIAN_POINT ( 'NONE',  ( 21.14999999999999858, 17.14999999999999503, 47.00000000000000000 ) ) ;
#9177 = EDGE_LOOP ( 'NONE', ( #8916, #8547, #5527, #2611 ) ) ;
#9178 =( LENGTH_UNIT ( ) NAMED_UNIT ( * ) SI_UNIT ( .MILLI., .METRE. ) );
#9179 = LINE ( 'NONE', #1441, #8442 ) ;
#9180 = DIRECTION ( 'NONE',  ( -2.668805347656620959E-15, -1.000000000000000000, 0.000000000000000000 ) ) ;
#9181 = SURFACE_SIDE_STYLE ('',( #1340 ) ) ;
#9182 = LINE ( 'NONE', #2775, #6758 ) ;
#9183 = VERTEX_POINT ( 'NONE', #1644 ) ;
#9184 = STYLED_ITEM ( 'NONE', ( #4047 ), #3531 ) ;
#9185 = EDGE_CURVE ( 'NONE', #1599, #3995, #3748, .T. ) ;
#9186 = ORIENTED_EDGE ( 'NONE', *, *, #1177, .T. ) ;
#9187 = PRESENTATION_LAYER_ASSIGNMENT (  '', '', ( #9184 ) ) ;
#9188 = DIRECTION ( 'NONE',  ( 0.000000000000000000, 0.000000000000000000, 1.000000000000000000 ) ) ;
#9189 = FILL_AREA_STYLE_COLOUR ( '', #393 ) ;
#9190 = COLOUR_RGB ( '',0.2509803921568627416, 0.2509803921568627416, 0.2509803921568627416 ) ;
#9191 = AXIS2_PLACEMENT_3D ( 'NONE', #5763, #2144, #4530 ) ;
#9192 = FILL_AREA_STYLE ('',( #6046 ) ) ;
#9193 = AXIS2_PLACEMENT_3D ( 'NONE', #9256, #6733, #5911 ) ;
#9194 = ORIENTED_EDGE ( 'NONE', *, *, #1534, .F. ) ;
#9195 = AXIS2_PLACEMENT_3D ( 'NONE', #7723, #1517, #4509 ) ;
#9196 = EDGE_CURVE ( 'NONE', #8315, #3827, #5613, .T. ) ;
#9197 = DIRECTION ( 'NONE',  ( -0.9486832980505137680, -0.3162277660168381077, -0.000000000000000000 ) ) ;
#9198 = SURFACE_STYLE_USAGE ( .BOTH. , #6844 ) ;
#9199 = FILL_AREA_STYLE_COLOUR ( '', #1630 ) ;
#9200 = CARTESIAN_POINT ( 'NONE',  ( -15.00000000000016165, 13.69999999999897611, 45.39999999999999858 ) ) ;
#9201 = VECTOR ( 'NONE', #3804, 999.9999999999998863 ) ;
#9202 = PRESENTATION_STYLE_ASSIGNMENT (( #7059 ) ) ;
#9203 = ORIENTED_EDGE ( 'NONE', *, *, #4453, .T. ) ;
#9204 = VECTOR ( 'NONE', #5611, 1000.000000000000000 ) ;
#9205 = DIRECTION ( 'NONE',  ( -0.000000000000000000, -0.000000000000000000, 1.000000000000000000 ) ) ;
#9206 = VECTOR ( 'NONE', #4961, 1000.000000000000114 ) ;
#9207 = DIRECTION ( 'NONE',  ( -0.000000000000000000, 0.000000000000000000, 1.000000000000000000 ) ) ;
#9208 = SURFACE_SIDE_STYLE ('',( #9164 ) ) ;
#9209 = COLOUR_RGB ( '',0.2509803921568627416, 0.2509803921568627416, 0.2509803921568627416 ) ;
#9210 = CARTESIAN_POINT ( 'NONE',  ( -11.50000000000000000, 0.000000000000000000, 0.000000000000000000 ) ) ;
#9211 = VECTOR ( 'NONE', #7721, 1000.000000000000000 ) ;
#9212 = DIRECTION ( 'NONE',  ( 1.000000000000000000, 0.000000000000000000, 0.000000000000000000 ) ) ;
#9213 = FILL_AREA_STYLE_COLOUR ( '', #9112 ) ;
#9214 = CARTESIAN_POINT ( 'NONE',  ( 15.99999999999981704, 2.001604010742490016E-14, 46.39999999999999858 ) ) ;
#9215 = DIRECTION ( 'NONE',  ( 0.000000000000000000, 0.000000000000000000, -1.000000000000000000 ) ) ;
#9216 = DIRECTION ( 'NONE',  ( 0.000000000000000000, 0.000000000000000000, 1.000000000000000000 ) ) ;
#9217 = DIRECTION ( 'NONE',  ( -0.000000000000000000, -0.000000000000000000, 1.000000000000000000 ) ) ;
#9218 = CARTESIAN_POINT ( 'NONE',  ( 27.80811388300841713, -10.25358242896914085, 38.00000000000000000 ) ) ;
#9219 = ORIENTED_EDGE ( 'NONE', *, *, #635, .F. ) ;
#9220 = DIRECTION ( 'NONE',  ( -2.668805347656620959E-15, -1.000000000000000000, 0.000000000000000000 ) ) ;
#9221 = AXIS2_PLACEMENT_3D ( 'NONE', #9448, #7088, #10200 ) ;
#9222 = EDGE_LOOP ( 'NONE', ( #3665, #5061 ) ) ;
#9223 =( NAMED_UNIT ( * ) SI_UNIT ( $, .STERADIAN. ) SOLID_ANGLE_UNIT ( ) );
#9224 = ORIENTED_EDGE ( 'NONE', *, *, #6264, .T. ) ;
#9225 = VECTOR ( 'NONE', #491, 1000.000000000000000 ) ;
#9226 = FILL_AREA_STYLE_COLOUR ( '', #8344 ) ;
#9227 =( GEOMETRIC_REPRESENTATION_CONTEXT ( 3 ) GLOBAL_UNCERTAINTY_ASSIGNED_CONTEXT ( ( #67 ) ) GLOBAL_UNIT_ASSIGNED_CONTEXT ( ( #4039, #4089, #8887 ) ) REPRESENTATION_CONTEXT ( 'NONE', 'WORKASPACE' ) );
#9228 = SURFACE_STYLE_FILL_AREA ( #4655 ) ;
#9229 = CARTESIAN_POINT ( 'NONE',  ( 0.000000000000000000, 0.000000000000000000, 0.000000000000000000 ) ) ;
#9230 =( NAMED_UNIT ( * ) PLANE_ANGLE_UNIT ( ) SI_UNIT ( $, .RADIAN. ) );
#9231 = VECTOR ( 'NONE', #4485, 1000.000000000000000 ) ;
#9232 = VECTOR ( 'NONE', #8567, 1000.000000000000000 ) ;
#9233 = FACE_OUTER_BOUND ( 'NONE', #9831, .T. ) ;
#9234 = CARTESIAN_POINT ( 'NONE',  ( 24.21622776601682858, 11.97792407799438585, 38.00000000000000000 ) ) ;
#9235 = ORIENTED_EDGE ( 'NONE', *, *, #2693, .F. ) ;
#9236 = STYLED_ITEM ( 'NONE', ( #2367 ), #4105 ) ;
#9237 = EDGE_CURVE ( 'NONE', #7873, #2286, #1025, .T. ) ;
#9238 = DIRECTION ( 'NONE',  ( 0.000000000000000000, -0.000000000000000000, 1.000000000000000000 ) ) ;
#9239 =( GEOMETRIC_REPRESENTATION_CONTEXT ( 3 ) GLOBAL_UNCERTAINTY_ASSIGNED_CONTEXT ( ( #7375 ) ) GLOBAL_UNIT_ASSIGNED_CONTEXT ( ( #9918, #2850, #1171 ) ) REPRESENTATION_CONTEXT ( 'NONE', 'WORKASPACE' ) );
#9240 = VERTEX_POINT ( 'NONE', #1695 ) ;
#9241 = SURFACE_STYLE_FILL_AREA ( #565 ) ;
#9242 = DIRECTION ( 'NONE',  ( -0.8571673007021120005, 0.000000000000000000, -0.5150380749100547106 ) ) ;
#9243 = COLOUR_RGB ( '',0.2509803921568627416, 0.2509803921568627416, 0.2509803921568627416 ) ;
#9244 = PLANE ( 'NONE',  #6420 ) ;
#9245 = LINE ( 'NONE', #6879, #6944 ) ;
#9246 = EDGE_CURVE ( 'NONE', #4557, #5486, #190, .T. ) ;
#9247 = CARTESIAN_POINT ( 'NONE',  ( 25.00811388300842353, -11.35358242896913694, 42.52565835097474434 ) ) ;
#9248 = UNCERTAINTY_MEASURE_WITH_UNIT (LENGTH_MEASURE( 1.000000000000000082E-05 ), #5051, 'distance_accuracy_value', 'NONE');
#9249 = DIRECTION ( 'NONE',  ( -0.000000000000000000, -0.000000000000000000, 1.000000000000000000 ) ) ;
#9250 = DIRECTION ( 'NONE',  ( -0.000000000000000000, 0.000000000000000000, 1.000000000000000000 ) ) ;
#9251 = AXIS2_PLACEMENT_3D ( 'NONE', #3383, #4971, #1090 ) ;
#9252 = SURFACE_STYLE_USAGE ( .BOTH. , #7573 ) ;
#9253 = ORIENTED_EDGE ( 'NONE', *, *, #7266, .T. ) ;
#9254 = DIRECTION ( 'NONE',  ( 0.000000000000000000, 0.000000000000000000, -1.000000000000000000 ) ) ;
#9255 = SURFACE_STYLE_USAGE ( .BOTH. , #1578 ) ;
#9256 = CARTESIAN_POINT ( 'NONE',  ( 28.64999999999999858, 8.673617379884035472E-16, 38.80121933088197039 ) ) ;
#9257 = PLANE ( 'NONE',  #5439 ) ;
#9258 = SURFACE_SIDE_STYLE ('',( #6891 ) ) ;
#9259 = EDGE_CURVE ( 'NONE', #7496, #7972, #3018, .T. ) ;
#9260 =( NAMED_UNIT ( * ) SI_UNIT ( $, .STERADIAN. ) SOLID_ANGLE_UNIT ( ) );
#9261 = ORIENTED_EDGE ( 'NONE', *, *, #8679, .T. ) ;
#9262 = STYLED_ITEM ( 'NONE', ( #1829 ), #5055 ) ;
#9263 = EDGE_CURVE ( 'NONE', #5271, #2329, #4094, .T. ) ;
#9264 = SURFACE_STYLE_FILL_AREA ( #3054 ) ;
#9265 = CYLINDRICAL_SURFACE ( 'NONE', #6374, 0.5000000000000004441 ) ;
#9266 = DIRECTION ( 'NONE',  ( 1.000000000000000000, 0.000000000000000000, 0.000000000000000000 ) ) ;
#9267 = LINE ( 'NONE', #6860, #6986 ) ;
#9268 = FILL_AREA_STYLE ('',( #5258 ) ) ;
#9269 = FILL_AREA_STYLE ('',( #9329 ) ) ;
#9270 = CARTESIAN_POINT ( 'NONE',  ( -21.14999999999999503, -21.15000000000000568, 37.00000000000000000 ) ) ;
#9271 = EDGE_LOOP ( 'NONE', ( #10187, #2227, #6385, #8340 ) ) ;
#9272 = FILL_AREA_STYLE_COLOUR ( '', #2176 ) ;
#9273 = DIRECTION ( 'NONE',  ( 1.000000000000000000, 0.000000000000000000, 0.000000000000000000 ) ) ;
#9274 = ADVANCED_FACE ( 'NONE', ( #2552 ), #8892, .F. ) ;
#9275 =( GEOMETRIC_REPRESENTATION_CONTEXT ( 3 ) GLOBAL_UNCERTAINTY_ASSIGNED_CONTEXT ( ( #8768 ) ) GLOBAL_UNIT_ASSIGNED_CONTEXT ( ( #3645, #5229, #8405 ) ) REPRESENTATION_CONTEXT ( 'NONE', 'WORKASPACE' ) );
#9276 = STYLED_ITEM ( 'NONE', ( #4680 ), #6657 ) ;
#9277 = VERTEX_POINT ( 'NONE', #5248 ) ;
#9278 = PRESENTATION_STYLE_ASSIGNMENT (( #715 ) ) ;
#9279 = ORIENTED_EDGE ( 'NONE', *, *, #5644, .T. ) ;
#9280 =( GEOMETRIC_REPRESENTATION_CONTEXT ( 3 ) GLOBAL_UNCERTAINTY_ASSIGNED_CONTEXT ( ( #7113 ) ) GLOBAL_UNIT_ASSIGNED_CONTEXT ( ( #3307, #4840, #8878 ) ) REPRESENTATION_CONTEXT ( 'NONE', 'WORKASPACE' ) );
#9281 = DIRECTION ( 'NONE',  ( -1.000000000000000000, 0.000000000000000000, 0.000000000000000000 ) ) ;
#9282 = CARTESIAN_POINT ( 'NONE',  ( 28.14999999999999858, -9.779240779943883410, 38.00000000000000000 ) ) ;
#9283 = COLOUR_RGB ( '',0.2509803921568627416, 0.2509803921568627416, 0.2509803921568627416 ) ;
#9284 = DIRECTION ( 'NONE',  ( 0.000000000000000000, 1.000000000000000000, 0.000000000000000000 ) ) ;
#9285 = DIRECTION ( 'NONE',  ( 0.000000000000000000, 0.000000000000000000, 1.000000000000000000 ) ) ;
#9286 = AXIS2_PLACEMENT_3D ( 'NONE', #3715, #4534, #5465 ) ;
#9287 =( NAMED_UNIT ( * ) SI_UNIT ( $, .STERADIAN. ) SOLID_ANGLE_UNIT ( ) );
#9288 = CARTESIAN_POINT ( 'NONE',  ( 15.49999999999983480, -15.50000000000102496, 46.40000000000000568 ) ) ;
#9289 = CARTESIAN_POINT ( 'NONE',  ( -18.25000000000016698, -15.50000000000102496, 46.40000000000000568 ) ) ;
#9290 = ORIENTED_EDGE ( 'NONE', *, *, #3559, .F. ) ;
#9291 = EDGE_LOOP ( 'NONE', ( #4340, #2892, #1673, #502 ) ) ;
#9292 = LINE ( 'NONE', #3186, #6788 ) ;
#9293 = AXIS2_PLACEMENT_3D ( 'NONE', #4917, #5686, #1608 ) ;
#9294 = EDGE_LOOP ( 'NONE', ( #1850, #5408, #4213, #7257 ) ) ;
#9295 = CARTESIAN_POINT ( 'NONE',  ( 28.40180948139486006, 6.893893043731420534, 38.43689319781830704 ) ) ;
#9296 = ADVANCED_FACE ( 'NONE', ( #1947 ), #5101, .T. ) ;
#9297 = CARTESIAN_POINT ( 'NONE',  ( 24.55811388300841358, 11.50358242896916749, 38.94868329805049711 ) ) ;
#9298 =( NAMED_UNIT ( * ) PLANE_ANGLE_UNIT ( ) SI_UNIT ( $, .RADIAN. ) );
#9299 = SURFACE_STYLE_USAGE ( .BOTH. , #2472 ) ;
#9300 = MECHANICAL_DESIGN_GEOMETRIC_PRESENTATION_REPRESENTATION (  '', ( #7189 ), #6348 ) ;
#9301 = CARTESIAN_POINT ( 'NONE',  ( 48.64999999999999858, 1.698780669118024722, 39.29878066911801682 ) ) ;
#9302 = DIRECTION ( 'NONE',  ( 1.000000000000000000, 0.000000000000000000, 0.000000000000000000 ) ) ;
#9303 = CARTESIAN_POINT ( 'NONE',  ( -21.14999999999999503, -17.15000000000000213, 0.000000000000000000 ) ) ;
#9304 = ADVANCED_FACE ( 'NONE', ( #279 ), #1998, .T. ) ;
#9305 = ORIENTED_EDGE ( 'NONE', *, *, #7052, .F. ) ;
#9306 = PRESENTATION_LAYER_ASSIGNMENT (  '', '', ( #3568 ) ) ;
#9307 = STYLED_ITEM ( 'NONE', ( #8011 ), #7492 ) ;
#9308 =( GEOMETRIC_REPRESENTATION_CONTEXT ( 3 ) GLOBAL_UNCERTAINTY_ASSIGNED_CONTEXT ( ( #3797 ) ) GLOBAL_UNIT_ASSIGNED_CONTEXT ( ( #3953, #3179, #7302 ) ) REPRESENTATION_CONTEXT ( 'NONE', 'WORKASPACE' ) );
#9309 = MECHANICAL_DESIGN_GEOMETRIC_PRESENTATION_REPRESENTATION (  '', ( #8197 ), #3720 ) ;
#9310 = AXIS2_PLACEMENT_3D ( 'NONE', #4989, #1055, #4221 ) ;
#9311 = CARTESIAN_POINT ( 'NONE',  ( -11.00000000000000000, 1.347111479062088405E-15, -2.000000000000000000 ) ) ;
#9312 =( NAMED_UNIT ( * ) SI_UNIT ( $, .STERADIAN. ) SOLID_ANGLE_UNIT ( ) );
#9313 = DIRECTION ( 'NONE',  ( 0.000000000000000000, 0.000000000000000000, -1.000000000000000000 ) ) ;
#9314 = SURFACE_STYLE_FILL_AREA ( #6216 ) ;
#9315 = CARTESIAN_POINT ( 'NONE',  ( 0.000000000000000000, 0.000000000000000000, 5.999999999999998224 ) ) ;
#9316 =( LENGTH_UNIT ( ) NAMED_UNIT ( * ) SI_UNIT ( .MILLI., .METRE. ) );
#9317 = VERTEX_POINT ( 'NONE', #7536 ) ;
#9318 = PRESENTATION_LAYER_ASSIGNMENT (  '', '', ( #8204 ) ) ;
#9319 = MECHANICAL_DESIGN_GEOMETRIC_PRESENTATION_REPRESENTATION (  '', ( #923 ), #468 ) ;
#9320 = UNCERTAINTY_MEASURE_WITH_UNIT (LENGTH_MEASURE( 1.000000000000000082E-05 ), #4010, 'distance_accuracy_value', 'NONE');
#9321 = EDGE_CURVE ( 'NONE', #4557, #4928, #1900, .T. ) ;
#9322 = CLOSED_SHELL ( 'NONE', ( #8403, #7399, #5634, #7809 ) ) ;
#9323 = CARTESIAN_POINT ( 'NONE',  ( 24.54992289684096818, -11.60766137412040244, 42.13268331012164936 ) ) ;
#9324 = CARTESIAN_POINT ( 'NONE',  ( 28.64999999999999858, -9.779240779943883410, 38.00000000000000000 ) ) ;
#9325 = CARTESIAN_POINT ( 'NONE',  ( -16.00000000000016342, 15.99999999999897327, 46.39999999999999858 ) ) ;
#9326 = CARTESIAN_POINT ( 'NONE',  ( 13.32957238623955121, -21.15000000000000568, 39.00000000000000000 ) ) ;
#9327 = ORIENTED_EDGE ( 'NONE', *, *, #10171, .T. ) ;
#9328 = LINE ( 'NONE', #6028, #4222 ) ;
#9329 = FILL_AREA_STYLE_COLOUR ( '', #3701 ) ;
#9330 = SURFACE_STYLE_FILL_AREA ( #4543 ) ;
#9331 = VERTEX_POINT ( 'NONE', #2746 ) ;
#9332 =( NAMED_UNIT ( * ) PLANE_ANGLE_UNIT ( ) SI_UNIT ( $, .RADIAN. ) );
#9333 =( NAMED_UNIT ( * ) SI_UNIT ( $, .STERADIAN. ) SOLID_ANGLE_UNIT ( ) );
#9334 = VERTEX_POINT ( 'NONE', #7585 ) ;
#9335 =( GEOMETRIC_REPRESENTATION_CONTEXT ( 3 ) GLOBAL_UNCERTAINTY_ASSIGNED_CONTEXT ( ( #4842 ) ) GLOBAL_UNIT_ASSIGNED_CONTEXT ( ( #719, #7760, #5220 ) ) REPRESENTATION_CONTEXT ( 'NONE', 'WORKASPACE' ) );
#9336 = SURFACE_STYLE_USAGE ( .BOTH. , #7810 ) ;
#9337 =( BOUNDED_SURFACE ( )  B_SPLINE_SURFACE ( 3, 2, ( 
 ( #3960, #1565, #9404 ),
 ( #678, #3847, #5487 ),
 ( #3136, #6982, #7885 ),
 ( #7095, #10207, #3085 ),
 ( #6202, #2289, #5442 ),
 ( #7044, #4664, #7824 ),
 ( #731, #3906, #10145 ),
 ( #10016, #1433, #9931 ),
 ( #8490, #1273, #2863 ),
 ( #4487, #542, #3066 ) ),
 .UNSPECIFIED., .F., .F., .F. ) 
 B_SPLINE_SURFACE_WITH_KNOTS ( ( 4, 2, 2, 2, 4 ),
 ( 3, 3 ),
 ( 6.283185307179586232, 6.675884388878310816, 7.068583470577034511, 7.461282552275758206, 7.853981633974482790 ),
 ( 0.000000000000000000, 1.000000000000000000 ),
 .UNSPECIFIED. ) 
 GEOMETRIC_REPRESENTATION_ITEM ( )  RATIONAL_B_SPLINE_SURFACE ( (
 ( 1.000000000000000000, 0.7071067811865425767, 1.000000000000000000),
 ( 1.000000000000000000, 0.7066757558487011259, 1.000000000000000000),
 ( 1.000000000000000000, 0.7265517405482713187, 1.000000000000000000),
 ( 1.000000000000000000, 0.7876784991489327314, 1.000000000000000000),
 ( 1.000000000000000000, 0.8282379324245525698, 1.000000000000000000),
 ( 1.000000000000000000, 0.9038128751443237352, 1.000000000000000000),
 ( 1.000000000000000000, 0.9386556568292168112, 1.000000000000000000),
 ( 1.000000000000000000, 0.9867291829330974151, 1.000000000000000000),
 ( 1.000000000000000000, 1.000158585517622933, 1.000000000000000000),
 ( 1.000000000000000000, 1.000000000000000000, 1.000000000000000000) ) ) 
 REPRESENTATION_ITEM ( '' )  SURFACE ( )  );
#9338 = ORIENTED_EDGE ( 'NONE', *, *, #471, .F. ) ;
#9339 = EDGE_CURVE ( 'NONE', #8853, #1342, #2891, .T. ) ;
#9340 = CYLINDRICAL_SURFACE ( 'NONE', #898, 0.5000000000000004441 ) ;
#9341 = STYLED_ITEM ( 'NONE', ( #9769 ), #1100 ) ;
#9342 = CARTESIAN_POINT ( 'NONE',  ( 21.14999999999999858, 13.32957238623956009, 5.999999999999998224 ) ) ;
#9343 =( NAMED_UNIT ( * ) PLANE_ANGLE_UNIT ( ) SI_UNIT ( $, .RADIAN. ) );
#9344 = CARTESIAN_POINT ( 'NONE',  ( 24.55811388300841713, -10.80986948560773975, 42.49999999999999289 ) ) ;
#9345 =( NAMED_UNIT ( * ) SI_UNIT ( $, .STERADIAN. ) SOLID_ANGLE_UNIT ( ) );
#9346 = DIRECTION ( 'NONE',  ( -1.000000000000000000, 0.000000000000000000, 0.000000000000000000 ) ) ;
#9347 = ORIENTED_EDGE ( 'NONE', *, *, #4553, .F. ) ;
#9348 = MECHANICAL_DESIGN_GEOMETRIC_PRESENTATION_REPRESENTATION (  '', ( #8723 ), #10141 ) ;
#9349 = ORIENTED_EDGE ( 'NONE', *, *, #8487, .F. ) ;
#9350 = CARTESIAN_POINT ( 'NONE',  ( 28.14999999999999858, -6.520106648094795787, 39.00000000000000000 ) ) ;
#9351 = EDGE_CURVE ( 'NONE', #1696, #7092, #5627, .T. ) ;
#9352 = ORIENTED_EDGE ( 'NONE', *, *, #592, .F. ) ;
#9353 = CARTESIAN_POINT ( 'NONE',  ( 28.28087395097022494, 6.994079317480735192, 38.48698633469297903 ) ) ;
#9354 = PRESENTATION_STYLE_ASSIGNMENT (( #8671 ) ) ;
#9355 = PRESENTATION_STYLE_ASSIGNMENT (( #2235 ) ) ;
#9356 =( LENGTH_UNIT ( ) NAMED_UNIT ( * ) SI_UNIT ( .MILLI., .METRE. ) );
#9357 = CARTESIAN_POINT ( 'NONE',  ( 24.55811388300841358, 11.29879872625344106, 42.47655793021488790 ) ) ;
#9358 = UNCERTAINTY_MEASURE_WITH_UNIT (LENGTH_MEASURE( 1.000000000000000082E-05 ), #1353, 'distance_accuracy_value', 'NONE');
#9359 =( LENGTH_UNIT ( ) NAMED_UNIT ( * ) SI_UNIT ( .MILLI., .METRE. ) );
#9360 = CARTESIAN_POINT ( 'NONE',  ( -16.74999999999994316, -15.50000000000004974, 4.500000000000000888 ) ) ;
#9361 = ADVANCED_FACE ( 'NONE', ( #6015 ), #8374, .F. ) ;
#9362 = ORIENTED_EDGE ( 'NONE', *, *, #7950, .T. ) ;
#9363 = PRODUCT ( '17IP67-06', '17IP67-06', '', ( #2027 ) ) ;
#9364 =( NAMED_UNIT ( * ) PLANE_ANGLE_UNIT ( ) SI_UNIT ( $, .RADIAN. ) );
#9365 = VECTOR ( 'NONE', #7025, 1000.000000000000114 ) ;
#9366 = DIRECTION ( 'NONE',  ( -0.000000000000000000, -0.000000000000000000, -1.000000000000000000 ) ) ;
#9367 = SURFACE_SIDE_STYLE ('',( #5395 ) ) ;
#9368 = SURFACE_STYLE_USAGE ( .BOTH. , #7003 ) ;
#9369 = FACE_OUTER_BOUND ( 'NONE', #4133, .T. ) ;
#9370 = DIRECTION ( 'NONE',  ( -2.668805347656620959E-15, -1.000000000000000000, 0.000000000000000000 ) ) ;
#9371 = STYLED_ITEM ( 'NONE', ( #1686 ), #3723 ) ;
#9372 = ADVANCED_FACE ( 'NONE', ( #4682 ), #5355, .F. ) ;
#9373 =( NAMED_UNIT ( * ) PLANE_ANGLE_UNIT ( ) SI_UNIT ( $, .RADIAN. ) );
#9374 = EDGE_LOOP ( 'NONE', ( #5730, #280, #2755 ) ) ;
#9375 = COLOUR_RGB ( '',0.2509803921568627416, 0.2509803921568627416, 0.2509803921568627416 ) ;
#9376 = CARTESIAN_POINT ( 'NONE',  ( 27.96622776601683569, 10.72792407799438585, 36.36324555320337026 ) ) ;
#9377 = SURFACE_SIDE_STYLE ('',( #3713 ) ) ;
#9378 = CARTESIAN_POINT ( 'NONE',  ( 19.15000000000006608, 19.14999999999993463, 0.000000000000000000 ) ) ;
#9379 = CARTESIAN_POINT ( 'NONE',  ( 14.99999999999984013, 13.69999999999897611, 46.39999999999999858 ) ) ;
#9380 = PRESENTATION_STYLE_ASSIGNMENT (( #127 ) ) ;
#9381 = SURFACE_STYLE_USAGE ( .BOTH. , #7742 ) ;
#9382 = VERTEX_POINT ( 'NONE', #8534 ) ;
#9383 = COLOUR_RGB ( '',0.2509803921568627416, 0.2509803921568627416, 0.2509803921568627416 ) ;
#9384 = EDGE_CURVE ( 'NONE', #5696, #45, #1417, .T. ) ;
#9385 = DIRECTION ( 'NONE',  ( 1.000000000000000000, 0.000000000000000000, 0.000000000000000000 ) ) ;
#9386 = DIRECTION ( 'NONE',  ( 1.000000000000000000, 0.000000000000000000, 0.000000000000000000 ) ) ;
#9387 = ORIENTED_EDGE ( 'NONE', *, *, #978, .F. ) ;
#9388 = COLOUR_RGB ( '',0.2509803921568627416, 0.2509803921568627416, 0.2509803921568627416 ) ;
#9389 = DIRECTION ( 'NONE',  ( 1.000000000000000000, 0.000000000000000000, 0.000000000000000000 ) ) ;
#9390 =( NAMED_UNIT ( * ) SI_UNIT ( $, .STERADIAN. ) SOLID_ANGLE_UNIT ( ) );
#9391 = ORIENTED_EDGE ( 'NONE', *, *, #10073, .T. ) ;
#9392 = VERTEX_POINT ( 'NONE', #8638 ) ;
#9393 = SURFACE_SIDE_STYLE ('',( #10196 ) ) ;
#9394 = FILL_AREA_STYLE_COLOUR ( '', #9209 ) ;
#9395 = FACE_OUTER_BOUND ( 'NONE', #7222, .T. ) ;
#9396 = ADVANCED_FACE ( 'NONE', ( #639 ), #3812, .F. ) ;
#9397 = SURFACE_SIDE_STYLE ('',( #670 ) ) ;
#9398 = VERTEX_POINT ( 'NONE', #2544 ) ;
#9399 = CIRCLE ( 'NONE', #8615, 0.5000000000000004441 ) ;
#9400 = ADVANCED_FACE ( 'NONE', ( #8881 ), #9527, .T. ) ;
#9401 = ORIENTED_EDGE ( 'NONE', *, *, #5238, .F. ) ;
#9402 = CARTESIAN_POINT ( 'NONE',  ( 28.44289321881344890, -6.520106648094795787, 38.99999999999998579 ) ) ;
#9403 = ORIENTED_EDGE ( 'NONE', *, *, #2117, .T. ) ;
#9404 = CARTESIAN_POINT ( 'NONE',  ( 28.14999999999999858, 7.020106648094790458, 42.49999999999999289 ) ) ;
#9405 = VECTOR ( 'NONE', #5379, 1000.000000000000114 ) ;
#9406 = DIRECTION ( 'NONE',  ( 1.000000000000000000, 0.000000000000000000, 0.000000000000000000 ) ) ;
#9407 = DIRECTION ( 'NONE',  ( 0.000000000000000000, -1.000000000000000000, -0.000000000000000000 ) ) ;
#9408 = SURFACE_STYLE_USAGE ( .BOTH. , #3142 ) ;
#9409 = STYLED_ITEM ( 'NONE', ( #2865 ), #4435 ) ;
#9410 = DIRECTION ( 'NONE',  ( 1.000000000000000000, -1.734723475976805517E-15, 0.000000000000000000 ) ) ;
#9411 = ORIENTED_EDGE ( 'NONE', *, *, #1951, .F. ) ;
#9412 =( NAMED_UNIT ( * ) PLANE_ANGLE_UNIT ( ) SI_UNIT ( $, .RADIAN. ) );
#9413 = MECHANICAL_DESIGN_GEOMETRIC_PRESENTATION_REPRESENTATION (  '', ( #7965 ), #7301 ) ;
#9414 = SURFACE_STYLE_FILL_AREA ( #2474 ) ;
#9415 = VERTEX_POINT ( 'NONE', #68 ) ;
#9416 = FILL_AREA_STYLE_COLOUR ( '', #2024 ) ;
#9417 = VECTOR ( 'NONE', #7011, 1000.000000000000000 ) ;
#9418 = FILL_AREA_STYLE ('',( #2371 ) ) ;
#9419 = LINE ( 'NONE', #2479, #3463 ) ;
#9420 = DIRECTION ( 'NONE',  ( 2.668805347656631609E-15, -1.000000000000000000, 0.000000000000000000 ) ) ;
#9421 = CARTESIAN_POINT ( 'NONE',  ( 28.64999999999999858, -1.698780669118019615, 40.49999999999995737 ) ) ;
#9422 = LINE ( 'NONE', #7955, #2412 ) ;
#9423 = COLOUR_RGB ( '',1.000000000000000000, 0.1686274509803921684, 0.1686274509803921684 ) ;
#9424 = VERTEX_POINT ( 'NONE', #4125 ) ;
#9425 = PLANE ( 'NONE',  #1605 ) ;
#9426 = LINE ( 'NONE', #19, #6447 ) ;
#9427 = ORIENTED_EDGE ( 'NONE', *, *, #6718, .F. ) ;
#9428 = CARTESIAN_POINT ( 'NONE',  ( 0.000000000000000000, 0.000000000000000000, 5.999999999999998224 ) ) ;
#9429 = SURFACE_SIDE_STYLE ('',( #79 ) ) ;
#9430 = EDGE_CURVE ( 'NONE', #7094, #2286, #4032, .T. ) ;
#9431 = COLOUR_RGB ( '',0.2509803921568627416, 0.2509803921568627416, 0.2509803921568627416 ) ;
#9432 = VERTEX_POINT ( 'NONE', #3309 ) ;
#9433 = FILL_AREA_STYLE_COLOUR ( '', #6824 ) ;
#9434 = ORIENTED_EDGE ( 'NONE', *, *, #2273, .F. ) ;
#9435 = SURFACE_STYLE_FILL_AREA ( #4096 ) ;
#9436 = DIRECTION ( 'NONE',  ( 0.000000000000000000, 1.000000000000000000, 0.000000000000000000 ) ) ;
#9437 = DIRECTION ( 'NONE',  ( -1.000000000000000000, 0.000000000000000000, 0.000000000000000000 ) ) ;
#9438 = ORIENTED_EDGE ( 'NONE', *, *, #6689, .T. ) ;
#9439 = VECTOR ( 'NONE', #1254, 1000.000000000000000 ) ;
#9440 = SURFACE_SIDE_STYLE ('',( #1437 ) ) ;
#9441 = EDGE_CURVE ( 'NONE', #7991, #663, #7638, .T. ) ;
#9442 = ORIENTED_EDGE ( 'NONE', *, *, #8588, .F. ) ;
#9443 = UNCERTAINTY_MEASURE_WITH_UNIT (LENGTH_MEASURE( 1.000000000000000082E-05 ), #2306, 'distance_accuracy_value', 'NONE');
#9444 = DIRECTION ( 'NONE',  ( 0.000000000000000000, 0.000000000000000000, -1.000000000000000000 ) ) ;
#9445 = DIRECTION ( 'NONE',  ( -1.000000000000000000, 0.000000000000000000, 0.000000000000000000 ) ) ;
#9446 = CARTESIAN_POINT ( 'NONE',  ( 15.99999999999983658, -15.00000000000102673, 46.39999999999999858 ) ) ;
#9447 = DIRECTION ( 'NONE',  ( -0.000000000000000000, -0.000000000000000000, 1.000000000000000000 ) ) ;
#9448 = CARTESIAN_POINT ( 'NONE',  ( 27.64999999999999858, -9.779240779943883410, 38.00000000000000000 ) ) ;
#9449 = ORIENTED_EDGE ( 'NONE', *, *, #6608, .T. ) ;
#9450 = VECTOR ( 'NONE', #1153, 1000.000000000000000 ) ;
#9451 = AXIS2_PLACEMENT_3D ( 'NONE', #2900, #6025, #2952 ) ;
#9452 = EDGE_LOOP ( 'NONE', ( #9327, #5893, #2814, #3039 ) ) ;
#9453 = FACE_OUTER_BOUND ( 'NONE', #7868, .T. ) ;
#9454 = EDGE_CURVE ( 'NONE', #8886, #5271, #806, .T. ) ;
#9455 = ORIENTED_EDGE ( 'NONE', *, *, #3466, .T. ) ;
#9456 = CIRCLE ( 'NONE', #4855, 1.201219330881977854 ) ;
#9457 = DIRECTION ( 'NONE',  ( -0.000000000000000000, -0.000000000000000000, -1.000000000000000000 ) ) ;
#9458 = VECTOR ( 'NONE', #6749, 1000.000000000000000 ) ;
#9459 = DIRECTION ( 'NONE',  ( 0.000000000000000000, 0.000000000000000000, -1.000000000000000000 ) ) ;
#9460 =( LENGTH_UNIT ( ) NAMED_UNIT ( * ) SI_UNIT ( .MILLI., .METRE. ) );
#9461 = STYLED_ITEM ( 'NONE', ( #5648 ), #198 ) ;
#9462 = SURFACE_SIDE_STYLE ('',( #998 ) ) ;
#9463 = ADVANCED_FACE ( 'NONE', ( #7171 ), #547, .F. ) ;
#9464 = CARTESIAN_POINT ( 'NONE',  ( 24.55811388300840648, 11.17024909563579804, 42.49999999999999289 ) ) ;
#9465 = UNCERTAINTY_MEASURE_WITH_UNIT (LENGTH_MEASURE( 1.000000000000000082E-05 ), #8259, 'distance_accuracy_value', 'NONE');
#9466 = SURFACE_SIDE_STYLE ('',( #7049 ) ) ;
#9467 = DIRECTION ( 'NONE',  ( -0.000000000000000000, -0.000000000000000000, 1.000000000000000000 ) ) ;
#9468 = PRESENTATION_STYLE_ASSIGNMENT (( #5392 ) ) ;
#9469 =( GEOMETRIC_REPRESENTATION_CONTEXT ( 3 ) GLOBAL_UNCERTAINTY_ASSIGNED_CONTEXT ( ( #2250 ) ) GLOBAL_UNIT_ASSIGNED_CONTEXT ( ( #8371, #274, #3455 ) ) REPRESENTATION_CONTEXT ( 'NONE', 'WORKASPACE' ) );
#9470 = ORIENTED_EDGE ( 'NONE', *, *, #6989, .T. ) ;
#9471 = DIRECTION ( 'NONE',  ( -0.9486832980505138790, 0.3162277660168379967, 0.000000000000000000 ) ) ;
#9472 = COLOUR_RGB ( '',0.2509803921568627416, 0.2509803921568627416, 0.2509803921568627416 ) ;
#9473 =( NAMED_UNIT ( * ) PLANE_ANGLE_UNIT ( ) SI_UNIT ( $, .RADIAN. ) );
#9474 = CARTESIAN_POINT ( 'NONE',  ( 31.00000000000000000, 0.000000000000000000, 45.39999999999999858 ) ) ;
#9475 = MECHANICAL_DESIGN_GEOMETRIC_PRESENTATION_REPRESENTATION (  '', ( #8682 ), #5183 ) ;
#9477 = PRESENTATION_LAYER_ASSIGNMENT (  '', '', ( #552 ) ) ;
#9476 = SURFACE_STYLE_USAGE ( .BOTH. , #10112 ) ;
#9478 = EDGE_CURVE ( 'NONE', #5886, #7711, #3503, .T. ) ;
#9479 = CARTESIAN_POINT ( 'NONE',  ( 28.14725964952198467, -6.520114009970367164, 38.50000736841207072 ) ) ;
#9480 = CARTESIAN_POINT ( 'NONE',  ( -15.49999999999999645, 15.50000000000000000, 4.500000000000000888 ) ) ;
#9481 = PRESENTATION_STYLE_ASSIGNMENT (( #8834 ) ) ;
#9482 = ORIENTED_EDGE ( 'NONE', *, *, #1830, .F. ) ;
#9483 =( NAMED_UNIT ( * ) SI_UNIT ( $, .STERADIAN. ) SOLID_ANGLE_UNIT ( ) );
#9484 = AXIS2_PLACEMENT_3D ( 'NONE', #1536, #532, #7855 ) ;
#9486 = PRESENTATION_LAYER_ASSIGNMENT (  '', '', ( #3719 ) ) ;
#9485 = DIRECTION ( 'NONE',  ( 0.3162277660168358873, -0.9486832980505145452, 0.000000000000000000 ) ) ;
#9487 = CIRCLE ( 'NONE', #4380, 0.5000000000000004441 ) ;
#9488 = ADVANCED_FACE ( 'NONE', ( #9717 ), #9858, .F. ) ;
#9489 = ORIENTED_EDGE ( 'NONE', *, *, #3362, .F. ) ;
#9490 = CARTESIAN_POINT ( 'NONE',  ( 14.25000000000010658, -15.49999999999989164, 4.500000000000000888 ) ) ;
#9491 = CIRCLE ( 'NONE', #7359, 11.00000000000000000 ) ;
#9492 = MECHANICAL_DESIGN_GEOMETRIC_PRESENTATION_REPRESENTATION (  '', ( #7360 ), #2758 ) ;
#9493 =( LENGTH_UNIT ( ) NAMED_UNIT ( * ) SI_UNIT ( .MILLI., .METRE. ) );
#9494 = VECTOR ( 'NONE', #6472, 1000.000000000000000 ) ;
#9495 = ORIENTED_EDGE ( 'NONE', *, *, #5927, .F. ) ;
#9496 = LINE ( 'NONE', #4692, #2427 ) ;
#9497 = DIRECTION ( 'NONE',  ( -0.000000000000000000, -0.000000000000000000, 1.000000000000000000 ) ) ;
#9498 = VERTEX_POINT ( 'NONE', #8925 ) ;
#9499 = CARTESIAN_POINT ( 'NONE',  ( 11.50000000000000000, 1.408343819019456176E-15, 0.000000000000000000 ) ) ;
#9501 = EDGE_CURVE ( 'NONE', #7792, #2548, #142, .T. ) ;
#9500 = VERTEX_POINT ( 'NONE', #1205 ) ;
#9502 = ORIENTED_EDGE ( 'NONE', *, *, #3982, .T. ) ;
#9503 = DIRECTION ( 'NONE',  ( -1.000000000000000000, 0.000000000000000000, -0.000000000000000000 ) ) ;
#9504 = DIRECTION ( 'NONE',  ( -0.000000000000000000, -0.000000000000000000, -1.000000000000000000 ) ) ;
#9505 = FILL_AREA_STYLE_COLOUR ( '', #7654 ) ;
#9506 =( NAMED_UNIT ( * ) PLANE_ANGLE_UNIT ( ) SI_UNIT ( $, .RADIAN. ) );
#9507 = VERTEX_POINT ( 'NONE', #8160 ) ;
#9508 = EDGE_CURVE ( 'NONE', #10021, #873, #270, .T. ) ;
#9509 = ORIENTED_EDGE ( 'NONE', *, *, #8761, .T. ) ;
#9510 =( NAMED_UNIT ( * ) SI_UNIT ( $, .STERADIAN. ) SOLID_ANGLE_UNIT ( ) );
#9511 = ORIENTED_EDGE ( 'NONE', *, *, #6942, .F. ) ;
#9512 = SURFACE_STYLE_FILL_AREA ( #2573 ) ;
#9513 = DIRECTION ( 'NONE',  ( 0.000000000000000000, 0.000000000000000000, -1.000000000000000000 ) ) ;
#9514 = SURFACE_SIDE_STYLE ('',( #104 ) ) ;
#9515 = CARTESIAN_POINT ( 'NONE',  ( 4.270088556250320273E-14, -15.00000000000106759, 45.39999999999999858 ) ) ;
#9516 = FILL_AREA_STYLE ('',( #3250 ) ) ;
#9517 = ORIENTED_EDGE ( 'NONE', *, *, #4946, .F. ) ;
#9518 = ADVANCED_FACE ( 'NONE', ( #10101 ), #6884, .F. ) ;
#9519 = FILL_AREA_STYLE ('',( #10155 ) ) ;
#9520 = FILL_AREA_STYLE_COLOUR ( '', #7296 ) ;
#9521 = EDGE_LOOP ( 'NONE', ( #5873, #8097, #4632 ) ) ;
#9522 = DIRECTION ( 'NONE',  ( -1.000000000000000000, -0.000000000000000000, -0.000000000000000000 ) ) ;
#9523 = MECHANICAL_DESIGN_GEOMETRIC_PRESENTATION_REPRESENTATION (  '', ( #2461 ), #8070 ) ;
#9524 = CARTESIAN_POINT ( 'NONE',  ( 28.14999999999999858, -6.520106648094795787, 42.49999999999999289 ) ) ;
#9525 = FACE_OUTER_BOUND ( 'NONE', #2448, .T. ) ;
#9526 = EDGE_CURVE ( 'NONE', #3743, #3900, #3623, .T. ) ;
#9527 = CYLINDRICAL_SURFACE ( 'NONE', #5425, 1.000000000000000888 ) ;
#9528 = ORIENTED_EDGE ( 'NONE', *, *, #5501, .F. ) ;
#9529 = CARTESIAN_POINT ( 'NONE',  ( 27.80811388300841358, 10.25358242896912842, 38.00000000000000000 ) ) ;
#9530 = UNCERTAINTY_MEASURE_WITH_UNIT (LENGTH_MEASURE( 1.000000000000000082E-05 ), #1989, 'distance_accuracy_value', 'NONE');
#9531 = LINE ( 'NONE', #5857, #6779 ) ;
#9532 = ADVANCED_FACE ( 'NONE', ( #5389 ), #4284, .F. ) ;
#9533 = VERTEX_POINT ( 'NONE', #511 ) ;
#9534 = CARTESIAN_POINT ( 'NONE',  ( -17.15000000000000568, 21.14999999999999858, 37.00000000000000000 ) ) ;
#9535 = DIRECTION ( 'NONE',  ( 0.000000000000000000, 0.000000000000000000, 1.000000000000000000 ) ) ;
#9536 = CARTESIAN_POINT ( 'NONE',  ( 25.02427119529535204, 11.29433895058368620, 38.49137295158971028 ) ) ;
#9537 = EDGE_LOOP ( 'NONE', ( #8151, #2777, #2884, #3959 ) ) ;
#9538 =( GEOMETRIC_REPRESENTATION_CONTEXT ( 3 ) GLOBAL_UNCERTAINTY_ASSIGNED_CONTEXT ( ( #6222 ) ) GLOBAL_UNIT_ASSIGNED_CONTEXT ( ( #8819, #5640, #4831 ) ) REPRESENTATION_CONTEXT ( 'NONE', 'WORKASPACE' ) );
#9539 = CARTESIAN_POINT ( 'NONE',  ( 24.55811388300841713, -11.17024909563580515, 39.00000000000000000 ) ) ;
#9540 = CARTESIAN_POINT ( 'NONE',  ( -17.30000000000016414, -15.00000000000102318, 45.39999999999999858 ) ) ;
#9541 = CARTESIAN_POINT ( 'NONE',  ( -15.00000000000012434, -4.003208021484980664E-14, 45.39999999999999858 ) ) ;
#9542 = ORIENTED_EDGE ( 'NONE', *, *, #9339, .T. ) ;
#9543 = PLANE ( 'NONE',  #2119 ) ;
#9544 = VERTEX_POINT ( 'NONE', #2934 ) ;
#9545 = ORIENTED_EDGE ( 'NONE', *, *, #471, .T. ) ;
#9546 = SURFACE_STYLE_USAGE ( .BOTH. , #3331 ) ;
#9547 = AXIS2_PLACEMENT_3D ( 'NONE', #3291, #8716, #6408 ) ;
#9548 =( NAMED_UNIT ( * ) SI_UNIT ( $, .STERADIAN. ) SOLID_ANGLE_UNIT ( ) );
#9549 = DIRECTION ( 'NONE',  ( 0.7071067811865463515, 0.7071067811865487940, 0.000000000000000000 ) ) ;
#9550 = AXIS2_PLACEMENT_3D ( 'NONE', #692, #6952, #2942 ) ;
#9551 = CARTESIAN_POINT ( 'NONE',  ( 15.99999999999987566, -31.00000000000004263, 45.39999999999999858 ) ) ;
#9552 = CARTESIAN_POINT ( 'NONE',  ( -15.50000000000000000, 0.000000000000000000, 0.5000000000000000000 ) ) ;
#9553 = SURFACE_SIDE_STYLE ('',( #97 ) ) ;
#9554 = ORIENTED_EDGE ( 'NONE', *, *, #9974, .F. ) ;
#9555 = PRODUCT_DEFINITION_FORMATION_WITH_SPECIFIED_SOURCE ( 'ä»', '', #9363, .NOT_KNOWN. ) ;
#9556 = EDGE_LOOP ( 'NONE', ( #7765, #3277, #6973 ) ) ;
#9557 = ORIENTED_EDGE ( 'NONE', *, *, #7458, .T. ) ;
#9558 =( NAMED_UNIT ( * ) PLANE_ANGLE_UNIT ( ) SI_UNIT ( $, .RADIAN. ) );
#9559 = PRESENTATION_STYLE_ASSIGNMENT (( #7154 ) ) ;
#9560 = CARTESIAN_POINT ( 'NONE',  ( 28.64999999999999858, 8.673617379884035472E-16, 43.50000000000000000 ) ) ;
#9561 = VECTOR ( 'NONE', #1284, 1000.000000000000000 ) ;
#9562 = MECHANICAL_DESIGN_GEOMETRIC_PRESENTATION_REPRESENTATION (  '', ( #8765 ), #10020 ) ;
#9563 = PRESENTATION_STYLE_ASSIGNMENT (( #2416 ) ) ;
#9564 = CARTESIAN_POINT ( 'NONE',  ( 15.99999999999984013, -13.70000000000102425, 46.39999999999999858 ) ) ;
#9566 = EDGE_LOOP ( 'NONE', ( #7475, #8182, #9752, #8349, #7863, #3382, #245, #3846 ) ) ;
#9565 = EDGE_CURVE ( 'NONE', #1810, #9277, #624, .T. ) ;
#9567 = UNCERTAINTY_MEASURE_WITH_UNIT (LENGTH_MEASURE( 1.000000000000000082E-05 ), #5894, 'distance_accuracy_value', 'NONE');
#9568 = DIRECTION ( 'NONE',  ( -0.000000000000000000, -0.000000000000000000, 1.000000000000000000 ) ) ;
#9569 = PRESENTATION_LAYER_ASSIGNMENT (  '', '', ( #3811 ) ) ;
#9570 = AXIS2_PLACEMENT_3D ( 'NONE', #4755, #3026, #4556 ) ;
#9571 = VERTEX_POINT ( 'NONE', #9301 ) ;
#9572 = EDGE_CURVE ( 'NONE', #9392, #1838, #1348, .T. ) ;
#9573 = CARTESIAN_POINT ( 'NONE',  ( -21.14999999999999503, 21.14999999999999858, 37.00000000000000000 ) ) ;
#9574 = CARTESIAN_POINT ( 'NONE',  ( 21.16000000000000014, -12.99666666666666970, 39.00000000000000000 ) ) ;
#9575 = FACE_OUTER_BOUND ( 'NONE', #6759, .T. ) ;
#9576 = DIRECTION ( 'NONE',  ( 0.000000000000000000, 0.000000000000000000, 1.000000000000000000 ) ) ;
#9577 = VECTOR ( 'NONE', #6332, 1000.000000000000000 ) ;
#9578 = SURFACE_STYLE_USAGE ( .BOTH. , #6323 ) ;
#9579 = DIRECTION ( 'NONE',  ( 0.000000000000000000, 0.000000000000000000, 1.000000000000000000 ) ) ;
#9580 = STYLED_ITEM ( 'NONE', ( #6703 ), #9035 ) ;
#9581 = VERTEX_POINT ( 'NONE', #575 ) ;
#9582 = VECTOR ( 'NONE', #514, 1000.000000000000000 ) ;
#9583 = EDGE_CURVE ( 'NONE', #2538, #6848, #2986, .T. ) ;
#9584 = CARTESIAN_POINT ( 'NONE',  ( -2.001604010742331613E-14, 14.99999999999899458, 46.39999999999999858 ) ) ;
#9585 = COLOUR_RGB ( '',0.2509803921568627416, 0.2509803921568627416, 0.2509803921568627416 ) ;
#9586 = CARTESIAN_POINT ( 'NONE',  ( 0.000000000000000000, 13.69999999999897611, 45.39999999999999858 ) ) ;
#9587 = FILL_AREA_STYLE ('',( #7185 ) ) ;
#9588 = EDGE_CURVE ( 'NONE', #7315, #8792, #3197, .T. ) ;
#9589 = CARTESIAN_POINT ( 'NONE',  ( 24.21622776601682858, 11.97792407799438585, 43.00000000000000000 ) ) ;
#9590 = ORIENTED_EDGE ( 'NONE', *, *, #2739, .T. ) ;
#9591 = DIRECTION ( 'NONE',  ( 0.000000000000000000, 0.000000000000000000, 1.000000000000000000 ) ) ;
#9592 = CARTESIAN_POINT ( 'NONE',  ( 27.64999999999999858, 9.779240779943870976, 38.00000000000000000 ) ) ;
#9593 = ORIENTED_EDGE ( 'NONE', *, *, #9501, .F. ) ;
#9594 = CARTESIAN_POINT ( 'NONE',  ( 30.99999999999997868, -16.00000000000100542, 45.39999999999999858 ) ) ;
#9595 = ORIENTED_EDGE ( 'NONE', *, *, #1667, .T. ) ;
#9596 = FACE_BOUND ( 'NONE', #1147, .T. ) ;
#9597 = CARTESIAN_POINT ( 'NONE',  ( 28.64999999999999858, 6.020106648094790458, 43.00000000000000000 ) ) ;
#9598 = SURFACE_STYLE_USAGE ( .BOTH. , #2403 ) ;
#9599 =( NAMED_UNIT ( * ) PLANE_ANGLE_UNIT ( ) SI_UNIT ( $, .RADIAN. ) );
#9600 = ORIENTED_EDGE ( 'NONE', *, *, #1558, .F. ) ;
#9601 = PRESENTATION_LAYER_ASSIGNMENT (  '', '', ( #5801 ) ) ;
#9602 = ORIENTED_EDGE ( 'NONE', *, *, #6705, .T. ) ;
#9603 =( NAMED_UNIT ( * ) SI_UNIT ( $, .STERADIAN. ) SOLID_ANGLE_UNIT ( ) );
#9604 = ORIENTED_EDGE ( 'NONE', *, *, #920, .T. ) ;
#9605 = EDGE_CURVE ( 'NONE', #10034, #8853, #2489, .T. ) ;
#9606 =( GEOMETRIC_REPRESENTATION_CONTEXT ( 3 ) GLOBAL_UNCERTAINTY_ASSIGNED_CONTEXT ( ( #6993 ) ) GLOBAL_UNIT_ASSIGNED_CONTEXT ( ( #3557, #4279, #2506 ) ) REPRESENTATION_CONTEXT ( 'NONE', 'WORKASPACE' ) );
#9607 = DIRECTION ( 'NONE',  ( 0.000000000000000000, 0.000000000000000000, -1.000000000000000000 ) ) ;
#9608 = DIRECTION ( 'NONE',  ( 1.000000000000000000, 0.000000000000000000, 0.000000000000000000 ) ) ;
#9609 = FILL_AREA_STYLE ('',( #212 ) ) ;
#9610 = FILL_AREA_STYLE_COLOUR ( '', #6267 ) ;
#9611 = CARTESIAN_POINT ( 'NONE',  ( 24.96132732574469770, 11.47052656448566665, 42.56634165506082468 ) ) ;
#9612 = CARTESIAN_POINT ( 'NONE',  ( 28.21546164077681240, -6.520106648094795787, 42.00000000003269918 ) ) ;
#9613 = EDGE_LOOP ( 'NONE', ( #9557, #7206, #9495, #5890 ) ) ;
#9614 = EDGE_CURVE ( 'NONE', #4003, #912, #793, .T. ) ;
#9615 = LINE ( 'NONE', #2626, #6629 ) ;
#9616 = MECHANICAL_DESIGN_GEOMETRIC_PRESENTATION_REPRESENTATION (  '', ( #1711 ), #9280 ) ;
#9617 = DIRECTION ( 'NONE',  ( 0.000000000000000000, 0.000000000000000000, 1.000000000000000000 ) ) ;
#9618 =( NAMED_UNIT ( * ) SI_UNIT ( $, .STERADIAN. ) SOLID_ANGLE_UNIT ( ) );
#9619 = LINE ( 'NONE', #4991, #10100 ) ;
#9620 = DIRECTION ( 'NONE',  ( -0.000000000000000000, -0.000000000000000000, -1.000000000000000000 ) ) ;
#9621 = AXIS2_PLACEMENT_3D ( 'NONE', #1371, #9217, #2331 ) ;
#9622 = COLOUR_RGB ( '',0.2509803921568627416, 0.2509803921568627416, 0.2509803921568627416 ) ;
#9623 = ORIENTED_EDGE ( 'NONE', *, *, #8844, .T. ) ;
#9624 = EDGE_CURVE ( 'NONE', #6848, #5737, #108, .T. ) ;
#9625 = CARTESIAN_POINT ( 'NONE',  ( 25.05811388300841358, 11.50358242896913019, 42.05131670194948157 ) ) ;
#9626 = CARTESIAN_POINT ( 'NONE',  ( 48.64999999999999858, -1.698780669118019393, 39.29878066911798129 ) ) ;
#9627 = VECTOR ( 'NONE', #3098, 1000.000000000000000 ) ;
#9628 = SURFACE_SIDE_STYLE ('',( #7234 ) ) ;
#9629 = DIRECTION ( 'NONE',  ( 1.000000000000000000, 0.000000000000000000, 0.000000000000000000 ) ) ;
#9630 = DIRECTION ( 'NONE',  ( -0.000000000000000000, -0.000000000000000000, 1.000000000000000000 ) ) ;
#9631 = FACE_OUTER_BOUND ( 'NONE', #6456, .T. ) ;
#9632 = DIRECTION ( 'NONE',  ( 0.000000000000000000, -1.000000000000000000, 0.000000000000000000 ) ) ;
#9633 = VERTEX_POINT ( 'NONE', #292 ) ;
#9634 = VECTOR ( 'NONE', #9148, 1000.000000000000000 ) ;
#9635 = CIRCLE ( 'NONE', #2904, 1.249999999999997558 ) ;
#9636 = ADVANCED_FACE ( 'NONE', ( #7159 ), #5822, .T. ) ;
#9637 = PRESENTATION_STYLE_ASSIGNMENT (( #2804 ) ) ;
#9638 = ORIENTED_EDGE ( 'NONE', *, *, #137, .T. ) ;
#9639 = VECTOR ( 'NONE', #1970, 1000.000000000000000 ) ;
#9640 = SURFACE_SIDE_STYLE ('',( #6700 ) ) ;
#9641 = FACE_BOUND ( 'NONE', #9140, .T. ) ;
#9642 = SURFACE_STYLE_USAGE ( .BOTH. , #5534 ) ;
#9643 = PRESENTATION_STYLE_ASSIGNMENT (( #882 ) ) ;
#9644 = SURFACE_STYLE_USAGE ( .BOTH. , #2516 ) ;
#9645 = DIRECTION ( 'NONE',  ( -1.000000000000000000, 0.000000000000000000, 0.000000000000000000 ) ) ;
#9646 = EDGE_LOOP ( 'NONE', ( #9958, #3310, #194, #2019 ) ) ;
#9647 = VECTOR ( 'NONE', #6302, 1000.000000000000000 ) ;
#9648 = ORIENTED_EDGE ( 'NONE', *, *, #9478, .F. ) ;
#9649 = CARTESIAN_POINT ( 'NONE',  ( 0.000000000000000000, 0.000000000000000000, -2.000000000000000000 ) ) ;
#9650 = ORIENTED_EDGE ( 'NONE', *, *, #3395, .T. ) ;
#9651 = ADVANCED_FACE ( 'NONE', ( #849 ), #6415, .F. ) ;
#9652 =( LENGTH_UNIT ( ) NAMED_UNIT ( * ) SI_UNIT ( .MILLI., .METRE. ) );
#9653 = CARTESIAN_POINT ( 'NONE',  ( 21.14999999999999858, 12.99999999999999822, 46.00000000000000711 ) ) ;
#9654 = FILL_AREA_STYLE ('',( #4827 ) ) ;
#9655 = DIRECTION ( 'NONE',  ( 1.000000000000000000, 0.000000000000000000, 0.000000000000000000 ) ) ;
#9656 = SURFACE_STYLE_USAGE ( .BOTH. , #7405 ) ;
#9657 = EDGE_LOOP ( 'NONE', ( #2927, #494, #271, #1000 ) ) ;
#9658 = ADVANCED_FACE ( 'NONE', ( #8674 ), #4725, .T. ) ;
#9659 = CARTESIAN_POINT ( 'NONE',  ( 24.41111345945369493, 11.90432812326323209, 42.89592105662711674 ) ) ;
#9660 = EDGE_CURVE ( 'NONE', #255, #3589, #9989, .T. ) ;
#9661 = FILL_AREA_STYLE ('',( #946 ) ) ;
#9662 = ORIENTED_EDGE ( 'NONE', *, *, #9880, .F. ) ;
#9663 = CARTESIAN_POINT ( 'NONE',  ( 28.14999999999999858, -9.779240779943883410, 42.49999999999999289 ) ) ;
#9664 =( NAMED_UNIT ( * ) PLANE_ANGLE_UNIT ( ) SI_UNIT ( $, .RADIAN. ) );
#9665 = CARTESIAN_POINT ( 'NONE',  ( 25.05811388300841358, 11.50358242896916572, 38.94868329805050422 ) ) ;
#9666 = FILL_AREA_STYLE ('',( #1884 ) ) ;
#9667 =( LENGTH_UNIT ( ) NAMED_UNIT ( * ) SI_UNIT ( .MILLI., .METRE. ) );
#9668 = CARTESIAN_POINT ( 'NONE',  ( 28.64999999999999858, -6.151029934685734446, 38.06546164329510873 ) ) ;
#9669 = COLOUR_RGB ( '',0.2509803921568627416, 0.2509803921568627416, 0.2509803921568627416 ) ;
#9670 = PLANE ( 'NONE',  #8669 ) ;
#9671 = CARTESIAN_POINT ( 'NONE',  ( -15.49999999999994316, -15.50000000000004974, 0.000000000000000000 ) ) ;
#9672 = ORIENTED_EDGE ( 'NONE', *, *, #2897, .T. ) ;
#9673 = EDGE_CURVE ( 'NONE', #102, #9334, #4390, .T. ) ;
#9674 = VECTOR ( 'NONE', #9302, 1000.000000000000000 ) ;
#9675 = FILL_AREA_STYLE_COLOUR ( '', #903 ) ;
#9676 = ADVANCED_FACE ( 'NONE', ( #6866 ), #4338, .F. ) ;
#9677 = CARTESIAN_POINT ( 'NONE',  ( -21.14999999999999503, 17.15000000000000924, 10.00000000000000000 ) ) ;
#9678 =( NAMED_UNIT ( * ) PLANE_ANGLE_UNIT ( ) SI_UNIT ( $, .RADIAN. ) );
#9679 = DIRECTION ( 'NONE',  ( -3.034740832678112893E-15, 1.000000000000000000, 0.000000000000000000 ) ) ;
#9680 =( LENGTH_UNIT ( ) NAMED_UNIT ( * ) SI_UNIT ( .MILLI., .METRE. ) );
#9681 = ORIENTED_EDGE ( 'NONE', *, *, #7950, .F. ) ;
#9682 = CARTESIAN_POINT ( 'NONE',  ( 24.55811388300841358, 10.80986948560773619, 39.00000000000000000 ) ) ;
#9683 = DIRECTION ( 'NONE',  ( 1.000000000000000000, 0.000000000000000000, 0.000000000000000000 ) ) ;
#9684 = STYLED_ITEM ( 'NONE', ( #7334 ), #3648 ) ;
#9685 = ORIENTED_EDGE ( 'NONE', *, *, #1572, .F. ) ;
#9686 = EDGE_CURVE ( 'NONE', #2747, #7575, #961, .T. ) ;
#9687 = PLANE ( 'NONE',  #5531 ) ;
#9688 = FACE_BOUND ( 'NONE', #3173, .T. ) ;
#9689 =( GEOMETRIC_REPRESENTATION_CONTEXT ( 3 ) GLOBAL_UNCERTAINTY_ASSIGNED_CONTEXT ( ( #3915 ) ) GLOBAL_UNIT_ASSIGNED_CONTEXT ( ( #8787, #4087, #9483 ) ) REPRESENTATION_CONTEXT ( 'NONE', 'WORKASPACE' ) );
#9690 =( NAMED_UNIT ( * ) PLANE_ANGLE_UNIT ( ) SI_UNIT ( $, .RADIAN. ) );
#9691 = DIRECTION ( 'NONE',  ( -0.000000000000000000, -0.000000000000000000, 1.000000000000000000 ) ) ;
#9692 = FILL_AREA_STYLE ('',( #9785 ) ) ;
#9693 = CARTESIAN_POINT ( 'NONE',  ( 24.55811388300841358, 11.28379111273216040, 41.99999999999999289 ) ) ;
#9694 = ORIENTED_EDGE ( 'NONE', *, *, #330, .T. ) ;
#9695 = AXIS2_PLACEMENT_3D ( 'NONE', #601, #658, #3772 ) ;
#9696 = STYLED_ITEM ( 'NONE', ( #8701 ), #2734 ) ;
#9697 = EDGE_LOOP ( 'NONE', ( #3464, #9681 ) ) ;
#9698 = FACE_OUTER_BOUND ( 'NONE', #5124, .T. ) ;
#9699 = VECTOR ( 'NONE', #6149, 1000.000000000000000 ) ;
#9700 = ORIENTED_EDGE ( 'NONE', *, *, #1047, .T. ) ;
#9701 = EDGE_CURVE ( 'NONE', #904, #8489, #9044, .T. ) ;
#9702 = DIRECTION ( 'NONE',  ( -1.000000000000000000, -0.000000000000000000, -0.000000000000000000 ) ) ;
#9703 = FACE_OUTER_BOUND ( 'NONE', #2619, .T. ) ;
#9704 = PRESENTATION_STYLE_ASSIGNMENT (( #7462 ) ) ;
#9705 = SURFACE_STYLE_FILL_AREA ( #6555 ) ;
#9706 = VERTEX_POINT ( 'NONE', #1332 ) ;
#9707 = STYLED_ITEM ( 'NONE', ( #7288 ), #6493 ) ;
#9708 = STYLED_ITEM ( 'NONE', ( #7444 ), #8101 ) ;
#9709 = CARTESIAN_POINT ( 'NONE',  ( 24.29028932043241795, 11.95323689318403737, 42.92193226699721720 ) ) ;
#9710 = ORIENTED_EDGE ( 'NONE', *, *, #3949, .F. ) ;
#9711 = CARTESIAN_POINT ( 'NONE',  ( -21.14999999999999503, 13.32957238623956364, 5.999999999999998224 ) ) ;
#9712 = CARTESIAN_POINT ( 'NONE',  ( 24.29028932043210531, 11.95323689318376204, 38.07806773300324465 ) ) ;
#9713 =( GEOMETRIC_REPRESENTATION_CONTEXT ( 3 ) GLOBAL_UNCERTAINTY_ASSIGNED_CONTEXT ( ( #4685 ) ) GLOBAL_UNIT_ASSIGNED_CONTEXT ( ( #1327, #5407, #4482 ) ) REPRESENTATION_CONTEXT ( 'NONE', 'WORKASPACE' ) );
#9714 = CARTESIAN_POINT ( 'NONE',  ( 17.29999999999983729, 15.99999999999897682, 46.39999999999999858 ) ) ;
#9715 = SURFACE_STYLE_FILL_AREA ( #1105 ) ;
#9716 = SURFACE_STYLE_FILL_AREA ( #7473 ) ;
#9717 = FACE_OUTER_BOUND ( 'NONE', #8176, .T. ) ;
#9718 = ORIENTED_EDGE ( 'NONE', *, *, #9740, .F. ) ;
#9719 = CARTESIAN_POINT ( 'NONE',  ( 24.55811388300841713, -11.39630482284054835, 42.01739254424499848 ) ) ;
#9720 = CARTESIAN_POINT ( 'NONE',  ( -15.00000000000016165, -15.00000000000102673, 45.39999999999999858 ) ) ;
#9721 =( BOUNDED_CURVE ( )  B_SPLINE_CURVE ( 3, ( #9945, #1243, #6773, #2976 ),
 .UNSPECIFIED., .F., .T. ) 
 B_SPLINE_CURVE_WITH_KNOTS ( ( 4, 4 ),
 ( 1.570796326794896558, 3.141592653589793116 ),
 .UNSPECIFIED. ) 
 CURVE ( )  GEOMETRIC_REPRESENTATION_ITEM ( )  RATIONAL_B_SPLINE_CURVE ( ( 1.000000000000000000, 0.8047378541243649375, 0.8047378541243649375, 1.000000000000000000 ) ) 
 REPRESENTATION_ITEM ( '' )  );
#9722 = CIRCLE ( 'NONE', #4005, 11.00000000000000000 ) ;
#9723 = LINE ( 'NONE', #10099, #6604 ) ;
#9724 = AXIS2_PLACEMENT_3D ( 'NONE', #3334, #3474, #5628 ) ;
#9725 = STYLED_ITEM ( 'NONE', ( #9095 ), #549 ) ;
#9726 = SURFACE_STYLE_USAGE ( .BOTH. , #6737 ) ;
#9727 = CARTESIAN_POINT ( 'NONE',  ( 24.39999999999999147, 11.38962038997193638, 38.50000000000000000 ) ) ;
#9728 = CARTESIAN_POINT ( 'NONE',  ( 0.000000000000000000, 0.000000000000000000, 0.000000000000000000 ) ) ;
#9729 =( NAMED_UNIT ( * ) PLANE_ANGLE_UNIT ( ) SI_UNIT ( $, .RADIAN. ) );
#9730 = VECTOR ( 'NONE', #9763, 1000.000000000000000 ) ;
#9731 = ORIENTED_EDGE ( 'NONE', *, *, #3886, .F. ) ;
#9732 = SURFACE_STYLE_FILL_AREA ( #8177 ) ;
#9733 = DIRECTION ( 'NONE',  ( 0.000000000000000000, 0.000000000000000000, 1.000000000000000000 ) ) ;
#9734 = VERTEX_POINT ( 'NONE', #7499 ) ;
#9735 = DIRECTION ( 'NONE',  ( 0.000000000000000000, 0.000000000000000000, -1.000000000000000000 ) ) ;
#9736 = MECHANICAL_DESIGN_GEOMETRIC_PRESENTATION_REPRESENTATION (  '', ( #4014 ), #5788 ) ;
#9737 = SURFACE_SIDE_STYLE ('',( #7446 ) ) ;
#9738 =( NAMED_UNIT ( * ) PLANE_ANGLE_UNIT ( ) SI_UNIT ( $, .RADIAN. ) );
#9739 = VERTEX_POINT ( 'NONE', #9832 ) ;
#9740 = EDGE_CURVE ( 'NONE', #87, #8792, #7648, .T. ) ;
#9741 = ORIENTED_EDGE ( 'NONE', *, *, #2423, .T. ) ;
#9742 = EDGE_LOOP ( 'NONE', ( #4878, #2866, #2978, #8814 ) ) ;
#9743 = DIRECTION ( 'NONE',  ( -8.202002250481357549E-17, 1.000000000000000000, 0.000000000000000000 ) ) ;
#9744 = SURFACE_STYLE_FILL_AREA ( #5990 ) ;
#9745 = SURFACE_SIDE_STYLE ('',( #6611 ) ) ;
#9746 = SURFACE_STYLE_USAGE ( .BOTH. , #8301 ) ;
#9747 = CARTESIAN_POINT ( 'NONE',  ( 28.64999999999999858, 9.779240779943872752, 43.00000000000000000 ) ) ;
#9748 = ORIENTED_EDGE ( 'NONE', *, *, #8896, .F. ) ;
#9749 = ADVANCED_FACE ( 'NONE', ( #7453 ), #2768, .T. ) ;
#9750 = CARTESIAN_POINT ( 'NONE',  ( 24.55811388300841003, 11.36721879260549528, 42.48253638288154121 ) ) ;
#9751 = CARTESIAN_POINT ( 'NONE',  ( 28.45468350425461068, -6.452093298358770213, 42.56801334973643236 ) ) ;
#9752 = ORIENTED_EDGE ( 'NONE', *, *, #5675, .F. ) ;
#9753 = DIRECTION ( 'NONE',  ( 0.3162277660168358873, -0.9486832980505145452, 0.000000000000000000 ) ) ;
#9754 = VECTOR ( 'NONE', #3752, 1000.000000000000000 ) ;
#9755 = CARTESIAN_POINT ( 'NONE',  ( 24.31237550419762528, 11.93724077501531688, 38.20815788674534730 ) ) ;
#9756 = FILL_AREA_STYLE ('',( #8215 ) ) ;
#9757 = LINE ( 'NONE', #6625, #7649 ) ;
#9758 = UNCERTAINTY_MEASURE_WITH_UNIT (LENGTH_MEASURE( 1.000000000000000082E-05 ), #1519, 'distance_accuracy_value', 'NONE');
#9759 = PRESENTATION_STYLE_ASSIGNMENT (( #4364 ) ) ;
#9760 = EDGE_LOOP ( 'NONE', ( #1861, #7602 ) ) ;
#9761 = COLOUR_RGB ( '',0.2509803921568627416, 0.2509803921568627416, 0.2509803921568627416 ) ;
#9762 = COLOUR_RGB ( '',0.2509803921568627416, 0.2509803921568627416, 0.2509803921568627416 ) ;
#9763 = DIRECTION ( 'NONE',  ( 1.000000000000000000, 1.334402673828310480E-15, 0.000000000000000000 ) ) ;
#9764 = ORIENTED_EDGE ( 'NONE', *, *, #5907, .T. ) ;
#9765 = PRESENTATION_LAYER_ASSIGNMENT (  '', '', ( #2881 ) ) ;
#9766 =( NAMED_UNIT ( * ) PLANE_ANGLE_UNIT ( ) SI_UNIT ( $, .RADIAN. ) );
#9767 = VECTOR ( 'NONE', #2719, 1000.000000000000000 ) ;
#9768 = AXIS2_PLACEMENT_3D ( 'NONE', #9534, #2493, #6287 ) ;
#9769 = PRESENTATION_STYLE_ASSIGNMENT (( #4415 ) ) ;
#9770 = LINE ( 'NONE', #7430, #2724 ) ;
#9771 = LINE ( 'NONE', #9020, #1489 ) ;
#9772 = CARTESIAN_POINT ( 'NONE',  ( -4.270088556250335419E-14, -15.00000000000098410, 45.39999999999999858 ) ) ;
#9773 = AXIS2_PLACEMENT_3D ( 'NONE', #9282, #8040, #2511 ) ;
#9774 =( LENGTH_UNIT ( ) NAMED_UNIT ( * ) SI_UNIT ( .MILLI., .METRE. ) );
#9775 = VERTEX_POINT ( 'NONE', #768 ) ;
#9776 = MECHANICAL_DESIGN_GEOMETRIC_PRESENTATION_REPRESENTATION (  '', ( #1374 ), #8832 ) ;
#9777 = STYLED_ITEM ( 'NONE', ( #8395 ), #5310 ) ;
#9778 = EDGE_CURVE ( 'NONE', #10140, #7496, #2268, .T. ) ;
#9779 = ORIENTED_EDGE ( 'NONE', *, *, #5538, .T. ) ;
#9780 = CARTESIAN_POINT ( 'NONE',  ( 17.29999999999983729, -31.00000000000000000, 45.39999999999999858 ) ) ;
#9781 =( GEOMETRIC_REPRESENTATION_CONTEXT ( 3 ) GLOBAL_UNCERTAINTY_ASSIGNED_CONTEXT ( ( #9443 ) ) GLOBAL_UNIT_ASSIGNED_CONTEXT ( ( #2306, #9364, #1412 ) ) REPRESENTATION_CONTEXT ( 'NONE', 'WORKASPACE' ) );
#9782 = CARTESIAN_POINT ( 'NONE',  ( 27.96622776601683569, -10.72792407799439118, 36.36324555320337026 ) ) ;
#9783 = STYLED_ITEM ( 'NONE', ( #6495 ), #5444 ) ;
#9784 = PRESENTATION_LAYER_ASSIGNMENT (  '', '', ( #1894 ) ) ;
#9785 = FILL_AREA_STYLE_COLOUR ( '', #9121 ) ;
#9786 = FACE_OUTER_BOUND ( 'NONE', #3326, .T. ) ;
#9787 = ORIENTED_EDGE ( 'NONE', *, *, #9778, .F. ) ;
#9788 = UNCERTAINTY_MEASURE_WITH_UNIT (LENGTH_MEASURE( 1.000000000000000082E-05 ), #332, 'distance_accuracy_value', 'NONE');
#9789 = ADVANCED_FACE ( 'NONE', ( #4747 ), #3067, .T. ) ;
#9790 = COLOUR_RGB ( '',0.2509803921568627416, 0.2509803921568627416, 0.2509803921568627416 ) ;
#9791 = VERTEX_POINT ( 'NONE', #5473 ) ;
#9792 = LINE ( 'NONE', #5164, #7119 ) ;
#9793 = STYLED_ITEM ( 'NONE', ( #1705 ), #2174 ) ;
#9794 = VERTEX_POINT ( 'NONE', #8652 ) ;
#9795 = CARTESIAN_POINT ( 'NONE',  ( 14.99999999999983302, -16.00000000000102673, 45.39999999999999858 ) ) ;
#9796 = EDGE_CURVE ( 'NONE', #3279, #4391, #2644, .T. ) ;
#9797 = CARTESIAN_POINT ( 'NONE',  ( 27.96622776601683569, 10.72792407799438585, 36.36324555320337026 ) ) ;
#9798 = LINE ( 'NONE', #7512, #7601 ) ;
#9799 = STYLED_ITEM ( 'NONE', ( #2922 ), #7891 ) ;
#9800 = VERTEX_POINT ( 'NONE', #4547 ) ;
#9801 =( GEOMETRIC_REPRESENTATION_CONTEXT ( 3 ) GLOBAL_UNCERTAINTY_ASSIGNED_CONTEXT ( ( #7945 ) ) GLOBAL_UNIT_ASSIGNED_CONTEXT ( ( #5336, #1511, #4718 ) ) REPRESENTATION_CONTEXT ( 'NONE', 'WORKASPACE' ) );
#9802 = ORIENTED_EDGE ( 'NONE', *, *, #4553, .T. ) ;
#9803 = CARTESIAN_POINT ( 'NONE',  ( 15.50000000000010481, -15.49999999999989164, -2.266821225221747863E-17 ) ) ;
#9804 = CARTESIAN_POINT ( 'NONE',  ( 24.41111345945378019, 11.90432812326334755, 38.10407894337247114 ) ) ;
#9805 =( NAMED_UNIT ( * ) PLANE_ANGLE_UNIT ( ) SI_UNIT ( $, .RADIAN. ) );
#9806 = CARTESIAN_POINT ( 'NONE',  ( -16.00000000000000000, 0.000000000000000000, 0.000000000000000000 ) ) ;
#9807 = DIRECTION ( 'NONE',  ( 0.000000000000000000, 0.000000000000000000, 1.000000000000000000 ) ) ;
#9808 = EDGE_CURVE ( 'NONE', #6229, #8445, #5745, .T. ) ;
#9809 = SURFACE_SIDE_STYLE ('',( #9716 ) ) ;
#9810 = CARTESIAN_POINT ( 'NONE',  ( 24.29028932043236821, -11.95323689318393434, 38.07806773300270464 ) ) ;
#9811 = ORIENTED_EDGE ( 'NONE', *, *, #3581, .T. ) ;
#9812 = CARTESIAN_POINT ( 'NONE',  ( -2.001604010742331613E-14, 14.99999999999899458, 45.39999999999999858 ) ) ;
#9813 = ORIENTED_EDGE ( 'NONE', *, *, #2322, .T. ) ;
#9814 = FILL_AREA_STYLE ('',( #580 ) ) ;
#9815 = CARTESIAN_POINT ( 'NONE',  ( 14.99999999999983302, 14.99999999999897504, 45.39999999999999858 ) ) ;
#9816 = DIRECTION ( 'NONE',  ( -0.000000000000000000, -0.000000000000000000, 1.000000000000000000 ) ) ;
#9817 = EDGE_CURVE ( 'NONE', #8947, #2653, #8257, .T. ) ;
#9818 = DIRECTION ( 'NONE',  ( 0.000000000000000000, 0.000000000000000000, -1.000000000000000000 ) ) ;
#9819 = DIRECTION ( 'NONE',  ( 0.000000000000000000, 0.000000000000000000, -1.000000000000000000 ) ) ;
#9820 = CARTESIAN_POINT ( 'NONE',  ( 48.64999999999999858, 1.698780669118024500, 40.49999999999999289 ) ) ;
#9821 = PRESENTATION_STYLE_ASSIGNMENT (( #2701 ) ) ;
#9822 = VERTEX_POINT ( 'NONE', #8471 ) ;
#9823 = FILL_AREA_STYLE ('',( #4952 ) ) ;
#9824 = EDGE_CURVE ( 'NONE', #7092, #7700, #1258, .T. ) ;
#9825 =( NAMED_UNIT ( * ) PLANE_ANGLE_UNIT ( ) SI_UNIT ( $, .RADIAN. ) );
#9826 =( LENGTH_UNIT ( ) NAMED_UNIT ( * ) SI_UNIT ( .MILLI., .METRE. ) );
#9827 = SURFACE_STYLE_FILL_AREA ( #7390 ) ;
#9828 = CARTESIAN_POINT ( 'NONE',  ( -1.425393137370692287, 2.000000000000000000, -23.54423381493863232 ) ) ;
#9829 = DIRECTION ( 'NONE',  ( -0.000000000000000000, -0.000000000000000000, 1.000000000000000000 ) ) ;
#9830 = PLANE ( 'NONE',  #3999 ) ;
#9831 = EDGE_LOOP ( 'NONE', ( #6822, #1976, #7884, #4228 ) ) ;
#9832 = CARTESIAN_POINT ( 'NONE',  ( -17.30000000000016414, 15.99999999999897682, 46.39999999999999858 ) ) ;
#9833 = AXIS2_PLACEMENT_3D ( 'NONE', #945, #8914, #8052 ) ;
#9834 = ORIENTED_EDGE ( 'NONE', *, *, #784, .F. ) ;
#9835 = DIRECTION ( 'NONE',  ( -8.202002250481356316E-17, 1.000000000000000000, 0.000000000000000000 ) ) ;
#9836 = MECHANICAL_DESIGN_GEOMETRIC_PRESENTATION_REPRESENTATION (  '', ( #121 ), #2284 ) ;
#9837 = ORIENTED_EDGE ( 'NONE', *, *, #3370, .F. ) ;
#9838 = MECHANICAL_DESIGN_GEOMETRIC_PRESENTATION_REPRESENTATION (  '', ( #801 ), #4590 ) ;
#9839 =( NAMED_UNIT ( * ) PLANE_ANGLE_UNIT ( ) SI_UNIT ( $, .RADIAN. ) );
#9840 = SURFACE_STYLE_USAGE ( .BOTH. , #7509 ) ;
#9841 = SURFACE_SIDE_STYLE ('',( #7657 ) ) ;
#9842 = ORIENTED_EDGE ( 'NONE', *, *, #7976, .T. ) ;
#9843 =( GEOMETRIC_REPRESENTATION_CONTEXT ( 3 ) GLOBAL_UNCERTAINTY_ASSIGNED_CONTEXT ( ( #9530 ) ) GLOBAL_UNIT_ASSIGNED_CONTEXT ( ( #1989, #5192, #8370 ) ) REPRESENTATION_CONTEXT ( 'NONE', 'WORKASPACE' ) );
#9844 = AXIS2_PLACEMENT_3D ( 'NONE', #871, #9591, #1698 ) ;
#9845 = CARTESIAN_POINT ( 'NONE',  ( -13.70000000000016094, -15.00000000000102318, 46.39999999999999858 ) ) ;
#9846 =( GEOMETRIC_REPRESENTATION_CONTEXT ( 3 ) GLOBAL_UNCERTAINTY_ASSIGNED_CONTEXT ( ( #7321 ) ) GLOBAL_UNIT_ASSIGNED_CONTEXT ( ( #3447, #3499, #1932 ) ) REPRESENTATION_CONTEXT ( 'NONE', 'WORKASPACE' ) );
#9847 = VERTEX_POINT ( 'NONE', #372 ) ;
#9848 = CARTESIAN_POINT ( 'NONE',  ( 24.47405398482418803, 11.80829099545428740, 38.29823811831627722 ) ) ;
#9849 = VECTOR ( 'NONE', #1522, 1000.000000000000000 ) ;
#9850 = EDGE_CURVE ( 'NONE', #5716, #8161, #2708, .T. ) ;
#9851 = DIRECTION ( 'NONE',  ( 1.000000000000000000, 0.000000000000000000, 0.000000000000000000 ) ) ;
#9852 =( LENGTH_UNIT ( ) NAMED_UNIT ( * ) SI_UNIT ( .MILLI., .METRE. ) );
#9853 = MECHANICAL_DESIGN_GEOMETRIC_PRESENTATION_REPRESENTATION (  '', ( #6422 ), #10005 ) ;
#9854 = STYLED_ITEM ( 'NONE', ( #9354 ), #623 ) ;
#9855 =( GEOMETRIC_REPRESENTATION_CONTEXT ( 3 ) GLOBAL_UNCERTAINTY_ASSIGNED_CONTEXT ( ( #6275 ) ) GLOBAL_UNIT_ASSIGNED_CONTEXT ( ( #6949, #2992, #6106 ) ) REPRESENTATION_CONTEXT ( 'NONE', 'WORKASPACE' ) );
#9856 = CYLINDRICAL_SURFACE ( 'NONE', #364, 2.500000000000000000 ) ;
#9857 = UNCERTAINTY_MEASURE_WITH_UNIT (LENGTH_MEASURE( 1.000000000000000082E-05 ), #6607, 'distance_accuracy_value', 'NONE');
#9858 = CYLINDRICAL_SURFACE ( 'NONE', #7081, 2.899999999999999911 ) ;
#9859 = FILL_AREA_STYLE_COLOUR ( '', #4104 ) ;
#9860 = CARTESIAN_POINT ( 'NONE',  ( -15.49999999999994316, -15.50000000000004974, 4.500000000000000888 ) ) ;
#9861 = COLOUR_RGB ( '',0.2509803921568627416, 0.2509803921568627416, 0.2509803921568627416 ) ;
#9862 = EDGE_CURVE ( 'NONE', #7972, #2716, #6566, .T. ) ;
#9863 = STYLED_ITEM ( 'NONE', ( #6584 ), #8403 ) ;
#9864 = ORIENTED_EDGE ( 'NONE', *, *, #7961, .F. ) ;
#9865 = DIRECTION ( 'NONE',  ( 1.334402673828310480E-15, -1.000000000000000000, 0.000000000000000000 ) ) ;
#9866 = CARTESIAN_POINT ( 'NONE',  ( 24.55811388300841713, -11.17024909563580515, 41.99999999999999289 ) ) ;
#9867 = DIRECTION ( 'NONE',  ( -1.000000000000000000, -0.000000000000000000, 0.000000000000000000 ) ) ;
#9868 = DIRECTION ( 'NONE',  ( 1.000000000000000000, 0.000000000000000000, -0.000000000000000000 ) ) ;
#9869 = FILL_AREA_STYLE ('',( #7731 ) ) ;
#9870 = SURFACE_STYLE_FILL_AREA ( #4237 ) ;
#9871 = AXIS2_PLACEMENT_3D ( 'NONE', #9229, #6245, #3780 ) ;
#9872 = AXIS2_PLACEMENT_3D ( 'NONE', #7710, #10033, #9346 ) ;
#9873 = DIRECTION ( 'NONE',  ( 1.000000000000000000, -0.000000000000000000, -0.000000000000000000 ) ) ;
#9874 = ORIENTED_EDGE ( 'NONE', *, *, #673, .F. ) ;
#9875 = CARTESIAN_POINT ( 'NONE',  ( -18.25000000000016698, 15.49999999999897504, 46.40000000000000568 ) ) ;
#9876 = EDGE_CURVE ( 'NONE', #1486, #10096, #8417, .T. ) ;
#9877 = UNCERTAINTY_MEASURE_WITH_UNIT (LENGTH_MEASURE( 1.000000000000000082E-05 ), #3680, 'distance_accuracy_value', 'NONE');
#9878 = PRESENTATION_LAYER_ASSIGNMENT (  '', '', ( #9707 ) ) ;
#9879 = CARTESIAN_POINT ( 'NONE',  ( 13.32957238623955121, -21.15000000000000568, 5.999999999999998224 ) ) ;
#9880 = EDGE_CURVE ( 'NONE', #3269, #6229, #4574, .T. ) ;
#9882 = CARTESIAN_POINT ( 'NONE',  ( 21.15000000000000213, -17.14999999999995950, 37.00000000000000000 ) ) ;
#9881 = COLOUR_RGB ( '',0.2509803921568627416, 0.2509803921568627416, 0.2509803921568627416 ) ;
#9883 = LINE ( 'NONE', #7696, #2654 ) ;
#9884 = FILL_AREA_STYLE_COLOUR ( '', #4944 ) ;
#9885 = LINE ( 'NONE', #3426, #7177 ) ;
#9886 = FILL_AREA_STYLE_COLOUR ( '', #1166 ) ;
#9887 = EDGE_LOOP ( 'NONE', ( #2076, #885, #1765, #10132, #8355, #3030 ) ) ;
#9888 = DIRECTION ( 'NONE',  ( 0.000000000000000000, 0.000000000000000000, 1.000000000000000000 ) ) ;
#9889 = COLOUR_RGB ( '',1.000000000000000000, 1.000000000000000000, 1.000000000000000000 ) ;
#9890 = DIRECTION ( 'NONE',  ( 1.000000000000000000, 0.000000000000000000, 0.000000000000000000 ) ) ;
#9891 =( GEOMETRIC_REPRESENTATION_CONTEXT ( 3 ) GLOBAL_UNCERTAINTY_ASSIGNED_CONTEXT ( ( #3501 ) ) GLOBAL_UNIT_ASSIGNED_CONTEXT ( ( #7051, #5495, #5589 ) ) REPRESENTATION_CONTEXT ( 'NONE', 'WORKASPACE' ) );
#9892 = ORIENTED_EDGE ( 'NONE', *, *, #660, .F. ) ;
#9893 = CARTESIAN_POINT ( 'NONE',  ( 0.000000000000000000, 0.000000000000000000, -1.734723475976807094E-15 ) ) ;
#9894 = ORIENTED_EDGE ( 'NONE', *, *, #1363, .T. ) ;
#9895 = DIRECTION ( 'NONE',  ( 0.000000000000000000, -0.000000000000000000, 1.000000000000000000 ) ) ;
#9896 = PRESENTATION_LAYER_ASSIGNMENT (  '', '', ( #3654 ) ) ;
#9897 =( LENGTH_UNIT ( ) NAMED_UNIT ( * ) SI_UNIT ( .MILLI., .METRE. ) );
#9898 = MECHANICAL_DESIGN_GEOMETRIC_PRESENTATION_REPRESENTATION (  '', ( #4316 ), #5474 ) ;
#9899 = ORIENTED_EDGE ( 'NONE', *, *, #5722, .T. ) ;
#9900 = DIRECTION ( 'NONE',  ( 2.668805347656624115E-15, -1.000000000000000000, 0.000000000000000000 ) ) ;
#9901 = EDGE_CURVE ( 'NONE', #7972, #4691, #1991, .T. ) ;
#9902 = ORIENTED_EDGE ( 'NONE', *, *, #5358, .T. ) ;
#9903 = CARTESIAN_POINT ( 'NONE',  ( 24.55811388300841003, 11.55560879136669605, 38.91577893732009130 ) ) ;
#9904 = CARTESIAN_POINT ( 'NONE',  ( 25.00811388300842353, -11.35358242896913694, 42.52565835097474434 ) ) ;
#9905 = CARTESIAN_POINT ( 'NONE',  ( 24.55811388300841713, 11.23142676860602407, 38.51668482942151428 ) ) ;
#9906 = CARTESIAN_POINT ( 'NONE',  ( 21.14999999999999858, -13.32957238623955654, 37.00000000000000000 ) ) ;
#9907 = CARTESIAN_POINT ( 'NONE',  ( -17.15000000000000568, 21.14999999999999858, 47.00000000000000000 ) ) ;
#9908 = ADVANCED_FACE ( 'NONE', ( #4414 ), #9156, .T. ) ;
#9909 = PRESENTATION_STYLE_ASSIGNMENT (( #9252 ) ) ;
#9910 = ORIENTED_EDGE ( 'NONE', *, *, #5512, .T. ) ;
#9911 = SURFACE_STYLE_USAGE ( .BOTH. , #2244 ) ;
#9912 = SURFACE_STYLE_FILL_AREA ( #7788 ) ;
#9913 = SURFACE_SIDE_STYLE ('',( #6692 ) ) ;
#9914 = LINE ( 'NONE', #2889, #8779 ) ;
#9915 = COLOUR_RGB ( '',0.2509803921568627416, 0.2509803921568627416, 0.2509803921568627416 ) ;
#9916 =( NAMED_UNIT ( * ) PLANE_ANGLE_UNIT ( ) SI_UNIT ( $, .RADIAN. ) );
#9917 = EDGE_CURVE ( 'NONE', #8053, #782, #8318, .T. ) ;
#9918 =( LENGTH_UNIT ( ) NAMED_UNIT ( * ) SI_UNIT ( .MILLI., .METRE. ) );
#9919 = ORIENTED_EDGE ( 'NONE', *, *, #2128, .T. ) ;
#9920 = CARTESIAN_POINT ( 'NONE',  ( -15.00000000000016342, 14.99999999999897504, 46.39999999999999858 ) ) ;
#9921 =( NAMED_UNIT ( * ) SI_UNIT ( $, .STERADIAN. ) SOLID_ANGLE_UNIT ( ) );
#9922 =( GEOMETRIC_REPRESENTATION_CONTEXT ( 3 ) GLOBAL_UNCERTAINTY_ASSIGNED_CONTEXT ( ( #2452 ) ) GLOBAL_UNIT_ASSIGNED_CONTEXT ( ( #200, #9599, #7145 ) ) REPRESENTATION_CONTEXT ( 'NONE', 'WORKASPACE' ) );
#9923 =( GEOMETRIC_REPRESENTATION_CONTEXT ( 3 ) GLOBAL_UNCERTAINTY_ASSIGNED_CONTEXT ( ( #3208 ) ) GLOBAL_UNIT_ASSIGNED_CONTEXT ( ( #10064, #4040, #6333 ) ) REPRESENTATION_CONTEXT ( 'NONE', 'WORKASPACE' ) );
#9924 =( NAMED_UNIT ( * ) SI_UNIT ( $, .STERADIAN. ) SOLID_ANGLE_UNIT ( ) );
#9925 = CARTESIAN_POINT ( 'NONE',  ( 1.462814838616911084, 2.000000000000000000, -23.52231109682985988 ) ) ;
#9926 = CARTESIAN_POINT ( 'NONE',  ( 27.64999999999999858, 7.020106648094791346, 39.00000000000000000 ) ) ;
#9927 = EDGE_CURVE ( 'NONE', #6503, #3640, #2993, .T. ) ;
#9928 = CARTESIAN_POINT ( 'NONE',  ( 15.99999999999984013, -17.30000000000102389, 46.39999999999999858 ) ) ;
#9929 = DIRECTION ( 'NONE',  ( -0.000000000000000000, -0.000000000000000000, 1.000000000000000000 ) ) ;
#9930 = VERTEX_POINT ( 'NONE', #6845 ) ;
#9931 = CARTESIAN_POINT ( 'NONE',  ( 28.63698633608193944, 6.281854543328249996, 42.86912605238302376 ) ) ;
#9932 = ORIENTED_EDGE ( 'NONE', *, *, #8584, .F. ) ;
#9933 = FACE_OUTER_BOUND ( 'NONE', #4972, .T. ) ;
#9934 = EDGE_LOOP ( 'NONE', ( #4486, #7060, #8535, #9253 ) ) ;
#9935 = AXIS2_PLACEMENT_3D ( 'NONE', #9421, #2434, #7057 ) ;
#9936 = CIRCLE ( 'NONE', #7161, 1.999999999999998224 ) ;
#9937 = SURFACE_STYLE_USAGE ( .BOTH. , #497 ) ;
#9938 = CARTESIAN_POINT ( 'NONE',  ( 21.14999999999999858, 12.99999999999999822, 39.00000000000000711 ) ) ;
#9939 = SURFACE_STYLE_USAGE ( .BOTH. , #6820 ) ;
#9940 =( NAMED_UNIT ( * ) SI_UNIT ( $, .STERADIAN. ) SOLID_ANGLE_UNIT ( ) );
#9941 = ORIENTED_EDGE ( 'NONE', *, *, #8896, .T. ) ;
#9942 = AXIS2_PLACEMENT_3D ( 'NONE', #5087, #460, #3652 ) ;
#9943 =( GEOMETRIC_REPRESENTATION_CONTEXT ( 3 ) GLOBAL_UNCERTAINTY_ASSIGNED_CONTEXT ( ( #3693 ) ) GLOBAL_UNIT_ASSIGNED_CONTEXT ( ( #6364, #897, #3294 ) ) REPRESENTATION_CONTEXT ( 'NONE', 'WORKASPACE' ) );
#9944 = ADVANCED_FACE ( 'NONE', ( #3755 ), #6013, .F. ) ;
#9945 = CARTESIAN_POINT ( 'NONE',  ( 28.64999999999999858, -6.020106648094795787, 38.00000000000000000 ) ) ;
#9946 = VERTEX_POINT ( 'NONE', #419 ) ;
#9947 = DIRECTION ( 'NONE',  ( -0.000000000000000000, -0.000000000000000000, -1.000000000000000000 ) ) ;
#9948 = CARTESIAN_POINT ( 'NONE',  ( 0.000000000000000000, 17.29999999999897753, 45.39999999999999858 ) ) ;
#9949 = VECTOR ( 'NONE', #3991, 1000.000000000000000 ) ;
#9950 = LINE ( 'NONE', #2082, #5619 ) ;
#9951 =( GEOMETRIC_REPRESENTATION_CONTEXT ( 3 ) GLOBAL_UNCERTAINTY_ASSIGNED_CONTEXT ( ( #8463 ) ) GLOBAL_UNIT_ASSIGNED_CONTEXT ( ( #8625, #5446, #2890 ) ) REPRESENTATION_CONTEXT ( 'NONE', 'WORKASPACE' ) );
#9952 = STYLED_ITEM ( 'NONE', ( #3935 ), #5668 ) ;
#9953 = EDGE_CURVE ( 'NONE', #6593, #4166, #5294, .T. ) ;
#9954 = UNCERTAINTY_MEASURE_WITH_UNIT (LENGTH_MEASURE( 1.000000000000000082E-05 ), #3235, 'distance_accuracy_value', 'NONE');
#9955 = FACE_OUTER_BOUND ( 'NONE', #8574, .T. ) ;
#9956 = MECHANICAL_DESIGN_GEOMETRIC_PRESENTATION_REPRESENTATION (  '', ( #4235 ), #4617 ) ;
#9957 = FACE_OUTER_BOUND ( 'NONE', #1731, .T. ) ;
#9958 = ORIENTED_EDGE ( 'NONE', *, *, #7886, .T. ) ;
#9959 = CARTESIAN_POINT ( 'NONE',  ( 21.15000000000000213, -17.15000000000001634, 0.000000000000000000 ) ) ;
#9960 =( NAMED_UNIT ( * ) SI_UNIT ( $, .STERADIAN. ) SOLID_ANGLE_UNIT ( ) );
#9961 = DIRECTION ( 'NONE',  ( 1.000000000000000000, -1.334402673828317777E-15, 0.000000000000000000 ) ) ;
#9962 = DIRECTION ( 'NONE',  ( -0.000000000000000000, -0.000000000000000000, -1.000000000000000000 ) ) ;
#9963 = ORIENTED_EDGE ( 'NONE', *, *, #9850, .T. ) ;
#9964 = PRESENTATION_STYLE_ASSIGNMENT (( #1319 ) ) ;
#9965 = DIRECTION ( 'NONE',  ( 0.000000000000000000, 0.000000000000000000, -1.000000000000000000 ) ) ;
#9966 = CARTESIAN_POINT ( 'NONE',  ( 21.16000000000000014, 12.99666666666666259, -53.84951795962939514 ) ) ;
#9967 = EDGE_CURVE ( 'NONE', #7700, #9946, #3964, .T. ) ;
#9968 = CARTESIAN_POINT ( 'NONE',  ( -16.74999999999994316, -15.50000000000004974, -2.266821225221747863E-17 ) ) ;
#9969 = FACE_OUTER_BOUND ( 'NONE', #8554, .T. ) ;
#9970 = EDGE_LOOP ( 'NONE', ( #5869, #69, #4462, #6397 ) ) ;
#9971 = DIRECTION ( 'NONE',  ( -0.000000000000000000, 1.000000000000000000, 0.000000000000000000 ) ) ;
#9972 = ORIENTED_EDGE ( 'NONE', *, *, #123, .T. ) ;
#9973 = AXIS2_PLACEMENT_3D ( 'NONE', #3969, #6313, #3037 ) ;
#9974 = EDGE_CURVE ( 'NONE', #8044, #1185, #9103, .T. ) ;
#9975 = ORIENTED_EDGE ( 'NONE', *, *, #1939, .F. ) ;
#9976 = DIRECTION ( 'NONE',  ( -0.000000000000000000, -0.000000000000000000, 1.000000000000000000 ) ) ;
#9977 = FILL_AREA_STYLE ('',( #6873 ) ) ;
#9978 = DIRECTION ( 'NONE',  ( 0.000000000000000000, 0.000000000000000000, 1.000000000000000000 ) ) ;
#9979 = CARTESIAN_POINT ( 'NONE',  ( 24.42774661719862195, 11.90741779426712377, 38.44592089186443218 ) ) ;
#9980 = ORIENTED_EDGE ( 'NONE', *, *, #9701, .F. ) ;
#9981 = PRESENTATION_STYLE_ASSIGNMENT (( #613 ) ) ;
#9982 = ADVANCED_FACE ( 'NONE', ( #5966 ), #2187, .F. ) ;
#9983 = ORIENTED_EDGE ( 'NONE', *, *, #1351, .F. ) ;
#9984 = SURFACE_STYLE_USAGE ( .BOTH. , #10040 ) ;
#9985 = PRESENTATION_LAYER_ASSIGNMENT (  '', '', ( #8895 ) ) ;
#9986 = CARTESIAN_POINT ( 'NONE',  ( 28.45727336512964101, 6.419940064151694159, 38.79966683211381451 ) ) ;
#9987 = SURFACE_SIDE_STYLE ('',( #3139 ) ) ;
#9988 = CARTESIAN_POINT ( 'NONE',  ( 48.64999999999999858, -1.478586710707345573E-14, 43.39999999999999147 ) ) ;
#9989 = CIRCLE ( 'NONE', #7407, 3.349999999999993427 ) ;
#9990 = EDGE_CURVE ( 'NONE', #9847, #8072, #3660, .T. ) ;
#9991 = COLOUR_RGB ( '',0.2509803921568627416, 0.2509803921568627416, 0.2509803921568627416 ) ;
#9992 = DIRECTION ( 'NONE',  ( 1.000000000000000000, 0.000000000000000000, -0.000000000000000000 ) ) ;
#9993 = CIRCLE ( 'NONE', #6727, 3.000000000000002665 ) ;
#9994 = EDGE_LOOP ( 'NONE', ( #3028, #988, #9123, #8453 ) ) ;
#9995 = LINE ( 'NONE', #2990, #3210 ) ;
#9996 = SURFACE_STYLE_FILL_AREA ( #9587 ) ;
#9997 = VECTOR ( 'NONE', #7671, 1000.000000000000000 ) ;
#9998 = CARTESIAN_POINT ( 'NONE',  ( 13.69999999999983764, -31.00000000000000000, 45.39999999999999858 ) ) ;
#9999 = SURFACE_STYLE_USAGE ( .BOTH. , #2995 ) ;
#10000 =( GEOMETRIC_REPRESENTATION_CONTEXT ( 3 ) GLOBAL_UNCERTAINTY_ASSIGNED_CONTEXT ( ( #8641 ) ) GLOBAL_UNIT_ASSIGNED_CONTEXT ( ( #3446, #9805, #3595 ) ) REPRESENTATION_CONTEXT ( 'NONE', 'WORKASPACE' ) );
#10001 = DIRECTION ( 'NONE',  ( -1.000000000000000000, 0.000000000000000000, 0.000000000000000000 ) ) ;
#10002 = ORIENTED_EDGE ( 'NONE', *, *, #3587, .T. ) ;
#10003 = COLOUR_RGB ( '',0.2509803921568627416, 0.2509803921568627416, 0.2509803921568627416 ) ;
#10004 = FILL_AREA_STYLE_COLOUR ( '', #5414 ) ;
#10005 =( GEOMETRIC_REPRESENTATION_CONTEXT ( 3 ) GLOBAL_UNCERTAINTY_ASSIGNED_CONTEXT ( ( #8110 ) ) GLOBAL_UNIT_ASSIGNED_CONTEXT ( ( #3671, #7391, #287 ) ) REPRESENTATION_CONTEXT ( 'NONE', 'WORKASPACE' ) );
#10006 = EDGE_CURVE ( 'NONE', #8065, #9392, #4371, .T. ) ;
#10007 = VECTOR ( 'NONE', #7607, 1000.000000000000000 ) ;
#10008 = CARTESIAN_POINT ( 'NONE',  ( 24.21622776601683569, -11.97792407799439474, 43.00000000000000000 ) ) ;
#10009 = AXIS2_PLACEMENT_3D ( 'NONE', #2417, #1515, #9410 ) ;
#10010 = CARTESIAN_POINT ( 'NONE',  ( 13.31369220013741206, -21.16000000000000725, 5.999999999999998224 ) ) ;
#10011 = PRESENTATION_STYLE_ASSIGNMENT (( #483 ) ) ;
#10012 = CARTESIAN_POINT ( 'NONE',  ( 21.14999999999999858, 13.32957238623956009, 37.00000000000000000 ) ) ;
#10013 = SURFACE_SIDE_STYLE ('',( #598 ) ) ;
#10014 = DIRECTION ( 'NONE',  ( 0.000000000000000000, 0.000000000000000000, 1.000000000000000000 ) ) ;
#10015 = ORIENTED_EDGE ( 'NONE', *, *, #9454, .T. ) ;
#10016 = CARTESIAN_POINT ( 'NONE',  ( 28.63698633608207800, 6.150980595711430965, 42.73825210476638148 ) ) ;
#10017 = SURFACE_SIDE_STYLE ('',( #3019 ) ) ;
#10018 = SURFACE_STYLE_USAGE ( .BOTH. , #3888 ) ;
#10019 = VECTOR ( 'NONE', #6872, 1000.000000000000114 ) ;
#10020 =( GEOMETRIC_REPRESENTATION_CONTEXT ( 3 ) GLOBAL_UNCERTAINTY_ASSIGNED_CONTEXT ( ( #3869 ) ) GLOBAL_UNIT_ASSIGNED_CONTEXT ( ( #4828, #6261, #1459 ) ) REPRESENTATION_CONTEXT ( 'NONE', 'WORKASPACE' ) );
#10022 = EDGE_CURVE ( 'NONE', #140, #1089, #9993, .T. ) ;
#10021 = VERTEX_POINT ( 'NONE', #9959 ) ;
#10023 = FILL_AREA_STYLE_COLOUR ( '', #3003 ) ;
#10024 =( BOUNDED_CURVE ( )  B_SPLINE_CURVE ( 3, ( #573, #8462, #3551, #3598 ),
 .UNSPECIFIED., .F., .T. ) 
 B_SPLINE_CURVE_WITH_KNOTS ( ( 4, 4 ),
 ( 3.463343207986436578, 4.712388980384690562 ),
 .UNSPECIFIED. ) 
 CURVE ( )  GEOMETRIC_REPRESENTATION_ITEM ( )  RATIONAL_B_SPLINE_CURVE ( ( 1.000000000000000000, 0.8741614567837073801, 0.8741614567837073801, 1.000000000000000000 ) ) 
 REPRESENTATION_ITEM ( '' )  );
#10025 = EDGE_LOOP ( 'NONE', ( #2363, #43, #118, #5777 ) ) ;
#10026 = UNCERTAINTY_MEASURE_WITH_UNIT (LENGTH_MEASURE( 1.000000000000000082E-05 ), #4093, 'distance_accuracy_value', 'NONE');
#10027 = DIRECTION ( 'NONE',  ( -0.000000000000000000, -0.000000000000000000, -1.000000000000000000 ) ) ;
#10028 = DIRECTION ( 'NONE',  ( 0.000000000000000000, 1.000000000000000000, 0.000000000000000000 ) ) ;
#10029 = DIRECTION ( 'NONE',  ( -0.000000000000000000, -0.000000000000000000, -1.000000000000000000 ) ) ;
#10030 =( GEOMETRIC_REPRESENTATION_CONTEXT ( 3 ) GLOBAL_UNCERTAINTY_ASSIGNED_CONTEXT ( ( #5400 ) ) GLOBAL_UNIT_ASSIGNED_CONTEXT ( ( #1958, #2908, #8238 ) ) REPRESENTATION_CONTEXT ( 'NONE', 'WORKASPACE' ) );
#10031 = VECTOR ( 'NONE', #2028, 1000.000000000000000 ) ;
#10032 = FILL_AREA_STYLE_COLOUR ( '', #1736 ) ;
#10033 = DIRECTION ( 'NONE',  ( -0.000000000000000000, -0.000000000000000000, -1.000000000000000000 ) ) ;
#10034 = VERTEX_POINT ( 'NONE', #4523 ) ;
#10035 = ADVANCED_FACE ( 'NONE', ( #4320 ), #7480, .F. ) ;
#10036 = EDGE_LOOP ( 'NONE', ( #9932, #4923, #6238, #4663 ) ) ;
#10037 = LINE ( 'NONE', #3241, #7791 ) ;
#10038 = MECHANICAL_DESIGN_GEOMETRIC_PRESENTATION_REPRESENTATION (  '', ( #8791 ), #9239 ) ;
#10039 = EDGE_LOOP ( 'NONE', ( #2972, #1823, #2192, #253 ) ) ;
#10040 = SURFACE_SIDE_STYLE ('',( #3592 ) ) ;
#10041 = CARTESIAN_POINT ( 'NONE',  ( 28.14725964952691584, 6.520114009976732738, 38.50000736841844429 ) ) ;
#10042 =( GEOMETRIC_REPRESENTATION_CONTEXT ( 3 ) GLOBAL_UNCERTAINTY_ASSIGNED_CONTEXT ( ( #4312 ) ) GLOBAL_UNIT_ASSIGNED_CONTEXT ( ( #4500, #6825, #8509 ) ) REPRESENTATION_CONTEXT ( 'NONE', 'WORKASPACE' ) );
#10043 = PRESENTATION_STYLE_ASSIGNMENT (( #3850 ) ) ;
#10044 = SURFACE_SIDE_STYLE ('',( #5179 ) ) ;
#10045 = CARTESIAN_POINT ( 'NONE',  ( -21.14999999999999503, -13.32957238623956364, 98.84951795962938093 ) ) ;
#10046 = UNCERTAINTY_MEASURE_WITH_UNIT (LENGTH_MEASURE( 1.000000000000000082E-05 ), #2789, 'distance_accuracy_value', 'NONE');
#10047 = EDGE_CURVE ( 'NONE', #8267, #3516, #2807, .T. ) ;
#10048 = ORIENTED_EDGE ( 'NONE', *, *, #7213, .F. ) ;
#10049 = DIRECTION ( 'NONE',  ( 0.000000000000000000, 0.000000000000000000, 1.000000000000000000 ) ) ;
#10050 = SURFACE_SIDE_STYLE ('',( #6999 ) ) ;
#10051 = DIRECTION ( 'NONE',  ( 1.000000000000000000, 0.000000000000000000, 0.000000000000000000 ) ) ;
#10052 = DIRECTION ( 'NONE',  ( 0.000000000000000000, 0.000000000000000000, 1.000000000000000000 ) ) ;
#10053 = FILL_AREA_STYLE_COLOUR ( '', #9472 ) ;
#10054 = SURFACE_STYLE_FILL_AREA ( #1526 ) ;
#10055 = UNCERTAINTY_MEASURE_WITH_UNIT (LENGTH_MEASURE( 1.000000000000000082E-05 ), #647, 'distance_accuracy_value', 'NONE');
#10056 = SURFACE_STYLE_USAGE ( .BOTH. , #1529 ) ;
#10057 = EDGE_LOOP ( 'NONE', ( #10015, #1828, #9001, #7007 ) ) ;
#10058 = SURFACE_SIDE_STYLE ('',( #2095 ) ) ;
#10059 = CARTESIAN_POINT ( 'NONE',  ( 15.99999999999981704, -30.99999999999997868, 45.39999999999999858 ) ) ;
#10060 = EDGE_CURVE ( 'NONE', #5591, #6563, #9419, .T. ) ;
#10061 = AXIS2_PLACEMENT_3D ( 'NONE', #4570, #6050, #10049 ) ;
#10062 =( NAMED_UNIT ( * ) SI_UNIT ( $, .STERADIAN. ) SOLID_ANGLE_UNIT ( ) );
#10063 = SURFACE_SIDE_STYLE ('',( #3936 ) ) ;
#10064 =( LENGTH_UNIT ( ) NAMED_UNIT ( * ) SI_UNIT ( .MILLI., .METRE. ) );
#10065 = SURFACE_STYLE_FILL_AREA ( #4481 ) ;
#10066 = DIRECTION ( 'NONE',  ( -0.000000000000000000, -0.000000000000000000, 1.000000000000000000 ) ) ;
#10067 = ORIENTED_EDGE ( 'NONE', *, *, #750, .T. ) ;
#10068 = CARTESIAN_POINT ( 'NONE',  ( 27.64999999999999858, 9.779240779943870976, 43.00000000000000000 ) ) ;
#10069 = SURFACE_STYLE_FILL_AREA ( #3825 ) ;
#10070 = CARTESIAN_POINT ( 'NONE',  ( 27.65000000000000213, -9.779240779943883410, 38.50000000000000000 ) ) ;
#10071 = EDGE_LOOP ( 'NONE', ( #5467, #7024, #4985, #5371 ) ) ;
#10072 = CARTESIAN_POINT ( 'NONE',  ( 28.14999999999999858, 9.779240779943870976, 38.00000000000000000 ) ) ;
#10073 = EDGE_CURVE ( 'NONE', #7804, #8882, #8633, .T. ) ;
#10074 = FILL_AREA_STYLE_COLOUR ( '', #4924 ) ;
#10075 = AXIS2_PLACEMENT_3D ( 'NONE', #4451, #3687, #4401 ) ;
#10076 = FACE_OUTER_BOUND ( 'NONE', #5774, .T. ) ;
#10077 = AXIS2_PLACEMENT_3D ( 'NONE', #8434, #1425, #1325 ) ;
#10078 = ORIENTED_EDGE ( 'NONE', *, *, #311, .F. ) ;
#10079 = ORIENTED_EDGE ( 'NONE', *, *, #8157, .T. ) ;
#10080 = COLOUR_RGB ( '',0.2509803921568627416, 0.2509803921568627416, 0.2509803921568627416 ) ;
#10081 =( NAMED_UNIT ( * ) SI_UNIT ( $, .STERADIAN. ) SOLID_ANGLE_UNIT ( ) );
#10082 =( NAMED_UNIT ( * ) SI_UNIT ( $, .STERADIAN. ) SOLID_ANGLE_UNIT ( ) );
#10083 = AXIS2_PLACEMENT_3D ( 'NONE', #3473, #5772, #2764 ) ;
#10084 = DIRECTION ( 'NONE',  ( -1.000000000000000000, 0.000000000000000000, 0.000000000000000000 ) ) ;
#10085 = CARTESIAN_POINT ( 'NONE',  ( 21.14999999999999858, -13.32957238623955654, 98.84951795962938093 ) ) ;
#10086 = AXIS2_PLACEMENT_3D ( 'NONE', #9428, #594, #9212 ) ;
#10087 =( NAMED_UNIT ( * ) PLANE_ANGLE_UNIT ( ) SI_UNIT ( $, .RADIAN. ) );
#10088 = AXIS2_PLACEMENT_3D ( 'NONE', #5865, #187, #6635 ) ;
#10089 = DIRECTION ( 'NONE',  ( 1.000000000000000000, 0.000000000000000000, 0.000000000000000000 ) ) ;
#10091 = EDGE_LOOP ( 'NONE', ( #5825, #5393, #9864, #9186, #8704, #10192, #9975, #1211, #7291, #7147, #5228, #9175 ) ) ;
#10090 = EDGE_CURVE ( 'NONE', #912, #6627, #3205, .T. ) ;
#10092 = AXIS2_PLACEMENT_3D ( 'NONE', #4150, #984, #3126 ) ;
#10093 =( BOUNDED_CURVE ( )  B_SPLINE_CURVE ( 3, ( #9597, #2513, #5626, #4908 ),
 .UNSPECIFIED., .F., .T. ) 
 B_SPLINE_CURVE_WITH_KNOTS ( ( 4, 4 ),
 ( 4.712388980384689674, 6.283185307179586232 ),
 .UNSPECIFIED. ) 
 CURVE ( )  GEOMETRIC_REPRESENTATION_ITEM ( )  RATIONAL_B_SPLINE_CURVE ( ( 1.000000000000000000, 0.8047378541243649375, 0.8047378541243649375, 1.000000000000000000 ) ) 
 REPRESENTATION_ITEM ( '' )  );
#10094 = VERTEX_POINT ( 'NONE', #4572 ) ;
#10095 = PRESENTATION_STYLE_ASSIGNMENT (( #3083 ) ) ;
#10096 = VERTEX_POINT ( 'NONE', #4677 ) ;
#10097 = EDGE_CURVE ( 'NONE', #5591, #4795, #5924, .T. ) ;
#10098 = CARTESIAN_POINT ( 'NONE',  ( 28.23963673246898054, 6.545173355718993058, 38.52506670762443264 ) ) ;
#10099 = CARTESIAN_POINT ( 'NONE',  ( 28.64999999999999858, 6.020106648094790458, 0.000000000000000000 ) ) ;
#10100 = VECTOR ( 'NONE', #5796, 1000.000000000000000 ) ;
#10101 = FACE_OUTER_BOUND ( 'NONE', #6510, .T. ) ;
#10102 =( NAMED_UNIT ( * ) SI_UNIT ( $, .STERADIAN. ) SOLID_ANGLE_UNIT ( ) );
#10103 = DIRECTION ( 'NONE',  ( 1.000000000000000000, -1.334402673828317777E-15, 0.000000000000000000 ) ) ;
#10104 = EDGE_LOOP ( 'NONE', ( #928, #1874, #10067, #3123, #2047 ) ) ;
#10105 = SURFACE_STYLE_USAGE ( .BOTH. , #113 ) ;
#10106 = VECTOR ( 'NONE', #3747, 1000.000000000000000 ) ;
#10107 = CIRCLE ( 'NONE', #3570, 25.00000000000000000 ) ;
#10108 = VECTOR ( 'NONE', #5138, 1000.000000000000000 ) ;
#10109 = ADVANCED_FACE ( 'NONE', ( #6320 ), #7935, .F. ) ;
#10110 = DIRECTION ( 'NONE',  ( -1.000000000000000000, -8.202002250481356316E-17, 0.000000000000000000 ) ) ;
#10111 = CARTESIAN_POINT ( 'NONE',  ( 48.64999999999999858, 1.234755777732608992E-15, 37.49999999999999289 ) ) ;
#10112 = SURFACE_SIDE_STYLE ('',( #803 ) ) ;
#10113 = FILL_AREA_STYLE_COLOUR ( '', #8389 ) ;
#10114 =( LENGTH_UNIT ( ) NAMED_UNIT ( * ) SI_UNIT ( .MILLI., .METRE. ) );
#10115 = ORIENTED_EDGE ( 'NONE', *, *, #5644, .F. ) ;
#10116 = STYLED_ITEM ( 'NONE', ( #896 ), #7809 ) ;
#10117 = CARTESIAN_POINT ( 'NONE',  ( 28.14999999999999858, 7.020106648094790458, 38.50000000000000000 ) ) ;
#10118 = UNCERTAINTY_MEASURE_WITH_UNIT (LENGTH_MEASURE( 1.000000000000000082E-05 ), #1096, 'distance_accuracy_value', 'NONE');
#10119 = FACE_OUTER_BOUND ( 'NONE', #6442, .T. ) ;
#10120 = EDGE_CURVE ( 'NONE', #4795, #5591, #7271, .T. ) ;
#10121 = DIRECTION ( 'NONE',  ( -0.000000000000000000, -0.000000000000000000, 1.000000000000000000 ) ) ;
#10122 = DIRECTION ( 'NONE',  ( 1.000000000000000000, 0.000000000000000000, 0.000000000000000000 ) ) ;
#10123 = CARTESIAN_POINT ( 'NONE',  ( 27.64999999999999858, -9.779240779943883410, 0.000000000000000000 ) ) ;
#10124 =( NAMED_UNIT ( * ) SI_UNIT ( $, .STERADIAN. ) SOLID_ANGLE_UNIT ( ) );
#10125 = ORIENTED_EDGE ( 'NONE', *, *, #7886, .F. ) ;
#10126 =( NAMED_UNIT ( * ) PLANE_ANGLE_UNIT ( ) SI_UNIT ( $, .RADIAN. ) );
#10127 = PRESENTATION_STYLE_ASSIGNMENT (( #4483 ) ) ;
#10128 = EDGE_CURVE ( 'NONE', #3929, #8035, #1472, .T. ) ;
#10129 = ORIENTED_EDGE ( 'NONE', *, *, #8219, .T. ) ;
#10130 = DIRECTION ( 'NONE',  ( -1.000000000000000000, 0.000000000000000000, -0.000000000000000000 ) ) ;
#10131 = ORIENTED_EDGE ( 'NONE', *, *, #5501, .T. ) ;
#10132 = ORIENTED_EDGE ( 'NONE', *, *, #9009, .T. ) ;
#10133 = FILL_AREA_STYLE ('',( #8805 ) ) ;
#10134 = AXIS2_PLACEMENT_3D ( 'NONE', #1896, #9106, #7581 ) ;
#10135 = CARTESIAN_POINT ( 'NONE',  ( -3.500000000000000000, 0.000000000000000000, -2.000000000000000000 ) ) ;
#10136 =( LENGTH_UNIT ( ) NAMED_UNIT ( * ) SI_UNIT ( .MILLI., .METRE. ) );
#10137 = FILL_AREA_STYLE_COLOUR ( '', #6840 ) ;
#10138 = LINE ( 'NONE', #5431, #1049 ) ;
#10139 = SURFACE_STYLE_FILL_AREA ( #3181 ) ;
#10140 = VERTEX_POINT ( 'NONE', #5647 ) ;
#10141 =( GEOMETRIC_REPRESENTATION_CONTEXT ( 3 ) GLOBAL_UNCERTAINTY_ASSIGNED_CONTEXT ( ( #464 ) ) GLOBAL_UNIT_ASSIGNED_CONTEXT ( ( #3253, #3917, #10102 ) ) REPRESENTATION_CONTEXT ( 'NONE', 'WORKASPACE' ) );
#10142 = ORIENTED_EDGE ( 'NONE', *, *, #1613, .T. ) ;
#10143 = CARTESIAN_POINT ( 'NONE',  ( 24.55811388300841713, -11.17024909563580337, 38.50000000000000711 ) ) ;
#10144 = ORIENTED_EDGE ( 'NONE', *, *, #9113, .F. ) ;
#10145 = CARTESIAN_POINT ( 'NONE',  ( 28.58689319642934379, 6.523725617591511927, 42.74819051525187774 ) ) ;
#10146 = CARTESIAN_POINT ( 'NONE',  ( 28.28087395097011836, 6.507092982787813007, 38.97397266938582305 ) ) ;
#10147 = DIRECTION ( 'NONE',  ( 0.000000000000000000, -1.000000000000000000, 0.000000000000000000 ) ) ;
#10148 = COLOUR_RGB ( '',0.2509803921568627416, 0.2509803921568627416, 0.2509803921568627416 ) ;
#10149 = CARTESIAN_POINT ( 'NONE',  ( -15.49999999999999645, 15.50000000000000000, -2.266821225221747863E-17 ) ) ;
#10150 = CARTESIAN_POINT ( 'NONE',  ( 27.80811388300841713, 10.25358242896912842, 42.49999999999999289 ) ) ;
#10151 =( NAMED_UNIT ( * ) PLANE_ANGLE_UNIT ( ) SI_UNIT ( $, .RADIAN. ) );
#10152 = ORIENTED_EDGE ( 'NONE', *, *, #5863, .T. ) ;
#10153 = UNCERTAINTY_MEASURE_WITH_UNIT (LENGTH_MEASURE( 1.000000000000000082E-05 ), #2504, 'distance_accuracy_value', 'NONE');
#10154 = FILL_AREA_STYLE ('',( #1134 ) ) ;
#10155 = FILL_AREA_STYLE_COLOUR ( '', #6880 ) ;
#10156 = DIRECTION ( 'NONE',  ( 1.000000000000000000, 0.000000000000000000, 0.000000000000000000 ) ) ;
#10157 = MECHANICAL_DESIGN_GEOMETRIC_PRESENTATION_REPRESENTATION (  '', ( #9684 ), #124 ) ;
#10158 = ORIENTED_EDGE ( 'NONE', *, *, #8838, .T. ) ;
#10159 = FILL_AREA_STYLE ('',( #798 ) ) ;
#10160 = ADVANCED_FACE ( 'NONE', ( #1883 ), #1056, .F. ) ;
#10161 = DIRECTION ( 'NONE',  ( -1.000000000000000000, -0.000000000000000000, -0.000000000000000000 ) ) ;
#10162 = COLOUR_RGB ( '',0.2509803921568627416, 0.2509803921568627416, 0.2509803921568627416 ) ;
#10163 = VECTOR ( 'NONE', #18, 1000.000000000000000 ) ;
#10164 = CARTESIAN_POINT ( 'NONE',  ( 15.50000000000000000, 1.898202538678397557E-15, 0.000000000000000000 ) ) ;
#10165 =( LENGTH_UNIT ( ) NAMED_UNIT ( * ) SI_UNIT ( .MILLI., .METRE. ) );
#10166 = DIRECTION ( 'NONE',  ( -1.000000000000000000, 0.000000000000000000, 0.000000000000000000 ) ) ;
#10167 = AXIS2_PLACEMENT_3D ( 'NONE', #1533, #7850, #8064 ) ;
#10168 = UNCERTAINTY_MEASURE_WITH_UNIT (LENGTH_MEASURE( 1.000000000000000082E-05 ), #9826, 'distance_accuracy_value', 'NONE');
#10169 =( LENGTH_UNIT ( ) NAMED_UNIT ( * ) SI_UNIT ( .MILLI., .METRE. ) );
#10170 = VERTEX_POINT ( 'NONE', #5701 ) ;
#10171 = EDGE_CURVE ( 'NONE', #3832, #9026, #1803, .T. ) ;
#10172 = SURFACE_STYLE_USAGE ( .BOTH. , #119 ) ;
#10173 = AXIS2_PLACEMENT_3D ( 'NONE', #2309, #10110, #7108 ) ;
#10174 = VECTOR ( 'NONE', #6698, 1000.000000000000000 ) ;
#10175 = PRESENTATION_STYLE_ASSIGNMENT (( #3212 ) ) ;
#10176 = COLOUR_RGB ( '',0.2509803921568627416, 0.2509803921568627416, 0.2509803921568627416 ) ;
#10177 =( GEOMETRIC_REPRESENTATION_CONTEXT ( 3 ) GLOBAL_UNCERTAINTY_ASSIGNED_CONTEXT ( ( #7956 ) ) GLOBAL_UNIT_ASSIGNED_CONTEXT ( ( #3398, #5899, #8155 ) ) REPRESENTATION_CONTEXT ( 'NONE', 'WORKASPACE' ) );
#10178 = VERTEX_POINT ( 'NONE', #6423 ) ;
#10179 = CARTESIAN_POINT ( 'NONE',  ( 48.64999999999999858, 1.698780669118024500, 40.49999999999999289 ) ) ;
#10180 = DIRECTION ( 'NONE',  ( 1.000000000000000000, 0.000000000000000000, 0.000000000000000000 ) ) ;
#10181 = DIRECTION ( 'NONE',  ( 0.000000000000000000, 0.000000000000000000, -1.000000000000000000 ) ) ;
#10182 = SURFACE_SIDE_STYLE ('',( #2261 ) ) ;
#10183 = ORIENTED_EDGE ( 'NONE', *, *, #9876, .T. ) ;
#10184 = AXIS2_PLACEMENT_3D ( 'NONE', #9926, #2058, #9118 ) ;
#10185 = PRESENTATION_STYLE_ASSIGNMENT (( #8647 ) ) ;
#10186 = LINE ( 'NONE', #8596, #1015 ) ;
#10187 = ORIENTED_EDGE ( 'NONE', *, *, #6631, .F. ) ;
#10188 = EDGE_CURVE ( 'NONE', #791, #3789, #2627, .T. ) ;
#10189 = CARTESIAN_POINT ( 'NONE',  ( 13.32957238623955121, -21.15000000000000568, 37.00000000000000000 ) ) ;
#10190 = CARTESIAN_POINT ( 'NONE',  ( -2.000000000000015543, 2.449293598294725643E-16, -24.00000000000000000 ) ) ;
#10191 = FACE_OUTER_BOUND ( 'NONE', #8444, .T. ) ;
#10192 = ORIENTED_EDGE ( 'NONE', *, *, #6959, .F. ) ;
#10193 = DIRECTION ( 'NONE',  ( 0.000000000000000000, 0.000000000000000000, 1.000000000000000000 ) ) ;
#10194 = VERTEX_POINT ( 'NONE', #4886 ) ;
#10195 = EDGE_CURVE ( 'NONE', #9581, #5982, #3498, .T. ) ;
#10196 = SURFACE_STYLE_FILL_AREA ( #933 ) ;
#10197 = SURFACE_SIDE_STYLE ('',( #1703 ) ) ;
#10198 = LINE ( 'NONE', #10085, #9647 ) ;
#10199 = CARTESIAN_POINT ( 'NONE',  ( -14.24999999999999645, 15.50000000000000000, -2.266821225221747863E-17 ) ) ;
#10200 = DIRECTION ( 'NONE',  ( 1.000000000000000000, 0.000000000000000000, 0.000000000000000000 ) ) ;
#10201 = ORIENTED_EDGE ( 'NONE', *, *, #3078, .F. ) ;
#10202 = MECHANICAL_DESIGN_GEOMETRIC_PRESENTATION_REPRESENTATION (  '', ( #1660 ), #2507 ) ;
#10203 = COLOUR_RGB ( '',0.2509803921568627416, 0.2509803921568627416, 0.2509803921568627416 ) ;
#10204 = VERTEX_POINT ( 'NONE', #9574 ) ;
#10205 = CARTESIAN_POINT ( 'NONE',  ( 28.64999999999999858, -6.020106648094795787, 38.00000000000000000 ) ) ;
#10206 = ORIENTED_EDGE ( 'NONE', *, *, #9565, .F. ) ;
#10207 = CARTESIAN_POINT ( 'NONE',  ( 28.23963673246898054, 6.545173355718993058, 42.47493329237556736 ) ) ;
#10208 = ADVANCED_FACE ( 'NONE', ( #5747 ), #1009, .T. ) ;
#10209 = CARTESIAN_POINT ( 'NONE',  ( 28.64999999999999858, -6.605893085721699975, 42.70710678118653192 ) ) ;
ENDSEC;
END-ISO-10303-21;
