ISO-10303-21;
HEADER;
FILE_DESCRIPTION (( 'STEP AP214' ),
    '1' );
FILE_NAME ('proto_tyoe_thruster_holder.STEP',
    '2026-09-07T09:46:16',
    ( '' ),
    ( '' ),
    'SwSTEP 2.0',
    'SolidWorks 2024',
    '' );
FILE_SCHEMA (( 'AUTOMOTIVE_DESIGN' ));
ENDSEC;

DATA;
#1 = CARTESIAN_POINT ( 'NONE',  ( -35.85944975138704649, 57.07265318698295431, 4.800000000000012257 ) ) ;
#2 = ORIENTED_EDGE ( 'NONE', *, *, #578, .T. ) ;
#3 = EDGE_CURVE ( 'NONE', #368, #1770, #193, .T. ) ;
#4 = ORIENTED_EDGE ( 'NONE', *, *, #526, .F. ) ;
#5 = CARTESIAN_POINT ( 'NONE',  ( 64.08342590007012518, -8.491505296224360899E-16, 14.99999999999999467 ) ) ;
#6 = VECTOR ( 'NONE', #1207, 999.9999999999998863 ) ;
#7 = DIRECTION ( 'NONE',  ( 0.7276068751089977971, 0.000000000000000000, 0.6859943405700364982 ) ) ;
#8 = VECTOR ( 'NONE', #86, 1000.000000000000114 ) ;
#9 = AXIS2_PLACEMENT_3D ( 'NONE', #1447, #1322, #1564 ) ;
#10 = CARTESIAN_POINT ( 'NONE',  ( 68.15000000000000568, 8.345967936189223381E-15, 19.99999999999999645 ) ) ;
#11 = ORIENTED_EDGE ( 'NONE', *, *, #157, .T. ) ;
#12 = AXIS2_PLACEMENT_3D ( 'NONE', #886, #457, #1313 ) ;
#13 = ADVANCED_FACE ( 'NONE', ( #764, #1304 ), #186, .F. ) ;
#14 = DIRECTION ( 'NONE',  ( -1.224646799147354933E-16, 1.000000000000000000, -0.000000000000000000 ) ) ;
#15 = EDGE_CURVE ( 'NONE', #999, #1485, #737, .T. ) ;
#16 = ORIENTED_EDGE ( 'NONE', *, *, #1259, .T. ) ;
#17 = DIRECTION ( 'NONE',  ( -1.000000000000000000, -1.224347623758489770E-16, 0.000000000000000000 ) ) ;
#18 = CARTESIAN_POINT ( 'NONE',  ( 55.65843962461030969, 41.51630400087879735, 0.8000000000000545564 ) ) ;
#19 = ORIENTED_EDGE ( 'NONE', *, *, #871, .F. ) ;
#20 = DIRECTION ( 'NONE',  ( -1.000000000000000000, 1.224646799147357645E-16, 0.000000000000000000 ) ) ;
#21 = ORIENTED_EDGE ( 'NONE', *, *, #1250, .F. ) ;
#22 = ADVANCED_FACE ( 'NONE', ( #1592 ), #1721, .T. ) ;
#23 = CARTESIAN_POINT ( 'NONE',  ( 51.41579893749096186, 37.27366331375955610, 8.800000000000054001 ) ) ;
#24 = CYLINDRICAL_SURFACE ( 'NONE', #929, 1.650000000000001465 ) ;
#25 = CARTESIAN_POINT ( 'NONE',  ( -30.20259550189465969, 58.48686674935607499, 8.800000000000014921 ) ) ;
#26 = ORIENTED_EDGE ( 'NONE', *, *, #732, .T. ) ;
#27 = CARTESIAN_POINT ( 'NONE',  ( -64.08342590007009676, -8.491505296224360899E-16, 15.00000000000012612 ) ) ;
#28 = VERTEX_POINT ( 'NONE', #1285 ) ;
#29 = CARTESIAN_POINT ( 'NONE',  ( 58.14999999999999858, 4.000000000000007105, 20.00000000000000000 ) ) ;
#30 = ADVANCED_FACE ( 'NONE', ( #1462, #1429, #1711 ), #605, .F. ) ;
#31 = DIRECTION ( 'NONE',  ( -0.5656854249492413445, -0.5656854249492344611, -0.6000000000000004219 ) ) ;
#32 = EDGE_CURVE ( 'NONE', #610, #530, #879, .T. ) ;
#33 = CARTESIAN_POINT ( 'NONE',  ( -68.15000000000000568, 3.999999999999991562, 19.99999999999999645 ) ) ;
#34 = AXIS2_PLACEMENT_3D ( 'NONE', #76, #1720, #744 ) ;
#35 = EDGE_LOOP ( 'NONE', ( #1305, #1488 ) ) ;
#36 = CIRCLE ( 'NONE', #1623, 2.000000000000002665 ) ;
#37 = VECTOR ( 'NONE', #1088, 1000.000000000000114 ) ;
#38 = DIRECTION ( 'NONE',  ( 0.4242640687119322296, -0.4242640687119252352, 0.7999999999999998224 ) ) ;
#39 = VERTEX_POINT ( 'NONE', #1186 ) ;
#40 = CARTESIAN_POINT ( 'NONE',  ( -34.86950025772583217, 49.01163588145632133, -35.00000000000004263 ) ) ;
#41 = CARTESIAN_POINT ( 'NONE',  ( 56.78981047450880482, 42.64767485077727827, 2.000000000000000000 ) ) ;
#42 = FACE_OUTER_BOUND ( 'NONE', #1473, .T. ) ;
#43 = FACE_OUTER_BOUND ( 'NONE', #90, .T. ) ;
#44 = EDGE_LOOP ( 'NONE', ( #839, #1342 ) ) ;
#45 = DIRECTION ( 'NONE',  ( -0.4242640687119314524, 0.4242640687119259013, -0.7999999999999999334 ) ) ;
#46 = CARTESIAN_POINT ( 'NONE',  ( -42.64767485077788933, 56.78981047450833586, 0.000000000000000000 ) ) ;
#47 = ORIENTED_EDGE ( 'NONE', *, *, #1250, .T. ) ;
#48 = SHAPE_DEFINITION_REPRESENTATION ( #1557, #81 ) ;
#49 = LINE ( 'NONE', #1136, #1654 ) ;
#50 = DIRECTION ( 'NONE',  ( 0.5656854249492412334, 0.5656854249492342390, 0.6000000000000005329 ) ) ;
#51 = CARTESIAN_POINT ( 'NONE',  ( -60.74960844915333524, 32.46533720169095716, 11.20000000000001172 ) ) ;
#52 = ORIENTED_EDGE ( 'NONE', *, *, #558, .F. ) ;
#53 = CARTESIAN_POINT ( 'NONE',  ( 57.14999999999999858, 0.000000000000000000, 20.00000000000000000 ) ) ;
#54 = DIRECTION ( 'NONE',  ( 0.7276068751089971309, 0.000000000000000000, -0.6859943405700371644 ) ) ;
#55 = ORIENTED_EDGE ( 'NONE', *, *, #1684, .T. ) ;
#56 = LINE ( 'NONE', #587, #704 ) ;
#57 = CARTESIAN_POINT ( 'NONE',  ( 59.61823759925500354, 45.47610197552344147, -35.00000000000004263 ) ) ;
#58 = LINE ( 'NONE', #334, #444 ) ;
#59 = ORIENTED_EDGE ( 'NONE', *, *, #1214, .F. ) ;
#60 = VECTOR ( 'NONE', #1111, 999.9999999999998863 ) ;
#61 = AXIS2_PLACEMENT_3D ( 'NONE', #405, #950, #1474 ) ;
#62 = CARTESIAN_POINT ( 'NONE',  ( -45.47610197552413780, 59.61823759925449195, -2.500212037081084412E-14 ) ) ;
#63 = CARTESIAN_POINT ( 'NONE',  ( -62.72950743647569283, 34.44523618901326500, 0.8000000000000138112 ) ) ;
#64 = ORIENTED_EDGE ( 'NONE', *, *, #1259, .F. ) ;
#65 = AXIS2_PLACEMENT_3D ( 'NONE', #5, #854, #1778 ) ;
#66 = EDGE_CURVE ( 'NONE', #488, #338, #632, .T. ) ;
#67 = VECTOR ( 'NONE', #734, 1000.000000000000000 ) ;
#68 = EDGE_CURVE ( 'NONE', #574, #956, #896, .T. ) ;
#69 = AXIS2_PLACEMENT_3D ( 'NONE', #1316, #1162, #482 ) ;
#70 = APPLICATION_CONTEXT ( 'automotive_design' ) ;
#71 = APPLICATION_PROTOCOL_DEFINITION ( 'draft international standard', 'automotive_design', 1998, #70 ) ;
#72 = DIRECTION ( 'NONE',  ( 0.7071067811865431318, 0.7071067811865519026, 0.000000000000000000 ) ) ;
#73 = DIRECTION ( 'NONE',  ( 0.5656854249492412334, 0.5656854249492342390, 0.6000000000000005329 ) ) ;
#74 = DIRECTION ( 'NONE',  ( -0.5656854249492412334, 0.5656854249492344611, 0.6000000000000004219 ) ) ;
#75 = ORIENTED_EDGE ( 'NONE', *, *, #381, .F. ) ;
#76 = CARTESIAN_POINT ( 'NONE',  ( 64.08342590007012518, -0.001000000000008806345, 14.99999999999999467 ) ) ;
#77 = VERTEX_POINT ( 'NONE', #1156 ) ;
#78 = EDGE_LOOP ( 'NONE', ( #857, #1351, #1291, #1115 ) ) ;
#79 = LINE ( 'NONE', #1679, #535 ) ;
#80 = EDGE_CURVE ( 'NONE', #1005, #1338, #966, .T. ) ;
#81 = ADVANCED_BREP_SHAPE_REPRESENTATION ( 'proto_tyoe_thruster_holder', ( #1290, #1018 ), #1132 ) ;
#82 = ADVANCED_FACE ( 'NONE', ( #1025 ), #910, .T. ) ;
#83 = CARTESIAN_POINT ( 'NONE',  ( 34.86950025772584638, 49.01163588145632843, 20.00000000000000000 ) ) ;
#84 = CARTESIAN_POINT ( 'NONE',  ( -49.01163588145670502, 34.86950025772532058, 0.000000000000000000 ) ) ;
#85 = EDGE_CURVE ( 'NONE', #999, #1401, #733, .T. ) ;
#86 = DIRECTION ( 'NONE',  ( -0.5656854249492412334, 0.5656854249492344611, 0.6000000000000004219 ) ) ;
#87 = ORIENTED_EDGE ( 'NONE', *, *, #1504, .T. ) ;
#88 = LINE ( 'NONE', #53, #1161 ) ;
#89 = CARTESIAN_POINT ( 'NONE',  ( -64.08342590007012518, -8.491505296224360899E-16, 5.000000000000134115 ) ) ;
#90 = EDGE_LOOP ( 'NONE', ( #47, #508, #132, #311 ) ) ;
#91 = PLANE ( 'NONE',  #936 ) ;
#92 = CARTESIAN_POINT ( 'NONE',  ( 56.78981047450880482, 42.64767485077727827, 0.000000000000000000 ) ) ;
#93 = EDGE_CURVE ( 'NONE', #355, #360, #423, .T. ) ;
#94 = EDGE_CURVE ( 'NONE', #207, #892, #329, .T. ) ;
#95 = CARTESIAN_POINT ( 'NONE',  ( -53.67854063728793079, 39.53640501355648951, 11.20000000000001172 ) ) ;
#96 = EDGE_LOOP ( 'NONE', ( #865, #1407, #1238, #1554 ) ) ;
#97 = EDGE_CURVE ( 'NONE', #338, #780, #653, .T. ) ;
#98 = DIRECTION ( 'NONE',  ( -0.000000000000000000, -0.000000000000000000, -1.000000000000000000 ) ) ;
#99 = ORIENTED_EDGE ( 'NONE', *, *, #974, .F. ) ;
#100 = AXIS2_PLACEMENT_3D ( 'NONE', #1779, #1119, #282 ) ;
#101 = AXIS2_PLACEMENT_3D ( 'NONE', #823, #564, #1260 ) ;
#102 = VECTOR ( 'NONE', #779, 1000.000000000000114 ) ;
#103 = DIRECTION ( 'NONE',  ( -0.5656854249492413445, -0.5656854249492344611, -0.6000000000000004219 ) ) ;
#104 = DIRECTION ( 'NONE',  ( -1.000000000000000000, 0.000000000000000000, 0.000000000000000000 ) ) ;
#105 = FACE_BOUND ( 'NONE', #275, .T. ) ;
#106 = ORIENTED_EDGE ( 'NONE', *, *, #1743, .T. ) ;
#107 = CARTESIAN_POINT ( 'NONE',  ( -55.65843962461025285, 41.51630400087880446, 0.8000000000000068168 ) ) ;
#108 = EDGE_LOOP ( 'NONE', ( #1645, #432, #651, #1697 ) ) ;
#109 = LINE ( 'NONE', #1343, #1164 ) ;
#110 = CARTESIAN_POINT ( 'NONE',  ( 16.30649634760777289, 4.906707087988772642, -50.53034135041644248 ) ) ;
#111 = CARTESIAN_POINT ( 'NONE',  ( -4.898587196589420717E-16, 4.000000000000000000, 0.000000000000000000 ) ) ;
#112 = EDGE_LOOP ( 'NONE', ( #370, #1571, #782, #1301 ) ) ;
#113 = FACE_OUTER_BOUND ( 'NONE', #1547, .T. ) ;
#114 = VERTEX_POINT ( 'NONE', #383 ) ;
#115 = EDGE_CURVE ( 'NONE', #1675, #642, #49, .T. ) ;
#116 = VERTEX_POINT ( 'NONE', #1680 ) ;
#117 = DIRECTION ( 'NONE',  ( 1.000000000000000000, 1.224646799147355179E-16, 0.000000000000000000 ) ) ;
#118 = PLANE ( 'NONE',  #816 ) ;
#119 = CARTESIAN_POINT ( 'NONE',  ( -59.33539488678028562, 38.12219145118335462, 7.200000000000001954 ) ) ;
#120 = ORIENTED_EDGE ( 'NONE', *, *, #492, .T. ) ;
#121 = FACE_BOUND ( 'NONE', #141, .T. ) ;
#122 = ORIENTED_EDGE ( 'NONE', *, *, #1437, .T. ) ;
#123 = VERTEX_POINT ( 'NONE', #1442 ) ;
#124 = VECTOR ( 'NONE', #1529, 999.9999999999998863 ) ;
#125 = EDGE_CURVE ( 'NONE', #1011, #977, #1287, .T. ) ;
#126 = AXIS2_PLACEMENT_3D ( 'NONE', #216, #874, #608 ) ;
#127 = DIRECTION ( 'NONE',  ( -0.8834522085987713824, 0.000000000000000000, 0.4685212856658199088 ) ) ;
#128 = CIRCLE ( 'NONE', #240, 1.649999999999998579 ) ;
#129 = LINE ( 'NONE', #1747, #869 ) ;
#130 = CIRCLE ( 'NONE', #1081, 1.999999999999997780 ) ;
#131 = CYLINDRICAL_SURFACE ( 'NONE', #1052, 1.650000000000001465 ) ;
#132 = ORIENTED_EDGE ( 'NONE', *, *, #1149, .T. ) ;
#133 = DIRECTION ( 'NONE',  ( 0.000000000000000000, 0.000000000000000000, 1.000000000000000000 ) ) ;
#134 = ORIENTED_EDGE ( 'NONE', *, *, #894, .T. ) ;
#135 = ORIENTED_EDGE ( 'NONE', *, *, #951, .T. ) ;
#136 = CARTESIAN_POINT ( 'NONE',  ( 36.92164010725421974, 59.33539488677990903, 8.331890661940590803 ) ) ;
#137 =( LENGTH_UNIT ( ) NAMED_UNIT ( * ) SI_UNIT ( .MILLI., .METRE. ) );
#138 = EDGE_LOOP ( 'NONE', ( #815, #1506, #1692, #194, #1776, #384, #1668, #691 ) ) ;
#139 = DIRECTION ( 'NONE',  ( -0.7071067811865424657, 0.7071067811865525687, 0.000000000000000000 ) ) ;
#140 = ORIENTED_EDGE ( 'NONE', *, *, #1118, .T. ) ;
#141 = EDGE_LOOP ( 'NONE', ( #1653, #300 ) ) ;
#142 = DIRECTION ( 'NONE',  ( 0.5656854249492412334, 0.5656854249492342390, 0.6000000000000005329 ) ) ;
#143 = CARTESIAN_POINT ( 'NONE',  ( 49.01163588145672634, 34.86950025772532058, 0.000000000000000000 ) ) ;
#144 = EDGE_CURVE ( 'NONE', #114, #1701, #1714, .T. ) ;
#145 = EDGE_CURVE ( 'NONE', #28, #285, #875, .T. ) ;
#146 = CARTESIAN_POINT ( 'NONE',  ( 4.906707087988522176, -16.30649634760777289, -50.53034135041640695 ) ) ;
#147 = ORIENTED_EDGE ( 'NONE', *, *, #893, .F. ) ;
#148 = ORIENTED_EDGE ( 'NONE', *, *, #281, .F. ) ;
#149 = EDGE_CURVE ( 'NONE', #116, #610, #1298, .T. ) ;
#150 = LINE ( 'NONE', #967, #241 ) ;
#151 = AXIS2_PLACEMENT_3D ( 'NONE', #572, #171, #1657 ) ;
#152 = AXIS2_PLACEMENT_3D ( 'NONE', #1367, #1750, #1341 ) ;
#153 = AXIS2_PLACEMENT_3D ( 'NONE', #1491, #372, #804 ) ;
#154 = CIRCLE ( 'NONE', #846, 60.14999999999999858 ) ;
#155 = VECTOR ( 'NONE', #72, 1000.000000000000000 ) ;
#156 = LINE ( 'NONE', #18, #907 ) ;
#157 = EDGE_CURVE ( 'NONE', #1005, #1392, #607, .T. ) ;
#158 = EDGE_LOOP ( 'NONE', ( #774, #941, #250, #1709 ) ) ;
#159 = VECTOR ( 'NONE', #1470, 1000.000000000000000 ) ;
#160 = DIRECTION ( 'NONE',  ( -1.224646799147354933E-16, 1.000000000000000000, -0.000000000000000000 ) ) ;
#161 = ORIENTED_EDGE ( 'NONE', *, *, #860, .T. ) ;
#162 = FACE_BOUND ( 'NONE', #1170, .T. ) ;
#163 = DIRECTION ( 'NONE',  ( -0.7071067811865424657, 0.7071067811865525687, 0.000000000000000000 ) ) ;
#164 = CARTESIAN_POINT ( 'NONE',  ( -10.43225733735624239, 109.8697426626431479, 2.000000000000000000 ) ) ;
#165 = ORIENTED_EDGE ( 'NONE', *, *, #1398, .T. ) ;
#166 = DIRECTION ( 'NONE',  ( 0.7276068751089962428, 0.000000000000000000, 0.6859943405700380525 ) ) ;
#167 = ORIENTED_EDGE ( 'NONE', *, *, #1437, .F. ) ;
#168 = EDGE_CURVE ( 'NONE', #1551, #314, #1706, .T. ) ;
#169 = EDGE_CURVE ( 'NONE', #1042, #116, #56, .T. ) ;
#170 = DIRECTION ( 'NONE',  ( -0.5656854249492412334, -0.5656854249492342390, -0.6000000000000005329 ) ) ;
#171 = DIRECTION ( 'NONE',  ( 0.7071067811865436870, 0.7071067811865514585, -0.000000000000000000 ) ) ;
#172 = DIRECTION ( 'NONE',  ( -1.000000000000000000, 0.000000000000000000, 0.000000000000000000 ) ) ;
#173 = VERTEX_POINT ( 'NONE', #1037 ) ;
#174 = CARTESIAN_POINT ( 'NONE',  ( 60.53594623071015945, 38.12219145118334751, 6.068109338059526792 ) ) ;
#175 = ORIENTED_EDGE ( 'NONE', *, *, #342, .T. ) ;
#176 = FACE_OUTER_BOUND ( 'NONE', #1205, .T. ) ;
#177 = EDGE_CURVE ( 'NONE', #1139, #1686, #616, .T. ) ;
#178 = CARTESIAN_POINT ( 'NONE',  ( 30.20259550189470943, 58.48686674935611052, 8.800000000000016698 ) ) ;
#179 = LINE ( 'NONE', #1433, #1046 ) ;
#180 = VECTOR ( 'NONE', #1380, 1000.000000000000000 ) ;
#181 = DIRECTION ( 'NONE',  ( -0.5656854249492413445, 0.5656854249492344611, 0.6000000000000004219 ) ) ;
#182 = CIRCLE ( 'NONE', #1275, 1.649999999999996803 ) ;
#183 = VERTEX_POINT ( 'NONE', #340 ) ;
#184 = CIRCLE ( 'NONE', #1192, 1.649999999999998579 ) ;
#185 = CARTESIAN_POINT ( 'NONE',  ( -9.018043774983137695, 111.2839562250162402, 2.000000000000000000 ) ) ;
#186 = PLANE ( 'NONE',  #762 ) ;
#187 = ORIENTED_EDGE ( 'NONE', *, *, #80, .T. ) ;
#188 = CARTESIAN_POINT ( 'NONE',  ( 0.000000000000000000, 0.000000000000000000, 0.000000000000000000 ) ) ;
#189 = DIRECTION ( 'NONE',  ( 0.4242640687119318965, 0.4242640687119258458, -0.7999999999999996003 ) ) ;
#190 = DIRECTION ( 'NONE',  ( 0.4242640687119315634, 0.4242640687119267340, -0.7999999999999992673 ) ) ;
#191 = ORIENTED_EDGE ( 'NONE', *, *, #1028, .T. ) ;
#192 = CARTESIAN_POINT ( 'NONE',  ( -38.12219145118400832, 59.33539488677988771, 7.200000000000004619 ) ) ;
#193 = LINE ( 'NONE', #63, #364 ) ;
#194 = ORIENTED_EDGE ( 'NONE', *, *, #125, .F. ) ;
#195 = DIRECTION ( 'NONE',  ( 0.000000000000000000, 0.000000000000000000, 1.000000000000000000 ) ) ;
#196 = FACE_OUTER_BOUND ( 'NONE', #754, .T. ) ;
#197 = DIRECTION ( 'NONE',  ( 0.7071067811865426878, 0.7071067811865523467, -1.040834085586084848E-15 ) ) ;
#198 = VERTEX_POINT ( 'NONE', #1307 ) ;
#199 = EDGE_CURVE ( 'NONE', #249, #1270, #795, .T. ) ;
#200 = DIRECTION ( 'NONE',  ( 0.4242640687119311194, -0.4242640687119264564, 0.7999999999999997113 ) ) ;
#201 = CARTESIAN_POINT ( 'NONE',  ( 31.36744696413236611, 31.36744696413198952, 33.27020168527090505 ) ) ;
#202 = ORIENTED_EDGE ( 'NONE', *, *, #1106, .T. ) ;
#203 = CARTESIAN_POINT ( 'NONE',  ( 7.603830212610046324, 112.6981697873893040, 0.000000000000000000 ) ) ;
#204 = CARTESIAN_POINT ( 'NONE',  ( -41.51630400087940842, 55.65843962460982652, 0.8000000000000068168 ) ) ;
#205 = CARTESIAN_POINT ( 'NONE',  ( 68.15000000000000568, 8.345967936189223381E-15, 19.99999999999999645 ) ) ;
#206 = CARTESIAN_POINT ( 'NONE',  ( -58.48686674935636631, 30.20259550189402020, 8.800000000000011369 ) ) ;
#207 = VERTEX_POINT ( 'NONE', #767 ) ;
#208 = AXIS2_PLACEMENT_3D ( 'NONE', #57, #890, #599 ) ;
#209 = AXIS2_PLACEMENT_3D ( 'NONE', #920, #117, #1464 ) ;
#210 = CARTESIAN_POINT ( 'NONE',  ( -57.14999999999999858, 0.000000000000000000, 20.00000000000000000 ) ) ;
#211 = DIRECTION ( 'NONE',  ( -0.5656854249492412334, 0.5656854249492344611, 0.6000000000000004219 ) ) ;
#212 = VERTEX_POINT ( 'NONE', #461 ) ;
#213 = EDGE_CURVE ( 'NONE', #376, #1701, #1021, .T. ) ;
#214 = VECTOR ( 'NONE', #350, 999.9999999999998863 ) ;
#215 = DIRECTION ( 'NONE',  ( 0.7071067811865526798, 0.7071067811865423547, 0.000000000000000000 ) ) ;
#216 = CARTESIAN_POINT ( 'NONE',  ( -16.30649634760773736, 4.906707087988785965, -50.53034135041644959 ) ) ;
#217 = ORIENTED_EDGE ( 'NONE', *, *, #928, .F. ) ;
#218 = CARTESIAN_POINT ( 'NONE',  ( -68.15000000000000568, 3.999999999999991562, 19.99999999999999645 ) ) ;
#219 = VERTEX_POINT ( 'NONE', #1548 ) ;
#220 = LINE ( 'NONE', #1061, #759 ) ;
#221 = DIRECTION ( 'NONE',  ( 0.7071067811865431318, -0.7071067811865519026, 0.000000000000000000 ) ) ;
#222 = ORIENTED_EDGE ( 'NONE', *, *, #698, .F. ) ;
#223 = EDGE_CURVE ( 'NONE', #1440, #238, #1252, .T. ) ;
#224 = EDGE_CURVE ( 'NONE', #114, #1586, #1225, .T. ) ;
#225 = DIRECTION ( 'NONE',  ( 0.7071067811865436870, 0.7071067811865513475, 1.040834085586084454E-15 ) ) ;
#226 = LINE ( 'NONE', #1612, #418 ) ;
#227 = EDGE_CURVE ( 'NONE', #1251, #1234, #1143, .T. ) ;
#228 = CARTESIAN_POINT ( 'NONE',  ( 17.50704769153762186, 4.906707087988772642, -49.39845068847588294 ) ) ;
#229 = ORIENTED_EDGE ( 'NONE', *, *, #280, .T. ) ;
#230 = LINE ( 'NONE', #1303, #1253 ) ;
#231 = ORIENTED_EDGE ( 'NONE', *, *, #199, .T. ) ;
#232 = EDGE_CURVE ( 'NONE', #1693, #1177, #729, .T. ) ;
#233 = CARTESIAN_POINT ( 'NONE',  ( 38.12219145118405805, 59.33539488677990192, 7.200000000000029488 ) ) ;
#234 = PLANE ( 'NONE',  #1389 ) ;
#235 = DIRECTION ( 'NONE',  ( 0.5656854249492413445, 0.5656854249492342390, 0.6000000000000005329 ) ) ;
#236 = ORIENTED_EDGE ( 'NONE', *, *, #333, .T. ) ;
#237 = PLANE ( 'NONE',  #1366 ) ;
#238 = VERTEX_POINT ( 'NONE', #1568 ) ;
#239 = AXIS2_PLACEMENT_3D ( 'NONE', #1190, #663, #797 ) ;
#240 = AXIS2_PLACEMENT_3D ( 'NONE', #27, #1257, #1012 ) ;
#241 = VECTOR ( 'NONE', #577, 1000.000000000000000 ) ;
#242 = VECTOR ( 'NONE', #1520, 1000.000000000000114 ) ;
#243 = CARTESIAN_POINT ( 'NONE',  ( 39.32274279511390347, 59.33539488677990903, 6.068109338059468172 ) ) ;
#244 = DIRECTION ( 'NONE',  ( 0.4242640687119312304, -0.4242640687119264009, 0.7999999999999997113 ) ) ;
#245 = AXIS2_PLACEMENT_3D ( 'NONE', #1753, #913, #166 ) ;
#246 = PLANE ( 'NONE',  #510 ) ;
#247 = ORIENTED_EDGE ( 'NONE', *, *, #169, .T. ) ;
#248 = CYLINDRICAL_SURFACE ( 'NONE', #935, 1.649999999999990363 ) ;
#249 = VERTEX_POINT ( 'NONE', #862 ) ;
#250 = ORIENTED_EDGE ( 'NONE', *, *, #708, .F. ) ;
#251 = FACE_OUTER_BOUND ( 'NONE', #404, .T. ) ;
#252 = FACE_OUTER_BOUND ( 'NONE', #593, .T. ) ;
#253 = CYLINDRICAL_SURFACE ( 'NONE', #822, 57.14999999999999858 ) ;
#254 = VERTEX_POINT ( 'NONE', #881 ) ;
#255 = FACE_BOUND ( 'NONE', #491, .T. ) ;
#256 = VERTEX_POINT ( 'NONE', #178 ) ;
#257 = EDGE_CURVE ( 'NONE', #219, #1071, #1008, .T. ) ;
#258 = VERTEX_POINT ( 'NONE', #1558 ) ;
#259 = FACE_OUTER_BOUND ( 'NONE', #358, .T. ) ;
#260 = DIRECTION ( 'NONE',  ( -0.7071067811865515695, 0.7071067811865435759, 0.000000000000000000 ) ) ;
#261 = FACE_OUTER_BOUND ( 'NONE', #1256, .T. ) ;
#262 = VERTEX_POINT ( 'NONE', #1723 ) ;
#263 = FACE_BOUND ( 'NONE', #1725, .T. ) ;
#264 = ORIENTED_EDGE ( 'NONE', *, *, #661, .T. ) ;
#265 = ORIENTED_EDGE ( 'NONE', *, *, #766, .F. ) ;
#266 = VECTOR ( 'NONE', #1410, 1000.000000000000114 ) ;
#267 = EDGE_CURVE ( 'NONE', #256, #918, #109, .T. ) ;
#268 = AXIS2_PLACEMENT_3D ( 'NONE', #110, #1208, #939 ) ;
#269 = VECTOR ( 'NONE', #917, 1000.000000000000000 ) ;
#270 = FACE_OUTER_BOUND ( 'NONE', #1527, .T. ) ;
#271 = AXIS2_PLACEMENT_3D ( 'NONE', #742, #323, #494 ) ;
#272 = CIRCLE ( 'NONE', #388, 60.14999999999999858 ) ;
#273 = VECTOR ( 'NONE', #274, 1000.000000000000114 ) ;
#274 = DIRECTION ( 'NONE',  ( -0.7071067811865431318, -0.7071067811865517916, 1.509903313490175833E-18 ) ) ;
#275 = EDGE_LOOP ( 'NONE', ( #21, #806 ) ) ;
#276 = LINE ( 'NONE', #1757, #1650 ) ;
#277 = ORIENTED_EDGE ( 'NONE', *, *, #301, .T. ) ;
#278 = ORIENTED_EDGE ( 'NONE', *, *, #407, .T. ) ;
#279 = CYLINDRICAL_SURFACE ( 'NONE', #1566, 1.649999999999998579 ) ;
#280 = EDGE_CURVE ( 'NONE', #811, #959, #670, .T. ) ;
#281 = EDGE_CURVE ( 'NONE', #1039, #735, #938, .T. ) ;
#282 = DIRECTION ( 'NONE',  ( -1.000000000000000000, 1.224646799147352468E-16, 0.000000000000000000 ) ) ;
#283 = CYLINDRICAL_SURFACE ( 'NONE', #1308, 1.650000000000001465 ) ;
#284 = ORIENTED_EDGE ( 'NONE', *, *, #94, .F. ) ;
#285 = VERTEX_POINT ( 'NONE', #654 ) ;
#286 = DIRECTION ( 'NONE',  ( -0.7276068751089966868, 0.000000000000000000, -0.6859943405700377195 ) ) ;
#287 = EDGE_CURVE ( 'NONE', #1270, #1139, #796, .T. ) ;
#288 = CARTESIAN_POINT ( 'NONE',  ( 57.14999999999999858, 0.000000000000000000, 0.000000000000000000 ) ) ;
#289 = EDGE_CURVE ( 'NONE', #918, #374, #371, .T. ) ;
#290 = CARTESIAN_POINT ( 'NONE',  ( 0.000000000000000000, 0.000000000000000000, 0.000000000000000000 ) ) ;
#291 = ORIENTED_EDGE ( 'NONE', *, *, #1292, .T. ) ;
#292 = DIRECTION ( 'NONE',  ( -0.7071067811865431318, -0.7071067811865520136, 6.938893903907223447E-16 ) ) ;
#293 = EDGE_LOOP ( 'NONE', ( #1329, #335, #175, #1026 ) ) ;
#294 = CARTESIAN_POINT ( 'NONE',  ( -7.603830212610033001, 112.6981697873893182, 0.000000000000000000 ) ) ;
#295 = CIRCLE ( 'NONE', #1074, 1.999999999999997780 ) ;
#296 = AXIS2_PLACEMENT_3D ( 'NONE', #1656, #703, #427 ) ;
#297 = VECTOR ( 'NONE', #864, 1000.000000000000114 ) ;
#298 = VECTOR ( 'NONE', #489, 1000.000000000000114 ) ;
#299 = LINE ( 'NONE', #447, #1276 ) ;
#300 = ORIENTED_EDGE ( 'NONE', *, *, #540, .F. ) ;
#301 = EDGE_CURVE ( 'NONE', #219, #1467, #1611, .T. ) ;
#302 = DIRECTION ( 'NONE',  ( 0.000000000000000000, 0.000000000000000000, 1.000000000000000000 ) ) ;
#303 = ORIENTED_EDGE ( 'NONE', *, *, #1504, .F. ) ;
#304 = CARTESIAN_POINT ( 'NONE',  ( 6.107258431918361374, -16.30649634760777289, -51.66223201235695939 ) ) ;
#305 = DIRECTION ( 'NONE',  ( -0.7071067811865526798, -0.7071067811865423547, 0.000000000000000000 ) ) ;
#306 = DIRECTION ( 'NONE',  ( 0.000000000000000000, 0.000000000000000000, 1.000000000000000000 ) ) ;
#307 = ORIENTED_EDGE ( 'NONE', *, *, #1530, .F. ) ;
#308 = ADVANCED_FACE ( 'NONE', ( #1631 ), #946, .F. ) ;
#309 = DIRECTION ( 'NONE',  ( 1.000000000000000000, 0.000000000000000000, 0.000000000000000000 ) ) ;
#310 = UNCERTAINTY_MEASURE_WITH_UNIT (LENGTH_MEASURE( 1.000000000000000082E-05 ), #137, 'distance_accuracy_value', 'NONE');
#311 = ORIENTED_EDGE ( 'NONE', *, *, #1482, .F. ) ;
#312 = CARTESIAN_POINT ( 'NONE',  ( 57.14999999999999858, 0.000000000000000000, 0.000000000000000000 ) ) ;
#313 = CARTESIAN_POINT ( 'NONE',  ( 56.78981047450880482, 42.64767485077727827, 2.000000000000000000 ) ) ;
#314 = VERTEX_POINT ( 'NONE', #512 ) ;
#315 = CARTESIAN_POINT ( 'NONE',  ( 65.73342590007013087, -1.051217251481749834E-15, 14.99999999999999467 ) ) ;
#316 = DIRECTION ( 'NONE',  ( -1.224646799147354933E-16, 1.000000000000000000, 0.000000000000000000 ) ) ;
#317 = EDGE_LOOP ( 'NONE', ( #553, #576, #1349, #945 ) ) ;
#318 = ADVANCED_FACE ( 'NONE', ( #1490 ), #91, .T. ) ;
#319 = DIRECTION ( 'NONE',  ( 1.000000000000000000, 1.224646799147354933E-16, -0.000000000000000000 ) ) ;
#320 = DIRECTION ( 'NONE',  ( -0.7071067811865521247, -0.7071067811865430208, 0.000000000000000000 ) ) ;
#321 = AXIS2_PLACEMENT_3D ( 'NONE', #1216, #655, #260 ) ;
#322 = AXIS2_PLACEMENT_3D ( 'NONE', #336, #781, #369 ) ;
#323 = DIRECTION ( 'NONE',  ( 0.4242640687119310083, 0.4242640687119267895, -0.7999999999999997113 ) ) ;
#324 = ORIENTED_EDGE ( 'NONE', *, *, #1127, .F. ) ;
#325 = CIRCLE ( 'NONE', #1596, 1.650000000000005684 ) ;
#326 = LINE ( 'NONE', #185, #1453 ) ;
#327 = DIRECTION ( 'NONE',  ( 1.224646799147354933E-16, -1.000000000000000000, -0.000000000000000000 ) ) ;
#328 = EDGE_LOOP ( 'NONE', ( #348, #19, #1123, #475 ) ) ;
#329 = CIRCLE ( 'NONE', #992, 1.649999999999998579 ) ;
#330 = DIRECTION ( 'NONE',  ( -0.5656854249492412334, 0.5656854249492344611, 0.6000000000000004219 ) ) ;
#331 = ADVANCED_FACE ( 'NONE', ( #251 ), #1324, .T. ) ;
#332 = CARTESIAN_POINT ( 'NONE',  ( 53.67854063728793079, 39.53640501355648951, 11.20000000000005791 ) ) ;
#333 = EDGE_CURVE ( 'NONE', #699, #1511, #1619, .T. ) ;
#334 = CARTESIAN_POINT ( 'NONE',  ( -34.44523618901396134, 62.72950743647533045, 0.8000000000000138112 ) ) ;
#335 = ORIENTED_EDGE ( 'NONE', *, *, #144, .T. ) ;
#336 = CARTESIAN_POINT ( 'NONE',  ( 10.43225733735625660, 109.8697426626431479, 2.000000000000000000 ) ) ;
#337 = EDGE_LOOP ( 'NONE', ( #459, #87, #417, #524 ) ) ;
#338 = VERTEX_POINT ( 'NONE', #803 ) ;
#339 = DIRECTION ( 'NONE',  ( 0.000000000000000000, 0.000000000000000000, 1.000000000000000000 ) ) ;
#340 = CARTESIAN_POINT ( 'NONE',  ( -62.43342590007010529, -6.470838077631223460E-16, 15.00000000000012612 ) ) ;
#341 = CARTESIAN_POINT ( 'NONE',  ( 3.706155744058682977, -16.30649634760777289, -49.39845068847584741 ) ) ;
#342 = EDGE_CURVE ( 'NONE', #1701, #376, #1220, .T. ) ;
#343 = CARTESIAN_POINT ( 'NONE',  ( 65.73342590007013087, -1.051217251481749834E-15, 5.000000000000000000 ) ) ;
#344 = ORIENTED_EDGE ( 'NONE', *, *, #942, .T. ) ;
#345 = EDGE_CURVE ( 'NONE', #77, #1769, #989, .T. ) ;
#346 = LINE ( 'NONE', #1428, #1595 ) ;
#347 = CARTESIAN_POINT ( 'NONE',  ( -34.86950025772583217, 49.01163588145632133, -35.00000000000004263 ) ) ;
#348 = ORIENTED_EDGE ( 'NONE', *, *, #177, .F. ) ;
#349 = FACE_BOUND ( 'NONE', #44, .T. ) ;
#350 = DIRECTION ( 'NONE',  ( -0.7071067811865441310, 0.7071067811865510144, -0.000000000000000000 ) ) ;
#351 = LINE ( 'NONE', #757, #1217 ) ;
#352 = ORIENTED_EDGE ( 'NONE', *, *, #1087, .F. ) ;
#353 = AXIS2_PLACEMENT_3D ( 'NONE', #1559, #636, #1179 ) ;
#354 = DIRECTION ( 'NONE',  ( -0.000000000000000000, -0.000000000000000000, -1.000000000000000000 ) ) ;
#355 = VERTEX_POINT ( 'NONE', #83 ) ;
#356 = VECTOR ( 'NONE', #225, 1000.000000000000000 ) ;
#357 = CARTESIAN_POINT ( 'NONE',  ( -35.85944975138704649, 57.07265318698295431, 4.800000000000012257 ) ) ;
#358 = EDGE_LOOP ( 'NONE', ( #1397, #1522, #1767, #583 ) ) ;
#359 = EDGE_CURVE ( 'NONE', #355, #285, #499, .T. ) ;
#360 = VERTEX_POINT ( 'NONE', #539 ) ;
#361 = AXIS2_PLACEMENT_3D ( 'NONE', #203, #1452, #1296 ) ;
#362 = ADVANCED_FACE ( 'NONE', ( #259 ), #634, .T. ) ;
#363 = AXIS2_PLACEMENT_3D ( 'NONE', #484, #463, #1031 ) ;
#364 = VECTOR ( 'NONE', #641, 1000.000000000000114 ) ;
#365 = DIRECTION ( 'NONE',  ( 0.4242640687119340615, 0.4242640687119238474, -0.7999999999999996003 ) ) ;
#366 = PLANE ( 'NONE',  #1532 ) ;
#367 = CARTESIAN_POINT ( 'NONE',  ( 0.000000000000000000, 0.000000000000000000, 20.00000000000000000 ) ) ;
#368 = VERTEX_POINT ( 'NONE', #519 ) ;
#369 = DIRECTION ( 'NONE',  ( -0.7071067811865510144, 0.7071067811865441310, 0.000000000000000000 ) ) ;
#370 = ORIENTED_EDGE ( 'NONE', *, *, #443, .F. ) ;
#371 = LINE ( 'NONE', #1057, #790 ) ;
#372 = DIRECTION ( 'NONE',  ( 0.7071067811865431318, 0.7071067811865519026, 0.000000000000000000 ) ) ;
#373 = FACE_OUTER_BOUND ( 'NONE', #400, .T. ) ;
#374 = VERTEX_POINT ( 'NONE', #1047 ) ;
#375 = LINE ( 'NONE', #1495, #1390 ) ;
#376 = VERTEX_POINT ( 'NONE', #243 ) ;
#377 = CARTESIAN_POINT ( 'NONE',  ( 57.07265318698335932, 35.85944975138640700, 4.800000000000082423 ) ) ;
#378 = CARTESIAN_POINT ( 'NONE',  ( 0.000000000000000000, 0.000000000000000000, 20.00000000000000000 ) ) ;
#379 = DIRECTION ( 'NONE',  ( 0.7276068751089962428, 0.000000000000000000, 0.6859943405700380525 ) ) ;
#380 = ORIENTED_EDGE ( 'NONE', *, *, #1230, .F. ) ;
#381 = EDGE_CURVE ( 'NONE', #574, #1382, #1597, .T. ) ;
#382 = DIRECTION ( 'NONE',  ( 0.7276068751089974640, 0.000000000000000000, -0.6859943405700369423 ) ) ;
#383 = CARTESIAN_POINT ( 'NONE',  ( 34.65889840745725792, 57.07265318698296142, 5.931890661940594889 ) ) ;
#384 = ORIENTED_EDGE ( 'NONE', *, *, #1087, .T. ) ;
#385 = CIRCLE ( 'NONE', #472, 1.649999999999989253 ) ;
#386 = AXIS2_PLACEMENT_3D ( 'NONE', #866, #604, #582 ) ;
#387 = ORIENTED_EDGE ( 'NONE', *, *, #1116, .T. ) ;
#388 = AXIS2_PLACEMENT_3D ( 'NONE', #658, #1775, #686 ) ;
#389 = CIRCLE ( 'NONE', #962, 60.14999999999999858 ) ;
#390 = DIRECTION ( 'NONE',  ( 0.7071067811865431318, -0.7071067811865520136, 6.938893903907230350E-16 ) ) ;
#391 = CARTESIAN_POINT ( 'NONE',  ( -57.14999999999999858, 0.000000000000000000, 20.00000000000000000 ) ) ;
#392 = CIRCLE ( 'NONE', #1648, 1.999999999999997780 ) ;
#393 = EDGE_CURVE ( 'NONE', #1248, #1485, #1705, .T. ) ;
#394 = EDGE_CURVE ( 'NONE', #959, #1770, #978, .T. ) ;
#395 = CARTESIAN_POINT ( 'NONE',  ( 65.73342590007013087, 4.000000000000007994, 5.000000000000000000 ) ) ;
#396 = ORIENTED_EDGE ( 'NONE', *, *, #1127, .T. ) ;
#397 = DIRECTION ( 'NONE',  ( 1.224646799147354933E-16, 1.000000000000000000, -0.000000000000000000 ) ) ;
#398 = VERTEX_POINT ( 'NONE', #1414 ) ;
#399 = ADVANCED_FACE ( 'NONE', ( #575 ), #1130, .T. ) ;
#400 = EDGE_LOOP ( 'NONE', ( #987, #1627, #1661, #1032 ) ) ;
#401 = CARTESIAN_POINT ( 'NONE',  ( -30.20259550189465969, 58.48686674935607499, 8.800000000000014921 ) ) ;
#402 = FACE_OUTER_BOUND ( 'NONE', #414, .T. ) ;
#403 = PLANE ( 'NONE',  #1278 ) ;
#404 = EDGE_LOOP ( 'NONE', ( #217, #1430, #1539, #1210 ) ) ;
#405 = CARTESIAN_POINT ( 'NONE',  ( -68.15000000000000568, 3.999999999999991562, 19.99999999999999645 ) ) ;
#406 = ORIENTED_EDGE ( 'NONE', *, *, #540, .T. ) ;
#407 = EDGE_CURVE ( 'NONE', #450, #249, #326, .T. ) ;
#408 = ORIENTED_EDGE ( 'NONE', *, *, #359, .F. ) ;
#409 = APPLICATION_CONTEXT ( 'automotive_design' ) ;
#410 = PLANE ( 'NONE',  #1221 ) ;
#411 = FACE_OUTER_BOUND ( 'NONE', #793, .T. ) ;
#412 = ORIENTED_EDGE ( 'NONE', *, *, #603, .F. ) ;
#413 = CYLINDRICAL_SURFACE ( 'NONE', #728, 1.649999999999990363 ) ;
#414 = EDGE_LOOP ( 'NONE', ( #678, #426, #498, #1415 ) ) ;
#415 = ADVANCED_FACE ( 'NONE', ( #1545 ), #1122, .T. ) ;
#416 = EDGE_CURVE ( 'NONE', #183, #173, #1004, .T. ) ;
#417 = ORIENTED_EDGE ( 'NONE', *, *, #1327, .T. ) ;
#418 = VECTOR ( 'NONE', #1479, 1000.000000000000000 ) ;
#419 = AXIS2_PLACEMENT_3D ( 'NONE', #1628, #397, #666 ) ;
#420 = LINE ( 'NONE', #304, #563 ) ;
#421 = CIRCLE ( 'NONE', #1419, 57.14999999999999858 ) ;
#422 = CARTESIAN_POINT ( 'NONE',  ( 57.07265318698335932, 35.85944975138640700, 4.800000000000082423 ) ) ;
#423 = CIRCLE ( 'NONE', #9, 60.14999999999999858 ) ;
#424 = LINE ( 'NONE', #722, #297 ) ;
#425 = ORIENTED_EDGE ( 'NONE', *, *, #1116, .F. ) ;
#426 = ORIENTED_EDGE ( 'NONE', *, *, #333, .F. ) ;
#427 = DIRECTION ( 'NONE',  ( 0.8834522085987699391, 0.000000000000000000, 0.4685212856658227398 ) ) ;
#428 = DIRECTION ( 'NONE',  ( 0.5656854249492412334, -0.5656854249492346831, -0.6000000000000001998 ) ) ;
#429 = DIRECTION ( 'NONE',  ( -1.000000000000000000, 0.000000000000000000, 0.000000000000000000 ) ) ;
#430 = ORIENTED_EDGE ( 'NONE', *, *, #753, .F. ) ;
#431 = CARTESIAN_POINT ( 'NONE',  ( -62.43342590007010529, -0.001000000000024216761, 15.00000000000012612 ) ) ;
#432 = ORIENTED_EDGE ( 'NONE', *, *, #149, .F. ) ;
#433 = PLANE ( 'NONE',  #296 ) ;
#434 = DIRECTION ( 'NONE',  ( 0.7276068751089982412, 0.000000000000000000, 0.6859943405700360541 ) ) ;
#435 = CARTESIAN_POINT ( 'NONE',  ( -32.46533720169162507, 60.74960844915300839, 11.20000000000001528 ) ) ;
#436 = VERTEX_POINT ( 'NONE', #736 ) ;
#437 = CARTESIAN_POINT ( 'NONE',  ( 58.48686674935639473, 30.20259550189401310, 8.800000000000078870 ) ) ;
#438 = ORIENTED_EDGE ( 'NONE', *, *, #1764, .F. ) ;
#439 = DIRECTION ( 'NONE',  ( -0.4242640687119318965, 0.4242640687119257348, -0.7999999999999998224 ) ) ;
#440 = CIRCLE ( 'NONE', #1413, 1.999999999999997780 ) ;
#441 = AXIS2_PLACEMENT_3D ( 'NONE', #840, #1284, #1147 ) ;
#442 = CARTESIAN_POINT ( 'NONE',  ( -57.07265318698333090, 35.85944975138643542, 4.800000000000012257 ) ) ;
#443 = EDGE_CURVE ( 'NONE', #1223, #811, #1676, .T. ) ;
#444 = VECTOR ( 'NONE', #1689, 1000.000000000000114 ) ;
#445 = ADVANCED_FACE ( 'NONE', ( #1360 ), #1391, .T. ) ;
#446 = VECTOR ( 'NONE', #889, 1000.000000000000000 ) ;
#447 = CARTESIAN_POINT ( 'NONE',  ( 59.61823759925495381, 45.47610197552349831, 0.000000000000000000 ) ) ;
#448 = EDGE_LOOP ( 'NONE', ( #1521, #1154, #202, #1741 ) ) ;
#449 = CARTESIAN_POINT ( 'NONE',  ( 64.08342590007012518, -8.491505296224360899E-16, 5.000000000000000000 ) ) ;
#450 = VERTEX_POINT ( 'NONE', #681 ) ;
#451 = APPLICATION_PROTOCOL_DEFINITION ( 'draft international standard', 'automotive_design', 1998, #409 ) ;
#452 = CARTESIAN_POINT ( 'NONE',  ( -38.12219145118400832, 59.33539488677988771, 7.200000000000004619 ) ) ;
#453 = FACE_OUTER_BOUND ( 'NONE', #78, .T. ) ;
#454 = CARTESIAN_POINT ( 'NONE',  ( 64.08342590007012518, 4.000000000000007994, 14.99999999999999467 ) ) ;
#455 = EDGE_LOOP ( 'NONE', ( #545, #673 ) ) ;
#456 = DIRECTION ( 'NONE',  ( -0.4242640687119303977, 0.4242640687119270115, -0.7999999999999998224 ) ) ;
#457 = DIRECTION ( 'NONE',  ( 1.224646799147354933E-16, -1.000000000000000000, 0.000000000000000000 ) ) ;
#458 = PRODUCT_DEFINITION_CONTEXT ( 'detailed design', #409, 'design' ) ;
#459 = ORIENTED_EDGE ( 'NONE', *, *, #416, .F. ) ;
#460 = FACE_OUTER_BOUND ( 'NONE', #923, .T. ) ;
#461 = CARTESIAN_POINT ( 'NONE',  ( 62.72950743647572125, 34.44523618901325790, 0.8000000000000823119 ) ) ;
#462 = CARTESIAN_POINT ( 'NONE',  ( -15.10594500367789550, 4.906707087988785965, -51.66223201235701623 ) ) ;
#463 = DIRECTION ( 'NONE',  ( 0.4242640687119303977, -0.4242640687119270115, 0.7999999999999998224 ) ) ;
#464 = VERTEX_POINT ( 'NONE', #858 ) ;
#465 = DIRECTION ( 'NONE',  ( -1.224646799147354933E-16, 1.000000000000000000, -0.000000000000000000 ) ) ;
#466 = DIRECTION ( 'NONE',  ( -1.224646799147354933E-16, 1.000000000000000000, -0.000000000000000000 ) ) ;
#467 = ORIENTED_EDGE ( 'NONE', *, *, #732, .F. ) ;
#468 = EDGE_CURVE ( 'NONE', #892, #198, #709, .T. ) ;
#469 = EDGE_CURVE ( 'NONE', #811, #368, #1114, .T. ) ;
#470 = DIRECTION ( 'NONE',  ( -0.5656854249492413445, 0.5656854249492344611, 0.6000000000000004219 ) ) ;
#471 = CYLINDRICAL_SURFACE ( 'NONE', #126, 1.649999999999997691 ) ;
#472 = AXIS2_PLACEMENT_3D ( 'NONE', #422, #31, #1681 ) ;
#473 = VECTOR ( 'NONE', #909, 999.9999999999998863 ) ;
#474 = CARTESIAN_POINT ( 'NONE',  ( 64.08342590007012518, 4.000000000000007994, 5.000000000000000000 ) ) ;
#475 = ORIENTED_EDGE ( 'NONE', *, *, #1206, .T. ) ;
#476 = VECTOR ( 'NONE', #1374, 1000.000000000000114 ) ;
#477 = AXIS2_PLACEMENT_3D ( 'NONE', #1034, #316, #1582 ) ;
#478 = CARTESIAN_POINT ( 'NONE',  ( -34.86950025772583217, 49.01163588145632133, 0.000000000000000000 ) ) ;
#479 = ORIENTED_EDGE ( 'NONE', *, *, #177, .T. ) ;
#480 = ORIENTED_EDGE ( 'NONE', *, *, #1622, .F. ) ;
#481 = VECTOR ( 'NONE', #1043, 1000.000000000000000 ) ;
#482 = DIRECTION ( 'NONE',  ( 0.7276068751089975750, 0.000000000000000000, -0.6859943405700368313 ) ) ;
#483 = FACE_OUTER_BOUND ( 'NONE', #1749, .T. ) ;
#484 = CARTESIAN_POINT ( 'NONE',  ( -30.20259550189465969, 58.48686674935607499, 8.800000000000014921 ) ) ;
#485 = EDGE_LOOP ( 'NONE', ( #64, #278, #801, #307 ) ) ;
#486 = DIRECTION ( 'NONE',  ( 0.000000000000000000, 0.000000000000000000, 1.000000000000000000 ) ) ;
#487 = DIRECTION ( 'NONE',  ( 0.5656854249492412334, -0.5656854249492346831, -0.6000000000000001998 ) ) ;
#488 = VERTEX_POINT ( 'NONE', #315 ) ;
#489 = DIRECTION ( 'NONE',  ( 0.5656854249492412334, 0.5656854249492342390, 0.6000000000000005329 ) ) ;
#490 = DIRECTION ( 'NONE',  ( -1.000000000000000000, 0.000000000000000000, 0.000000000000000000 ) ) ;
#491 = EDGE_LOOP ( 'NONE', ( #1641, #303 ) ) ;
#492 = EDGE_CURVE ( 'NONE', #39, #1108, #677, .T. ) ;
#493 = ADVANCED_FACE ( 'NONE', ( #1272 ), #1263, .F. ) ;
#494 = DIRECTION ( 'NONE',  ( -0.8834522085987711604, 0.000000000000000000, -0.4685212856658205194 ) ) ;
#495 = ORIENTED_EDGE ( 'NONE', *, *, #1302, .F. ) ;
#496 = LINE ( 'NONE', #1321, #481 ) ;
#497 = DIRECTION ( 'NONE',  ( -0.7071067811865513475, 0.7071067811865435759, 0.000000000000000000 ) ) ;
#498 = ORIENTED_EDGE ( 'NONE', *, *, #1531, .F. ) ;
#499 = LINE ( 'NONE', #1215, #1333 ) ;
#500 = LINE ( 'NONE', #462, #676 ) ;
#501 = AXIS2_PLACEMENT_3D ( 'NONE', #1073, #1201, #914 ) ;
#502 = FACE_OUTER_BOUND ( 'NONE', #96, .T. ) ;
#503 = ORIENTED_EDGE ( 'NONE', *, *, #668, .T. ) ;
#504 = EDGE_CURVE ( 'NONE', #554, #198, #1393, .T. ) ;
#505 = VECTOR ( 'NONE', #615, 1000.000000000000000 ) ;
#506 = CIRCLE ( 'NONE', #1734, 1.999999999999997780 ) ;
#507 = DIRECTION ( 'NONE',  ( -0.5656854249492416775, 0.5656854249492345721, 0.5999999999999999778 ) ) ;
#508 = ORIENTED_EDGE ( 'NONE', *, *, #15, .T. ) ;
#509 = CIRCLE ( 'NONE', #1735, 1.649999999999999689 ) ;
#510 = AXIS2_PLACEMENT_3D ( 'NONE', #111, #542, #824 ) ;
#511 = AXIS2_PLACEMENT_3D ( 'NONE', #1439, #221, #1573 ) ;
#512 = CARTESIAN_POINT ( 'NONE',  ( -57.14999999999999858, 0.000000000000000000, 0.000000000000000000 ) ) ;
#513 = CARTESIAN_POINT ( 'NONE',  ( 0.000000000000000000, 0.000000000000000000, 20.00000000000000000 ) ) ;
#514 = FACE_BOUND ( 'NONE', #1242, .T. ) ;
#515 = ORIENTED_EDGE ( 'NONE', *, *, #1373, .F. ) ;
#516 = CARTESIAN_POINT ( 'NONE',  ( -34.44523618901396134, 62.72950743647533045, 0.8000000000000138112 ) ) ;
#517 = ORIENTED_EDGE ( 'NONE', *, *, #994, .T. ) ;
#518 = EDGE_CURVE ( 'NONE', #1377, #183, #128, .T. ) ;
#519 = CARTESIAN_POINT ( 'NONE',  ( -62.72950743647569283, 34.44523618901326500, 0.8000000000000138112 ) ) ;
#520 = DIRECTION ( 'NONE',  ( -0.5656854249492412334, 0.5656854249492344611, 0.6000000000000004219 ) ) ;
#521 = DIRECTION ( 'NONE',  ( -1.000000000000000000, 0.000000000000000000, 0.000000000000000000 ) ) ;
#522 = ORIENTED_EDGE ( 'NONE', *, *, #1266, .T. ) ;
#523 = DIRECTION ( 'NONE',  ( -1.000000000000000000, 0.000000000000000000, 0.000000000000000000 ) ) ;
#524 = ORIENTED_EDGE ( 'NONE', *, *, #537, .T. ) ;
#525 = ORIENTED_EDGE ( 'NONE', *, *, #1373, .T. ) ;
#526 = EDGE_CURVE ( 'NONE', #1338, #285, #986, .T. ) ;
#527 = CARTESIAN_POINT ( 'NONE',  ( 43.77904570067641288, 57.92118132440678124, 3.200000000000000622 ) ) ;
#528 = FACE_OUTER_BOUND ( 'NONE', #934, .T. ) ;
#529 = LINE ( 'NONE', #646, #37 ) ;
#530 = VERTEX_POINT ( 'NONE', #852 ) ;
#531 = CARTESIAN_POINT ( 'NONE',  ( 0.000000000000000000, 0.000000000000000000, 20.00000000000000000 ) ) ;
#532 = EDGE_LOOP ( 'NONE', ( #120, #717, #140, #665 ) ) ;
#533 = VECTOR ( 'NONE', #1716, 1000.000000000000227 ) ;
#534 = VECTOR ( 'NONE', #302, 1000.000000000000000 ) ;
#535 = VECTOR ( 'NONE', #898, 999.9999999999998863 ) ;
#536 = VECTOR ( 'NONE', #1328, 1000.000000000000000 ) ;
#537 = EDGE_CURVE ( 'NONE', #1666, #173, #1022, .T. ) ;
#538 = VECTOR ( 'NONE', #1027, 1000.000000000000114 ) ;
#539 = CARTESIAN_POINT ( 'NONE',  ( -34.86950025772584638, 49.01163588145631422, 20.00000000000000355 ) ) ;
#540 = EDGE_CURVE ( 'NONE', #1108, #39, #1133, .T. ) ;
#541 = FACE_OUTER_BOUND ( 'NONE', #1525, .T. ) ;
#542 = DIRECTION ( 'NONE',  ( -1.224646799147354933E-16, 1.000000000000000000, 0.000000000000000000 ) ) ;
#543 = VERTEX_POINT ( 'NONE', #174 ) ;
#544 = CARTESIAN_POINT ( 'NONE',  ( 42.64767485077793907, 56.78981047450831454, 2.000000000000000000 ) ) ;
#545 = ORIENTED_EDGE ( 'NONE', *, *, #504, .F. ) ;
#546 = ORIENTED_EDGE ( 'NONE', *, *, #232, .F. ) ;
#547 = CARTESIAN_POINT ( 'NONE',  ( -65.73342590007013087, -0.001000000000024620951, 5.000000000000134115 ) ) ;
#548 = DIRECTION ( 'NONE',  ( 0.7071067811865526798, -0.7071067811865424657, 0.000000000000000000 ) ) ;
#549 = EDGE_LOOP ( 'NONE', ( #229, #1314, #828, #1758, #1637, #148, #841, #825 ) ) ;
#550 = EDGE_CURVE ( 'NONE', #647, #1467, #1710, .T. ) ;
#551 = EDGE_CURVE ( 'NONE', #959, #1693, #392, .T. ) ;
#552 = DIRECTION ( 'NONE',  ( -1.224646799147354933E-16, 1.000000000000000000, 0.000000000000000000 ) ) ;
#553 = ORIENTED_EDGE ( 'NONE', *, *, #518, .T. ) ;
#554 = VERTEX_POINT ( 'NONE', #1185 ) ;
#555 = LINE ( 'NONE', #1243, #1078 ) ;
#556 = CARTESIAN_POINT ( 'NONE',  ( 42.64767485077793907, 56.78981047450831454, 2.000000000000000000 ) ) ;
#557 = PLANE ( 'NONE',  #61 ) ;
#558 = EDGE_CURVE ( 'NONE', #911, #1251, #88, .T. ) ;
#559 = ORIENTED_EDGE ( 'NONE', *, *, #1230, .T. ) ;
#560 = ORIENTED_EDGE ( 'NONE', *, *, #232, .T. ) ;
#561 = VECTOR ( 'NONE', #1058, 1000.000000000000000 ) ;
#562 = AXIS2_PLACEMENT_3D ( 'NONE', #233, #1760, #1332 ) ;
#563 = VECTOR ( 'NONE', #694, 1000.000000000000114 ) ;
#564 = DIRECTION ( 'NONE',  ( -1.224646799147354933E-16, 1.000000000000000000, -0.000000000000000000 ) ) ;
#565 = VECTOR ( 'NONE', #1050, 1000.000000000000000 ) ;
#566 = VECTOR ( 'NONE', #901, 1000.000000000000000 ) ;
#567 = DIRECTION ( 'NONE',  ( -1.224646799147354933E-16, 1.000000000000000000, 0.000000000000000000 ) ) ;
#568 = ORIENTED_EDGE ( 'NONE', *, *, #912, .F. ) ;
#569 = CARTESIAN_POINT ( 'NONE',  ( -51.41579893749094765, 37.27366331375954189, 8.800000000000000711 ) ) ;
#570 = EDGE_LOOP ( 'NONE', ( #438, #906, #725, #1777 ) ) ;
#571 = CARTESIAN_POINT ( 'NONE',  ( 59.33539488678031404, 38.12219145118334040, 7.200000000000074785 ) ) ;
#572 = CARTESIAN_POINT ( 'NONE',  ( -42.64767485077791775, 56.78981047450830744, 2.000000000000000000 ) ) ;
#573 = CARTESIAN_POINT ( 'NONE',  ( 55.65843962461030969, 41.51630400087879735, 0.8000000000000545564 ) ) ;
#574 = VERTEX_POINT ( 'NONE', #1198 ) ;
#575 = FACE_OUTER_BOUND ( 'NONE', #1219, .T. ) ;
#576 = ORIENTED_EDGE ( 'NONE', *, *, #416, .T. ) ;
#577 = DIRECTION ( 'NONE',  ( -0.7071067811865431318, -0.7071067811865519026, -0.000000000000000000 ) ) ;
#578 = EDGE_CURVE ( 'NONE', #1157, #256, #1581, .T. ) ;
#579 = CARTESIAN_POINT ( 'NONE',  ( -32.46533720169162507, 60.74960844915300839, 11.20000000000001528 ) ) ;
#580 = DIRECTION ( 'NONE',  ( -0.5656854249492412334, 0.5656854249492344611, 0.6000000000000004219 ) ) ;
#581 = ORIENTED_EDGE ( 'NONE', *, *, #1302, .T. ) ;
#582 = DIRECTION ( 'NONE',  ( 1.000000000000000000, 0.000000000000000000, 0.000000000000000000 ) ) ;
#583 = ORIENTED_EDGE ( 'NONE', *, *, #912, .T. ) ;
#584 = CYLINDRICAL_SURFACE ( 'NONE', #101, 1.649999999999998579 ) ;
#585 = VECTOR ( 'NONE', #1099, 1000.000000000000114 ) ;
#586 = VECTOR ( 'NONE', #1572, 1000.000000000000000 ) ;
#587 = CARTESIAN_POINT ( 'NONE',  ( 51.41579893749096186, 37.27366331375955610, 8.800000000000054001 ) ) ;
#588 = EDGE_CURVE ( 'NONE', #262, #374, #346, .T. ) ;
#589 = VECTOR ( 'NONE', #1658, 1000.000000000000114 ) ;
#590 = CARTESIAN_POINT ( 'NONE',  ( -58.13484354285044020, 38.12219145118335462, 8.331890661940555276 ) ) ;
#591 = EDGE_CURVE ( 'NONE', #1382, #735, #1330, .T. ) ;
#592 = CARTESIAN_POINT ( 'NONE',  ( -57.92118132440722889, 43.77904570067573786, 3.200000000000008171 ) ) ;
#593 = EDGE_LOOP ( 'NONE', ( #1608, #503, #851, #1460 ) ) ;
#594 = CARTESIAN_POINT ( 'NONE',  ( 64.08342590007012518, -0.001000000000008806345, 5.000000000000000000 ) ) ;
#595 = ORIENTED_EDGE ( 'NONE', *, *, #115, .F. ) ;
#596 = PRODUCT ( 'proto_tyoe_thruster_holder', 'proto_tyoe_thruster_holder', '', ( #1713 ) ) ;
#597 = CARTESIAN_POINT ( 'NONE',  ( -64.99224913627266176, 36.70797788881020551, 3.200000000000015277 ) ) ;
#598 = DIRECTION ( 'NONE',  ( 0.5656854249492403452, 0.5656854249492346831, 0.6000000000000009770 ) ) ;
#599 = DIRECTION ( 'NONE',  ( 0.7071067811865526798, 0.7071067811865424657, 0.000000000000000000 ) ) ;
#600 = DIRECTION ( 'NONE',  ( 0.4242640687119315079, 0.4242640687119262899, -0.7999999999999996003 ) ) ;
#601 = ORIENTED_EDGE ( 'NONE', *, *, #1267, .F. ) ;
#602 = EDGE_CURVE ( 'NONE', #238, #1440, #1478, .T. ) ;
#603 = EDGE_CURVE ( 'NONE', #1108, #1121, #772, .T. ) ;
#604 = DIRECTION ( 'NONE',  ( -1.224646799147354933E-16, 1.000000000000000000, -0.000000000000000000 ) ) ;
#605 = PLANE ( 'NONE',  #12 ) ;
#606 = ORIENTED_EDGE ( 'NONE', *, *, #157, .F. ) ;
#607 = LINE ( 'NONE', #1422, #566 ) ;
#608 = DIRECTION ( 'NONE',  ( 0.7276068751089963538, 0.000000000000000000, -0.6859943405700381636 ) ) ;
#609 = LINE ( 'NONE', #1153, #1513 ) ;
#610 = VERTEX_POINT ( 'NONE', #1461 ) ;
#611 = LINE ( 'NONE', #895, #701 ) ;
#612 = CARTESIAN_POINT ( 'NONE',  ( 60.74960844915335656, 32.46533720169095005, 11.20000000000008100 ) ) ;
#613 = EDGE_LOOP ( 'NONE', ( #711, #1199, #884, #949 ) ) ;
#614 = ADVANCED_FACE ( 'NONE', ( #763 ), #640, .F. ) ;
#615 = DIRECTION ( 'NONE',  ( 0.000000000000000000, 0.000000000000000000, 1.000000000000000000 ) ) ;
#616 = LINE ( 'NONE', #1584, #214 ) ;
#617 = CARTESIAN_POINT ( 'NONE',  ( 62.72950743647572125, 34.44523618901325790, 0.8000000000000823119 ) ) ;
#618 = CIRCLE ( 'NONE', #988, 1.649999999999998579 ) ;
#619 = AXIS2_PLACEMENT_3D ( 'NONE', #437, #1563, #998 ) ;
#620 = CARTESIAN_POINT ( 'NONE',  ( 34.86950025772585349, 49.01163588145634264, 0.000000000000000000 ) ) ;
#621 = ORIENTED_EDGE ( 'NONE', *, *, #504, .T. ) ;
#622 = AXIS2_PLACEMENT_3D ( 'NONE', #452, #470, #1019 ) ;
#623 = DIRECTION ( 'NONE',  ( 0.7071067811865431318, -0.7071067811865520136, 6.938893903907230350E-16 ) ) ;
#624 = DIRECTION ( 'NONE',  ( 0.7071067811865436870, 0.7071067811865514585, -0.000000000000000000 ) ) ;
#625 = ORIENTED_EDGE ( 'NONE', *, *, #588, .F. ) ;
#626 = EDGE_CURVE ( 'NONE', #254, #258, #1534, .T. ) ;
#627 = CARTESIAN_POINT ( 'NONE',  ( -17.50704769153758278, 4.906707087988785965, -49.39845068847589005 ) ) ;
#628 = CARTESIAN_POINT ( 'NONE',  ( 57.14999999999999858, 0.000000000000000000, 20.00000000000000000 ) ) ;
#629 = FACE_OUTER_BOUND ( 'NONE', #877, .T. ) ;
#630 = EDGE_LOOP ( 'NONE', ( #1051, #1104, #1068, #1744 ) ) ;
#631 = DIRECTION ( 'NONE',  ( -0.5656854249492412334, 0.5656854249492344611, 0.6000000000000004219 ) ) ;
#632 = LINE ( 'NONE', #745, #1421 ) ;
#633 = VERTEX_POINT ( 'NONE', #1293 ) ;
#634 = PLANE ( 'NONE',  #932 ) ;
#635 = EDGE_CURVE ( 'NONE', #1392, #1234, #611, .T. ) ;
#636 = DIRECTION ( 'NONE',  ( -1.224646799147354933E-16, 1.000000000000000000, -0.000000000000000000 ) ) ;
#637 = ORIENTED_EDGE ( 'NONE', *, *, #1086, .F. ) ;
#638 = LINE ( 'NONE', #228, #1249 ) ;
#639 = ORIENTED_EDGE ( 'NONE', *, *, #899, .F. ) ;
#640 = CYLINDRICAL_SURFACE ( 'NONE', #34, 1.650000000000005684 ) ;
#641 = DIRECTION ( 'NONE',  ( -0.5656854249492412334, 0.5656854249492344611, 0.6000000000000004219 ) ) ;
#642 = VERTEX_POINT ( 'NONE', #210 ) ;
#643 = CARTESIAN_POINT ( 'NONE',  ( -64.08342590007012518, -0.001000000000024418856, 5.000000000000134115 ) ) ;
#644 = LINE ( 'NONE', #391, #561 ) ;
#645 = COLOUR_RGB ( '',0.7921568627450980005, 0.8196078431372548767, 0.9333333333333333481 ) ;
#646 = CARTESIAN_POINT ( 'NONE',  ( 34.44523618901401818, 62.72950743647535887, 0.8000000000000268008 ) ) ;
#647 = VERTEX_POINT ( 'NONE', #1742 ) ;
#648 = AXIS2_PLACEMENT_3D ( 'NONE', #1399, #38, #1691 ) ;
#649 = AXIS2_PLACEMENT_3D ( 'NONE', #531, #1514, #523 ) ;
#650 = DIRECTION ( 'NONE',  ( -0.7071067811865430208, -0.7071067811865520136, 0.000000000000000000 ) ) ;
#651 = ORIENTED_EDGE ( 'NONE', *, *, #1339, .T. ) ;
#652 = CIRCLE ( 'NONE', #1651, 1.650000000000000355 ) ;
#653 = CIRCLE ( 'NONE', #477, 1.650000000000005684 ) ;
#654 = CARTESIAN_POINT ( 'NONE',  ( 49.01163588145666239, 34.86950025772534190, 20.00000000000000000 ) ) ;
#655 = DIRECTION ( 'NONE',  ( 0.7071067811865435759, 0.7071067811865515695, 5.692061405548896306E-16 ) ) ;
#656 = LINE ( 'NONE', #1075, #273 ) ;
#657 = VERTEX_POINT ( 'NONE', #516 ) ;
#658 = CARTESIAN_POINT ( 'NONE',  ( 0.000000000000000000, 0.000000000000000000, 0.000000000000000000 ) ) ;
#659 = EDGE_CURVE ( 'NONE', #868, #977, #220, .T. ) ;
#660 = ORIENTED_EDGE ( 'NONE', *, *, #710, .F. ) ;
#661 = EDGE_CURVE ( 'NONE', #28, #1005, #1699, .T. ) ;
#662 = CARTESIAN_POINT ( 'NONE',  ( 62.72950743647572125, 34.44523618901325790, 0.8000000000000823119 ) ) ;
#663 = DIRECTION ( 'NONE',  ( -1.224646799147354933E-16, 1.000000000000000000, -0.000000000000000000 ) ) ;
#664 = CARTESIAN_POINT ( 'NONE',  ( 0.000000000000000000, 0.000000000000000000, 20.00000000000000000 ) ) ;
#665 = ORIENTED_EDGE ( 'NONE', *, *, #994, .F. ) ;
#666 = DIRECTION ( 'NONE',  ( -1.000000000000000000, 1.224646799147354933E-16, 0.000000000000000000 ) ) ;
#667 = ORIENTED_EDGE ( 'NONE', *, *, #257, .T. ) ;
#668 = EDGE_CURVE ( 'NONE', #258, #238, #230, .T. ) ;
#669 = VERTEX_POINT ( 'NONE', #478 ) ;
#670 = LINE ( 'NONE', #783, #1626 ) ;
#671 = LINE ( 'NONE', #92, #1015 ) ;
#672 = DIRECTION ( 'NONE',  ( -0.000000000000000000, -0.000000000000000000, -1.000000000000000000 ) ) ;
#673 = ORIENTED_EDGE ( 'NONE', *, *, #1772, .F. ) ;
#674 = LINE ( 'NONE', #1615, #1224 ) ;
#675 = ORIENTED_EDGE ( 'NONE', *, *, #301, .F. ) ;
#676 = VECTOR ( 'NONE', #50, 1000.000000000000114 ) ;
#677 = CIRCLE ( 'NONE', #441, 1.649999999999998579 ) ;
#678 = ORIENTED_EDGE ( 'NONE', *, *, #1040, .F. ) ;
#679 = VECTOR ( 'NONE', #1002, 1000.000000000000000 ) ;
#680 = VECTOR ( 'NONE', #1477, 1000.000000000000114 ) ;
#681 = CARTESIAN_POINT ( 'NONE',  ( 44.06188841315103843, 58.20402403688140680, 2.000000000000000000 ) ) ;
#682 = DIRECTION ( 'NONE',  ( -0.000000000000000000, 0.000000000000000000, -1.000000000000000000 ) ) ;
#683 = ADVANCED_FACE ( 'NONE', ( #1438 ), #1024, .T. ) ;
#684 = DIRECTION ( 'NONE',  ( -0.5656854249492413445, 0.5656854249492344611, 0.6000000000000004219 ) ) ;
#685 = EDGE_LOOP ( 'NONE', ( #687, #1412 ) ) ;
#686 = DIRECTION ( 'NONE',  ( -1.000000000000000000, 0.000000000000000000, 0.000000000000000000 ) ) ;
#687 = ORIENTED_EDGE ( 'NONE', *, *, #213, .F. ) ;
#688 = ORIENTED_EDGE ( 'NONE', *, *, #145, .T. ) ;
#689 = DIRECTION ( 'NONE',  ( 0.7071067811865420216, -0.7071067811865531239, 2.428612866367526777E-15 ) ) ;
#690 =( NAMED_UNIT ( * ) PLANE_ANGLE_UNIT ( ) SI_UNIT ( $, .RADIAN. ) );
#691 = ORIENTED_EDGE ( 'NONE', *, *, #1763, .F. ) ;
#692 = LINE ( 'NONE', #800, #1418 ) ;
#693 = ORIENTED_EDGE ( 'NONE', *, *, #602, .F. ) ;
#694 = DIRECTION ( 'NONE',  ( 0.5656854249492412334, 0.5656854249492342390, 0.6000000000000005329 ) ) ;
#695 = LINE ( 'NONE', #1244, #533 ) ;
#696 = LINE ( 'NONE', #33, #67 ) ;
#697 = ORIENTED_EDGE ( 'NONE', *, *, #997, .T. ) ;
#698 = EDGE_CURVE ( 'NONE', #1203, #360, #885, .T. ) ;
#699 = VERTEX_POINT ( 'NONE', #1175 ) ;
#700 = MECHANICAL_DESIGN_GEOMETRIC_PRESENTATION_REPRESENTATION (  '', ( #1271 ), #842 ) ;
#701 = VECTOR ( 'NONE', #1601, 1000.000000000000000 ) ;
#702 = CIRCLE ( 'NONE', #791, 1.649999999999989919 ) ;
#703 = DIRECTION ( 'NONE',  ( -0.4242640687119336174, -0.4242640687119242360, 0.7999999999999996003 ) ) ;
#704 = VECTOR ( 'NONE', #1455, 1000.000000000000000 ) ;
#705 = CIRCLE ( 'NONE', #152, 1.649999999999998579 ) ;
#706 = CARTESIAN_POINT ( 'NONE',  ( -4.906707087988508853, -16.30649634760775868, -50.53034135041644959 ) ) ;
#707 = ORIENTED_EDGE ( 'NONE', *, *, #287, .T. ) ;
#708 = EDGE_CURVE ( 'NONE', #212, #398, #496, .T. ) ;
#709 = LINE ( 'NONE', #1552, #1562 ) ;
#710 = EDGE_CURVE ( 'NONE', #892, #207, #705, .T. ) ;
#711 = ORIENTED_EDGE ( 'NONE', *, *, #66, .F. ) ;
#712 = FACE_OUTER_BOUND ( 'NONE', #337, .T. ) ;
#713 = DIRECTION ( 'NONE',  ( 0.5656854249492413445, 0.5656854249492342390, 0.6000000000000005329 ) ) ;
#714 = CARTESIAN_POINT ( 'NONE',  ( 59.61823759925500354, 45.47610197552344147, 0.000000000000000000 ) ) ;
#715 = ORIENTED_EDGE ( 'NONE', *, *, #93, .T. ) ;
#716 = CARTESIAN_POINT ( 'NONE',  ( -55.65843962461025285, 41.51630400087880446, 0.8000000000000068168 ) ) ;
#717 = ORIENTED_EDGE ( 'NONE', *, *, #603, .T. ) ;
#718 = ADVANCED_FACE ( 'NONE', ( #1211 ), #413, .F. ) ;
#719 = DIRECTION ( 'NONE',  ( -0.000000000000000000, -0.000000000000000000, 1.000000000000000000 ) ) ;
#720 = ADVANCED_FACE ( 'NONE', ( #113 ), #557, .T. ) ;
#721 = LINE ( 'NONE', #993, #60 ) ;
#722 = CARTESIAN_POINT ( 'NONE',  ( -34.86950025772583217, 49.01163588145632133, 0.000000000000000000 ) ) ;
#723 = ORIENTED_EDGE ( 'NONE', *, *, #1292, .F. ) ;
#724 = DIRECTION ( 'NONE',  ( -1.224646799147354933E-16, 1.000000000000000000, -0.000000000000000000 ) ) ;
#725 = ORIENTED_EDGE ( 'NONE', *, *, #267, .F. ) ;
#726 = VECTOR ( 'NONE', #1126, 1000.000000000000000 ) ;
#727 = PLANE ( 'NONE',  #361 ) ;
#728 = AXIS2_PLACEMENT_3D ( 'NONE', #1347, #1636, #382 ) ;
#729 = LINE ( 'NONE', #872, #155 ) ;
#730 = ADVANCED_FACE ( 'NONE', ( #263, #121, #1222 ), #958, .F. ) ;
#731 = LINE ( 'NONE', #628, #1386 ) ;
#732 = EDGE_CURVE ( 'NONE', #963, #868, #276, .T. ) ;
#733 = CIRCLE ( 'NONE', #1458, 1.650000000000004574 ) ;
#734 = DIRECTION ( 'NONE',  ( 1.224646799147355179E-16, -1.000000000000000000, 0.000000000000000000 ) ) ;
#735 = VERTEX_POINT ( 'NONE', #933 ) ;
#736 = CARTESIAN_POINT ( 'NONE',  ( -58.48686674935636631, 30.20259550189402020, 8.800000000000011369 ) ) ;
#737 = LINE ( 'NONE', #1700, #1082 ) ;
#738 = ORIENTED_EDGE ( 'NONE', *, *, #1297, .F. ) ;
#739 = DIRECTION ( 'NONE',  ( 1.000000000000000000, 0.000000000000000000, 0.000000000000000000 ) ) ;
#740 = CARTESIAN_POINT ( 'NONE',  ( -60.01685180014027310, 3.999999999999992450, 0.000000000000000000 ) ) ;
#741 = EDGE_CURVE ( 'NONE', #833, #355, #692, .T. ) ;
#742 = CARTESIAN_POINT ( 'NONE',  ( 34.44523618901401818, 62.72950743647535887, 0.8000000000000268008 ) ) ;
#743 = ORIENTED_EDGE ( 'NONE', *, *, #1266, .F. ) ;
#744 = DIRECTION ( 'NONE',  ( -1.000000000000000000, -1.224347623758484347E-16, 0.000000000000000000 ) ) ;
#745 = CARTESIAN_POINT ( 'NONE',  ( 65.73342590007013087, -0.001000000000008604249, 14.99999999999999467 ) ) ;
#746 = ORIENTED_EDGE ( 'NONE', *, *, #778, .T. ) ;
#747 = DIRECTION ( 'NONE',  ( -1.000000000000000000, 0.000000000000000000, 0.000000000000000000 ) ) ;
#748 = PLANE ( 'NONE',  #1594 ) ;
#749 = DIRECTION ( 'NONE',  ( 0.8834522085987706053, 0.000000000000000000, 0.4685212856658212965 ) ) ;
#750 = ORIENTED_EDGE ( 'NONE', *, *, #289, .F. ) ;
#751 = DIRECTION ( 'NONE',  ( -0.7276068751089991293, -4.205390244792251352E-15, -0.6859943405700350549 ) ) ;
#752 = DIRECTION ( 'NONE',  ( 0.7276068751089985742, 0.000000000000000000, 0.6859943405700358321 ) ) ;
#753 = EDGE_CURVE ( 'NONE', #642, #911, #1512, .T. ) ;
#754 = EDGE_LOOP ( 'NONE', ( #1580, #161, #231, #568, #344, #1355, #1232, #4 ) ) ;
#755 =( LENGTH_UNIT ( ) NAMED_UNIT ( * ) SI_UNIT ( .MILLI., .METRE. ) );
#756 = CARTESIAN_POINT ( 'NONE',  ( 0.000000000000000000, 0.000000000000000000, 20.00000000000000000 ) ) ;
#757 = CARTESIAN_POINT ( 'NONE',  ( 45.47610197552413780, 59.61823759925445643, 3.541967052531537460E-14 ) ) ;
#758 = PRESENTATION_LAYER_ASSIGNMENT (  '', '', ( #1271 ) ) ;
#759 = VECTOR ( 'NONE', #1155, 999.9999999999998863 ) ;
#760 = CARTESIAN_POINT ( 'NONE',  ( 62.43342590007013371, -0.001000000000009008440, 5.000000000000000000 ) ) ;
#761 = ORIENTED_EDGE ( 'NONE', *, *, #1704, .T. ) ;
#762 = AXIS2_PLACEMENT_3D ( 'NONE', #201, #1294, #54 ) ;
#763 = FACE_OUTER_BOUND ( 'NONE', #613, .T. ) ;
#764 = FACE_BOUND ( 'NONE', #887, .T. ) ;
#765 = EDGE_LOOP ( 'NONE', ( #396, #52, #430, #1076 ) ) ;
#766 = EDGE_CURVE ( 'NONE', #173, #1666, #1191, .T. ) ;
#767 = CARTESIAN_POINT ( 'NONE',  ( -65.73342590007013087, -1.051217251481749637E-15, 5.000000000000134115 ) ) ;
#768 = FACE_OUTER_BOUND ( 'NONE', #1751, .T. ) ;
#769 = ORIENTED_EDGE ( 'NONE', *, *, #32, .T. ) ;
#770 = DIRECTION ( 'NONE',  ( -0.7071067811865526798, -0.7071067811865424657, 0.000000000000000000 ) ) ;
#771 = ORIENTED_EDGE ( 'NONE', *, *, #359, .T. ) ;
#772 = LINE ( 'NONE', #1312, #269 ) ;
#773 = CARTESIAN_POINT ( 'NONE',  ( -57.07265318698333090, 35.85944975138643542, 4.800000000000012257 ) ) ;
#774 = ORIENTED_EDGE ( 'NONE', *, *, #169, .F. ) ;
#775 = EDGE_CURVE ( 'NONE', #1586, #114, #182, .T. ) ;
#776 = DIRECTION ( 'NONE',  ( 0.5656854249492412334, 0.5656854249492342390, 0.6000000000000005329 ) ) ;
#777 = FACE_OUTER_BOUND ( 'NONE', #1515, .T. ) ;
#778 = EDGE_CURVE ( 'NONE', #1139, #450, #506, .T. ) ;
#779 = DIRECTION ( 'NONE',  ( 0.4242640687119325626, -0.4242640687119249576, 0.7999999999999997113 ) ) ;
#780 = VERTEX_POINT ( 'NONE', #1241 ) ;
#781 = DIRECTION ( 'NONE',  ( 0.7071067811865431318, 0.7071067811865519026, 0.000000000000000000 ) ) ;
#782 = ORIENTED_EDGE ( 'NONE', *, *, #1106, .F. ) ;
#783 = CARTESIAN_POINT ( 'NONE',  ( -55.65843962461025285, 41.51630400087880446, 0.8000000000000068168 ) ) ;
#784 = CARTESIAN_POINT ( 'NONE',  ( -31.36744696413236611, 31.36744696413197531, 33.27020168527085531 ) ) ;
#785 = EDGE_CURVE ( 'NONE', #1382, #1467, #272, .T. ) ;
#786 = EDGE_CURVE ( 'NONE', #258, #254, #509, .T. ) ;
#787 = AXIS2_PLACEMENT_3D ( 'NONE', #1472, #235, #788 ) ;
#788 = DIRECTION ( 'NONE',  ( 0.7276068751089965758, 0.000000000000000000, -0.6859943405700377195 ) ) ;
#789 = ORIENTED_EDGE ( 'NONE', *, *, #1425, .F. ) ;
#790 = VECTOR ( 'NONE', #776, 1000.000000000000114 ) ;
#791 = AXIS2_PLACEMENT_3D ( 'NONE', #571, #1117, #980 ) ;
#792 = DIRECTION ( 'NONE',  ( -1.000000000000000000, -1.224646799147354933E-16, 0.000000000000000000 ) ) ;
#793 = EDGE_LOOP ( 'NONE', ( #1712, #903, #1719, #1516 ) ) ;
#794 = AXIS2_PLACEMENT_3D ( 'NONE', #41, #1694, #215 ) ;
#795 = CIRCLE ( 'NONE', #794, 1.999999999999997780 ) ;
#796 = LINE ( 'NONE', #527, #1678 ) ;
#797 = DIRECTION ( 'NONE',  ( -1.000000000000000000, -1.224347623758489770E-16, 0.000000000000000000 ) ) ;
#798 = FACE_OUTER_BOUND ( 'NONE', #765, .T. ) ;
#799 = ORIENTED_EDGE ( 'NONE', *, *, #526, .T. ) ;
#800 = CARTESIAN_POINT ( 'NONE',  ( 34.86950025772585349, 49.01163588145634264, -35.00000000000004263 ) ) ;
#801 = ORIENTED_EDGE ( 'NONE', *, *, #860, .F. ) ;
#802 = VERTEX_POINT ( 'NONE', #817 ) ;
#803 = CARTESIAN_POINT ( 'NONE',  ( 65.73342590007013087, 4.000000000000007994, 14.99999999999999467 ) ) ;
#804 = DIRECTION ( 'NONE',  ( -0.7071067811865510144, 0.7071067811865441310, 0.000000000000000000 ) ) ;
#805 = CARTESIAN_POINT ( 'NONE',  ( -31.36744696413233768, 31.36744696413197531, 33.27020168527086241 ) ) ;
#806 = ORIENTED_EDGE ( 'NONE', *, *, #85, .F. ) ;
#807 = FACE_OUTER_BOUND ( 'NONE', #1731, .T. ) ;
#808 = ORIENTED_EDGE ( 'NONE', *, *, #1006, .T. ) ;
#809 = EDGE_CURVE ( 'NONE', #1770, #1113, #375, .T. ) ;
#810 = ADVANCED_FACE ( 'NONE', ( #924, #255, #807 ), #237, .F. ) ;
#811 = VERTEX_POINT ( 'NONE', #107 ) ;
#812 = DIRECTION ( 'NONE',  ( -1.000000000000000000, -1.224347623758489770E-16, 0.000000000000000000 ) ) ;
#813 = DIRECTION ( 'NONE',  ( -0.000000000000000000, -0.000000000000000000, -1.000000000000000000 ) ) ;
#814 = DIRECTION ( 'NONE',  ( -0.5656854249492412334, 0.5656854249492346831, 0.6000000000000001998 ) ) ;
#815 = ORIENTED_EDGE ( 'NONE', *, *, #908, .T. ) ;
#816 = AXIS2_PLACEMENT_3D ( 'NONE', #1066, #682, #1738 ) ;
#817 = CARTESIAN_POINT ( 'NONE',  ( 62.43342590007013371, 4.000000000000007994, 5.000000000000000000 ) ) ;
#818 = ORIENTED_EDGE ( 'NONE', *, *, #287, .F. ) ;
#819 = VECTOR ( 'NONE', #1446, 1000.000000000000000 ) ;
#820 = AXIS2_PLACEMENT_3D ( 'NONE', #164, #1112, #1138 ) ;
#821 = ORIENTED_EDGE ( 'NONE', *, *, #97, .F. ) ;
#822 = AXIS2_PLACEMENT_3D ( 'NONE', #664, #930, #1500 ) ;
#823 = CARTESIAN_POINT ( 'NONE',  ( -64.08342590007009676, -0.001000000000024418856, 15.00000000000012612 ) ) ;
#824 = DIRECTION ( 'NONE',  ( -1.000000000000000000, -1.224646799147354933E-16, 0.000000000000000000 ) ) ;
#825 = ORIENTED_EDGE ( 'NONE', *, *, #443, .T. ) ;
#826 = DIRECTION ( 'NONE',  ( -1.224646799147354933E-16, 1.000000000000000000, -0.000000000000000000 ) ) ;
#827 = ORIENTED_EDGE ( 'NONE', *, *, #809, .T. ) ;
#828 = ORIENTED_EDGE ( 'NONE', *, *, #1448, .T. ) ;
#829 = FACE_OUTER_BOUND ( 'NONE', #630, .T. ) ;
#830 = CARTESIAN_POINT ( 'NONE',  ( -65.73342590007010244, -0.001000000000024620951, 15.00000000000012612 ) ) ;
#831 = CARTESIAN_POINT ( 'NONE',  ( 37.27366331376012454, 51.41579893749057817, 8.800000000000027356 ) ) ;
#832 = ORIENTED_EDGE ( 'NONE', *, *, #68, .T. ) ;
#833 = VERTEX_POINT ( 'NONE', #1204 ) ;
#834 = LINE ( 'NONE', #1265, #585 ) ;
#835 = FILL_AREA_STYLE_COLOUR ( '', #645 ) ;
#836 = EDGE_CURVE ( 'NONE', #1675, #1551, #674, .T. ) ;
#837 = ADVANCED_FACE ( 'NONE', ( #1356 ), #248, .F. ) ;
#838 = LINE ( 'NONE', #969, #589 ) ;
#839 = ORIENTED_EDGE ( 'NONE', *, *, #393, .F. ) ;
#840 = CARTESIAN_POINT ( 'NONE',  ( 64.08342590007012518, -8.491505296224360899E-16, 5.000000000000000000 ) ) ;
#841 = ORIENTED_EDGE ( 'NONE', *, *, #1635, .F. ) ;
#842 =( GEOMETRIC_REPRESENTATION_CONTEXT ( 3 ) GLOBAL_UNCERTAINTY_ASSIGNED_CONTEXT ( ( #310 ) ) GLOBAL_UNIT_ASSIGNED_CONTEXT ( ( #137, #690, #1268 ) ) REPRESENTATION_CONTEXT ( 'NONE', 'WORKASPACE' ) );
#843 = AXIS2_PLACEMENT_3D ( 'NONE', #1685, #456, #127 ) ;
#844 = PRODUCT_DEFINITION_FORMATION_WITH_SPECIFIED_SOURCE ( 'ANY', '', #596, .NOT_KNOWN. ) ;
#845 = CARTESIAN_POINT ( 'NONE',  ( -58.20402403688188286, 44.06188841315037052, 2.000000000000000000 ) ) ;
#846 = AXIS2_PLACEMENT_3D ( 'NONE', #849, #1652, #172 ) ;
#847 = VECTOR ( 'NONE', #330, 1000.000000000000114 ) ;
#848 = LINE ( 'NONE', #1672, #1245 ) ;
#849 = CARTESIAN_POINT ( 'NONE',  ( 0.000000000000000000, 0.000000000000000000, 20.00000000000000000 ) ) ;
#850 = EDGE_CURVE ( 'NONE', #285, #1388, #299, .T. ) ;
#851 = ORIENTED_EDGE ( 'NONE', *, *, #602, .T. ) ;
#852 = CARTESIAN_POINT ( 'NONE',  ( 64.99224913627269018, 36.70797788881019130, 3.200000000000084555 ) ) ;
#853 = ORIENTED_EDGE ( 'NONE', *, *, #928, .T. ) ;
#854 = DIRECTION ( 'NONE',  ( -1.224646799147354933E-16, -1.000000000000000000, 0.000000000000000000 ) ) ;
#855 = SURFACE_SIDE_STYLE ('',( #1385 ) ) ;
#856 = DIRECTION ( 'NONE',  ( 0.7071067811865424657, -0.7071067811865525687, 0.000000000000000000 ) ) ;
#857 = ORIENTED_EDGE ( 'NONE', *, *, #668, .F. ) ;
#858 = CARTESIAN_POINT ( 'NONE',  ( 62.43342590007012660, -6.470838077631222474E-16, 14.99999999999999467 ) ) ;
#859 = ORIENTED_EDGE ( 'NONE', *, *, #951, .F. ) ;
#860 = EDGE_CURVE ( 'NONE', #1212, #249, #130, .T. ) ;
#861 = DIRECTION ( 'NONE',  ( -0.000000000000000000, -0.000000000000000000, -1.000000000000000000 ) ) ;
#862 = CARTESIAN_POINT ( 'NONE',  ( 58.20402403688190418, 44.06188841315037052, 2.000000000000000000 ) ) ;
#863 = CARTESIAN_POINT ( 'NONE',  ( 57.92118132440720046, 43.77904570067577339, 3.200000000000048139 ) ) ;
#864 = DIRECTION ( 'NONE',  ( -0.7071067811865513475, 0.7071067811865435759, 0.000000000000000000 ) ) ;
#865 = ORIENTED_EDGE ( 'NONE', *, *, #93, .F. ) ;
#866 = CARTESIAN_POINT ( 'NONE',  ( -64.08342590007009676, 3.999999999999992450, 15.00000000000012612 ) ) ;
#867 = DIRECTION ( 'NONE',  ( 0.7071067811865431318, 0.7071067811865519026, -0.000000000000000000 ) ) ;
#868 = VERTEX_POINT ( 'NONE', #1120 ) ;
#869 = VECTOR ( 'NONE', #520, 1000.000000000000114 ) ;
#870 = AXIS2_PLACEMENT_3D ( 'NONE', #192, #1730, #1168 ) ;
#871 = EDGE_CURVE ( 'NONE', #1375, #1139, #838, .T. ) ;
#872 = CARTESIAN_POINT ( 'NONE',  ( 9.018043774983151906, 111.2839562250162260, 2.000000000000000000 ) ) ;
#873 = VECTOR ( 'NONE', #74, 1000.000000000000114 ) ;
#874 = DIRECTION ( 'NONE',  ( 0.5656854249492413445, 0.5656854249492342390, 0.6000000000000005329 ) ) ;
#875 = CIRCLE ( 'NONE', #1340, 60.14999999999999858 ) ;
#876 = LINE ( 'NONE', #620, #991 ) ;
#877 = EDGE_LOOP ( 'NONE', ( #743, #352, #236, #1574 ) ) ;
#878 = CARTESIAN_POINT ( 'NONE',  ( 30.20259550189470943, 58.48686674935611052, 8.800000000000016698 ) ) ;
#879 = LINE ( 'NONE', #612, #1109 ) ;
#880 = ORIENTED_EDGE ( 'NONE', *, *, #1206, .F. ) ;
#881 = CARTESIAN_POINT ( 'NONE',  ( -34.65889840745719397, 57.07265318698295431, 5.931890661940573573 ) ) ;
#882 = CARTESIAN_POINT ( 'NONE',  ( 31.36744696413229505, 31.36744696413198952, 33.27020168527091926 ) ) ;
#883 = CARTESIAN_POINT ( 'NONE',  ( 37.27366331376013875, 51.41579893749059238, 8.800000000000023803 ) ) ;
#884 = ORIENTED_EDGE ( 'NONE', *, *, #1546, .T. ) ;
#885 = LINE ( 'NONE', #62, #1761 ) ;
#886 = CARTESIAN_POINT ( 'NONE',  ( -4.898587196589420717E-16, 4.000000000000000000, 0.000000000000000000 ) ) ;
#887 = EDGE_LOOP ( 'NONE', ( #1457, #495 ) ) ;
#888 = CYLINDRICAL_SURFACE ( 'NONE', #1454, 60.14999999999999858 ) ;
#889 = DIRECTION ( 'NONE',  ( -1.000000000000000000, -1.224646799147354933E-16, -3.469446951953613696E-16 ) ) ;
#890 = DIRECTION ( 'NONE',  ( 0.7071067811865424657, -0.7071067811865526798, 0.000000000000000000 ) ) ;
#891 = CARTESIAN_POINT ( 'NONE',  ( 60.01685180014027310, 4.000000000000007105, 0.000000000000000000 ) ) ;
#892 = VERTEX_POINT ( 'NONE', #1396 ) ;
#893 = EDGE_CURVE ( 'NONE', #780, #338, #325, .T. ) ;
#894 = EDGE_CURVE ( 'NONE', #735, #219, #154, .T. ) ;
#895 = CARTESIAN_POINT ( 'NONE',  ( 68.15000000000000568, 4.000000000000008882, 0.000000000000000000 ) ) ;
#896 = LINE ( 'NONE', #46, #1279 ) ;
#897 = ORIENTED_EDGE ( 'NONE', *, *, #227, .F. ) ;
#898 = DIRECTION ( 'NONE',  ( -0.7071067811865441310, 0.7071067811865510144, -0.000000000000000000 ) ) ;
#899 = EDGE_CURVE ( 'NONE', #833, #669, #389, .T. ) ;
#900 = AXIS2_PLACEMENT_3D ( 'NONE', #513, #813, #1229 ) ;
#901 = DIRECTION ( 'NONE',  ( 1.000000000000000000, 1.224646799147354933E-16, -0.000000000000000000 ) ) ;
#902 = DIRECTION ( 'NONE',  ( -0.7071067811865430208, -0.7071067811865520136, 0.000000000000000000 ) ) ;
#903 = ORIENTED_EDGE ( 'NONE', *, *, #66, .T. ) ;
#904 = VECTOR ( 'NONE', #160, 1000.000000000000000 ) ;
#905 = LINE ( 'NONE', #1599, #873 ) ;
#906 = ORIENTED_EDGE ( 'NONE', *, *, #1006, .F. ) ;
#907 = VECTOR ( 'NONE', #1524, 1000.000000000000227 ) ;
#908 = EDGE_CURVE ( 'NONE', #669, #956, #424, .T. ) ;
#909 = DIRECTION ( 'NONE',  ( -0.4242640687119316190, -0.4242640687119260678, 0.7999999999999997113 ) ) ;
#910 = CYLINDRICAL_SURFACE ( 'NONE', #511, 2.000000000000002665 ) ;
#911 = VERTEX_POINT ( 'NONE', #976 ) ;
#912 = EDGE_CURVE ( 'NONE', #398, #1270, #1411, .T. ) ;
#913 = DIRECTION ( 'NONE',  ( -0.5656854249492413445, 0.5656854249492344611, 0.6000000000000004219 ) ) ;
#914 = DIRECTION ( 'NONE',  ( -1.000000000000000000, -1.224646799147356412E-16, 0.000000000000000000 ) ) ;
#915 = LINE ( 'NONE', #1560, #102 ) ;
#916 = EDGE_LOOP ( 'NONE', ( #1095, #693 ) ) ;
#917 = DIRECTION ( 'NONE',  ( -1.224646799147354933E-16, 1.000000000000000000, -0.000000000000000000 ) ) ;
#918 = VERTEX_POINT ( 'NONE', #831 ) ;
#919 = ADVANCED_FACE ( 'NONE', ( #43 ), #283, .F. ) ;
#920 = CARTESIAN_POINT ( 'NONE',  ( 68.15000000000000568, 4.000000000000008882, 19.99999999999999645 ) ) ;
#921 = FACE_OUTER_BOUND ( 'NONE', #1258, .T. ) ;
#922 = CARTESIAN_POINT ( 'NONE',  ( -62.72950743647569283, 34.44523618901326500, 0.8000000000000138112 ) ) ;
#923 = EDGE_LOOP ( 'NONE', ( #1150, #264, #187, #799 ) ) ;
#924 = FACE_BOUND ( 'NONE', #1070, .T. ) ;
#925 = ORIENTED_EDGE ( 'NONE', *, *, #1743, .F. ) ;
#926 = DIRECTION ( 'NONE',  ( -0.5656854249492412334, 0.5656854249492344611, 0.6000000000000004219 ) ) ;
#927 = DIRECTION ( 'NONE',  ( -0.000000000000000000, 0.000000000000000000, -1.000000000000000000 ) ) ;
#928 = EDGE_CURVE ( 'NONE', #1234, #1416, #1381, .T. ) ;
#929 = AXIS2_PLACEMENT_3D ( 'NONE', #1395, #1541, #7 ) ;
#930 = DIRECTION ( 'NONE',  ( -0.000000000000000000, -0.000000000000000000, -1.000000000000000000 ) ) ;
#931 = ORIENTED_EDGE ( 'NONE', *, *, #149, .T. ) ;
#932 = AXIS2_PLACEMENT_3D ( 'NONE', #662, #365, #1178 ) ;
#933 = CARTESIAN_POINT ( 'NONE',  ( -49.01163588145668371, 34.86950025772531347, 20.00000000000000000 ) ) ;
#934 = EDGE_LOOP ( 'NONE', ( #546, #944, #59, #601 ) ) ;
#935 = AXIS2_PLACEMENT_3D ( 'NONE', #146, #1269, #1404 ) ;
#936 = AXIS2_PLACEMENT_3D ( 'NONE', #1498, #1736, #1603 ) ;
#937 = ORIENTED_EDGE ( 'NONE', *, *, #289, .T. ) ;
#938 = LINE ( 'NONE', #1746, #680 ) ;
#939 = DIRECTION ( 'NONE',  ( 0.7276068751089977971, 0.000000000000000000, 0.6859943405700364982 ) ) ;
#940 = CYLINDRICAL_SURFACE ( 'NONE', #1737, 1.650000000000005684 ) ;
#941 = ORIENTED_EDGE ( 'NONE', *, *, #942, .F. ) ;
#942 = EDGE_CURVE ( 'NONE', #398, #1042, #156, .T. ) ;
#943 = DIRECTION ( 'NONE',  ( -0.4242640687119305087, 0.4242640687119264009, -0.8000000000000000444 ) ) ;
#944 = ORIENTED_EDGE ( 'NONE', *, *, #551, .F. ) ;
#945 = ORIENTED_EDGE ( 'NONE', *, *, #1327, .F. ) ;
#946 = CYLINDRICAL_SURFACE ( 'NONE', #1165, 1.649999999999998579 ) ;
#947 = FACE_OUTER_BOUND ( 'NONE', #1007, .T. ) ;
#948 = DIRECTION ( 'NONE',  ( -0.5656854249492413445, 0.5656854249492344611, 0.6000000000000004219 ) ) ;
#949 = ORIENTED_EDGE ( 'NONE', *, *, #893, .T. ) ;
#950 = DIRECTION ( 'NONE',  ( -1.000000000000000000, -1.224646799147355179E-16, 0.000000000000000000 ) ) ;
#951 = EDGE_CURVE ( 'NONE', #1071, #1675, #696, .T. ) ;
#952 = ORIENTED_EDGE ( 'NONE', *, *, #908, .F. ) ;
#953 = ORIENTED_EDGE ( 'NONE', *, *, #591, .F. ) ;
#954 = CARTESIAN_POINT ( 'NONE',  ( 64.99224913627269018, 36.70797788881019130, 3.200000000000084555 ) ) ;
#955 = FACE_OUTER_BOUND ( 'NONE', #549, .T. ) ;
#956 = VERTEX_POINT ( 'NONE', #1665 ) ;
#957 = VECTOR ( 'NONE', #244, 1000.000000000000114 ) ;
#958 = PLANE ( 'NONE',  #419 ) ;
#959 = VERTEX_POINT ( 'NONE', #592 ) ;
#960 = AXIS2_PLACEMENT_3D ( 'NONE', #294, #170, #1669 ) ;
#961 = AXIS2_PLACEMENT_3D ( 'NONE', #1768, #826, #1096 ) ;
#962 = AXIS2_PLACEMENT_3D ( 'NONE', #290, #306, #429 ) ;
#963 = VERTEX_POINT ( 'NONE', #435 ) ;
#964 = AXIS2_PLACEMENT_3D ( 'NONE', #805, #814, #1059 ) ;
#965 = ADVANCED_FACE ( 'NONE', ( #1542 ), #984, .T. ) ;
#966 = CIRCLE ( 'NONE', #1197, 60.14999999999999858 ) ;
#967 = CARTESIAN_POINT ( 'NONE',  ( 18.21043193040833330, 102.0915680695911618, 20.00000000000000000 ) ) ;
#968 = PRESENTATION_STYLE_ASSIGNMENT (( #1403 ) ) ;
#969 = CARTESIAN_POINT ( 'NONE',  ( 41.51630400087945105, 55.65843962460986205, 0.8000000000000268008 ) ) ;
#970 = ORIENTED_EDGE ( 'NONE', *, *, #281, .T. ) ;
#971 = ORIENTED_EDGE ( 'NONE', *, *, #836, .F. ) ;
#972 = FACE_OUTER_BOUND ( 'NONE', #317, .T. ) ;
#973 = EDGE_CURVE ( 'NONE', #1338, #1212, #1533, .T. ) ;
#974 = EDGE_CURVE ( 'NONE', #1511, #963, #1682, .T. ) ;
#975 = LINE ( 'NONE', #579, #726 ) ;
#976 = CARTESIAN_POINT ( 'NONE',  ( 57.14999999999999858, 0.000000000000000000, 20.00000000000000000 ) ) ;
#977 = VERTEX_POINT ( 'NONE', #1128 ) ;
#978 = LINE ( 'NONE', #1227, #1486 ) ;
#979 = ORIENTED_EDGE ( 'NONE', *, *, #1555, .F. ) ;
#980 = DIRECTION ( 'NONE',  ( 0.7276068751089965758, 0.000000000000000000, -0.6859943405700377195 ) ) ;
#981 = EDGE_CURVE ( 'NONE', #956, #1177, #36, .T. ) ;
#982 = CARTESIAN_POINT ( 'NONE',  ( 32.46533720169167481, 60.74960844915304392, 11.20000000000001883 ) ) ;
#983 = ADVANCED_FACE ( 'NONE', ( #1282 ), #1310, .T. ) ;
#984 = CYLINDRICAL_SURFACE ( 'NONE', #820, 2.000000000000002665 ) ;
#985 = ORIENTED_EDGE ( 'NONE', *, *, #1040, .T. ) ;
#986 = LINE ( 'NONE', #1538, #534 ) ;
#987 = ORIENTED_EDGE ( 'NONE', *, *, #15, .F. ) ;
#988 = AXIS2_PLACEMENT_3D ( 'NONE', #1172, #1424, #490 ) ;
#989 = CIRCLE ( 'NONE', #1103, 1.649999999999989475 ) ;
#990 = CARTESIAN_POINT ( 'NONE',  ( -68.15000000000000568, -8.345967936189223381E-15, 19.99999999999999645 ) ) ;
#991 = VECTOR ( 'NONE', #770, 999.9999999999998863 ) ;
#992 = AXIS2_PLACEMENT_3D ( 'NONE', #89, #327, #1553 ) ;
#993 = CARTESIAN_POINT ( 'NONE',  ( -41.51630400087940842, 55.65843962460982652, 0.8000000000000068168 ) ) ;
#994 = EDGE_CURVE ( 'NONE', #39, #802, #1435, .T. ) ;
#995 = DIRECTION ( 'NONE',  ( 0.7071067811865436870, 0.7071067811865514585, -0.000000000000000000 ) ) ;
#996 = ORIENTED_EDGE ( 'NONE', *, *, #981, .F. ) ;
#997 = EDGE_CURVE ( 'NONE', #436, #1223, #1718, .T. ) ;
#998 = DIRECTION ( 'NONE',  ( 0.7071067811865531239, 0.7071067811865420216, 0.000000000000000000 ) ) ;
#999 = VERTEX_POINT ( 'NONE', #1708 ) ;
#1000 = DIRECTION ( 'NONE',  ( -0.7276068751089977971, 0.000000000000000000, 0.6859943405700364982 ) ) ;
#1001 = LINE ( 'NONE', #982, #124 ) ;
#1002 = DIRECTION ( 'NONE',  ( -0.000000000000000000, -0.000000000000000000, 1.000000000000000000 ) ) ;
#1003 = ORIENTED_EDGE ( 'NONE', *, *, #407, .F. ) ;
#1004 = LINE ( 'NONE', #431, #904 ) ;
#1005 = VERTEX_POINT ( 'NONE', #891 ) ;
#1006 = EDGE_CURVE ( 'NONE', #918, #1375, #1300, .T. ) ;
#1007 = EDGE_LOOP ( 'NONE', ( #675, #1129, #953, #1320 ) ) ;
#1008 = LINE ( 'NONE', #1432, #446 ) ;
#1009 = CARTESIAN_POINT ( 'NONE',  ( -36.92164010725416290, 59.33539488677988771, 8.331890661940565934 ) ) ;
#1010 = FACE_OUTER_BOUND ( 'NONE', #328, .T. ) ;
#1011 = VERTEX_POINT ( 'NONE', #1727 ) ;
#1012 = DIRECTION ( 'NONE',  ( -1.000000000000000000, -1.224646799147356412E-16, 0.000000000000000000 ) ) ;
#1013 = DIRECTION ( 'NONE',  ( 0.4242640687119332843, 0.4242640687119242360, -0.7999999999999997113 ) ) ;
#1014 = ORIENTED_EDGE ( 'NONE', *, *, #94, .T. ) ;
#1015 = VECTOR ( 'NONE', #1093, 1000.000000000000000 ) ;
#1016 =( NAMED_UNIT ( * ) PLANE_ANGLE_UNIT ( ) SI_UNIT ( $, .RADIAN. ) );
#1017 = AXIS2_PLACEMENT_3D ( 'NONE', #594, #465, #1660 ) ;
#1018 = AXIS2_PLACEMENT_3D ( 'NONE', #188, #339, #1171 ) ;
#1019 = DIRECTION ( 'NONE',  ( 0.7276068751089967979, 0.000000000000000000, 0.6859943405700376085 ) ) ;
#1020 = CARTESIAN_POINT ( 'NONE',  ( 41.51630400087945105, 55.65843962460984073, 0.8000000000000263567 ) ) ;
#1021 = CIRCLE ( 'NONE', #69, 1.649999999999997247 ) ;
#1022 = CIRCLE ( 'NONE', #386, 1.649999999999998579 ) ;
#1023 = DIRECTION ( 'NONE',  ( -1.224646799147354933E-16, 1.000000000000000000, 0.000000000000000000 ) ) ;
#1024 = CYLINDRICAL_SURFACE ( 'NONE', #322, 2.000000000000002665 ) ;
#1025 = FACE_OUTER_BOUND ( 'NONE', #1226, .T. ) ;
#1026 = ORIENTED_EDGE ( 'NONE', *, *, #1434, .F. ) ;
#1027 = DIRECTION ( 'NONE',  ( 0.5656854249492412334, 0.5656854249492342390, 0.6000000000000005329 ) ) ;
#1028 = EDGE_CURVE ( 'NONE', #633, #833, #876, .T. ) ;
#1029 = LINE ( 'NONE', #341, #266 ) ;
#1030 = EDGE_CURVE ( 'NONE', #436, #1113, #905, .T. ) ;
#1031 = DIRECTION ( 'NONE',  ( 0.8834522085987713824, 0.000000000000000000, -0.4685212856658199088 ) ) ;
#1032 = ORIENTED_EDGE ( 'NONE', *, *, #393, .T. ) ;
#1033 = CARTESIAN_POINT ( 'NONE',  ( 60.01685180014027310, 4.000000000000007105, 20.00000000000000000 ) ) ;
#1034 = CARTESIAN_POINT ( 'NONE',  ( 64.08342590007012518, 4.000000000000007994, 14.99999999999999467 ) ) ;
#1035 = ORIENTED_EDGE ( 'NONE', *, *, #778, .F. ) ;
#1036 = DIRECTION ( 'NONE',  ( -1.224646799147354933E-16, 1.000000000000000000, -0.000000000000000000 ) ) ;
#1037 = CARTESIAN_POINT ( 'NONE',  ( -62.43342590007010529, 3.999999999999992450, 15.00000000000012612 ) ) ;
#1038 = PLANE ( 'NONE',  #208 ) ;
#1039 = VERTEX_POINT ( 'NONE', #95 ) ;
#1040 = EDGE_CURVE ( 'NONE', #1511, #657, #58, .T. ) ;
#1041 = CARTESIAN_POINT ( 'NONE',  ( 58.13484354285048283, 38.12219145118334751, 8.331890661940635212 ) ) ;
#1042 = VERTEX_POINT ( 'NONE', #1426 ) ;
#1043 = DIRECTION ( 'NONE',  ( -0.7071067811865416886, 0.7071067811865534569, -2.775557561562891745E-15 ) ) ;
#1044 = ORIENTED_EDGE ( 'NONE', *, *, #1125, .F. ) ;
#1045 = VERTEX_POINT ( 'NONE', #1041 ) ;
#1046 = VECTOR ( 'NONE', #1152, 1000.000000000000114 ) ;
#1047 = CARTESIAN_POINT ( 'NONE',  ( 39.53640501355710057, 53.67854063728751157, 11.20000000000000817 ) ) ;
#1048 = CARTESIAN_POINT ( 'NONE',  ( -56.78981047450877639, 42.64767485077727827, 2.000000000000000000 ) ) ;
#1049 = VECTOR ( 'NONE', #45, 1000.000000000000000 ) ;
#1050 = DIRECTION ( 'NONE',  ( 1.224646799147355179E-16, -1.000000000000000000, 0.000000000000000000 ) ) ;
#1051 = ORIENTED_EDGE ( 'NONE', *, *, #394, .F. ) ;
#1052 = AXIS2_PLACEMENT_3D ( 'NONE', #1510, #684, #1755 ) ;
#1053 = CARTESIAN_POINT ( 'NONE',  ( -49.01163588145669792, 34.86950025772530637, -35.00000000000004263 ) ) ;
#1054 = ADVANCED_FACE ( 'NONE', ( #502 ), #1466, .T. ) ;
#1055 = ORIENTED_EDGE ( 'NONE', *, *, #468, .F. ) ;
#1056 = ADVANCED_FACE ( 'NONE', ( #629 ), #1173, .T. ) ;
#1057 = CARTESIAN_POINT ( 'NONE',  ( 37.27366331376013875, 51.41579893749059238, 8.800000000000023803 ) ) ;
#1058 = DIRECTION ( 'NONE',  ( -0.000000000000000000, -0.000000000000000000, -1.000000000000000000 ) ) ;
#1059 = DIRECTION ( 'NONE',  ( 0.7276068751089971309, 0.000000000000000000, 0.6859943405700372754 ) ) ;
#1060 = ORIENTED_EDGE ( 'NONE', *, *, #775, .F. ) ;
#1061 = CARTESIAN_POINT ( 'NONE',  ( -43.77904570067637025, 57.92118132440675993, 3.200000000000008171 ) ) ;
#1062 = ORIENTED_EDGE ( 'NONE', *, *, #144, .F. ) ;
#1063 = ADVANCED_FACE ( 'NONE', ( #1010 ), #1459, .T. ) ;
#1064 = PRODUCT_RELATED_PRODUCT_CATEGORY ( 'part', '', ( #596 ) ) ;
#1065 = CARTESIAN_POINT ( 'NONE',  ( -59.61823759925497512, 45.47610197552344857, 0.000000000000000000 ) ) ;
#1066 = CARTESIAN_POINT ( 'NONE',  ( 0.000000000000000000, 0.000000000000000000, 0.000000000000000000 ) ) ;
#1067 = CARTESIAN_POINT ( 'NONE',  ( 0.000000000000000000, 0.000000000000000000, 0.000000000000000000 ) ) ;
#1068 = ORIENTED_EDGE ( 'NONE', *, *, #469, .T. ) ;
#1069 = DIRECTION ( 'NONE',  ( 0.4242640687119325626, -0.4242640687119249576, 0.7999999999999997113 ) ) ;
#1070 = EDGE_LOOP ( 'NONE', ( #284, #660 ) ) ;
#1071 = VERTEX_POINT ( 'NONE', #218 ) ;
#1072 = DIRECTION ( 'NONE',  ( -0.7071067811865431318, 0.7071067811865517916, -1.509903313490157344E-18 ) ) ;
#1073 = CARTESIAN_POINT ( 'NONE',  ( -64.08342590007009676, -8.491505296224360899E-16, 15.00000000000012612 ) ) ;
#1074 = AXIS2_PLACEMENT_3D ( 'NONE', #556, #163, #305 ) ;
#1075 = CARTESIAN_POINT ( 'NONE',  ( -57.92118132440723599, 43.77904570067575918, 3.199999999999996181 ) ) ;
#1076 = ORIENTED_EDGE ( 'NONE', *, *, #1555, .T. ) ;
#1077 = VECTOR ( 'NONE', #292, 999.9999999999998863 ) ;
#1078 = VECTOR ( 'NONE', #719, 1000.000000000000000 ) ;
#1079 = DIRECTION ( 'NONE',  ( 0.5656854249492403452, 0.5656854249492346831, 0.6000000000000009770 ) ) ;
#1080 = ORIENTED_EDGE ( 'NONE', *, *, #267, .T. ) ;
#1081 = AXIS2_PLACEMENT_3D ( 'NONE', #313, #856, #1255 ) ;
#1082 = VECTOR ( 'NONE', #211, 1000.000000000000114 ) ;
#1083 = ORIENTED_EDGE ( 'NONE', *, *, #1517, .T. ) ;
#1084 = CARTESIAN_POINT ( 'NONE',  ( -60.01685180014027310, 3.999999999999993339, 20.00000000000000000 ) ) ;
#1085 = CYLINDRICAL_SURFACE ( 'NONE', #153, 2.000000000000002665 ) ;
#1086 = EDGE_CURVE ( 'NONE', #123, #1416, #1587, .T. ) ;
#1087 = EDGE_CURVE ( 'NONE', #699, #1203, #1319, .T. ) ;
#1088 = DIRECTION ( 'NONE',  ( 0.5656854249492412334, 0.5656854249492342390, 0.6000000000000005329 ) ) ;
#1089 = ORIENTED_EDGE ( 'NONE', *, *, #80, .F. ) ;
#1090 = DIRECTION ( 'NONE',  ( -0.7276068751089965758, 0.000000000000000000, -0.6859943405700378305 ) ) ;
#1091 = ORIENTED_EDGE ( 'NONE', *, *, #558, .T. ) ;
#1092 = ORIENTED_EDGE ( 'NONE', *, *, #1239, .T. ) ;
#1093 = DIRECTION ( 'NONE',  ( 0.7071067811865431318, -0.7071067811865519026, -0.000000000000000000 ) ) ;
#1094 = CARTESIAN_POINT ( 'NONE',  ( -44.06188841315102422, 58.20402403688139970, 2.000000000000000000 ) ) ;
#1095 = ORIENTED_EDGE ( 'NONE', *, *, #223, .F. ) ;
#1096 = DIRECTION ( 'NONE',  ( 1.000000000000000000, 0.000000000000000000, 0.000000000000000000 ) ) ;
#1097 = ORIENTED_EDGE ( 'NONE', *, *, #850, .T. ) ;
#1098 = ORIENTED_EDGE ( 'NONE', *, *, #753, .T. ) ;
#1099 = DIRECTION ( 'NONE',  ( -0.5656854249492412334, 0.5656854249492344611, 0.6000000000000004219 ) ) ;
#1100 = CARTESIAN_POINT ( 'NONE',  ( -16.30649634760773736, 4.906707087988785965, -50.53034135041644959 ) ) ;
#1101 = CIRCLE ( 'NONE', #501, 1.649999999999998579 ) ;
#1102 = DIRECTION ( 'NONE',  ( -0.5656854249492416775, 0.5656854249492345721, 0.5999999999999999778 ) ) ;
#1103 = AXIS2_PLACEMENT_3D ( 'NONE', #377, #103, #1352 ) ;
#1104 = ORIENTED_EDGE ( 'NONE', *, *, #280, .F. ) ;
#1105 = VECTOR ( 'NONE', #142, 1000.000000000000114 ) ;
#1106 = EDGE_CURVE ( 'NONE', #368, #436, #915, .T. ) ;
#1107 = EDGE_CURVE ( 'NONE', #254, #1440, #638, .T. ) ;
#1108 = VERTEX_POINT ( 'NONE', #343 ) ;
#1109 = VECTOR ( 'NONE', #1013, 1000.000000000000227 ) ;
#1110 = DIRECTION ( 'NONE',  ( -0.8834522085987708273, 0.000000000000000000, 0.4685212856658211855 ) ) ;
#1111 = DIRECTION ( 'NONE',  ( -0.7071067811865441310, -0.7071067811865510144, -6.938893903907226405E-16 ) ) ;
#1112 = DIRECTION ( 'NONE',  ( 0.7071067811865431318, -0.7071067811865519026, 0.000000000000000000 ) ) ;
#1113 = VERTEX_POINT ( 'NONE', #51 ) ;
#1114 = LINE ( 'NONE', #716, #1077 ) ;
#1115 = ORIENTED_EDGE ( 'NONE', *, *, #223, .T. ) ;
#1116 = EDGE_CURVE ( 'NONE', #1113, #1039, #609, .T. ) ;
#1117 = DIRECTION ( 'NONE',  ( 0.5656854249492413445, 0.5656854249492342390, 0.6000000000000005329 ) ) ;
#1118 = EDGE_CURVE ( 'NONE', #1121, #802, #184, .T. ) ;
#1119 = DIRECTION ( 'NONE',  ( -1.224646799147354933E-16, -1.000000000000000000, 0.000000000000000000 ) ) ;
#1120 = CARTESIAN_POINT ( 'NONE',  ( -36.70797788881093027, 64.99224913627227807, 3.200000000000015277 ) ) ;
#1121 = VERTEX_POINT ( 'NONE', #395 ) ;
#1122 = PLANE ( 'NONE',  #619 ) ;
#1123 = ORIENTED_EDGE ( 'NONE', *, *, #1764, .T. ) ;
#1124 = FACE_BOUND ( 'NONE', #685, .T. ) ;
#1125 = EDGE_CURVE ( 'NONE', #657, #868, #1492, .T. ) ;
#1126 = DIRECTION ( 'NONE',  ( 0.7071067811865436870, 0.7071067811865513475, 1.040834085586084454E-15 ) ) ;
#1127 = EDGE_CURVE ( 'NONE', #314, #1251, #421, .T. ) ;
#1128 = CARTESIAN_POINT ( 'NONE',  ( -43.77904570067639156, 57.92118132440675993, 3.200000000000017941 ) ) ;
#1129 = ORIENTED_EDGE ( 'NONE', *, *, #894, .F. ) ;
#1130 = PLANE ( 'NONE',  #648 ) ;
#1131 = EDGE_LOOP ( 'NONE', ( #1634, #746, #16, #191, #1194, #122, #750, #808 ) ) ;
#1132 =( GEOMETRIC_REPRESENTATION_CONTEXT ( 3 ) GLOBAL_UNCERTAINTY_ASSIGNED_CONTEXT ( ( #1141 ) ) GLOBAL_UNIT_ASSIGNED_CONTEXT ( ( #755, #1016, #1160 ) ) REPRESENTATION_CONTEXT ( 'NONE', 'WORKASPACE' ) );
#1133 = CIRCLE ( 'NONE', #1247, 1.649999999999998579 ) ;
#1134 = CARTESIAN_POINT ( 'NONE',  ( -65.73342590007010244, 3.999999999999992450, 15.00000000000012612 ) ) ;
#1135 = VECTOR ( 'NONE', #580, 1000.000000000000114 ) ;
#1136 = CARTESIAN_POINT ( 'NONE',  ( -57.14999999999999858, 0.000000000000000000, 20.00000000000000000 ) ) ;
#1137 = FILL_AREA_STYLE ('',( #835 ) ) ;
#1138 = DIRECTION ( 'NONE',  ( 0.7071067811865510144, 0.7071067811865441310, 0.000000000000000000 ) ) ;
#1139 = VERTEX_POINT ( 'NONE', #1613 ) ;
#1140 = CARTESIAN_POINT ( 'NONE',  ( -64.08342590007012518, 3.999999999999992450, 5.000000000000134115 ) ) ;
#1141 = UNCERTAINTY_MEASURE_WITH_UNIT (LENGTH_MEASURE( 1.000000000000000082E-05 ), #755, 'distance_accuracy_value', 'NONE');
#1142 = ORIENTED_EDGE ( 'NONE', *, *, #550, .T. ) ;
#1143 = LINE ( 'NONE', #312, #1703 ) ;
#1144 = LINE ( 'NONE', #617, #1673 ) ;
#1145 = DIRECTION ( 'NONE',  ( -0.4242640687119319520, -0.4242640687119257903, 0.7999999999999996003 ) ) ;
#1146 = ORIENTED_EDGE ( 'NONE', *, *, #468, .T. ) ;
#1147 = DIRECTION ( 'NONE',  ( -1.000000000000000000, 1.224646799147357645E-16, 0.000000000000000000 ) ) ;
#1148 = DIRECTION ( 'NONE',  ( 0.000000000000000000, 0.000000000000000000, 1.000000000000000000 ) ) ;
#1149 = EDGE_CURVE ( 'NONE', #1485, #1248, #652, .T. ) ;
#1150 = ORIENTED_EDGE ( 'NONE', *, *, #145, .F. ) ;
#1151 = DIRECTION ( 'NONE',  ( 1.000000000000000000, 1.224646799147354933E-16, -0.000000000000000000 ) ) ;
#1152 = DIRECTION ( 'NONE',  ( 0.5656854249492412334, 0.5656854249492342390, 0.6000000000000005329 ) ) ;
#1153 = CARTESIAN_POINT ( 'NONE',  ( -60.74960844915333524, 32.46533720169095716, 11.20000000000001172 ) ) ;
#1154 = ORIENTED_EDGE ( 'NONE', *, *, #3, .F. ) ;
#1155 = DIRECTION ( 'NONE',  ( -0.7071067811865441310, -0.7071067811865510144, -6.938893903907226405E-16 ) ) ;
#1156 = CARTESIAN_POINT ( 'NONE',  ( 58.27320453091319763, 35.85944975138640700, 3.668109338059527325 ) ) ;
#1157 = VERTEX_POINT ( 'NONE', #1193 ) ;
#1158 = ADVANCED_FACE ( 'NONE', ( #955 ), #1633, .T. ) ;
#1159 = ADVANCED_FACE ( 'NONE', ( #798 ), #253, .F. ) ;
#1160 =( NAMED_UNIT ( * ) SI_UNIT ( $, .STERADIAN. ) SOLID_ANGLE_UNIT ( ) );
#1161 = VECTOR ( 'NONE', #98, 1000.000000000000000 ) ;
#1162 = DIRECTION ( 'NONE',  ( 0.5656854249492413445, 0.5656854249492342390, 0.6000000000000005329 ) ) ;
#1163 = DIRECTION ( 'NONE',  ( -0.7071067811865430208, 0.7071067811865521247, -1.084202172485504434E-16 ) ) ;
#1164 = VECTOR ( 'NONE', #390, 999.9999999999998863 ) ;
#1165 = AXIS2_PLACEMENT_3D ( 'NONE', #643, #1189, #812 ) ;
#1166 = DIRECTION ( 'NONE',  ( -1.000000000000000000, 0.000000000000000000, 0.000000000000000000 ) ) ;
#1167 = ORIENTED_EDGE ( 'NONE', *, *, #1643, .T. ) ;
#1168 = DIRECTION ( 'NONE',  ( 0.7276068751089967979, 0.000000000000000000, 0.6859943405700376085 ) ) ;
#1169 = CARTESIAN_POINT ( 'NONE',  ( 0.000000000000000000, 0.000000000000000000, 0.000000000000000000 ) ) ;
#1170 = EDGE_LOOP ( 'NONE', ( #380, #925 ) ) ;
#1171 = DIRECTION ( 'NONE',  ( 1.000000000000000000, 0.000000000000000000, 0.000000000000000000 ) ) ;
#1172 = CARTESIAN_POINT ( 'NONE',  ( 64.08342590007012518, 4.000000000000007994, 5.000000000000000000 ) ) ;
#1173 = PLANE ( 'NONE',  #363 ) ;
#1174 = ORIENTED_EDGE ( 'NONE', *, *, #1315, .F. ) ;
#1175 = CARTESIAN_POINT ( 'NONE',  ( -37.27366331376010322, 51.41579893749056396, 8.800000000000013145 ) ) ;
#1176 = DIRECTION ( 'NONE',  ( -1.000000000000000000, 0.000000000000000000, 0.000000000000000000 ) ) ;
#1177 = VERTEX_POINT ( 'NONE', #1094 ) ;
#1178 = DIRECTION ( 'NONE',  ( -0.8834522085987696061, 0.000000000000000000, -0.4685212856658231284 ) ) ;
#1179 = DIRECTION ( 'NONE',  ( -1.000000000000000000, -1.224347623758489770E-16, 0.000000000000000000 ) ) ;
#1180 = ORIENTED_EDGE ( 'NONE', *, *, #1434, .T. ) ;
#1181 = ADVANCED_FACE ( 'NONE', ( #411 ), #940, .F. ) ;
#1182 = ADVANCED_FACE ( 'NONE', ( #514, #1218, #261 ), #246, .T. ) ;
#1183 = CARTESIAN_POINT ( 'NONE',  ( 68.15000000000000568, 4.000000000000008882, 19.99999999999999645 ) ) ;
#1184 = ORIENTED_EDGE ( 'NONE', *, *, #1772, .T. ) ;
#1185 = CARTESIAN_POINT ( 'NONE',  ( -65.73342590007013087, 3.999999999999992450, 5.000000000000134115 ) ) ;
#1186 = CARTESIAN_POINT ( 'NONE',  ( 62.43342590007013371, -6.470838077631222474E-16, 5.000000000000000000 ) ) ;
#1187 = EDGE_LOOP ( 'NONE', ( #1475, #581, #761, #559 ) ) ;
#1188 = AXIS2_PLACEMENT_3D ( 'NONE', #378, #927, #104 ) ;
#1189 = DIRECTION ( 'NONE',  ( -1.224646799147354933E-16, 1.000000000000000000, -0.000000000000000000 ) ) ;
#1190 = CARTESIAN_POINT ( 'NONE',  ( 64.08342590007012518, -0.001000000000008806345, 5.000000000000000000 ) ) ;
#1191 = CIRCLE ( 'NONE', #961, 1.649999999999998579 ) ;
#1192 = AXIS2_PLACEMENT_3D ( 'NONE', #474, #1023, #1570 ) ;
#1193 = CARTESIAN_POINT ( 'NONE',  ( 34.44523618901401818, 62.72950743647535887, 0.8000000000000268008 ) ) ;
#1194 = ORIENTED_EDGE ( 'NONE', *, *, #741, .T. ) ;
#1195 = ADVANCED_FACE ( 'NONE', ( #105, #1209 ), #1363, .F. ) ;
#1196 = ADVANCED_FACE ( 'NONE', ( #373 ), #131, .F. ) ;
#1197 = AXIS2_PLACEMENT_3D ( 'NONE', #1169, #1148, #1176 ) ;
#1198 = CARTESIAN_POINT ( 'NONE',  ( -56.78981047450876929, 42.64767485077727827, 0.000000000000000000 ) ) ;
#1199 = ORIENTED_EDGE ( 'NONE', *, *, #1297, .T. ) ;
#1200 = DIRECTION ( 'NONE',  ( 0.7071067811865431318, -0.7071067811865519026, 0.000000000000000000 ) ) ;
#1201 = DIRECTION ( 'NONE',  ( 1.224646799147354933E-16, -1.000000000000000000, -0.000000000000000000 ) ) ;
#1202 = CARTESIAN_POINT ( 'NONE',  ( -51.41579893749094765, 37.27366331375954189, 8.800000000000000711 ) ) ;
#1203 = VERTEX_POINT ( 'NONE', #1231 ) ;
#1204 = CARTESIAN_POINT ( 'NONE',  ( 34.86950025772585349, 49.01163588145634264, 0.000000000000000000 ) ) ;
#1205 = EDGE_LOOP ( 'NONE', ( #1318, #1759, #1593, #827, #387, #970, #1535, #222, #522, #26 ) ) ;
#1206 = EDGE_CURVE ( 'NONE', #1157, #1686, #529, .T. ) ;
#1207 = DIRECTION ( 'NONE',  ( 0.7071067811865520136, -0.7071067811865431318, 0.000000000000000000 ) ) ;
#1208 = DIRECTION ( 'NONE',  ( -0.5656854249492413445, 0.5656854249492344611, 0.6000000000000004219 ) ) ;
#1209 = FACE_OUTER_BOUND ( 'NONE', #112, .T. ) ;
#1210 = ORIENTED_EDGE ( 'NONE', *, *, #1086, .T. ) ;
#1211 = FACE_OUTER_BOUND ( 'NONE', #1436, .T. ) ;
#1212 = VERTEX_POINT ( 'NONE', #1605 ) ;
#1213 = ORIENTED_EDGE ( 'NONE', *, *, #550, .F. ) ;
#1214 = EDGE_CURVE ( 'NONE', #977, #959, #656, .T. ) ;
#1215 = CARTESIAN_POINT ( 'NONE',  ( -18.21043193040832620, 102.0915680695911618, 20.00000000000000000 ) ) ;
#1216 = CARTESIAN_POINT ( 'NONE',  ( -34.44523618901396134, 62.72950743647533045, 0.8000000000000138112 ) ) ;
#1217 = VECTOR ( 'NONE', #189, 999.9999999999998863 ) ;
#1218 = FACE_BOUND ( 'NONE', #1383, .T. ) ;
#1219 = EDGE_LOOP ( 'NONE', ( #425, #1295, #697, #1286 ) ) ;
#1220 = CIRCLE ( 'NONE', #562, 1.649999999999997247 ) ;
#1221 = AXIS2_PLACEMENT_3D ( 'NONE', #1379, #439, #1110 ) ;
#1222 = FACE_OUTER_BOUND ( 'NONE', #1659, .T. ) ;
#1223 = VERTEX_POINT ( 'NONE', #1202 ) ;
#1224 = VECTOR ( 'NONE', #1487, 1000.000000000000000 ) ;
#1225 = CIRCLE ( 'NONE', #1484, 1.649999999999996803 ) ;
#1226 = EDGE_LOOP ( 'NONE', ( #1003, #1035, #818, #1606 ) ) ;
#1227 = CARTESIAN_POINT ( 'NONE',  ( -57.92118132440722889, 43.77904570067573786, 3.200000000000008171 ) ) ;
#1228 = ADVANCED_FACE ( 'NONE', ( #1625 ), #403, .T. ) ;
#1229 = DIRECTION ( 'NONE',  ( -1.000000000000000000, 0.000000000000000000, 0.000000000000000000 ) ) ;
#1230 = EDGE_CURVE ( 'NONE', #543, #1045, #1698, .T. ) ;
#1231 = CARTESIAN_POINT ( 'NONE',  ( -39.53640501355706505, 53.67854063728749736, 11.20000000000000462 ) ) ;
#1232 = ORIENTED_EDGE ( 'NONE', *, *, #850, .F. ) ;
#1233 = CARTESIAN_POINT ( 'NONE',  ( -57.14999999999999858, 0.000000000000000000, 20.00000000000000000 ) ) ;
#1234 = VERTEX_POINT ( 'NONE', #1748 ) ;
#1235 = ORIENTED_EDGE ( 'NONE', *, *, #68, .F. ) ;
#1236 = CARTESIAN_POINT ( 'NONE',  ( 36.70797788881098711, 64.99224913627230649, 3.200000000000029043 ) ) ;
#1237 = DIRECTION ( 'NONE',  ( 1.224646799147355179E-16, -1.000000000000000000, 0.000000000000000000 ) ) ;
#1238 = ORIENTED_EDGE ( 'NONE', *, *, #899, .T. ) ;
#1239 = EDGE_CURVE ( 'NONE', #657, #1011, #721, .T. ) ;
#1240 = ADVANCED_FACE ( 'NONE', ( #453 ), #24, .F. ) ;
#1241 = CARTESIAN_POINT ( 'NONE',  ( 62.43342590007012660, 4.000000000000007994, 14.99999999999999467 ) ) ;
#1242 = EDGE_LOOP ( 'NONE', ( #147, #821 ) ) ;
#1243 = CARTESIAN_POINT ( 'NONE',  ( 68.15000000000000568, 4.000000000000008882, 19.99999999999999645 ) ) ;
#1244 = CARTESIAN_POINT ( 'NONE',  ( 58.48686674935639473, 30.20259550189401310, 8.800000000000078870 ) ) ;
#1245 = VECTOR ( 'NONE', #1237, 1000.000000000000000 ) ;
#1246 = DIRECTION ( 'NONE',  ( 0.7276068751089977971, 0.000000000000000000, 0.6859943405700364982 ) ) ;
#1247 = AXIS2_PLACEMENT_3D ( 'NONE', #449, #1406, #20 ) ;
#1248 = VERTEX_POINT ( 'NONE', #590 ) ;
#1249 = VECTOR ( 'NONE', #1289, 1000.000000000000114 ) ;
#1250 = EDGE_CURVE ( 'NONE', #1401, #999, #1451, .T. ) ;
#1251 = VERTEX_POINT ( 'NONE', #288 ) ;
#1252 = CIRCLE ( 'NONE', #622, 1.649999999999999023 ) ;
#1253 = VECTOR ( 'NONE', #631, 1000.000000000000114 ) ;
#1254 = DIRECTION ( 'NONE',  ( -1.224646799147354933E-16, 1.000000000000000000, -0.000000000000000000 ) ) ;
#1255 = DIRECTION ( 'NONE',  ( 0.7071067811865526798, 0.7071067811865423547, 0.000000000000000000 ) ) ;
#1256 = EDGE_LOOP ( 'NONE', ( #1677, #1449, #1405, #606 ) ) ;
#1257 = DIRECTION ( 'NONE',  ( 1.224646799147354933E-16, -1.000000000000000000, -0.000000000000000000 ) ) ;
#1258 = EDGE_LOOP ( 'NONE', ( #412, #406, #517, #1543 ) ) ;
#1259 = EDGE_CURVE ( 'NONE', #450, #633, #295, .T. ) ;
#1260 = DIRECTION ( 'NONE',  ( -1.000000000000000000, -1.224347623758489770E-16, 0.000000000000000000 ) ) ;
#1261 = DIRECTION ( 'NONE',  ( 0.7071067811865526798, 0.7071067811865424657, 0.000000000000000000 ) ) ;
#1262 = EDGE_LOOP ( 'NONE', ( #1331, #1044, #1092, #1728 ) ) ;
#1263 = CYLINDRICAL_SURFACE ( 'NONE', #1017, 1.649999999999998579 ) ;
#1264 = ORIENTED_EDGE ( 'NONE', *, *, #775, .T. ) ;
#1265 = CARTESIAN_POINT ( 'NONE',  ( -51.41579893749094765, 37.27366331375954189, 8.800000000000000711 ) ) ;
#1266 = EDGE_CURVE ( 'NONE', #1203, #963, #975, .T. ) ;
#1267 = EDGE_CURVE ( 'NONE', #1177, #977, #1618, .T. ) ;
#1268 =( NAMED_UNIT ( * ) SI_UNIT ( $, .STERADIAN. ) SOLID_ANGLE_UNIT ( ) );
#1269 = DIRECTION ( 'NONE',  ( 0.5656854249492413445, 0.5656854249492342390, 0.6000000000000005329 ) ) ;
#1270 = VERTEX_POINT ( 'NONE', #863 ) ;
#1271 = STYLED_ITEM ( 'NONE', ( #968 ), #1290 ) ;
#1272 = FACE_OUTER_BOUND ( 'NONE', #532, .T. ) ;
#1273 = ORIENTED_EDGE ( 'NONE', *, *, #1610, .F. ) ;
#1274 = VECTOR ( 'NONE', #1528, 1000.000000000000000 ) ;
#1275 = AXIS2_PLACEMENT_3D ( 'NONE', #1376, #1079, #1502 ) ;
#1276 = VECTOR ( 'NONE', #600, 999.9999999999998863 ) ;
#1277 = CARTESIAN_POINT ( 'NONE',  ( 0.000000000000000000, 0.000000000000000000, 20.00000000000000000 ) ) ;
#1278 = AXIS2_PLACEMENT_3D ( 'NONE', #922, #1773, #548 ) ;
#1279 = VECTOR ( 'NONE', #867, 1000.000000000000000 ) ;
#1280 = CARTESIAN_POINT ( 'NONE',  ( 58.48686674935639473, 30.20259550189401310, 8.800000000000078870 ) ) ;
#1281 = CARTESIAN_POINT ( 'NONE',  ( -55.87210184305348548, 35.85944975138643542, 5.931890661940573573 ) ) ;
#1282 = FACE_OUTER_BOUND ( 'NONE', #1368, .T. ) ;
#1283 = ORIENTED_EDGE ( 'NONE', *, *, #1530, .T. ) ;
#1284 = DIRECTION ( 'NONE',  ( -1.224646799147354933E-16, -1.000000000000000000, 0.000000000000000000 ) ) ;
#1285 = CARTESIAN_POINT ( 'NONE',  ( 60.01685180014027310, 4.000000000000007105, 20.00000000000000000 ) ) ;
#1286 = ORIENTED_EDGE ( 'NONE', *, *, #1635, .T. ) ;
#1287 = LINE ( 'NONE', #204, #847 ) ;
#1288 = FACE_OUTER_BOUND ( 'NONE', #1630, .T. ) ;
#1289 = DIRECTION ( 'NONE',  ( -0.5656854249492412334, 0.5656854249492344611, 0.6000000000000004219 ) ) ;
#1290 = MANIFOLD_SOLID_BREP ( '∂Øƒ - âüÇµèoÇµ5', #1739 ) ;
#1291 = ORIENTED_EDGE ( 'NONE', *, *, #1107, .T. ) ;
#1292 = EDGE_CURVE ( 'NONE', #647, #1551, #848, .T. ) ;
#1293 = CARTESIAN_POINT ( 'NONE',  ( 42.64767485077793907, 56.78981047450831454, 0.000000000000000000 ) ) ;
#1294 = DIRECTION ( 'NONE',  ( 0.5656854249492412334, 0.5656854249492343500, 0.6000000000000004219 ) ) ;
#1295 = ORIENTED_EDGE ( 'NONE', *, *, #1030, .F. ) ;
#1296 = DIRECTION ( 'NONE',  ( -0.7276068751089971309, 0.000000000000000000, -0.6859943405700372754 ) ) ;
#1297 = EDGE_CURVE ( 'NONE', #488, #464, #1647, .T. ) ;
#1298 = LINE ( 'NONE', #1280, #538 ) ;
#1299 = CARTESIAN_POINT ( 'NONE',  ( 30.20259550189470943, 58.48686674935611052, 8.800000000000016698 ) ) ;
#1300 = LINE ( 'NONE', #1444, #1336 ) ;
#1301 = ORIENTED_EDGE ( 'NONE', *, *, #469, .F. ) ;
#1302 = EDGE_CURVE ( 'NONE', #1769, #77, #385, .T. ) ;
#1303 = CARTESIAN_POINT ( 'NONE',  ( 15.10594500367792747, 4.906707087988772642, -51.66223201235700913 ) ) ;
#1304 = FACE_OUTER_BOUND ( 'NONE', #158, .T. ) ;
#1305 = ORIENTED_EDGE ( 'NONE', *, *, #626, .T. ) ;
#1306 = AXIS2_PLACEMENT_3D ( 'NONE', #357, #507, #751 ) ;
#1307 = CARTESIAN_POINT ( 'NONE',  ( -62.43342590007013371, 3.999999999999992450, 5.000000000000134115 ) ) ;
#1308 = AXIS2_PLACEMENT_3D ( 'NONE', #706, #181, #1246 ) ;
#1309 = FACE_OUTER_BOUND ( 'NONE', #570, .T. ) ;
#1310 = PLANE ( 'NONE',  #1537 ) ;
#1311 = ORIENTED_EDGE ( 'NONE', *, *, #257, .F. ) ;
#1312 = CARTESIAN_POINT ( 'NONE',  ( 65.73342590007013087, -0.001000000000008604249, 5.000000000000000000 ) ) ;
#1313 = DIRECTION ( 'NONE',  ( 1.000000000000000000, 1.224646799147354933E-16, 0.000000000000000000 ) ) ;
#1314 = ORIENTED_EDGE ( 'NONE', *, *, #551, .T. ) ;
#1315 = EDGE_CURVE ( 'NONE', #1686, #262, #1001, .T. ) ;
#1316 = CARTESIAN_POINT ( 'NONE',  ( 38.12219145118405805, 59.33539488677990192, 7.200000000000029488 ) ) ;
#1317 = CYLINDRICAL_SURFACE ( 'NONE', #353, 1.649999999999998579 ) ;
#1318 = ORIENTED_EDGE ( 'NONE', *, *, #659, .T. ) ;
#1319 = LINE ( 'NONE', #1579, #8 ) ;
#1320 = ORIENTED_EDGE ( 'NONE', *, *, #785, .T. ) ;
#1321 = CARTESIAN_POINT ( 'NONE',  ( 62.72950743647572125, 34.44523618901325790, 0.8000000000000823119 ) ) ;
#1322 = DIRECTION ( 'NONE',  ( 0.000000000000000000, 0.000000000000000000, 1.000000000000000000 ) ) ;
#1323 = ORIENTED_EDGE ( 'NONE', *, *, #537, .F. ) ;
#1324 = PLANE ( 'NONE',  #209 ) ;
#1325 = ADVANCED_FACE ( 'NONE', ( #1664 ), #1549, .F. ) ;
#1326 = CARTESIAN_POINT ( 'NONE',  ( -68.15000000000000568, -8.345967936189223381E-15, 0.000000000000000000 ) ) ;
#1327 = EDGE_CURVE ( 'NONE', #1377, #1666, #1519, .T. ) ;
#1328 = DIRECTION ( 'NONE',  ( -1.224646799147354933E-16, 1.000000000000000000, -0.000000000000000000 ) ) ;
#1329 = ORIENTED_EDGE ( 'NONE', *, *, #224, .F. ) ;
#1330 = LINE ( 'NONE', #1053, #1620 ) ;
#1331 = ORIENTED_EDGE ( 'NONE', *, *, #659, .F. ) ;
#1332 = DIRECTION ( 'NONE',  ( 0.7276068751089975750, 0.000000000000000000, -0.6859943405700368313 ) ) ;
#1333 = VECTOR ( 'NONE', #1200, 1000.000000000000000 ) ;
#1334 = DIRECTION ( 'NONE',  ( 0.5656854249492416775, -0.5656854249492345721, -0.5999999999999999778 ) ) ;
#1335 = VECTOR ( 'NONE', #1371, 1000.000000000000000 ) ;
#1336 = VECTOR ( 'NONE', #190, 1000.000000000000114 ) ;
#1337 = CARTESIAN_POINT ( 'NONE',  ( 64.08342590007012518, -0.001000000000008806345, 14.99999999999999467 ) ) ;
#1338 = VERTEX_POINT ( 'NONE', #143 ) ;
#1339 = EDGE_CURVE ( 'NONE', #116, #212, #695, .T. ) ;
#1340 = AXIS2_PLACEMENT_3D ( 'NONE', #756, #195, #747 ) ;
#1341 = DIRECTION ( 'NONE',  ( -1.000000000000000000, -1.224646799147356412E-16, 0.000000000000000000 ) ) ;
#1342 = ORIENTED_EDGE ( 'NONE', *, *, #1149, .F. ) ;
#1343 = CARTESIAN_POINT ( 'NONE',  ( 37.27366331376013875, 51.41579893749059238, 8.800000000000023803 ) ) ;
#1344 = CYLINDRICAL_SURFACE ( 'NONE', #268, 1.650000000000001465 ) ;
#1345 = DIRECTION ( 'NONE',  ( 0.7071067811865520136, -0.7071067811865431318, 0.000000000000000000 ) ) ;
#1346 = ORIENTED_EDGE ( 'NONE', *, *, #168, .F. ) ;
#1347 = CARTESIAN_POINT ( 'NONE',  ( 4.906707087988522176, -16.30649634760777289, -50.53034135041640695 ) ) ;
#1348 = ADVANCED_FACE ( 'NONE', ( #483 ), #366, .T. ) ;
#1349 = ORIENTED_EDGE ( 'NONE', *, *, #766, .T. ) ;
#1350 = EDGE_CURVE ( 'NONE', #256, #262, #179, .T. ) ;
#1351 = ORIENTED_EDGE ( 'NONE', *, *, #626, .F. ) ;
#1352 = DIRECTION ( 'NONE',  ( 0.7276068751089967979, 0.000000000000000000, -0.6859943405700376085 ) ) ;
#1353 = FACE_BOUND ( 'NONE', #35, .T. ) ;
#1354 = DIRECTION ( 'NONE',  ( -0.7071067811865431318, -0.7071067811865520136, 0.000000000000000000 ) ) ;
#1355 = ORIENTED_EDGE ( 'NONE', *, *, #1671, .T. ) ;
#1356 = FACE_OUTER_BOUND ( 'NONE', #1187, .T. ) ;
#1357 = ORIENTED_EDGE ( 'NONE', *, *, #1448, .F. ) ;
#1358 = ADVANCED_FACE ( 'NONE', ( #1598, #1309 ), #748, .T. ) ;
#1359 = ORIENTED_EDGE ( 'NONE', *, *, #1622, .T. ) ;
#1360 = FACE_OUTER_BOUND ( 'NONE', #1262, .T. ) ;
#1361 = PLANE ( 'NONE',  #1188 ) ;
#1362 = AXIS2_PLACEMENT_3D ( 'NONE', #1100, #713, #1649 ) ;
#1363 = PLANE ( 'NONE',  #964 ) ;
#1364 = ORIENTED_EDGE ( 'NONE', *, *, #1425, .T. ) ;
#1365 = AXIS2_PLACEMENT_3D ( 'NONE', #1140, #724, #309 ) ;
#1366 = AXIS2_PLACEMENT_3D ( 'NONE', #1233, #552, #792 ) ;
#1367 = CARTESIAN_POINT ( 'NONE',  ( -64.08342590007012518, -8.491505296224360899E-16, 5.000000000000134115 ) ) ;
#1368 = EDGE_LOOP ( 'NONE', ( #625, #1614, #1080, #937 ) ) ;
#1369 = AXIS2_PLACEMENT_3D ( 'NONE', #367, #354, #1166 ) ;
#1370 = AXIS2_PLACEMENT_3D ( 'NONE', #347, #624, #497 ) ;
#1371 = DIRECTION ( 'NONE',  ( -0.7071067811865416886, 0.7071067811865534569, -2.775557561562891745E-15 ) ) ;
#1372 = ADVANCED_FACE ( 'NONE', ( #42 ), #471, .F. ) ;
#1373 = EDGE_CURVE ( 'NONE', #911, #1416, #731, .T. ) ;
#1374 = DIRECTION ( 'NONE',  ( -0.5656854249492412334, 0.5656854249492344611, 0.6000000000000004219 ) ) ;
#1375 = VERTEX_POINT ( 'NONE', #1020 ) ;
#1376 = CARTESIAN_POINT ( 'NONE',  ( 35.85944975138710333, 57.07265318698296142, 4.800000000000033573 ) ) ;
#1377 = VERTEX_POINT ( 'NONE', #1707 ) ;
#1378 = ORIENTED_EDGE ( 'NONE', *, *, #1671, .F. ) ;
#1379 = CARTESIAN_POINT ( 'NONE',  ( -55.65843962461025285, 41.51630400087880446, 0.8000000000000068168 ) ) ;
#1380 = DIRECTION ( 'NONE',  ( -1.224646799147354933E-16, 1.000000000000000000, -0.000000000000000000 ) ) ;
#1381 = LINE ( 'NONE', #10, #679 ) ;
#1382 = VERTEX_POINT ( 'NONE', #84 ) ;
#1383 = EDGE_LOOP ( 'NONE', ( #1489, #1445 ) ) ;
#1384 = LINE ( 'NONE', #23, #1105 ) ;
#1385 = SURFACE_STYLE_FILL_AREA ( #1137 ) ;
#1386 = VECTOR ( 'NONE', #1724, 1000.000000000000000 ) ;
#1387 = DIRECTION ( 'NONE',  ( -1.000000000000000000, 0.000000000000000000, 0.000000000000000000 ) ) ;
#1388 = VERTEX_POINT ( 'NONE', #332 ) ;
#1389 = AXIS2_PLACEMENT_3D ( 'NONE', #784, #1334, #286 ) ;
#1390 = VECTOR ( 'NONE', #1069, 1000.000000000000114 ) ;
#1391 = PLANE ( 'NONE',  #843 ) ;
#1392 = VERTEX_POINT ( 'NONE', #1569 ) ;
#1393 = CIRCLE ( 'NONE', #1365, 1.649999999999998579 ) ;
#1394 = FACE_BOUND ( 'NONE', #916, .T. ) ;
#1395 = CARTESIAN_POINT ( 'NONE',  ( 16.30649634760777289, 4.906707087988772642, -50.53034135041644248 ) ) ;
#1396 = CARTESIAN_POINT ( 'NONE',  ( -62.43342590007013371, -6.470838077631223460E-16, 5.000000000000134115 ) ) ;
#1397 = ORIENTED_EDGE ( 'NONE', *, *, #1684, .F. ) ;
#1398 = EDGE_CURVE ( 'NONE', #1769, #1045, #1029, .T. ) ;
#1399 = CARTESIAN_POINT ( 'NONE',  ( -58.48686674935636631, 30.20259550189402020, 8.800000000000011369 ) ) ;
#1400 = EDGE_CURVE ( 'NONE', #802, #1121, #618, .T. ) ;
#1401 = VERTEX_POINT ( 'NONE', #1281 ) ;
#1402 = PLANE ( 'NONE',  #960 ) ;
#1403 = SURFACE_STYLE_USAGE ( .BOTH. , #855 ) ;
#1404 = DIRECTION ( 'NONE',  ( 0.7276068751089974640, 0.000000000000000000, -0.6859943405700369423 ) ) ;
#1405 = ORIENTED_EDGE ( 'NONE', *, *, #1609, .F. ) ;
#1406 = DIRECTION ( 'NONE',  ( -1.224646799147354933E-16, -1.000000000000000000, 0.000000000000000000 ) ) ;
#1407 = ORIENTED_EDGE ( 'NONE', *, *, #741, .F. ) ;
#1408 = ADVANCED_FACE ( 'NONE', ( #196 ), #1038, .T. ) ;
#1409 = CARTESIAN_POINT ( 'NONE',  ( -57.14999999999999858, 0.000000000000000000, 0.000000000000000000 ) ) ;
#1410 = DIRECTION ( 'NONE',  ( 0.5656854249492412334, 0.5656854249492342390, 0.6000000000000005329 ) ) ;
#1411 = LINE ( 'NONE', #573, #242 ) ;
#1412 = ORIENTED_EDGE ( 'NONE', *, *, #342, .F. ) ;
#1413 = AXIS2_PLACEMENT_3D ( 'NONE', #1048, #902, #1456 ) ;
#1414 = CARTESIAN_POINT ( 'NONE',  ( 55.65843962461030969, 41.51630400087879735, 0.8000000000000545564 ) ) ;
#1415 = ORIENTED_EDGE ( 'NONE', *, *, #1239, .F. ) ;
#1416 = VERTEX_POINT ( 'NONE', #205 ) ;
#1417 = CIRCLE ( 'NONE', #65, 1.650000000000005684 ) ;
#1418 = VECTOR ( 'NONE', #133, 1000.000000000000000 ) ;
#1419 = AXIS2_PLACEMENT_3D ( 'NONE', #1067, #672, #521 ) ;
#1420 = CARTESIAN_POINT ( 'NONE',  ( -64.08342590007012518, 3.999999999999992450, 5.000000000000134115 ) ) ;
#1421 = VECTOR ( 'NONE', #466, 1000.000000000000000 ) ;
#1422 = CARTESIAN_POINT ( 'NONE',  ( 68.15000000000000568, 4.000000000000008882, 0.000000000000000000 ) ) ;
#1423 = EDGE_CURVE ( 'NONE', #212, #530, #1144, .T. ) ;
#1424 = DIRECTION ( 'NONE',  ( -1.224646799147354933E-16, 1.000000000000000000, 0.000000000000000000 ) ) ;
#1425 = EDGE_CURVE ( 'NONE', #1071, #647, #1443, .T. ) ;
#1426 = CARTESIAN_POINT ( 'NONE',  ( 51.41579893749096186, 37.27366331375955610, 8.800000000000054001 ) ) ;
#1427 = ORIENTED_EDGE ( 'NONE', *, *, #227, .T. ) ;
#1428 = CARTESIAN_POINT ( 'NONE',  ( 39.53640501355710057, 53.67854063728752578, 11.20000000000002593 ) ) ;
#1429 = FACE_BOUND ( 'NONE', #1629, .T. ) ;
#1430 = ORIENTED_EDGE ( 'NONE', *, *, #635, .F. ) ;
#1431 = DIRECTION ( 'NONE',  ( -1.000000000000000000, 0.000000000000000000, 0.000000000000000000 ) ) ;
#1432 = CARTESIAN_POINT ( 'NONE',  ( -58.14999999999999858, 3.999999999999993339, 20.00000000000000000 ) ) ;
#1433 = CARTESIAN_POINT ( 'NONE',  ( 30.20259550189470943, 58.48686674935611052, 8.800000000000016698 ) ) ;
#1434 = EDGE_CURVE ( 'NONE', #1586, #376, #500, .T. ) ;
#1435 = LINE ( 'NONE', #760, #536 ) ;
#1436 = EDGE_LOOP ( 'NONE', ( #1565, #165, #106, #1463 ) ) ;
#1437 = EDGE_CURVE ( 'NONE', #355, #374, #351, .T. ) ;
#1438 = FACE_OUTER_BOUND ( 'NONE', #1469, .T. ) ;
#1439 = CARTESIAN_POINT ( 'NONE',  ( -10.43225733735624239, 109.8697426626431479, 2.000000000000000000 ) ) ;
#1440 = VERTEX_POINT ( 'NONE', #1009 ) ;
#1441 = LINE ( 'NONE', #40, #505 ) ;
#1442 = CARTESIAN_POINT ( 'NONE',  ( 68.15000000000000568, 4.000000000000008882, 19.99999999999999645 ) ) ;
#1443 = LINE ( 'NONE', #1585, #1476 ) ;
#1444 = CARTESIAN_POINT ( 'NONE',  ( 41.51630400087945105, 55.65843962460986205, 0.8000000000000268008 ) ) ;
#1445 = ORIENTED_EDGE ( 'NONE', *, *, #1118, .F. ) ;
#1446 = DIRECTION ( 'NONE',  ( -0.000000000000000000, -0.000000000000000000, -1.000000000000000000 ) ) ;
#1447 = CARTESIAN_POINT ( 'NONE',  ( 0.000000000000000000, 0.000000000000000000, 20.00000000000000000 ) ) ;
#1448 = EDGE_CURVE ( 'NONE', #1693, #574, #440, .T. ) ;
#1449 = ORIENTED_EDGE ( 'NONE', *, *, #1643, .F. ) ;
#1450 = ADVANCED_FACE ( 'NONE', ( #768 ), #1317, .F. ) ;
#1451 = CIRCLE ( 'NONE', #1732, 1.650000000000005240 ) ;
#1452 = DIRECTION ( 'NONE',  ( 0.5656854249492413445, -0.5656854249492343500, -0.6000000000000004219 ) ) ;
#1453 = VECTOR ( 'NONE', #1667, 1000.000000000000000 ) ;
#1454 = AXIS2_PLACEMENT_3D ( 'NONE', #1277, #861, #1431 ) ;
#1455 = DIRECTION ( 'NONE',  ( 0.7071067811865420216, -0.7071067811865531239, 2.428612866367526777E-15 ) ) ;
#1456 = DIRECTION ( 'NONE',  ( 0.7071067811865526798, -0.7071067811865423547, 0.000000000000000000 ) ) ;
#1457 = ORIENTED_EDGE ( 'NONE', *, *, #345, .F. ) ;
#1458 = AXIS2_PLACEMENT_3D ( 'NONE', #773, #487, #752 ) ;
#1459 = PLANE ( 'NONE',  #271 ) ;
#1460 = ORIENTED_EDGE ( 'NONE', *, *, #1107, .F. ) ;
#1461 = CARTESIAN_POINT ( 'NONE',  ( 60.74960844915335656, 32.46533720169095005, 11.20000000000008100 ) ) ;
#1462 = FACE_BOUND ( 'NONE', #455, .T. ) ;
#1463 = ORIENTED_EDGE ( 'NONE', *, *, #1704, .F. ) ;
#1464 = DIRECTION ( 'NONE',  ( -1.224646799147355179E-16, 1.000000000000000000, 0.000000000000000000 ) ) ;
#1465 = PLANE ( 'NONE',  #321 ) ;
#1466 = CYLINDRICAL_SURFACE ( 'NONE', #1369, 60.14999999999999858 ) ;
#1467 = VERTEX_POINT ( 'NONE', #740 ) ;
#1468 = CARTESIAN_POINT ( 'NONE',  ( -56.78981047450877639, 42.64767485077727827, 2.000000000000000000 ) ) ;
#1469 = EDGE_LOOP ( 'NONE', ( #1357, #560, #996, #1235 ) ) ;
#1470 = DIRECTION ( 'NONE',  ( -0.000000000000000000, -0.000000000000000000, -1.000000000000000000 ) ) ;
#1471 = LINE ( 'NONE', #547, #1508 ) ;
#1472 = CARTESIAN_POINT ( 'NONE',  ( 59.33539488678031404, 38.12219145118334040, 7.200000000000074785 ) ) ;
#1473 = EDGE_LOOP ( 'NONE', ( #1062, #1060, #1180, #1683 ) ) ;
#1474 = DIRECTION ( 'NONE',  ( 1.224646799147355179E-16, -1.000000000000000000, 0.000000000000000000 ) ) ;
#1475 = ORIENTED_EDGE ( 'NONE', *, *, #1398, .F. ) ;
#1476 = VECTOR ( 'NONE', #1688, 1000.000000000000000 ) ;
#1477 = DIRECTION ( 'NONE',  ( 0.4242640687119313414, -0.4242640687119260678, 0.7999999999999998224 ) ) ;
#1478 = CIRCLE ( 'NONE', #870, 1.649999999999999023 ) ;
#1479 = DIRECTION ( 'NONE',  ( -1.224646799147354933E-16, 1.000000000000000000, -0.000000000000000000 ) ) ;
#1480 = ADVANCED_FACE ( 'NONE', ( #1288 ), #1465, .T. ) ;
#1481 = AXIS2_PLACEMENT_3D ( 'NONE', #1766, #1354, #1345 ) ;
#1482 = EDGE_CURVE ( 'NONE', #1401, #1248, #129, .T. ) ;
#1483 = DIRECTION ( 'NONE',  ( -1.224646799147354933E-16, 1.000000000000000000, -0.000000000000000000 ) ) ;
#1484 = AXIS2_PLACEMENT_3D ( 'NONE', #1576, #598, #1000 ) ;
#1485 = VERTEX_POINT ( 'NONE', #1499 ) ;
#1486 = VECTOR ( 'NONE', #1526, 999.9999999999998863 ) ;
#1487 = DIRECTION ( 'NONE',  ( 0.000000000000000000, 0.000000000000000000, -1.000000000000000000 ) ) ;
#1488 = ORIENTED_EDGE ( 'NONE', *, *, #786, .T. ) ;
#1489 = ORIENTED_EDGE ( 'NONE', *, *, #1400, .F. ) ;
#1490 = FACE_OUTER_BOUND ( 'NONE', #1131, .T. ) ;
#1491 = CARTESIAN_POINT ( 'NONE',  ( 10.43225733735625660, 109.8697426626431479, 2.000000000000000000 ) ) ;
#1492 = LINE ( 'NONE', #1740, #476 ) ;
#1493 = ORIENTED_EDGE ( 'NONE', *, *, #1517, .F. ) ;
#1494 = ADVANCED_FACE ( 'NONE', ( #777 ), #118, .T. ) ;
#1495 = CARTESIAN_POINT ( 'NONE',  ( -64.99224913627266176, 36.70797788881020551, 3.200000000000015277 ) ) ;
#1496 = ORIENTED_EDGE ( 'NONE', *, *, #635, .T. ) ;
#1497 = ORIENTED_EDGE ( 'NONE', *, *, #1028, .F. ) ;
#1498 = CARTESIAN_POINT ( 'NONE',  ( 34.86950025772585349, 49.01163588145634264, -35.00000000000004263 ) ) ;
#1499 = CARTESIAN_POINT ( 'NONE',  ( -60.53594623071013103, 38.12219145118335462, 6.068109338059433533 ) ) ;
#1500 = DIRECTION ( 'NONE',  ( -1.000000000000000000, 0.000000000000000000, 0.000000000000000000 ) ) ;
#1501 = ORIENTED_EDGE ( 'NONE', *, *, #1350, .T. ) ;
#1502 = DIRECTION ( 'NONE',  ( -0.7276068751089977971, 0.000000000000000000, 0.6859943405700364982 ) ) ;
#1503 = ORIENTED_EDGE ( 'NONE', *, *, #224, .T. ) ;
#1504 = EDGE_CURVE ( 'NONE', #183, #1377, #1101, .T. ) ;
#1505 = ADVANCED_FACE ( 'NONE', ( #947 ), #1632, .T. ) ;
#1506 = ORIENTED_EDGE ( 'NONE', *, *, #981, .T. ) ;
#1507 = LINE ( 'NONE', #1662, #1733 ) ;
#1508 = VECTOR ( 'NONE', #1762, 1000.000000000000000 ) ;
#1509 = AXIS2_PLACEMENT_3D ( 'NONE', #1420, #1036, #739 ) ;
#1510 = CARTESIAN_POINT ( 'NONE',  ( -4.906707087988508853, -16.30649634760775868, -50.53034135041644959 ) ) ;
#1511 = VERTEX_POINT ( 'NONE', #1771 ) ;
#1512 = CIRCLE ( 'NONE', #649, 57.14999999999999858 ) ;
#1513 = VECTOR ( 'NONE', #1696, 1000.000000000000000 ) ;
#1514 = DIRECTION ( 'NONE',  ( -0.000000000000000000, -0.000000000000000000, -1.000000000000000000 ) ) ;
#1515 = EDGE_LOOP ( 'NONE', ( #1496, #897, #324, #1346, #723, #1142, #1638, #75, #832, #952, #639, #1497, #1283, #1602, #1089, #11 ) ) ;
#1516 = ORIENTED_EDGE ( 'NONE', *, *, #1546, .F. ) ;
#1517 = EDGE_CURVE ( 'NONE', #207, #554, #1471, .T. ) ;
#1518 = FACE_OUTER_BOUND ( 'NONE', #1616, .T. ) ;
#1519 = LINE ( 'NONE', #830, #180 ) ;
#1520 = DIRECTION ( 'NONE',  ( 0.5656854249492412334, 0.5656854249492342390, 0.6000000000000005329 ) ) ;
#1521 = ORIENTED_EDGE ( 'NONE', *, *, #809, .F. ) ;
#1522 = ORIENTED_EDGE ( 'NONE', *, *, #1423, .F. ) ;
#1523 = CARTESIAN_POINT ( 'NONE',  ( -64.08342590007009676, -0.001000000000024418856, 15.00000000000012612 ) ) ;
#1524 = DIRECTION ( 'NONE',  ( -0.4242640687119343945, -0.4242640687119232923, 0.7999999999999996003 ) ) ;
#1525 = EDGE_LOOP ( 'NONE', ( #525, #637, #1167, #688, #408, #715, #1600, #134, #667, #135, #1583, #1098 ) ) ;
#1526 = DIRECTION ( 'NONE',  ( -0.7071067811865431318, -0.7071067811865520136, 6.938893903907223447E-16 ) ) ;
#1527 = EDGE_LOOP ( 'NONE', ( #55, #707, #479, #1617, #1722, #167, #771, #1097, #1359, #769 ) ) ;
#1528 = DIRECTION ( 'NONE',  ( -1.000000000000000000, -1.224646799147354933E-16, 3.469446951953613696E-16 ) ) ;
#1529 = DIRECTION ( 'NONE',  ( -0.4242640687119316190, -0.4242640687119260678, 0.7999999999999997113 ) ) ;
#1530 = EDGE_CURVE ( 'NONE', #633, #1212, #671, .T. ) ;
#1531 = EDGE_CURVE ( 'NONE', #1011, #699, #1621, .T. ) ;
#1532 = AXIS2_PLACEMENT_3D ( 'NONE', #1299, #1163, #320 ) ;
#1533 = LINE ( 'NONE', #714, #1702 ) ;
#1534 = CIRCLE ( 'NONE', #1306, 1.650000000000003242 ) ;
#1535 = ORIENTED_EDGE ( 'NONE', *, *, #1715, .F. ) ;
#1536 = CIRCLE ( 'NONE', #1509, 1.649999999999998579 ) ;
#1537 = AXIS2_PLACEMENT_3D ( 'NONE', #883, #1145, #749 ) ;
#1538 = CARTESIAN_POINT ( 'NONE',  ( 49.01163588145672634, 34.86950025772532058, -35.00000000000004263 ) ) ;
#1539 = ORIENTED_EDGE ( 'NONE', *, *, #1609, .T. ) ;
#1540 = LINE ( 'NONE', #954, #1335 ) ;
#1541 = DIRECTION ( 'NONE',  ( -0.5656854249492413445, 0.5656854249492344611, 0.6000000000000004219 ) ) ;
#1542 = FACE_OUTER_BOUND ( 'NONE', #485, .T. ) ;
#1543 = ORIENTED_EDGE ( 'NONE', *, *, #1400, .T. ) ;
#1544 = ADVANCED_FACE ( 'NONE', ( #541 ), #1361, .F. ) ;
#1545 = FACE_OUTER_BOUND ( 'NONE', #108, .T. ) ;
#1546 = EDGE_CURVE ( 'NONE', #464, #780, #226, .T. ) ;
#1547 = EDGE_LOOP ( 'NONE', ( #971, #859, #1364, #291 ) ) ;
#1548 = CARTESIAN_POINT ( 'NONE',  ( -60.01685180014027310, 3.999999999999993339, 20.00000000000000000 ) ) ;
#1549 = CYLINDRICAL_SURFACE ( 'NONE', #1362, 1.649999999999997691 ) ;
#1550 = DIRECTION ( 'NONE',  ( -0.7071067811865510144, 0.7071067811865441310, 0.000000000000000000 ) ) ;
#1551 = VERTEX_POINT ( 'NONE', #1326 ) ;
#1552 = CARTESIAN_POINT ( 'NONE',  ( -62.43342590007013371, -0.001000000000024216761, 5.000000000000134115 ) ) ;
#1553 = DIRECTION ( 'NONE',  ( -1.000000000000000000, -1.224646799147356412E-16, 0.000000000000000000 ) ) ;
#1554 = ORIENTED_EDGE ( 'NONE', *, *, #1763, .T. ) ;
#1555 = EDGE_CURVE ( 'NONE', #642, #314, #644, .T. ) ;
#1556 = ADVANCED_FACE ( 'NONE', ( #921 ), #1604, .F. ) ;
#1557 = PRODUCT_DEFINITION_SHAPE ( 'NONE', 'NONE',  #1726 ) ;
#1558 = CARTESIAN_POINT ( 'NONE',  ( -37.06000109531689191, 57.07265318698295431, 3.668109338059451385 ) ) ;
#1559 = CARTESIAN_POINT ( 'NONE',  ( -64.08342590007012518, -0.001000000000024418856, 5.000000000000134115 ) ) ;
#1560 = CARTESIAN_POINT ( 'NONE',  ( -62.72950743647569283, 34.44523618901326500, 0.8000000000000138112 ) ) ;
#1561 = ORIENTED_EDGE ( 'NONE', *, *, #836, .T. ) ;
#1562 = VECTOR ( 'NONE', #14, 1000.000000000000000 ) ;
#1563 = DIRECTION ( 'NONE',  ( 0.7071067811865420216, -0.7071067811865531239, 2.059984127722458425E-15 ) ) ;
#1564 = DIRECTION ( 'NONE',  ( -1.000000000000000000, 0.000000000000000000, 0.000000000000000000 ) ) ;
#1565 = ORIENTED_EDGE ( 'NONE', *, *, #345, .T. ) ;
#1566 = AXIS2_PLACEMENT_3D ( 'NONE', #1523, #1254, #17 ) ;
#1567 = VECTOR ( 'NONE', #1151, 1000.000000000000000 ) ;
#1568 = CARTESIAN_POINT ( 'NONE',  ( -39.32274279511385373, 59.33539488677988771, 6.068109338059443303 ) ) ;
#1569 = CARTESIAN_POINT ( 'NONE',  ( 68.15000000000000568, 4.000000000000008882, 0.000000000000000000 ) ) ;
#1570 = DIRECTION ( 'NONE',  ( -1.000000000000000000, 0.000000000000000000, 0.000000000000000000 ) ) ;
#1571 = ORIENTED_EDGE ( 'NONE', *, *, #997, .F. ) ;
#1572 = DIRECTION ( 'NONE',  ( 1.000000000000000000, 1.224646799147354933E-16, 0.000000000000000000 ) ) ;
#1573 = DIRECTION ( 'NONE',  ( 0.7071067811865510144, 0.7071067811865441310, 0.000000000000000000 ) ) ;
#1574 = ORIENTED_EDGE ( 'NONE', *, *, #974, .T. ) ;
#1575 = CARTESIAN_POINT ( 'NONE',  ( 55.87210184305352811, 35.85944975138641411, 5.931890661940643739 ) ) ;
#1576 = CARTESIAN_POINT ( 'NONE',  ( 35.85944975138710333, 57.07265318698296142, 4.800000000000033573 ) ) ;
#1577 = DIRECTION ( 'NONE',  ( -0.5656854249492404563, -0.5656854249492346831, -0.6000000000000009770 ) ) ;
#1578 = ADVANCED_FACE ( 'NONE', ( #252 ), #1344, .F. ) ;
#1579 = CARTESIAN_POINT ( 'NONE',  ( -37.27366331376010322, 51.41579893749055685, 8.800000000000004263 ) ) ;
#1580 = ORIENTED_EDGE ( 'NONE', *, *, #973, .T. ) ;
#1581 = LINE ( 'NONE', #878, #473 ) ;
#1582 = DIRECTION ( 'NONE',  ( -1.000000000000000000, 0.000000000000000000, 0.000000000000000000 ) ) ;
#1583 = ORIENTED_EDGE ( 'NONE', *, *, #115, .T. ) ;
#1584 = CARTESIAN_POINT ( 'NONE',  ( 36.70797788881098711, 64.99224913627230649, 3.200000000000029043 ) ) ;
#1585 = CARTESIAN_POINT ( 'NONE',  ( -68.15000000000000568, 3.999999999999991562, 19.99999999999999645 ) ) ;
#1586 = VERTEX_POINT ( 'NONE', #1754 ) ;
#1587 = LINE ( 'NONE', #1183, #565 ) ;
#1588 = EDGE_LOOP ( 'NONE', ( #1264, #1503 ) ) ;
#1589 = ADVANCED_FACE ( 'NONE', ( #528 ), #1085, .T. ) ;
#1590 = ADVANCED_FACE ( 'NONE', ( #1353, #402 ), #234, .T. ) ;
#1591 = DIRECTION ( 'NONE',  ( 0.7071067811865526798, -0.7071067811865423547, 0.000000000000000000 ) ) ;
#1592 = FACE_OUTER_BOUND ( 'NONE', #138, .T. ) ;
#1593 = ORIENTED_EDGE ( 'NONE', *, *, #394, .T. ) ;
#1594 = AXIS2_PLACEMENT_3D ( 'NONE', #882, #1577, #1695 ) ;
#1595 = VECTOR ( 'NONE', #623, 999.9999999999998863 ) ;
#1596 = AXIS2_PLACEMENT_3D ( 'NONE', #454, #567, #1387 ) ;
#1597 = LINE ( 'NONE', #1065, #6 ) ;
#1598 = FACE_BOUND ( 'NONE', #1588, .T. ) ;
#1599 = CARTESIAN_POINT ( 'NONE',  ( -58.48686674935636631, 30.20259550189402020, 8.800000000000011369 ) ) ;
#1600 = ORIENTED_EDGE ( 'NONE', *, *, #1715, .T. ) ;
#1601 = DIRECTION ( 'NONE',  ( 1.224646799147355179E-16, -1.000000000000000000, 0.000000000000000000 ) ) ;
#1602 = ORIENTED_EDGE ( 'NONE', *, *, #973, .F. ) ;
#1603 = DIRECTION ( 'NONE',  ( -0.7071067811865526798, -0.7071067811865424657, 0.000000000000000000 ) ) ;
#1604 = CYLINDRICAL_SURFACE ( 'NONE', #239, 1.649999999999998579 ) ;
#1605 = CARTESIAN_POINT ( 'NONE',  ( 56.78981047450880482, 42.64767485077727827, 0.000000000000000000 ) ) ;
#1606 = ORIENTED_EDGE ( 'NONE', *, *, #199, .F. ) ;
#1607 = CARTESIAN_POINT ( 'NONE',  ( -68.15000000000000568, 3.999999999999991562, 0.000000000000000000 ) ) ;
#1608 = ORIENTED_EDGE ( 'NONE', *, *, #786, .F. ) ;
#1609 = EDGE_CURVE ( 'NONE', #1392, #123, #555, .T. ) ;
#1610 = EDGE_CURVE ( 'NONE', #464, #488, #1417, .T. ) ;
#1611 = LINE ( 'NONE', #1084, #159 ) ;
#1612 = CARTESIAN_POINT ( 'NONE',  ( 62.43342590007012660, -0.001000000000009008440, 14.99999999999999467 ) ) ;
#1613 = CARTESIAN_POINT ( 'NONE',  ( 43.77904570067641998, 57.92118132440679545, 3.200000000000029043 ) ) ;
#1614 = ORIENTED_EDGE ( 'NONE', *, *, #1350, .F. ) ;
#1615 = CARTESIAN_POINT ( 'NONE',  ( -68.15000000000000568, -8.345967936189223381E-15, 19.99999999999999645 ) ) ;
#1616 = EDGE_LOOP ( 'NONE', ( #480, #1378, #247, #931 ) ) ;
#1617 = ORIENTED_EDGE ( 'NONE', *, *, #1315, .T. ) ;
#1618 = CIRCLE ( 'NONE', #151, 2.000000000000002665 ) ;
#1619 = LINE ( 'NONE', #401, #356 ) ;
#1620 = VECTOR ( 'NONE', #486, 1000.000000000000000 ) ;
#1621 = LINE ( 'NONE', #1639, #957 ) ;
#1622 = EDGE_CURVE ( 'NONE', #1388, #610, #1507, .T. ) ;
#1623 = AXIS2_PLACEMENT_3D ( 'NONE', #1674, #995, #1550 ) ;
#1624 = ADVANCED_FACE ( 'NONE', ( #1124, #162, #270 ), #1402, .F. ) ;
#1625 = FACE_OUTER_BOUND ( 'NONE', #448, .T. ) ;
#1626 = VECTOR ( 'NONE', #926, 1000.000000000000114 ) ;
#1627 = ORIENTED_EDGE ( 'NONE', *, *, #85, .T. ) ;
#1628 = CARTESIAN_POINT ( 'NONE',  ( 57.14999999999999858, 0.000000000000000000, 20.00000000000000000 ) ) ;
#1629 = EDGE_LOOP ( 'NONE', ( #1323, #265 ) ) ;
#1630 = EDGE_LOOP ( 'NONE', ( #467, #99, #985, #1655 ) ) ;
#1631 = FACE_OUTER_BOUND ( 'NONE', #1756, .T. ) ;
#1632 = CYLINDRICAL_SURFACE ( 'NONE', #900, 60.14999999999999858 ) ;
#1633 = PLANE ( 'NONE',  #1481 ) ;
#1634 = ORIENTED_EDGE ( 'NONE', *, *, #871, .T. ) ;
#1635 = EDGE_CURVE ( 'NONE', #1223, #1039, #834, .T. ) ;
#1636 = DIRECTION ( 'NONE',  ( 0.5656854249492413445, 0.5656854249492342390, 0.6000000000000005329 ) ) ;
#1637 = ORIENTED_EDGE ( 'NONE', *, *, #591, .T. ) ;
#1638 = ORIENTED_EDGE ( 'NONE', *, *, #785, .F. ) ;
#1639 = CARTESIAN_POINT ( 'NONE',  ( -37.27366331376010322, 51.41579893749055685, 8.800000000000004263 ) ) ;
#1640 = DIRECTION ( 'NONE',  ( -1.000000000000000000, -1.224347623758484347E-16, 0.000000000000000000 ) ) ;
#1641 = ORIENTED_EDGE ( 'NONE', *, *, #518, .F. ) ;
#1642 = DIRECTION ( 'NONE',  ( -0.7071067811865526798, -0.7071067811865423547, 0.000000000000000000 ) ) ;
#1643 = EDGE_CURVE ( 'NONE', #123, #28, #1646, .T. ) ;
#1644 = ORIENTED_EDGE ( 'NONE', *, *, #168, .T. ) ;
#1645 = ORIENTED_EDGE ( 'NONE', *, *, #32, .F. ) ;
#1646 = LINE ( 'NONE', #29, #1274 ) ;
#1647 = CIRCLE ( 'NONE', #100, 1.650000000000005684 ) ;
#1648 = AXIS2_PLACEMENT_3D ( 'NONE', #1468, #650, #1591 ) ;
#1649 = DIRECTION ( 'NONE',  ( 0.7276068751089963538, 0.000000000000000000, -0.6859943405700381636 ) ) ;
#1650 = VECTOR ( 'NONE', #943, 1000.000000000000114 ) ;
#1651 = AXIS2_PLACEMENT_3D ( 'NONE', #119, #948, #379 ) ;
#1652 = DIRECTION ( 'NONE',  ( 0.000000000000000000, 0.000000000000000000, 1.000000000000000000 ) ) ;
#1653 = ORIENTED_EDGE ( 'NONE', *, *, #492, .F. ) ;
#1654 = VECTOR ( 'NONE', #319, 1000.000000000000000 ) ;
#1655 = ORIENTED_EDGE ( 'NONE', *, *, #1125, .T. ) ;
#1656 = CARTESIAN_POINT ( 'NONE',  ( 51.41579893749096186, 37.27366331375955610, 8.800000000000054001 ) ) ;
#1657 = DIRECTION ( 'NONE',  ( -0.7071067811865510144, 0.7071067811865441310, 0.000000000000000000 ) ) ;
#1658 = DIRECTION ( 'NONE',  ( 0.5656854249492412334, 0.5656854249492342390, 0.6000000000000005329 ) ) ;
#1659 = EDGE_LOOP ( 'NONE', ( #1427, #853, #515, #1091 ) ) ;
#1660 = DIRECTION ( 'NONE',  ( -1.000000000000000000, -1.224347623758489770E-16, 0.000000000000000000 ) ) ;
#1661 = ORIENTED_EDGE ( 'NONE', *, *, #1482, .T. ) ;
#1662 = CARTESIAN_POINT ( 'NONE',  ( 53.67854063728793079, 39.53640501355648951, 11.20000000000005791 ) ) ;
#1663 = ADVANCED_FACE ( 'NONE', ( #712 ), #584, .F. ) ;
#1664 = FACE_OUTER_BOUND ( 'NONE', #293, .T. ) ;
#1665 = CARTESIAN_POINT ( 'NONE',  ( -42.64767485077791065, 56.78981047450831454, 0.000000000000000000 ) ) ;
#1666 = VERTEX_POINT ( 'NONE', #1134 ) ;
#1667 = DIRECTION ( 'NONE',  ( 0.7071067811865431318, -0.7071067811865519026, 0.000000000000000000 ) ) ;
#1668 = ORIENTED_EDGE ( 'NONE', *, *, #698, .T. ) ;
#1669 = DIRECTION ( 'NONE',  ( -0.7276068751089972420, 0.000000000000000000, 0.6859943405700371644 ) ) ;
#1670 = ADVANCED_FACE ( 'NONE', ( #829 ), #410, .T. ) ;
#1671 = EDGE_CURVE ( 'NONE', #1042, #1388, #1384, .T. ) ;
#1672 = CARTESIAN_POINT ( 'NONE',  ( -68.15000000000000568, 3.999999999999991562, 0.000000000000000000 ) ) ;
#1673 = VECTOR ( 'NONE', #73, 1000.000000000000114 ) ;
#1674 = CARTESIAN_POINT ( 'NONE',  ( -42.64767485077791775, 56.78981047450830744, 2.000000000000000000 ) ) ;
#1675 = VERTEX_POINT ( 'NONE', #990 ) ;
#1676 = LINE ( 'NONE', #569, #1049 ) ;
#1677 = ORIENTED_EDGE ( 'NONE', *, *, #661, .F. ) ;
#1678 = VECTOR ( 'NONE', #1072, 1000.000000000000114 ) ;
#1679 = CARTESIAN_POINT ( 'NONE',  ( 34.44523618901401818, 62.72950743647535887, 0.8000000000000268008 ) ) ;
#1680 = CARTESIAN_POINT ( 'NONE',  ( 58.48686674935639473, 30.20259550189401310, 8.800000000000078870 ) ) ;
#1681 = DIRECTION ( 'NONE',  ( 0.7276068751089967979, 0.000000000000000000, -0.6859943405700374974 ) ) ;
#1682 = LINE ( 'NONE', #25, #1135 ) ;
#1683 = ORIENTED_EDGE ( 'NONE', *, *, #213, .T. ) ;
#1684 = EDGE_CURVE ( 'NONE', #530, #1270, #1540, .T. ) ;
#1685 = CARTESIAN_POINT ( 'NONE',  ( -41.51630400087940842, 55.65843962460982652, 0.8000000000000068168 ) ) ;
#1686 = VERTEX_POINT ( 'NONE', #1236 ) ;
#1687 = DIRECTION ( 'NONE',  ( 1.000000000000000000, -1.224646799147354933E-16, 0.000000000000000000 ) ) ;
#1688 = DIRECTION ( 'NONE',  ( 0.000000000000000000, 0.000000000000000000, -1.000000000000000000 ) ) ;
#1689 = DIRECTION ( 'NONE',  ( -0.4242640687119305087, 0.4242640687119264009, -0.8000000000000000444 ) ) ;
#1690 = ORIENTED_EDGE ( 'NONE', *, *, #710, .T. ) ;
#1691 = DIRECTION ( 'NONE',  ( 0.8834522085987706053, 0.000000000000000000, -0.4685212856658214631 ) ) ;
#1692 = ORIENTED_EDGE ( 'NONE', *, *, #1267, .T. ) ;
#1693 = VERTEX_POINT ( 'NONE', #845 ) ;
#1694 = DIRECTION ( 'NONE',  ( 0.7071067811865424657, -0.7071067811865525687, 0.000000000000000000 ) ) ;
#1695 = DIRECTION ( 'NONE',  ( -0.7276068751089980191, 0.000000000000000000, 0.6859943405700362762 ) ) ;
#1696 = DIRECTION ( 'NONE',  ( 0.7071067811865426878, 0.7071067811865523467, -1.040834085586084848E-15 ) ) ;
#1697 = ORIENTED_EDGE ( 'NONE', *, *, #1423, .T. ) ;
#1698 = CIRCLE ( 'NONE', #787, 1.649999999999989919 ) ;
#1699 = LINE ( 'NONE', #1033, #819 ) ;
#1700 = CARTESIAN_POINT ( 'NONE',  ( -6.107258431918356045, -16.30649634760775868, -51.66223201235701623 ) ) ;
#1701 = VERTEX_POINT ( 'NONE', #136 ) ;
#1702 = VECTOR ( 'NONE', #1261, 999.9999999999998863 ) ;
#1703 = VECTOR ( 'NONE', #1687, 1000.000000000000000 ) ;
#1704 = EDGE_CURVE ( 'NONE', #77, #543, #420, .T. ) ;
#1705 = CIRCLE ( 'NONE', #245, 1.650000000000000355 ) ;
#1706 = LINE ( 'NONE', #1409, #1567 ) ;
#1707 = CARTESIAN_POINT ( 'NONE',  ( -65.73342590007010244, -1.051217251481749637E-15, 15.00000000000012612 ) ) ;
#1708 = CARTESIAN_POINT ( 'NONE',  ( -58.27320453091317631, 35.85944975138643542, 3.668109338059451385 ) ) ;
#1709 = ORIENTED_EDGE ( 'NONE', *, *, #1339, .F. ) ;
#1710 = LINE ( 'NONE', #1607, #586 ) ;
#1711 = FACE_OUTER_BOUND ( 'NONE', #1774, .T. ) ;
#1712 = ORIENTED_EDGE ( 'NONE', *, *, #1610, .T. ) ;
#1713 = PRODUCT_CONTEXT ( 'NONE', #70, 'mechanical' ) ;
#1714 = LINE ( 'NONE', #627, #298 ) ;
#1715 = EDGE_CURVE ( 'NONE', #360, #735, #150, .T. ) ;
#1716 = DIRECTION ( 'NONE',  ( 0.4242640687119332843, 0.4242640687119242360, -0.7999999999999997113 ) ) ;
#1717 = ADVANCED_FACE ( 'NONE', ( #1518 ), #433, .T. ) ;
#1718 = LINE ( 'NONE', #206, #1765 ) ;
#1719 = ORIENTED_EDGE ( 'NONE', *, *, #97, .T. ) ;
#1720 = DIRECTION ( 'NONE',  ( -1.224646799147354933E-16, 1.000000000000000000, -0.000000000000000000 ) ) ;
#1721 = PLANE ( 'NONE',  #1370 ) ;
#1722 = ORIENTED_EDGE ( 'NONE', *, *, #588, .T. ) ;
#1723 = CARTESIAN_POINT ( 'NONE',  ( 32.46533720169167481, 60.74960844915304392, 11.20000000000001883 ) ) ;
#1724 = DIRECTION ( 'NONE',  ( 1.000000000000000000, -1.224646799147354933E-16, 0.000000000000000000 ) ) ;
#1725 = EDGE_LOOP ( 'NONE', ( #1273, #738 ) ) ;
#1726 = PRODUCT_DEFINITION ( 'UNKNOWN', '', #844, #458 ) ;
#1727 = CARTESIAN_POINT ( 'NONE',  ( -41.51630400087940842, 55.65843962460982652, 0.8000000000000055955 ) ) ;
#1728 = ORIENTED_EDGE ( 'NONE', *, *, #125, .T. ) ;
#1729 = ADVANCED_FACE ( 'NONE', ( #972 ), #279, .F. ) ;
#1730 = DIRECTION ( 'NONE',  ( -0.5656854249492413445, 0.5656854249492344611, 0.6000000000000004219 ) ) ;
#1731 = EDGE_LOOP ( 'NONE', ( #979, #595, #1561, #1644 ) ) ;
#1732 = AXIS2_PLACEMENT_3D ( 'NONE', #442, #428, #434 ) ;
#1733 = VECTOR ( 'NONE', #689, 1000.000000000000000 ) ;
#1734 = AXIS2_PLACEMENT_3D ( 'NONE', #544, #139, #1642 ) ;
#1735 = AXIS2_PLACEMENT_3D ( 'NONE', #1, #1102, #1090 ) ;
#1736 = DIRECTION ( 'NONE',  ( -0.7071067811865424657, 0.7071067811865526798, 0.000000000000000000 ) ) ;
#1737 = AXIS2_PLACEMENT_3D ( 'NONE', #1337, #1483, #1640 ) ;
#1738 = DIRECTION ( 'NONE',  ( -1.000000000000000000, 0.000000000000000000, 0.000000000000000000 ) ) ;
#1739 = CLOSED_SHELL ( 'NONE', ( #1450, #1729, #1181, #493, #919, #1578, #683, #965, #1325, #718, #1505, #1054, #1752, #1159, #730, #810, #1544, #1494, #22, #1158, #318, #1408, #1745, #1624, #399, #1228, #1670, #1195, #1480, #1056, #445, #1590, #1063, #983, #1348, #1358, #1717, #362, #415, #13, #837, #1372, #82, #1589, #1240, #1196, #30, #720, #1182, #331, #1556, #614, #1663, #308 ) ) ;
#1740 = CARTESIAN_POINT ( 'NONE',  ( -34.44523618901396134, 62.72950743647533045, 0.8000000000000138112 ) ) ;
#1741 = ORIENTED_EDGE ( 'NONE', *, *, #1030, .T. ) ;
#1742 = CARTESIAN_POINT ( 'NONE',  ( -68.15000000000000568, 3.999999999999991562, 0.000000000000000000 ) ) ;
#1743 = EDGE_CURVE ( 'NONE', #1045, #543, #702, .T. ) ;
#1744 = ORIENTED_EDGE ( 'NONE', *, *, #3, .T. ) ;
#1745 = ADVANCED_FACE ( 'NONE', ( #1394, #349, #176 ), #727, .F. ) ;
#1746 = CARTESIAN_POINT ( 'NONE',  ( -59.61823759925496802, 45.47610197552346278, 0.000000000000000000 ) ) ;
#1747 = CARTESIAN_POINT ( 'NONE',  ( -3.706155744058661217, -16.30649634760775868, -49.39845068847589005 ) ) ;
#1748 = CARTESIAN_POINT ( 'NONE',  ( 68.15000000000000568, 8.345967936189223381E-15, 0.000000000000000000 ) ) ;
#1749 = EDGE_LOOP ( 'NONE', ( #1174, #880, #2, #1501 ) ) ;
#1750 = DIRECTION ( 'NONE',  ( 1.224646799147354933E-16, -1.000000000000000000, -0.000000000000000000 ) ) ;
#1751 = EDGE_LOOP ( 'NONE', ( #1014, #1146, #1184, #1493 ) ) ;
#1752 = ADVANCED_FACE ( 'NONE', ( #460 ), #888, .T. ) ;
#1753 = CARTESIAN_POINT ( 'NONE',  ( -59.33539488678028562, 38.12219145118335462, 7.200000000000001954 ) ) ;
#1754 = CARTESIAN_POINT ( 'NONE',  ( 37.06000109531694875, 57.07265318698296852, 3.668109338059478919 ) ) ;
#1755 = DIRECTION ( 'NONE',  ( 0.7276068751089977971, 0.000000000000000000, 0.6859943405700364982 ) ) ;
#1756 = EDGE_LOOP ( 'NONE', ( #1055, #1690, #1083, #621 ) ) ;
#1757 = CARTESIAN_POINT ( 'NONE',  ( -36.70797788881093027, 64.99224913627227807, 3.200000000000015277 ) ) ;
#1758 = ORIENTED_EDGE ( 'NONE', *, *, #381, .T. ) ;
#1759 = ORIENTED_EDGE ( 'NONE', *, *, #1214, .T. ) ;
#1760 = DIRECTION ( 'NONE',  ( 0.5656854249492413445, 0.5656854249492342390, 0.6000000000000005329 ) ) ;
#1761 = VECTOR ( 'NONE', #200, 1000.000000000000114 ) ;
#1762 = DIRECTION ( 'NONE',  ( -1.224646799147354933E-16, 1.000000000000000000, -0.000000000000000000 ) ) ;
#1763 = EDGE_CURVE ( 'NONE', #669, #360, #1441, .T. ) ;
#1764 = EDGE_CURVE ( 'NONE', #1375, #1157, #79, .T. ) ;
#1765 = VECTOR ( 'NONE', #197, 1000.000000000000000 ) ;
#1766 = CARTESIAN_POINT ( 'NONE',  ( -59.61823759925497512, 45.47610197552344857, -35.00000000000004263 ) ) ;
#1767 = ORIENTED_EDGE ( 'NONE', *, *, #708, .T. ) ;
#1768 = CARTESIAN_POINT ( 'NONE',  ( -64.08342590007009676, 3.999999999999992450, 15.00000000000012612 ) ) ;
#1769 = VERTEX_POINT ( 'NONE', #1575 ) ;
#1770 = VERTEX_POINT ( 'NONE', #597 ) ;
#1771 = CARTESIAN_POINT ( 'NONE',  ( -30.20259550189465969, 58.48686674935607499, 8.800000000000014921 ) ) ;
#1772 = EDGE_CURVE ( 'NONE', #198, #554, #1536, .T. ) ;
#1773 = DIRECTION ( 'NONE',  ( -0.7071067811865424657, -0.7071067811865526798, 1.355252715606880148E-15 ) ) ;
#1774 = EDGE_LOOP ( 'NONE', ( #1311, #277, #1213, #789 ) ) ;
#1775 = DIRECTION ( 'NONE',  ( 0.000000000000000000, 0.000000000000000000, 1.000000000000000000 ) ) ;
#1776 = ORIENTED_EDGE ( 'NONE', *, *, #1531, .T. ) ;
#1777 = ORIENTED_EDGE ( 'NONE', *, *, #578, .F. ) ;
#1778 = DIRECTION ( 'NONE',  ( -1.000000000000000000, 1.224646799147352468E-16, 0.000000000000000000 ) ) ;
#1779 = CARTESIAN_POINT ( 'NONE',  ( 64.08342590007012518, -8.491505296224360899E-16, 14.99999999999999467 ) ) ;
ENDSEC;
END-ISO-10303-21;
