ISO-10303-21;
HEADER;
FILE_DESCRIPTION (( 'STEP AP214' ),
    '1' );
FILE_NAME ('thruster_holder_1.STEP',
    '2026-09-07T09:44:58',
    ( '' ),
    ( '' ),
    'SwSTEP 2.0',
    'SolidWorks 2024',
    '' );
FILE_SCHEMA (( 'AUTOMOTIVE_DESIGN' ));
ENDSEC;

DATA;
#1 = EDGE_CURVE ( 'NONE', #935, #563, #87, .T. ) ;
#2 = CARTESIAN_POINT ( 'NONE',  ( 0.000000000000000000, 0.000000000000000000, -43.99999999999999289 ) ) ;
#3 = CARTESIAN_POINT ( 'NONE',  ( 25.15000000000001279, -49.99999999999999289, -39.99999999999999289 ) ) ;
#4 = VERTEX_POINT ( 'NONE', #823 ) ;
#5 = EDGE_LOOP ( 'NONE', ( #321, #288, #557, #1334 ) ) ;
#6 = ORIENTED_EDGE ( 'NONE', *, *, #652, .F. ) ;
#7 = DIRECTION ( 'NONE',  ( 0.000000000000000000, 0.000000000000000000, -1.000000000000000000 ) ) ;
#8 = DIRECTION ( 'NONE',  ( 1.000000000000000000, -0.000000000000000000, -0.000000000000000000 ) ) ;
#9 = EDGE_CURVE ( 'NONE', #857, #764, #11, .T. ) ;
#10 = ORIENTED_EDGE ( 'NONE', *, *, #382, .T. ) ;
#11 = CIRCLE ( 'NONE', #950, 1.649999999999995248 ) ;
#12 = ORIENTED_EDGE ( 'NONE', *, *, #314, .F. ) ;
#13 = VERTEX_POINT ( 'NONE', #1161 ) ;
#14 = DIRECTION ( 'NONE',  ( 1.000000000000000000, 0.000000000000000000, 0.000000000000000000 ) ) ;
#15 = CARTESIAN_POINT ( 'NONE',  ( 25.14999999999999147, -3.162431522149335539, -79.00000000000000000 ) ) ;
#16 = CARTESIAN_POINT ( 'NONE',  ( 2.081668171172168513E-14, -1.827556868846991900E-14, 105.2313432835825040 ) ) ;
#17 = AXIS2_PLACEMENT_3D ( 'NONE', #89, #538, #1191 ) ;
#18 = ORIENTED_EDGE ( 'NONE', *, *, #1034, .F. ) ;
#19 = ADVANCED_FACE ( 'NONE', ( #278 ), #76, .T. ) ;
#20 = AXIS2_PLACEMENT_3D ( 'NONE', #1117, #995, #683 ) ;
#21 = ORIENTED_EDGE ( 'NONE', *, *, #1006, .T. ) ;
#22 = DIRECTION ( 'NONE',  ( -1.000000000000000000, 0.000000000000000000, 0.000000000000000000 ) ) ;
#23 = VECTOR ( 'NONE', #1114, 1000.000000000000000 ) ;
#24 = LINE ( 'NONE', #534, #877 ) ;
#25 = LINE ( 'NONE', #1260, #374 ) ;
#26 = EDGE_LOOP ( 'NONE', ( #1094, #280, #295, #824 ) ) ;
#27 = ORIENTED_EDGE ( 'NONE', *, *, #58, .T. ) ;
#28 = ADVANCED_FACE ( 'NONE', ( #90 ), #806, .T. ) ;
#29 = ADVANCED_FACE ( 'NONE', ( #1359, #1376 ), #182, .F. ) ;
#30 = DIRECTION ( 'NONE',  ( -1.000000000000000000, 0.000000000000000000, 0.000000000000000000 ) ) ;
#31 = FACE_OUTER_BOUND ( 'NONE', #1122, .T. ) ;
#32 = ORIENTED_EDGE ( 'NONE', *, *, #815, .T. ) ;
#33 = VERTEX_POINT ( 'NONE', #612 ) ;
#34 = DIRECTION ( 'NONE',  ( 0.000000000000000000, 0.000000000000000000, -1.000000000000000000 ) ) ;
#35 = EDGE_CURVE ( 'NONE', #433, #310, #1143, .T. ) ;
#36 = VECTOR ( 'NONE', #804, 1000.000000000000000 ) ;
#37 = FACE_BOUND ( 'NONE', #745, .T. ) ;
#38 = PLANE ( 'NONE',  #1085 ) ;
#39 = ORIENTED_EDGE ( 'NONE', *, *, #989, .F. ) ;
#40 = ORIENTED_EDGE ( 'NONE', *, *, #623, .F. ) ;
#41 = DIRECTION ( 'NONE',  ( 0.000000000000000000, 0.000000000000000000, -1.000000000000000000 ) ) ;
#42 = VECTOR ( 'NONE', #573, 1000.000000000000000 ) ;
#43 = AXIS2_PLACEMENT_3D ( 'NONE', #673, #992, #887 ) ;
#44 = PLANE ( 'NONE',  #1296 ) ;
#45 = DIRECTION ( 'NONE',  ( 1.000000000000000000, -0.000000000000000000, -0.000000000000000000 ) ) ;
#46 = VERTEX_POINT ( 'NONE', #830 ) ;
#47 = DIRECTION ( 'NONE',  ( -1.000000000000000000, -0.000000000000000000, -0.000000000000000000 ) ) ;
#48 = DIRECTION ( 'NONE',  ( -0.000000000000000000, 1.000000000000000000, 0.000000000000000000 ) ) ;
#49 = CARTESIAN_POINT ( 'NONE',  ( -31.80000000000000071, -45.00000000000000000, 4.001000000000011880 ) ) ;
#50 = DIRECTION ( 'NONE',  ( 0.000000000000000000, 0.000000000000000000, -1.000000000000000000 ) ) ;
#51 = EDGE_CURVE ( 'NONE', #4, #475, #840, .T. ) ;
#52 = EDGE_LOOP ( 'NONE', ( #917, #120, #635, #251 ) ) ;
#53 = CARTESIAN_POINT ( 'NONE',  ( -31.80000000000000071, -45.00000000000000000, -47.99999999999998579 ) ) ;
#54 = DIRECTION ( 'NONE',  ( 0.000000000000000000, 0.000000000000000000, 1.000000000000000000 ) ) ;
#55 = CARTESIAN_POINT ( 'NONE',  ( 31.80000000000000071, 45.00000000000000000, 4.001000000000011880 ) ) ;
#56 = VECTOR ( 'NONE', #507, 1000.000000000000000 ) ;
#57 = ORIENTED_EDGE ( 'NONE', *, *, #467, .T. ) ;
#58 = EDGE_CURVE ( 'NONE', #579, #1302, #1277, .T. ) ;
#59 = CARTESIAN_POINT ( 'NONE',  ( -26.15005053294355974, -0.5611939737582891663, -78.99999999999998579 ) ) ;
#60 = DIRECTION ( 'NONE',  ( 0.000000000000000000, 0.000000000000000000, 1.000000000000000000 ) ) ;
#61 = CARTESIAN_POINT ( 'NONE',  ( 35.15000000000000568, -10.00000000000000178, -83.99999999999998579 ) ) ;
#62 = FACE_OUTER_BOUND ( 'NONE', #971, .T. ) ;
#63 = ORIENTED_EDGE ( 'NONE', *, *, #1378, .T. ) ;
#64 = DIRECTION ( 'NONE',  ( 0.000000000000000000, 0.000000000000000000, -1.000000000000000000 ) ) ;
#65 = CARTESIAN_POINT ( 'NONE',  ( 25.14999999999999147, -10.00000000000000355, -82.72983346207415423 ) ) ;
#66 = CARTESIAN_POINT ( 'NONE',  ( -35.14999999999999858, 0.000000000000000000, -44.00000000000000000 ) ) ;
#67 = EDGE_CURVE ( 'NONE', #153, #33, #517, .T. ) ;
#68 =( LENGTH_UNIT ( ) NAMED_UNIT ( * ) SI_UNIT ( .MILLI., .METRE. ) );
#69 = CARTESIAN_POINT ( 'NONE',  ( 25.46060355110229523, 2.691608785747850785, -78.99999999999997158 ) ) ;
#70 = VERTEX_POINT ( 'NONE', #622 ) ;
#71 = DIRECTION ( 'NONE',  ( -1.000000000000000000, 0.000000000000000000, 0.000000000000000000 ) ) ;
#72 = PLANE ( 'NONE',  #888 ) ;
#73 = LINE ( 'NONE', #1269, #211 ) ;
#74 = ADVANCED_FACE ( 'NONE', ( #62 ), #919, .F. ) ;
#75 =( NAMED_UNIT ( * ) PLANE_ANGLE_UNIT ( ) SI_UNIT ( $, .RADIAN. ) );
#76 = PLANE ( 'NONE',  #1142 ) ;
#77 = ORIENTED_EDGE ( 'NONE', *, *, #851, .F. ) ;
#78 = LINE ( 'NONE', #578, #911 ) ;
#79 = CARTESIAN_POINT ( 'NONE',  ( 2.081668171172168513E-14, 0.000000000000000000, -44.00000000000000000 ) ) ;
#80 = FACE_OUTER_BOUND ( 'NONE', #106, .T. ) ;
#81 = CARTESIAN_POINT ( 'NONE',  ( 26.05666438850783706, 1.114168646869283741, -78.99999999999998579 ) ) ;
#82 = CIRCLE ( 'NONE', #261, 39.99999999999999289 ) ;
#83 = VECTOR ( 'NONE', #45, 1000.000000000000000 ) ;
#84 = EDGE_CURVE ( 'NONE', #564, #1103, #646, .T. ) ;
#85 = ORIENTED_EDGE ( 'NONE', *, *, #230, .T. ) ;
#86 = VERTEX_POINT ( 'NONE', #1204 ) ;
#87 = B_SPLINE_CURVE_WITH_KNOTS ( 'NONE', 3,
 ( #175, #700, #1283, #81, #1038, #1254, #69, #1045 ),
 .UNSPECIFIED., .F., .F.,
 ( 4, 2, 2, 4 ),
 ( 0.02821942816460649636, 0.02905030878584028906, 0.02988118940707407828, 0.03154295064954166367 ),
 .UNSPECIFIED. ) ;
#88 = DIRECTION ( 'NONE',  ( -0.000000000000000000, -0.000000000000000000, -1.000000000000000000 ) ) ;
#89 = CARTESIAN_POINT ( 'NONE',  ( 25.14999999999999147, -7.000000000000000000, -5.999999999999991118 ) ) ;
#90 = FACE_OUTER_BOUND ( 'NONE', #1011, .T. ) ;
#91 = ORIENTED_EDGE ( 'NONE', *, *, #550, .F. ) ;
#92 = ADVANCED_FACE ( 'NONE', ( #527 ), #214, .T. ) ;
#93 = ORIENTED_EDGE ( 'NONE', *, *, #944, .F. ) ;
#94 = ORIENTED_EDGE ( 'NONE', *, *, #952, .F. ) ;
#95 = CARTESIAN_POINT ( 'NONE',  ( -30.15000000000000568, 45.00000000000000000, -43.99999999999999289 ) ) ;
#96 = CARTESIAN_POINT ( 'NONE',  ( 25.15000000000000568, 49.99999999999999289, -43.99999999999999289 ) ) ;
#97 = ORIENTED_EDGE ( 'NONE', *, *, #212, .F. ) ;
#98 = CARTESIAN_POINT ( 'NONE',  ( 25.98584197562225739, -1.392032390920059148, -79.00000000000000000 ) ) ;
#99 = EDGE_LOOP ( 'NONE', ( #160, #57, #615, #1169, #344 ) ) ;
#100 = AXIS2_PLACEMENT_3D ( 'NONE', #931, #1366, #1165 ) ;
#101 = EDGE_CURVE ( 'NONE', #1368, #46, #731, .T. ) ;
#102 = VECTOR ( 'NONE', #375, 1000.000000000000000 ) ;
#103 = FACE_OUTER_BOUND ( 'NONE', #1059, .T. ) ;
#104 = LINE ( 'NONE', #439, #307 ) ;
#105 = CARTESIAN_POINT ( 'NONE',  ( 34.74335528934889794, 33.57775271948985818, -44.00000000000000000 ) ) ;
#106 = EDGE_LOOP ( 'NONE', ( #746, #525, #1152, #751 ) ) ;
#107 = CIRCLE ( 'NONE', #445, 40.00000000000000000 ) ;
#108 = ORIENTED_EDGE ( 'NONE', *, *, #1282, .T. ) ;
#109 = ORIENTED_EDGE ( 'NONE', *, *, #271, .F. ) ;
#110 = FACE_BOUND ( 'NONE', #166, .T. ) ;
#111 = APPLICATION_PROTOCOL_DEFINITION ( 'draft international standard', 'automotive_design', 1998, #809 ) ;
#112 = EDGE_CURVE ( 'NONE', #488, #121, #522, .T. ) ;
#113 = CARTESIAN_POINT ( 'NONE',  ( -35.15000000000000568, 39.79949748426479772, -47.99999999999998579 ) ) ;
#114 = VERTEX_POINT ( 'NONE', #105 ) ;
#115 = EDGE_LOOP ( 'NONE', ( #39, #1079 ) ) ;
#116 = CARTESIAN_POINT ( 'NONE',  ( 25.14999999999997016, 3.162431522149312890, -78.99999999999998579 ) ) ;
#117 = DIRECTION ( 'NONE',  ( 0.000000000000000000, -0.000000000000000000, 1.000000000000000000 ) ) ;
#118 = ADVANCED_FACE ( 'NONE', ( #123, #335 ), #1181, .F. ) ;
#119 = DIRECTION ( 'NONE',  ( -1.000000000000000000, 0.000000000000000000, 0.000000000000000000 ) ) ;
#120 = ORIENTED_EDGE ( 'NONE', *, *, #1118, .T. ) ;
#121 = VERTEX_POINT ( 'NONE', #546 ) ;
#122 = CARTESIAN_POINT ( 'NONE',  ( 25.15000000000000568, 36.00000000000000000, -47.99999999999998579 ) ) ;
#123 = FACE_OUTER_BOUND ( 'NONE', #444, .T. ) ;
#124 = CARTESIAN_POINT ( 'NONE',  ( 35.15000000000000568, -49.99999999999999289, -43.99999999999999289 ) ) ;
#125 = EDGE_CURVE ( 'NONE', #289, #121, #24, .T. ) ;
#126 = VERTEX_POINT ( 'NONE', #1306 ) ;
#127 = ADVANCED_FACE ( 'NONE', ( #850 ), #202, .T. ) ;
#128 = ORIENTED_EDGE ( 'NONE', *, *, #1378, .F. ) ;
#129 = AXIS2_PLACEMENT_3D ( 'NONE', #146, #504, #400 ) ;
#130 = LINE ( 'NONE', #136, #505 ) ;
#131 = CARTESIAN_POINT ( 'NONE',  ( 25.14999999999999147, 0.000000000000000000, -44.00000000000000000 ) ) ;
#132 = DIRECTION ( 'NONE',  ( -1.000000000000000000, 0.000000000000000000, 0.000000000000000000 ) ) ;
#133 = VERTEX_POINT ( 'NONE', #962 ) ;
#134 = ORIENTED_EDGE ( 'NONE', *, *, #422, .T. ) ;
#135 = EDGE_CURVE ( 'NONE', #938, #943, #955, .T. ) ;
#136 = CARTESIAN_POINT ( 'NONE',  ( 25.15000000000001279, -49.99999999999999289, -43.99999999999999289 ) ) ;
#137 = CARTESIAN_POINT ( 'NONE',  ( -25.15000000000000568, 0.000000000000000000, -43.99999999999999289 ) ) ;
#138 = CARTESIAN_POINT ( 'NONE',  ( -26.17400370881843230, 2.094464089914881945E-11, -78.99999999999998579 ) ) ;
#139 = VERTEX_POINT ( 'NONE', #1199 ) ;
#140 = VERTEX_POINT ( 'NONE', #627 ) ;
#141 = CARTESIAN_POINT ( 'NONE',  ( -25.15000000000000568, -10.00000000000000178, -44.00000000000000000 ) ) ;
#142 = CIRCLE ( 'NONE', #1318, 186.0813432835824415 ) ;
#143 = CARTESIAN_POINT ( 'NONE',  ( -35.15000000000000568, 49.99999999999999289, -43.99999999999999289 ) ) ;
#144 = DIRECTION ( 'NONE',  ( 0.000000000000000000, -1.224646799147353207E-16, 1.000000000000000000 ) ) ;
#145 = ORIENTED_EDGE ( 'NONE', *, *, #408, .F. ) ;
#146 = CARTESIAN_POINT ( 'NONE',  ( 30.15000000000000568, 45.00000000000000000, -43.99999999999999289 ) ) ;
#147 = AXIS2_PLACEMENT_3D ( 'NONE', #1033, #490, #1024 ) ;
#148 = DIRECTION ( 'NONE',  ( -1.000000000000000000, 0.000000000000000000, 0.000000000000000000 ) ) ;
#149 = CIRCLE ( 'NONE', #329, 1.649999999999995248 ) ;
#150 = CARTESIAN_POINT ( 'NONE',  ( -31.80000000000000071, 45.00000000000000000, 4.001000000000011880 ) ) ;
#151 = EDGE_CURVE ( 'NONE', #608, #935, #221, .T. ) ;
#152 = DIRECTION ( 'NONE',  ( 0.000000000000000000, -0.000000000000000000, 1.000000000000000000 ) ) ;
#153 = VERTEX_POINT ( 'NONE', #113 ) ;
#154 = LINE ( 'NONE', #291, #886 ) ;
#155 = CARTESIAN_POINT ( 'NONE',  ( -30.15000000000000568, 45.00000000000000000, 4.001000000000011880 ) ) ;
#156 = DIRECTION ( 'NONE',  ( -0.000000000000000000, -1.000000000000000000, -0.000000000000000000 ) ) ;
#157 = PLANE ( 'NONE',  #960 ) ;
#158 = ORIENTED_EDGE ( 'NONE', *, *, #447, .T. ) ;
#159 = EDGE_CURVE ( 'NONE', #1071, #860, #975, .T. ) ;
#160 = ORIENTED_EDGE ( 'NONE', *, *, #663, .T. ) ;
#161 = CARTESIAN_POINT ( 'NONE',  ( 35.14999999999997016, 33.08654523791967961, -44.00000000000000000 ) ) ;
#162 = DIRECTION ( 'NONE',  ( -1.000000000000000000, 0.000000000000000000, 0.000000000000000000 ) ) ;
#163 = CARTESIAN_POINT ( 'NONE',  ( -34.64999999999999858, 33.08654523791967250, -44.00000000000000000 ) ) ;
#164 = ORIENTED_EDGE ( 'NONE', *, *, #905, .F. ) ;
#165 = CARTESIAN_POINT ( 'NONE',  ( 35.14999999999997016, -33.08654523791967961, -44.00000000000000000 ) ) ;
#166 = EDGE_LOOP ( 'NONE', ( #210, #93 ) ) ;
#167 = EDGE_LOOP ( 'NONE', ( #362, #1001, #204, #829 ) ) ;
#168 = CARTESIAN_POINT ( 'NONE',  ( 35.15000000000000568, -49.99999999999999289, -39.99999999999999289 ) ) ;
#169 = STYLED_ITEM ( 'NONE', ( #626 ), #616 ) ;
#170 = LINE ( 'NONE', #580, #1263 ) ;
#171 = CARTESIAN_POINT ( 'NONE',  ( 25.14999999999999147, -7.000000000000000000, -43.99999999999999289 ) ) ;
#172 = VECTOR ( 'NONE', #1274, 1000.000000000000000 ) ;
#173 = AXIS2_PLACEMENT_3D ( 'NONE', #529, #301, #511 ) ;
#174 = DIRECTION ( 'NONE',  ( -1.000000000000000000, -0.000000000000000000, -0.000000000000000000 ) ) ;
#175 = CARTESIAN_POINT ( 'NONE',  ( 26.17400370881834348, -2.089451665698869692E-11, -78.99999999999998579 ) ) ;
#176 = ORIENTED_EDGE ( 'NONE', *, *, #512, .F. ) ;
#177 = DIRECTION ( 'NONE',  ( 0.000000000000000000, -1.000000000000000000, 0.000000000000000000 ) ) ;
#178 = EDGE_CURVE ( 'NONE', #628, #584, #639, .T. ) ;
#179 = CARTESIAN_POINT ( 'NONE',  ( -34.64999999999999858, -33.08654523791967250, -44.00000000000000000 ) ) ;
#180 = DIRECTION ( 'NONE',  ( 0.000000000000000000, -0.000000000000000000, 1.000000000000000000 ) ) ;
#181 = DIRECTION ( 'NONE',  ( 0.000000000000000000, 0.000000000000000000, -1.000000000000000000 ) ) ;
#182 = PLANE ( 'NONE',  #832 ) ;
#183 = EDGE_LOOP ( 'NONE', ( #225, #85, #535, #1342, #480, #12, #1308 ) ) ;
#184 = CARTESIAN_POINT ( 'NONE',  ( -31.80000000000000071, -45.00000000000000000, -43.99999999999999289 ) ) ;
#185 = ORIENTED_EDGE ( 'NONE', *, *, #738, .F. ) ;
#186 = DIRECTION ( 'NONE',  ( 0.000000000000000000, -1.000000000000000000, 0.000000000000000000 ) ) ;
#187 = CARTESIAN_POINT ( 'NONE',  ( -26.17400370881843230, 2.094464089914881945E-11, -78.99999999999998579 ) ) ;
#188 = DIRECTION ( 'NONE',  ( 0.000000000000000000, 0.000000000000000000, -1.000000000000000000 ) ) ;
#189 = VERTEX_POINT ( 'NONE', #863 ) ;
#190 = ORIENTED_EDGE ( 'NONE', *, *, #1034, .T. ) ;
#191 = CARTESIAN_POINT ( 'NONE',  ( 35.14999999999998437, 0.000000000000000000, -44.00000000000000000 ) ) ;
#192 = CARTESIAN_POINT ( 'NONE',  ( 35.15000000000000568, -10.00000000000000178, -83.99999999999998579 ) ) ;
#193 = VECTOR ( 'NONE', #1289, 1000.000000000000000 ) ;
#194 = CARTESIAN_POINT ( 'NONE',  ( -35.15000000000000568, 36.00000000000000000, -47.99999999999998579 ) ) ;
#195 = EDGE_CURVE ( 'NONE', #46, #226, #966, .T. ) ;
#196 = AXIS2_PLACEMENT_3D ( 'NONE', #1330, #1251, #54 ) ;
#197 = CIRCLE ( 'NONE', #985, 1.649999999999998579 ) ;
#198 = ORIENTED_EDGE ( 'NONE', *, *, #58, .F. ) ;
#199 = ORIENTED_EDGE ( 'NONE', *, *, #660, .F. ) ;
#200 = FACE_OUTER_BOUND ( 'NONE', #1301, .T. ) ;
#201 = SURFACE_SIDE_STYLE ('',( #1097 ) ) ;
#202 = PLANE ( 'NONE',  #435 ) ;
#203 = ADVANCED_FACE ( 'NONE', ( #1389 ), #856, .F. ) ;
#204 = ORIENTED_EDGE ( 'NONE', *, *, #1203, .F. ) ;
#205 = ORIENTED_EDGE ( 'NONE', *, *, #542, .T. ) ;
#206 = LINE ( 'NONE', #1076, #640 ) ;
#207 = CARTESIAN_POINT ( 'NONE',  ( 34.64999999999998437, 33.08654523791967961, -44.00000000000000000 ) ) ;
#208 = CARTESIAN_POINT ( 'NONE',  ( -35.15000000000000568, -36.00000000000000000, -47.99999999999998579 ) ) ;
#209 = CIRCLE ( 'NONE', #927, 39.99999999999999289 ) ;
#210 = ORIENTED_EDGE ( 'NONE', *, *, #754, .F. ) ;
#211 = VECTOR ( 'NONE', #715, 1000.000000000000000 ) ;
#212 = EDGE_CURVE ( 'NONE', #1221, #140, #265, .T. ) ;
#213 = DIRECTION ( 'NONE',  ( -0.000000000000000000, -0.000000000000000000, -1.000000000000000000 ) ) ;
#214 = CYLINDRICAL_SURFACE ( 'NONE', #855, 40.00000000000000000 ) ;
#215 = AXIS2_PLACEMENT_3D ( 'NONE', #410, #836, #736 ) ;
#216 = DIRECTION ( 'NONE',  ( 0.000000000000000000, -0.000000000000000000, -1.000000000000000000 ) ) ;
#217 = CIRCLE ( 'NONE', #129, 1.649999999999998579 ) ;
#218 = ORIENTED_EDGE ( 'NONE', *, *, #334, .T. ) ;
#219 = AXIS2_PLACEMENT_3D ( 'NONE', #79, #618, #844 ) ;
#220 = VERTEX_POINT ( 'NONE', #340 ) ;
#221 = B_SPLINE_CURVE_WITH_KNOTS ( 'NONE', 3,
 ( #15, #737, #434, #325, #1300, #98, #313, #984, #870, #428 ),
 .UNSPECIFIED., .F., .F.,
 ( 4, 2, 2, 2, 4 ),
 ( 0.02489659571435033289, 0.02572730382691437376, 0.02655801193947841463, 0.02738872005204245549, 0.02821942816460649636 ),
 .UNSPECIFIED. ) ;
#222 = DIRECTION ( 'NONE',  ( 0.000000000000000000, 1.000000000000000000, 0.000000000000000000 ) ) ;
#223 = ADVANCED_FACE ( 'NONE', ( #791, #37 ), #244, .F. ) ;
#224 = DIRECTION ( 'NONE',  ( -0.000000000000000000, 1.000000000000000000, -0.000000000000000000 ) ) ;
#225 = ORIENTED_EDGE ( 'NONE', *, *, #1210, .F. ) ;
#226 = VERTEX_POINT ( 'NONE', #567 ) ;
#227 = LINE ( 'NONE', #947, #816 ) ;
#228 = EDGE_CURVE ( 'NONE', #220, #943, #209, .T. ) ;
#229 = DIRECTION ( 'NONE',  ( 0.000000000000000000, 0.000000000000000000, -1.000000000000000000 ) ) ;
#230 = EDGE_CURVE ( 'NONE', #433, #139, #1112, .T. ) ;
#231 = CARTESIAN_POINT ( 'NONE',  ( -25.14999999999999858, -49.99999999999999289, -47.99999999999998579 ) ) ;
#232 = ORIENTED_EDGE ( 'NONE', *, *, #623, .T. ) ;
#233 = VECTOR ( 'NONE', #575, 1000.000000000000000 ) ;
#234 = ORIENTED_EDGE ( 'NONE', *, *, #422, .F. ) ;
#235 = DIRECTION ( 'NONE',  ( 1.000000000000000000, 0.000000000000000000, 0.000000000000000000 ) ) ;
#236 = VECTOR ( 'NONE', #1171, 1000.000000000000000 ) ;
#237 = DIRECTION ( 'NONE',  ( 0.000000000000000000, 0.000000000000000000, 1.000000000000000000 ) ) ;
#238 = CARTESIAN_POINT ( 'NONE',  ( -25.15000000000000568, 39.79949748426479772, -47.99999999999998579 ) ) ;
#239 = EDGE_CURVE ( 'NONE', #220, #1110, #908, .T. ) ;
#240 = ORIENTED_EDGE ( 'NONE', *, *, #125, .T. ) ;
#241 = AXIS2_PLACEMENT_3D ( 'NONE', #1187, #861, #333 ) ;
#242 = ORIENTED_EDGE ( 'NONE', *, *, #770, .F. ) ;
#243 = CARTESIAN_POINT ( 'NONE',  ( 25.14999999999999147, 10.00000000000000000, -82.72983346207415423 ) ) ;
#244 = PLANE ( 'NONE',  #998 ) ;
#245 = CARTESIAN_POINT ( 'NONE',  ( -35.15000000000000568, -49.99999999999999289, -43.99999999999999289 ) ) ;
#246 = ORIENTED_EDGE ( 'NONE', *, *, #228, .T. ) ;
#247 = ADVANCED_FACE ( 'NONE', ( #1133 ), #44, .T. ) ;
#248 = ORIENTED_EDGE ( 'NONE', *, *, #178, .T. ) ;
#249 = LINE ( 'NONE', #55, #366 ) ;
#250 = CARTESIAN_POINT ( 'NONE',  ( -25.15000000000000568, 0.000000000000000000, -44.00000000000000000 ) ) ;
#251 = ORIENTED_EDGE ( 'NONE', *, *, #1190, .T. ) ;
#252 = CLOSED_SHELL ( 'NONE', ( #279, #1015, #1109, #713, #74, #1100, #29, #223, #560, #118, #1156, #670, #996, #1183, #492, #526, #1380, #924, #203, #1172, #645, #254, #19, #693, #1065, #1360, #1291, #28, #1310, #916, #1228, #1238, #127, #1084, #247, #356, #1182, #1352, #789, #92 ) ) ;
#253 = FACE_OUTER_BOUND ( 'NONE', #518, .T. ) ;
#254 = ADVANCED_FACE ( 'NONE', ( #458 ), #1208, .F. ) ;
#255 = DIRECTION ( 'NONE',  ( -1.000000000000000000, 0.000000000000000000, 0.000000000000000000 ) ) ;
#256 = DIRECTION ( 'NONE',  ( 0.000000000000000000, 0.000000000000000000, -1.000000000000000000 ) ) ;
#257 = LINE ( 'NONE', #692, #1178 ) ;
#258 = ORIENTED_EDGE ( 'NONE', *, *, #1282, .F. ) ;
#259 = CIRCLE ( 'NONE', #215, 35.14258062710084829 ) ;
#260 = DIRECTION ( 'NONE',  ( 0.000000000000000000, 0.000000000000000000, -1.000000000000000000 ) ) ;
#261 = AXIS2_PLACEMENT_3D ( 'NONE', #677, #1111, #34 ) ;
#262 = CARTESIAN_POINT ( 'NONE',  ( -25.15000000000000568, -35.14258062710081987, -44.00000000000000000 ) ) ;
#263 = EDGE_CURVE ( 'NONE', #13, #1193, #1326, .T. ) ;
#264 = TOROIDAL_SURFACE ( 'NONE', #219, -149.2313432835825040, 186.0813432835824415 ) ;
#265 = LINE ( 'NONE', #883, #742 ) ;
#266 = DIRECTION ( 'NONE',  ( 0.000000000000000000, 0.000000000000000000, 1.000000000000000000 ) ) ;
#267 = ORIENTED_EDGE ( 'NONE', *, *, #738, .T. ) ;
#268 = LINE ( 'NONE', #168, #372 ) ;
#269 = DIRECTION ( 'NONE',  ( -0.000000000000000000, -0.000000000000000000, 1.000000000000000000 ) ) ;
#270 = DIRECTION ( 'NONE',  ( -1.000000000000000000, -0.000000000000000000, -0.000000000000000000 ) ) ;
#271 = EDGE_CURVE ( 'NONE', #853, #909, #876, .T. ) ;
#272 = FACE_BOUND ( 'NONE', #758, .T. ) ;
#273 = EDGE_CURVE ( 'NONE', #584, #140, #581, .T. ) ;
#274 = ORIENTED_EDGE ( 'NONE', *, *, #875, .T. ) ;
#275 = DIRECTION ( 'NONE',  ( -0.000000000000000000, 0.000000000000000000, -1.000000000000000000 ) ) ;
#276 = CARTESIAN_POINT ( 'NONE',  ( 28.50000000000000711, 45.00000000000000000, -43.99999999999999289 ) ) ;
#277 = LINE ( 'NONE', #1036, #1002 ) ;
#278 = FACE_OUTER_BOUND ( 'NONE', #167, .T. ) ;
#279 = ADVANCED_FACE ( 'NONE', ( #1218 ), #676, .F. ) ;
#280 = ORIENTED_EDGE ( 'NONE', *, *, #195, .T. ) ;
#281 = CARTESIAN_POINT ( 'NONE',  ( -26.05666438850781930, -1.114168646869192703, -78.99999999999998579 ) ) ;
#282 = VECTOR ( 'NONE', #524, 1000.000000000000000 ) ;
#283 = CARTESIAN_POINT ( 'NONE',  ( 35.14999999999999147, 0.000000000000000000, -44.00000000000000000 ) ) ;
#284 = CARTESIAN_POINT ( 'NONE',  ( 31.80000000000000782, -45.00000000000000000, -47.99999999999998579 ) ) ;
#285 = VECTOR ( 'NONE', #497, 1000.000000000000000 ) ;
#286 = AXIS2_PLACEMENT_3D ( 'NONE', #1211, #466, #132 ) ;
#287 = DIRECTION ( 'NONE',  ( -0.000000000000000000, -0.000000000000000000, 1.000000000000000000 ) ) ;
#288 = ORIENTED_EDGE ( 'NONE', *, *, #239, .T. ) ;
#289 = VERTEX_POINT ( 'NONE', #1106 ) ;
#290 = EDGE_CURVE ( 'NONE', #1044, #86, #1145, .T. ) ;
#291 = CARTESIAN_POINT ( 'NONE',  ( -35.15000000000000568, 49.99999999999999289, -39.99999999999999289 ) ) ;
#292 = CARTESIAN_POINT ( 'NONE',  ( 35.15000000000000568, -39.79949748426479772, -47.99999999999998579 ) ) ;
#293 = LINE ( 'NONE', #1252, #236 ) ;
#294 = DIRECTION ( 'NONE',  ( 0.000000000000000000, -0.000000000000000000, 1.000000000000000000 ) ) ;
#295 = ORIENTED_EDGE ( 'NONE', *, *, #1136, .T. ) ;
#296 = DIRECTION ( 'NONE',  ( -0.000000000000000000, 1.000000000000000000, -0.000000000000000000 ) ) ;
#297 = CARTESIAN_POINT ( 'NONE',  ( 25.14999999999999147, -35.14258062710084829, -44.00000000000000000 ) ) ;
#298 = DIRECTION ( 'NONE',  ( -1.000000000000000000, 2.775557561563004316E-14, 0.000000000000000000 ) ) ;
#299 = EDGE_CURVE ( 'NONE', #739, #133, #249, .T. ) ;
#300 = CARTESIAN_POINT ( 'NONE',  ( -34.74335528934891215, 0.000000000000000000, -44.00000000000000000 ) ) ;
#301 = DIRECTION ( 'NONE',  ( 0.000000000000000000, 1.000000000000000000, 0.000000000000000000 ) ) ;
#302 = VERTEX_POINT ( 'NONE', #1119 ) ;
#303 = EDGE_LOOP ( 'NONE', ( #342, #1213 ) ) ;
#304 = DIRECTION ( 'NONE',  ( -1.000000000000000000, 0.000000000000000000, 0.000000000000000000 ) ) ;
#305 = CARTESIAN_POINT ( 'NONE',  ( -34.74335528934891215, 33.57775271948987239, -44.00000000000000000 ) ) ;
#306 = EDGE_CURVE ( 'NONE', #1146, #189, #903, .T. ) ;
#307 = VECTOR ( 'NONE', #959, 1000.000000000000000 ) ;
#308 = ORIENTED_EDGE ( 'NONE', *, *, #686, .F. ) ;
#309 = VERTEX_POINT ( 'NONE', #767 ) ;
#310 = VERTEX_POINT ( 'NONE', #143 ) ;
#311 = DIRECTION ( 'NONE',  ( 0.000000000000000000, 1.000000000000000000, 0.000000000000000000 ) ) ;
#312 = DIRECTION ( 'NONE',  ( -1.000000000000000000, 0.000000000000000000, 0.000000000000000000 ) ) ;
#313 = CARTESIAN_POINT ( 'NONE',  ( 26.05527657330878100, -1.120401477650902811, -78.99999999999998579 ) ) ;
#314 = EDGE_CURVE ( 'NONE', #1193, #1103, #1299, .T. ) ;
#315 = EDGE_CURVE ( 'NONE', #309, #764, #679, .T. ) ;
#316 = ORIENTED_EDGE ( 'NONE', *, *, #1266, .T. ) ;
#317 = DIRECTION ( 'NONE',  ( -0.000000000000000000, -0.000000000000000000, 1.000000000000000000 ) ) ;
#318 = DIRECTION ( 'NONE',  ( 0.000000000000000000, 0.000000000000000000, -1.000000000000000000 ) ) ;
#319 = VECTOR ( 'NONE', #1338, 1000.000000000000000 ) ;
#320 = DIRECTION ( 'NONE',  ( 0.000000000000000000, -1.000000000000000000, 0.000000000000000000 ) ) ;
#321 = ORIENTED_EDGE ( 'NONE', *, *, #838, .T. ) ;
#322 = EDGE_CURVE ( 'NONE', #1096, #608, #697, .T. ) ;
#323 = ORIENTED_EDGE ( 'NONE', *, *, #151, .F. ) ;
#324 = CARTESIAN_POINT ( 'NONE',  ( -30.14999999999999858, -45.00000000000000000, -47.99999999999998579 ) ) ;
#325 = CARTESIAN_POINT ( 'NONE',  ( 25.69485512793851356, -2.188773454355850134, -78.99999999999997158 ) ) ;
#326 = CIRCLE ( 'NONE', #241, 1.649999999999998579 ) ;
#327 = AXIS2_PLACEMENT_3D ( 'NONE', #689, #1373, #825 ) ;
#328 = ORIENTED_EDGE ( 'NONE', *, *, #1273, .T. ) ;
#329 = AXIS2_PLACEMENT_3D ( 'NONE', #95, #1050, #1381 ) ;
#330 = VERTEX_POINT ( 'NONE', #187 ) ;
#331 = ORIENTED_EDGE ( 'NONE', *, *, #322, .F. ) ;
#332 = EDGE_CURVE ( 'NONE', #564, #1221, #708, .T. ) ;
#333 = DIRECTION ( 'NONE',  ( -1.000000000000000000, 0.000000000000000000, 0.000000000000000000 ) ) ;
#334 = EDGE_CURVE ( 'NONE', #489, #86, #493, .T. ) ;
#335 = FACE_BOUND ( 'NONE', #303, .T. ) ;
#336 = CARTESIAN_POINT ( 'NONE',  ( 2.081668171172168513E-14, -149.2313432835825040, -44.00000000000000000 ) ) ;
#337 = ORIENTED_EDGE ( 'NONE', *, *, #652, .T. ) ;
#338 = CARTESIAN_POINT ( 'NONE',  ( -25.14999999999999858, -49.99999999999999289, -43.99999999999999289 ) ) ;
#339 = EDGE_CURVE ( 'NONE', #1110, #938, #345, .T. ) ;
#340 = CARTESIAN_POINT ( 'NONE',  ( 25.14999999999999147, -39.79949748426479772, -47.99999999999998579 ) ) ;
#341 = LINE ( 'NONE', #667, #83 ) ;
#342 = ORIENTED_EDGE ( 'NONE', *, *, #1388, .F. ) ;
#343 = PRODUCT_DEFINITION_FORMATION_WITH_SPECIFIED_SOURCE ( 'ANY', '', #890, .NOT_KNOWN. ) ;
#344 = ORIENTED_EDGE ( 'NONE', *, *, #1134, .F. ) ;
#345 = CIRCLE ( 'NONE', #100, 39.99999999999999289 ) ;
#346 = CARTESIAN_POINT ( 'NONE',  ( 2.081668171172168513E-14, -149.2313432835825040, -44.00000000000000000 ) ) ;
#347 = CARTESIAN_POINT ( 'NONE',  ( 2.081668171172168513E-14, 0.000000000000000000, -44.00000000000000000 ) ) ;
#348 = LINE ( 'NONE', #878, #352 ) ;
#349 = VERTEX_POINT ( 'NONE', #1140 ) ;
#350 = CIRCLE ( 'NONE', #463, 33.08654523791967961 ) ;
#351 = EDGE_LOOP ( 'NONE', ( #94, #1184, #613, #988, #383, #145, #1207, #411, #1287, #765, #234, #390 ) ) ;
#352 = VECTOR ( 'NONE', #647, 1000.000000000000000 ) ;
#353 = CARTESIAN_POINT ( 'NONE',  ( -35.15000000000000568, 0.000000000000000000, -43.99999999999999289 ) ) ;
#354 = CARTESIAN_POINT ( 'NONE',  ( -25.15000000000000568, 36.00000000000000000, -47.99999999999998579 ) ) ;
#355 = DIRECTION ( 'NONE',  ( -0.000000000000000000, -0.000000000000000000, 1.000000000000000000 ) ) ;
#356 = ADVANCED_FACE ( 'NONE', ( #80 ), #1026, .F. ) ;
#357 = ORIENTED_EDGE ( 'NONE', *, *, #299, .F. ) ;
#358 = CARTESIAN_POINT ( 'NONE',  ( 30.15000000000001279, -45.00000000000000000, -47.99999999999998579 ) ) ;
#359 = CARTESIAN_POINT ( 'NONE',  ( 25.14999999999999147, -10.00000000000000178, -5.999999999999991118 ) ) ;
#360 = DIRECTION ( 'NONE',  ( -1.000000000000000000, -0.000000000000000000, -0.000000000000000000 ) ) ;
#361 = LINE ( 'NONE', #231, #571 ) ;
#362 = ORIENTED_EDGE ( 'NONE', *, *, #35, .F. ) ;
#363 = EDGE_CURVE ( 'NONE', #330, #1302, #142, .T. ) ;
#364 = DIRECTION ( 'NONE',  ( 0.000000000000000000, 0.000000000000000000, 1.000000000000000000 ) ) ;
#365 = DIRECTION ( 'NONE',  ( 0.000000000000000000, 0.000000000000000000, 1.000000000000000000 ) ) ;
#366 = VECTOR ( 'NONE', #574, 1000.000000000000000 ) ;
#367 = DIRECTION ( 'NONE',  ( -1.000000000000000000, 0.000000000000000000, -0.000000000000000000 ) ) ;
#368 = B_SPLINE_CURVE_WITH_KNOTS ( 'NONE', 3,
 ( #1356, #810, #59, #281, #705, #1157, #483, #601 ),
 .UNSPECIFIED., .F., .F.,
 ( 4, 2, 2, 4 ),
 ( 0.02821942816460641310, 0.02905030878584021273, 0.02988118940707400889, 0.03154295064954160815 ),
 .UNSPECIFIED. ) ;
#369 = VERTEX_POINT ( 'NONE', #403 ) ;
#370 = AXIS2_PLACEMENT_3D ( 'NONE', #207, #317, #854 ) ;
#371 = FACE_OUTER_BOUND ( 'NONE', #26, .T. ) ;
#372 = VECTOR ( 'NONE', #64, 1000.000000000000000 ) ;
#373 = CARTESIAN_POINT ( 'NONE',  ( 26.17400370881834348, -2.089451665698869692E-11, -78.99999999999998579 ) ) ;
#374 = VECTOR ( 'NONE', #174, 1000.000000000000000 ) ;
#375 = DIRECTION ( 'NONE',  ( 0.000000000000000000, 0.000000000000000000, -1.000000000000000000 ) ) ;
#376 = EDGE_CURVE ( 'NONE', #702, #1108, #1259, .T. ) ;
#377 = DIRECTION ( 'NONE',  ( -1.000000000000000000, 0.000000000000000000, 0.000000000000000000 ) ) ;
#378 = EDGE_LOOP ( 'NONE', ( #1067, #1349, #398, #904 ) ) ;
#379 = LINE ( 'NONE', #1138, #936 ) ;
#380 = CARTESIAN_POINT ( 'NONE',  ( -25.15000000000000568, -10.00000000000000178, -82.72983346207415423 ) ) ;
#381 = DIRECTION ( 'NONE',  ( 0.000000000000000000, 1.000000000000000000, 0.000000000000000000 ) ) ;
#382 = EDGE_CURVE ( 'NONE', #1249, #1368, #73, .T. ) ;
#383 = ORIENTED_EDGE ( 'NONE', *, *, #686, .T. ) ;
#384 = ORIENTED_EDGE ( 'NONE', *, *, #195, .F. ) ;
#385 = LINE ( 'NONE', #1243, #704 ) ;
#386 = VECTOR ( 'NONE', #1141, 1000.000000000000000 ) ;
#387 = FACE_OUTER_BOUND ( 'NONE', #1087, .T. ) ;
#388 = DIRECTION ( 'NONE',  ( 0.000000000000000000, 0.000000000000000000, 1.000000000000000000 ) ) ;
#389 = ORIENTED_EDGE ( 'NONE', *, *, #230, .F. ) ;
#390 = ORIENTED_EDGE ( 'NONE', *, *, #1091, .T. ) ;
#391 = CARTESIAN_POINT ( 'NONE',  ( 28.50000000000000711, 45.00000000000000000, -47.99999999999998579 ) ) ;
#392 = COLOUR_RGB ( '',0.7921568627450980005, 0.8196078431372548767, 0.9333333333333333481 ) ;
#393 = CYLINDRICAL_SURFACE ( 'NONE', #621, 39.99999999999999289 ) ;
#394 = DIRECTION ( 'NONE',  ( -0.000000000000000000, -1.000000000000000000, -0.000000000000000000 ) ) ;
#395 = AXIS2_PLACEMENT_3D ( 'NONE', #922, #684, #1357 ) ;
#396 = CIRCLE ( 'NONE', #1392, 186.0813432835824415 ) ;
#397 = DIRECTION ( 'NONE',  ( 1.000000000000000000, 0.000000000000000000, 0.000000000000000000 ) ) ;
#398 = ORIENTED_EDGE ( 'NONE', *, *, #314, .T. ) ;
#399 = ORIENTED_EDGE ( 'NONE', *, *, #1266, .F. ) ;
#400 = DIRECTION ( 'NONE',  ( -1.000000000000000000, 0.000000000000000000, 0.000000000000000000 ) ) ;
#401 = ORIENTED_EDGE ( 'NONE', *, *, #1166, .F. ) ;
#402 = CARTESIAN_POINT ( 'NONE',  ( -35.15000000000000568, -10.00000000000000178, -83.99999999999998579 ) ) ;
#403 = CARTESIAN_POINT ( 'NONE',  ( -28.49999999999999289, -45.00000000000000000, -43.99999999999999289 ) ) ;
#404 = DIRECTION ( 'NONE',  ( -1.000000000000000000, 0.000000000000000000, 0.000000000000000000 ) ) ;
#405 = ORIENTED_EDGE ( 'NONE', *, *, #382, .F. ) ;
#406 = ORIENTED_EDGE ( 'NONE', *, *, #604, .T. ) ;
#407 = ORIENTED_EDGE ( 'NONE', *, *, #1388, .T. ) ;
#408 = EDGE_CURVE ( 'NONE', #140, #488, #603, .T. ) ;
#409 = DIRECTION ( 'NONE',  ( 1.000000000000000000, 0.000000000000000000, 0.000000000000000000 ) ) ;
#410 = CARTESIAN_POINT ( 'NONE',  ( 25.14999999999999147, 0.000000000000000000, -44.00000000000000000 ) ) ;
#411 = ORIENTED_EDGE ( 'NONE', *, *, #732, .T. ) ;
#412 = VECTOR ( 'NONE', #1188, 1000.000000000000000 ) ;
#413 = AXIS2_PLACEMENT_3D ( 'NONE', #1135, #792, #899 ) ;
#414 = DIRECTION ( 'NONE',  ( -1.000000000000000000, -0.000000000000000000, -0.000000000000000000 ) ) ;
#415 = ORIENTED_EDGE ( 'NONE', *, *, #542, .F. ) ;
#416 = ORIENTED_EDGE ( 'NONE', *, *, #611, .F. ) ;
#417 = CARTESIAN_POINT ( 'NONE',  ( 25.14999999999999147, 0.000000000000000000, -44.00000000000000000 ) ) ;
#418 = PRODUCT_RELATED_PRODUCT_CATEGORY ( 'part', '', ( #890 ) ) ;
#419 = CARTESIAN_POINT ( 'NONE',  ( -35.15000000000000568, 10.00000000000000000, -82.72983346207415423 ) ) ;
#420 = ORIENTED_EDGE ( 'NONE', *, *, #35, .T. ) ;
#421 = AXIS2_PLACEMENT_3D ( 'NONE', #346, #41, #778 ) ;
#422 = EDGE_CURVE ( 'NONE', #843, #537, #1246, .T. ) ;
#423 = AXIS2_PLACEMENT_3D ( 'NONE', #678, #162, #803 ) ;
#424 = DIRECTION ( 'NONE',  ( -0.000000000000000000, -0.000000000000000000, -1.000000000000000000 ) ) ;
#425 = ORIENTED_EDGE ( 'NONE', *, *, #905, .T. ) ;
#426 = ORIENTED_EDGE ( 'NONE', *, *, #1222, .T. ) ;
#427 =( LENGTH_UNIT ( ) NAMED_UNIT ( * ) SI_UNIT ( .MILLI., .METRE. ) );
#428 = CARTESIAN_POINT ( 'NONE',  ( 26.17400370881834348, -2.089451665698869692E-11, -78.99999999999998579 ) ) ;
#429 = EDGE_CURVE ( 'NONE', #1115, #349, #721, .T. ) ;
#430 = EDGE_LOOP ( 'NONE', ( #544, #1052, #945, #205 ) ) ;
#431 = ORIENTED_EDGE ( 'NONE', *, *, #447, .F. ) ;
#432 = CARTESIAN_POINT ( 'NONE',  ( 25.15000000000001279, -49.99999999999999289, -39.99999999999999289 ) ) ;
#433 = VERTEX_POINT ( 'NONE', #486 ) ;
#434 = CARTESIAN_POINT ( 'NONE',  ( 25.44371367212177049, -2.689873279300834419, -79.00000000000000000 ) ) ;
#435 = AXIS2_PLACEMENT_3D ( 'NONE', #1294, #117, #449 ) ;
#436 = ORIENTED_EDGE ( 'NONE', *, *, #979, .T. ) ;
#437 = ORIENTED_EDGE ( 'NONE', *, *, #476, .T. ) ;
#438 = ORIENTED_EDGE ( 'NONE', *, *, #583, .F. ) ;
#439 = CARTESIAN_POINT ( 'NONE',  ( 25.14999999999999147, -7.000000000000000000, -78.99999999999998579 ) ) ;
#440 = CARTESIAN_POINT ( 'NONE',  ( 25.14999999999999147, 9.999999999999998224, -82.72983346207415423 ) ) ;
#441 = VECTOR ( 'NONE', #1180, 1000.000000000000000 ) ;
#442 = CARTESIAN_POINT ( 'NONE',  ( -26.14943381785930754, 0.5667887664066064701, -78.99999999999997158 ) ) ;
#443 = AXIS2_PLACEMENT_3D ( 'NONE', #1350, #275, #696 ) ;
#444 = EDGE_LOOP ( 'NONE', ( #316, #389, #420, #267, #1295 ) ) ;
#445 = AXIS2_PLACEMENT_3D ( 'NONE', #589, #377, #1354 ) ;
#446 = ORIENTED_EDGE ( 'NONE', *, *, #51, .T. ) ;
#447 = EDGE_CURVE ( 'NONE', #349, #1249, #293, .T. ) ;
#448 = CARTESIAN_POINT ( 'NONE',  ( -28.50000000000000711, 45.00000000000000000, -43.99999999999999289 ) ) ;
#449 = DIRECTION ( 'NONE',  ( 1.000000000000000000, 0.000000000000000000, -0.000000000000000000 ) ) ;
#450 = CARTESIAN_POINT ( 'NONE',  ( -26.17400370881724214, 0.2819561930307098452, -78.99999999999998579 ) ) ;
#451 = ORIENTED_EDGE ( 'NONE', *, *, #159, .T. ) ;
#452 = ORIENTED_EDGE ( 'NONE', *, *, #1247, .T. ) ;
#453 = DIRECTION ( 'NONE',  ( 0.000000000000000000, 0.000000000000000000, -1.000000000000000000 ) ) ;
#454 = CARTESIAN_POINT ( 'NONE',  ( 35.15000000000000568, -10.00000000000000178, -78.99999999999998579 ) ) ;
#455 = DIRECTION ( 'NONE',  ( -1.000000000000000000, 0.000000000000000000, 0.000000000000000000 ) ) ;
#456 = ORIENTED_EDGE ( 'NONE', *, *, #112, .F. ) ;
#457 = LINE ( 'NONE', #353, #1324 ) ;
#458 = FACE_OUTER_BOUND ( 'NONE', #599, .T. ) ;
#459 = EDGE_CURVE ( 'NONE', #831, #1103, #813, .T. ) ;
#460 = DIRECTION ( 'NONE',  ( 0.000000000000000000, 0.000000000000000000, 1.000000000000000000 ) ) ;
#461 = ORIENTED_EDGE ( 'NONE', *, *, #290, .F. ) ;
#462 = AXIS2_PLACEMENT_3D ( 'NONE', #929, #607, #71 ) ;
#463 = AXIS2_PLACEMENT_3D ( 'NONE', #191, #1280, #506 ) ;
#464 = DIRECTION ( 'NONE',  ( 1.000000000000000000, -0.000000000000000000, -0.000000000000000000 ) ) ;
#465 = CARTESIAN_POINT ( 'NONE',  ( 25.14999999999999147, -39.79949748426479772, -47.99999999999998579 ) ) ;
#466 = DIRECTION ( 'NONE',  ( 0.000000000000000000, 0.000000000000000000, -1.000000000000000000 ) ) ;
#467 = EDGE_CURVE ( 'NONE', #1096, #1058, #799, .T. ) ;
#468 = VERTEX_POINT ( 'NONE', #941 ) ;
#469 = DIRECTION ( 'NONE',  ( 0.000000000000000000, 0.000000000000000000, 1.000000000000000000 ) ) ;
#470 = LINE ( 'NONE', #359, #569 ) ;
#471 = DIRECTION ( 'NONE',  ( 0.000000000000000000, 0.000000000000000000, 1.000000000000000000 ) ) ;
#472 = FACE_BOUND ( 'NONE', #1018, .T. ) ;
#473 = EDGE_CURVE ( 'NONE', #1194, #628, #277, .T. ) ;
#474 = AXIS2_PLACEMENT_3D ( 'NONE', #814, #1383, #716 ) ;
#475 = VERTEX_POINT ( 'NONE', #284 ) ;
#476 = EDGE_CURVE ( 'NONE', #625, #857, #699, .T. ) ;
#477 = CARTESIAN_POINT ( 'NONE',  ( -31.80000000000000071, 45.00000000000000000, -47.99999999999998579 ) ) ;
#478 = CARTESIAN_POINT ( 'NONE',  ( 28.50000000000001421, -45.00000000000000000, -43.99999999999999289 ) ) ;
#479 = DIRECTION ( 'NONE',  ( 0.000000000000000000, 0.000000000000000000, 1.000000000000000000 ) ) ;
#480 = ORIENTED_EDGE ( 'NONE', *, *, #459, .T. ) ;
#481 = DIRECTION ( 'NONE',  ( -1.000000000000000000, 0.000000000000000000, -0.000000000000000000 ) ) ;
#482 = EDGE_LOOP ( 'NONE', ( #1095, #951 ) ) ;
#483 = CARTESIAN_POINT ( 'NONE',  ( -25.46060355110255102, -2.691608785747919619, -78.99999999999997158 ) ) ;
#484 = EDGE_CURVE ( 'NONE', #579, #1115, #1053, .T. ) ;
#485 = DIRECTION ( 'NONE',  ( 0.000000000000000000, 0.000000000000000000, -1.000000000000000000 ) ) ;
#486 = CARTESIAN_POINT ( 'NONE',  ( -25.15000000000000568, 49.99999999999999289, -43.99999999999999289 ) ) ;
#487 = CARTESIAN_POINT ( 'NONE',  ( -35.15000000000000568, -49.99999999999999289, -47.99999999999998579 ) ) ;
#488 = VERTEX_POINT ( 'NONE', #192 ) ;
#489 = VERTEX_POINT ( 'NONE', #720 ) ;
#490 = DIRECTION ( 'NONE',  ( 0.000000000000000000, 0.000000000000000000, -1.000000000000000000 ) ) ;
#491 = CARTESIAN_POINT ( 'NONE',  ( 28.50000000000001421, -45.00000000000000000, -47.99999999999998579 ) ) ;
#492 = ADVANCED_FACE ( 'NONE', ( #619 ), #1062, .T. ) ;
#493 = LINE ( 'NONE', #915, #811 ) ;
#494 = CARTESIAN_POINT ( 'NONE',  ( 35.15000000000000568, 9.999999999999998224, -78.99999999999998579 ) ) ;
#495 = DIRECTION ( 'NONE',  ( -1.000000000000000000, 0.000000000000000000, 0.000000000000000000 ) ) ;
#496 = VERTEX_POINT ( 'NONE', #1387 ) ;
#497 = DIRECTION ( 'NONE',  ( -1.000000000000000000, 0.000000000000000000, 0.000000000000000000 ) ) ;
#498 = VECTOR ( 'NONE', #561, 1000.000000000000000 ) ;
#499 = DIRECTION ( 'NONE',  ( 0.000000000000000000, 0.000000000000000000, -1.000000000000000000 ) ) ;
#500 = DIRECTION ( 'NONE',  ( 1.000000000000000000, -0.000000000000000000, -0.000000000000000000 ) ) ;
#501 =( NAMED_UNIT ( * ) SI_UNIT ( $, .STERADIAN. ) SOLID_ANGLE_UNIT ( ) );
#502 = CARTESIAN_POINT ( 'NONE',  ( 0.000000000000000000, 0.000000000000000000, -43.99999999999999289 ) ) ;
#503 = ORIENTED_EDGE ( 'NONE', *, *, #1042, .F. ) ;
#504 = DIRECTION ( 'NONE',  ( -0.000000000000000000, -0.000000000000000000, 1.000000000000000000 ) ) ;
#505 = VECTOR ( 'NONE', #235, 1000.000000000000000 ) ;
#506 = DIRECTION ( 'NONE',  ( 0.000000000000000000, 0.000000000000000000, 1.000000000000000000 ) ) ;
#507 = DIRECTION ( 'NONE',  ( -0.000000000000000000, 1.000000000000000000, 0.000000000000000000 ) ) ;
#508 = AXIS2_PLACEMENT_3D ( 'NONE', #155, #1351, #148 ) ;
#509 = AXIS2_PLACEMENT_3D ( 'NONE', #3, #320, #216 ) ;
#510 = DIRECTION ( 'NONE',  ( 0.000000000000000000, 0.000000000000000000, -1.000000000000000000 ) ) ;
#511 = DIRECTION ( 'NONE',  ( 0.000000000000000000, -0.000000000000000000, 1.000000000000000000 ) ) ;
#512 = EDGE_CURVE ( 'NONE', #369, #873, #1281, .T. ) ;
#513 = ORIENTED_EDGE ( 'NONE', *, *, #747, .T. ) ;
#514 = VERTEX_POINT ( 'NONE', #96 ) ;
#515 = CARTESIAN_POINT ( 'NONE',  ( -25.14999999999999858, -49.99999999999999289, -47.99999999999998579 ) ) ;
#516 = DIRECTION ( 'NONE',  ( -0.000000000000000000, 1.000000000000000000, 1.224646799147353207E-16 ) ) ;
#517 = LINE ( 'NONE', #194, #632 ) ;
#518 = EDGE_LOOP ( 'NONE', ( #655, #725, #834, #1101, #406 ) ) ;
#519 = ORIENTED_EDGE ( 'NONE', *, *, #869, .T. ) ;
#520 = DIRECTION ( 'NONE',  ( -1.000000000000000000, -0.000000000000000000, -0.000000000000000000 ) ) ;
#521 = VECTOR ( 'NONE', #1276, 1000.000000000000000 ) ;
#522 = LINE ( 'NONE', #1311, #674 ) ;
#523 = ORIENTED_EDGE ( 'NONE', *, *, #807, .T. ) ;
#524 = DIRECTION ( 'NONE',  ( -0.000000000000000000, -0.000000000000000000, -1.000000000000000000 ) ) ;
#525 = ORIENTED_EDGE ( 'NONE', *, *, #212, .T. ) ;
#526 = ADVANCED_FACE ( 'NONE', ( #636 ), #1298, .F. ) ;
#527 = FACE_OUTER_BOUND ( 'NONE', #378, .T. ) ;
#528 = AXIS2_PLACEMENT_3D ( 'NONE', #1248, #925, #50 ) ;
#529 = CARTESIAN_POINT ( 'NONE',  ( 35.15000000000000568, 9.999999999999998224, -78.99999999999998579 ) ) ;
#530 = EDGE_LOOP ( 'NONE', ( #1314, #866, #1176, #837 ) ) ;
#531 = ORIENTED_EDGE ( 'NONE', *, *, #576, .F. ) ;
#532 = FACE_OUTER_BOUND ( 'NONE', #642, .T. ) ;
#533 = EDGE_CURVE ( 'NONE', #873, #909, #1005, .T. ) ;
#534 = CARTESIAN_POINT ( 'NONE',  ( -35.15000000000000568, -10.00000000000000178, -78.99999999999998579 ) ) ;
#535 = ORIENTED_EDGE ( 'NONE', *, *, #1006, .F. ) ;
#536 = ORIENTED_EDGE ( 'NONE', *, *, #339, .F. ) ;
#537 = VERTEX_POINT ( 'NONE', #1083 ) ;
#538 = DIRECTION ( 'NONE',  ( -1.000000000000000000, 0.000000000000000000, 0.000000000000000000 ) ) ;
#539 = DIRECTION ( 'NONE',  ( -1.000000000000000000, -0.000000000000000000, -0.000000000000000000 ) ) ;
#540 = AXIS2_PLACEMENT_3D ( 'NONE', #1063, #948, #847 ) ;
#541 = DIRECTION ( 'NONE',  ( 0.000000000000000000, 0.000000000000000000, -1.000000000000000000 ) ) ;
#542 = EDGE_CURVE ( 'NONE', #496, #808, #227, .T. ) ;
#543 = ORIENTED_EDGE ( 'NONE', *, *, #484, .T. ) ;
#544 = ORIENTED_EDGE ( 'NONE', *, *, #961, .T. ) ;
#545 = CARTESIAN_POINT ( 'NONE',  ( 34.64999999999998437, 0.000000000000000000, -44.00000000000000000 ) ) ;
#546 = CARTESIAN_POINT ( 'NONE',  ( -35.15000000000000568, -10.00000000000000178, -83.99999999999998579 ) ) ;
#547 = CARTESIAN_POINT ( 'NONE',  ( -25.14999999999999858, -49.99999999999999289, -39.99999999999999289 ) ) ;
#548 = VECTOR ( 'NONE', #1148, 1000.000000000000000 ) ;
#549 = ORIENTED_EDGE ( 'NONE', *, *, #1344, .F. ) ;
#550 = EDGE_CURVE ( 'NONE', #302, #831, #1197, .T. ) ;
#551 = CIRCLE ( 'NONE', #1217, 186.0813432835824415 ) ;
#552 = ORIENTED_EDGE ( 'NONE', *, *, #263, .T. ) ;
#553 = FACE_OUTER_BOUND ( 'NONE', #1081, .T. ) ;
#554 = UNCERTAINTY_MEASURE_WITH_UNIT (LENGTH_MEASURE( 1.000000000000000082E-05 ), #427, 'distance_accuracy_value', 'NONE');
#555 = CARTESIAN_POINT ( 'NONE',  ( -25.15000000000000568, 0.000000000000000000, -44.00000000000000000 ) ) ;
#556 = DIRECTION ( 'NONE',  ( -1.000000000000000000, 0.000000000000000000, 0.000000000000000000 ) ) ;
#557 = ORIENTED_EDGE ( 'NONE', *, *, #1328, .T. ) ;
#558 = ORIENTED_EDGE ( 'NONE', *, *, #429, .T. ) ;
#559 = DIRECTION ( 'NONE',  ( -1.000000000000000000, 0.000000000000000000, 0.000000000000000000 ) ) ;
#560 = ADVANCED_FACE ( 'NONE', ( #110, #532 ), #965, .F. ) ;
#561 = DIRECTION ( 'NONE',  ( 1.000000000000000000, 0.000000000000000000, 0.000000000000000000 ) ) ;
#562 = FACE_OUTER_BOUND ( 'NONE', #1130, .T. ) ;
#563 = VERTEX_POINT ( 'NONE', #116 ) ;
#564 = VERTEX_POINT ( 'NONE', #419 ) ;
#565 = CARTESIAN_POINT ( 'NONE',  ( 25.14999999999999147, 0.000000000000000000, -44.00000000000000000 ) ) ;
#566 = EDGE_CURVE ( 'NONE', #1058, #987, #1304, .T. ) ;
#567 = CARTESIAN_POINT ( 'NONE',  ( -25.14999999999999858, -39.79949748426479772, -47.99999999999998579 ) ) ;
#568 = PLANE ( 'NONE',  #730 ) ;
#569 = VECTOR ( 'NONE', #365, 1000.000000000000000 ) ;
#570 = EDGE_LOOP ( 'NONE', ( #662, #668, #978, #63, #726, #248, #752, #97 ) ) ;
#571 = VECTOR ( 'NONE', #781, 1000.000000000000000 ) ;
#572 = CARTESIAN_POINT ( 'NONE',  ( 25.14999999999999147, 35.14258062710084829, -44.00000000000000000 ) ) ;
#573 = DIRECTION ( 'NONE',  ( -0.000000000000000000, -1.000000000000000000, -0.000000000000000000 ) ) ;
#574 = DIRECTION ( 'NONE',  ( -0.000000000000000000, -0.000000000000000000, -1.000000000000000000 ) ) ;
#575 = DIRECTION ( 'NONE',  ( 1.000000000000000000, -0.000000000000000000, -0.000000000000000000 ) ) ;
#576 = EDGE_CURVE ( 'NONE', #563, #717, #259, .T. ) ;
#577 = ORIENTED_EDGE ( 'NONE', *, *, #9, .F. ) ;
#578 = CARTESIAN_POINT ( 'NONE',  ( -25.14999999999999858, -49.99999999999999289, -43.99999999999999289 ) ) ;
#579 = VERTEX_POINT ( 'NONE', #305 ) ;
#580 = CARTESIAN_POINT ( 'NONE',  ( 35.14999999999999147, 0.000000000000000000, -43.99999999999999289 ) ) ;
#581 = LINE ( 'NONE', #658, #786 ) ;
#582 = CARTESIAN_POINT ( 'NONE',  ( 0.000000000000000000, 0.000000000000000000, -47.99999999999998579 ) ) ;
#583 = EDGE_CURVE ( 'NONE', #1185, #608, #104, .T. ) ;
#584 = VERTEX_POINT ( 'NONE', #1069 ) ;
#585 = CARTESIAN_POINT ( 'NONE',  ( -28.50000000000000711, 45.00000000000000000, -47.99999999999998579 ) ) ;
#586 = AXIS2_PLACEMENT_3D ( 'NONE', #555, #1225, #1013 ) ;
#587 = CARTESIAN_POINT ( 'NONE',  ( 34.74335528934889794, 0.000000000000000000, -44.00000000000000000 ) ) ;
#588 = CARTESIAN_POINT ( 'NONE',  ( 2.081668171172168513E-14, -1.827556868846991900E-14, 105.2313432835825040 ) ) ;
#589 = CARTESIAN_POINT ( 'NONE',  ( -25.15000000000000568, 0.000000000000000000, -44.00000000000000000 ) ) ;
#590 = ORIENTED_EDGE ( 'NONE', *, *, #703, .T. ) ;
#591 = VECTOR ( 'NONE', #1131, 1000.000000000000000 ) ;
#592 = ORIENTED_EDGE ( 'NONE', *, *, #1144, .F. ) ;
#593 = EDGE_CURVE ( 'NONE', #133, #860, #326, .T. ) ;
#594 = AXIS2_PLACEMENT_3D ( 'NONE', #587, #1124, #60 ) ;
#595 = CARTESIAN_POINT ( 'NONE',  ( 35.15000000000000568, 49.99999999999999289, -47.99999999999998579 ) ) ;
#596 = LINE ( 'NONE', #1035, #172 ) ;
#597 = DIRECTION ( 'NONE',  ( 0.000000000000000000, -1.224646799147353207E-16, 1.000000000000000000 ) ) ;
#598 = LINE ( 'NONE', #1340, #386 ) ;
#599 = EDGE_LOOP ( 'NONE', ( #558, #190, #40, #198, #543 ) ) ;
#600 = ORIENTED_EDGE ( 'NONE', *, *, #363, .T. ) ;
#601 = CARTESIAN_POINT ( 'NONE',  ( -25.14999999999998792, -3.162431522149292906, -78.99999999999998579 ) ) ;
#602 = DIRECTION ( 'NONE',  ( 0.000000000000000000, -0.000000000000000000, 1.000000000000000000 ) ) ;
#603 = LINE ( 'NONE', #61, #722 ) ;
#604 = EDGE_CURVE ( 'NONE', #843, #114, #1261, .T. ) ;
#605 = CARTESIAN_POINT ( 'NONE',  ( -30.15000000000000568, 45.00000000000000000, -47.99999999999998579 ) ) ;
#606 = ORIENTED_EDGE ( 'NONE', *, *, #1195, .F. ) ;
#607 = DIRECTION ( 'NONE',  ( -0.000000000000000000, -0.000000000000000000, 1.000000000000000000 ) ) ;
#608 = VERTEX_POINT ( 'NONE', #753 ) ;
#609 = CARTESIAN_POINT ( 'NONE',  ( 30.15000000000001279, -45.00000000000000000, -47.99999999999998579 ) ) ;
#610 = DIRECTION ( 'NONE',  ( 0.000000000000000000, 0.000000000000000000, 1.000000000000000000 ) ) ;
#611 = EDGE_CURVE ( 'NONE', #782, #496, #728, .T. ) ;
#612 = CARTESIAN_POINT ( 'NONE',  ( -35.15000000000000568, 49.99999999999999289, -47.99999999999998579 ) ) ;
#613 = ORIENTED_EDGE ( 'NONE', *, *, #1328, .F. ) ;
#614 = AXIS2_PLACEMENT_3D ( 'NONE', #163, #1275, #298 ) ;
#615 = ORIENTED_EDGE ( 'NONE', *, *, #660, .T. ) ;
#616 = MANIFOLD_SOLID_BREP ( '•”•i•ªŠ„4[1]', #252 ) ;
#617 = VECTOR ( 'NONE', #260, 1000.000000000000000 ) ;
#618 = DIRECTION ( 'NONE',  ( -1.000000000000000000, -0.000000000000000000, -0.000000000000000000 ) ) ;
#619 = FACE_OUTER_BOUND ( 'NONE', #664, .T. ) ;
#620 = AXIS2_PLACEMENT_3D ( 'NONE', #812, #269, #779 ) ;
#621 = AXIS2_PLACEMENT_3D ( 'NONE', #417, #1179, #499 ) ;
#622 = CARTESIAN_POINT ( 'NONE',  ( -25.15000000000000568, -10.00000000000000178, -82.72983346207415423 ) ) ;
#623 = EDGE_CURVE ( 'NONE', #1302, #126, #1284, .T. ) ;
#624 = EDGE_LOOP ( 'NONE', ( #32, #18, #158, #425, #648 ) ) ;
#625 = VERTEX_POINT ( 'NONE', #448 ) ;
#626 = PRESENTATION_STYLE_ASSIGNMENT (( #1077 ) ) ;
#627 = CARTESIAN_POINT ( 'NONE',  ( 35.15000000000000568, 9.999999999999998224, -83.99999999999998579 ) ) ;
#628 = VERTEX_POINT ( 'NONE', #243 ) ;
#629 = EDGE_CURVE ( 'NONE', #628, #782, #934, .T. ) ;
#630 = ORIENTED_EDGE ( 'NONE', *, *, #376, .F. ) ;
#631 = FILL_AREA_STYLE_COLOUR ( '', #392 ) ;
#632 = VECTOR ( 'NONE', #1029, 1000.000000000000000 ) ;
#633 = DIRECTION ( 'NONE',  ( 0.000000000000000000, 0.000000000000000000, 1.000000000000000000 ) ) ;
#634 = VECTOR ( 'NONE', #774, 1000.000000000000000 ) ;
#635 = ORIENTED_EDGE ( 'NONE', *, *, #315, .T. ) ;
#636 = FACE_OUTER_BOUND ( 'NONE', #740, .T. ) ;
#637 = AXIS2_PLACEMENT_3D ( 'NONE', #665, #657, #1316 ) ;
#638 = CIRCLE ( 'NONE', #729, 1.649999999999995248 ) ;
#639 = LINE ( 'NONE', #440, #1073 ) ;
#640 = VECTOR ( 'NONE', #186, 1000.000000000000000 ) ;
#641 = CARTESIAN_POINT ( 'NONE',  ( 25.14999999999999147, -10.00000000000000178, -78.99999999999998579 ) ) ;
#642 = EDGE_LOOP ( 'NONE', ( #134, #849, #523, #337, #1088 ) ) ;
#643 = ORIENTED_EDGE ( 'NONE', *, *, #1136, .F. ) ;
#644 = DIRECTION ( 'NONE',  ( 1.000000000000000000, 0.000000000000000000, 0.000000000000000000 ) ) ;
#645 = ADVANCED_FACE ( 'NONE', ( #990 ), #868, .T. ) ;
#646 = LINE ( 'NONE', #1290, #412 ) ;
#647 = DIRECTION ( 'NONE',  ( -1.000000000000000000, 0.000000000000000000, 0.000000000000000000 ) ) ;
#648 = ORIENTED_EDGE ( 'NONE', *, *, #776, .F. ) ;
#649 = FILL_AREA_STYLE ('',( #631 ) ) ;
#650 = CARTESIAN_POINT ( 'NONE',  ( 30.15000000000000568, 45.00000000000000000, 4.001000000000011880 ) ) ;
#651 = AXIS2_PLACEMENT_3D ( 'NONE', #300, #414, #1174 ) ;
#652 = EDGE_CURVE ( 'NONE', #717, #114, #1151, .T. ) ;
#653 = CYLINDRICAL_SURFACE ( 'NONE', #1325, 1.650000000000002132 ) ;
#654 = AXIS2_PLACEMENT_3D ( 'NONE', #991, #672, #479 ) ;
#655 = ORIENTED_EDGE ( 'NONE', *, *, #1054, .T. ) ;
#656 = AXIS2_PLACEMENT_3D ( 'NONE', #66, #270, #388 ) ;
#657 = DIRECTION ( 'NONE',  ( -0.000000000000000000, -0.000000000000000000, -1.000000000000000000 ) ) ;
#658 = CARTESIAN_POINT ( 'NONE',  ( 35.15000000000000568, 9.999999999999998224, -78.99999999999998579 ) ) ;
#659 = CARTESIAN_POINT ( 'NONE',  ( -25.30310900449610045, 2.930344026018863790, -79.00000000000000000 ) ) ;
#660 = EDGE_CURVE ( 'NONE', #1058, #1234, #130, .T. ) ;
#661 = AXIS2_PLACEMENT_3D ( 'NONE', #1132, #707, #602 ) ;
#662 = ORIENTED_EDGE ( 'NONE', *, *, #332, .F. ) ;
#663 = EDGE_CURVE ( 'NONE', #189, #1096, #1239, .T. ) ;
#664 = EDGE_LOOP ( 'NONE', ( #1039, #759, #438, #669, #972, #841, #801 ) ) ;
#665 = CARTESIAN_POINT ( 'NONE',  ( -30.15000000000000568, 45.00000000000000000, 4.001000000000011880 ) ) ;
#666 = CARTESIAN_POINT ( 'NONE',  ( 0.000000000000000000, 0.000000000000000000, -43.99999999999999289 ) ) ;
#667 = CARTESIAN_POINT ( 'NONE',  ( -25.15000000000000568, 49.99999999999999289, -47.99999999999998579 ) ) ;
#668 = ORIENTED_EDGE ( 'NONE', *, *, #84, .T. ) ;
#669 = ORIENTED_EDGE ( 'NONE', *, *, #979, .F. ) ;
#670 = ADVANCED_FACE ( 'NONE', ( #253 ), #1214, .F. ) ;
#671 = CARTESIAN_POINT ( 'NONE',  ( 25.14999999999999147, -7.000000000000000000, -5.999999999999991118 ) ) ;
#672 = DIRECTION ( 'NONE',  ( -1.000000000000000000, -0.000000000000000000, -0.000000000000000000 ) ) ;
#673 = CARTESIAN_POINT ( 'NONE',  ( 2.081668171172168513E-14, 0.000000000000000000, -44.00000000000000000 ) ) ;
#674 = VECTOR ( 'NONE', #1092, 1000.000000000000000 ) ;
#675 = EDGE_LOOP ( 'NONE', ( #384, #503, #695, #963 ) ) ;
#676 = TOROIDAL_SURFACE ( 'NONE', #744, -149.2313432835825040, 186.0813432835824415 ) ;
#677 = CARTESIAN_POINT ( 'NONE',  ( 35.14999999999999147, 0.000000000000000000, -44.00000000000000000 ) ) ;
#678 = CARTESIAN_POINT ( 'NONE',  ( -35.15000000000000568, 0.000000000000000000, -44.00000000000000000 ) ) ;
#679 = LINE ( 'NONE', #150, #976 ) ;
#680 = CARTESIAN_POINT ( 'NONE',  ( -30.14999999999999858, -45.00000000000000000, -43.99999999999999289 ) ) ;
#681 = ORIENTED_EDGE ( 'NONE', *, *, #135, .T. ) ;
#682 = CIRCLE ( 'NONE', #1264, 1.649999999999995248 ) ;
#683 = DIRECTION ( 'NONE',  ( 0.000000000000000000, 0.000000000000000000, 1.000000000000000000 ) ) ;
#684 = DIRECTION ( 'NONE',  ( -0.000000000000000000, 0.000000000000000000, -1.000000000000000000 ) ) ;
#685 = DIRECTION ( 'NONE',  ( 1.000000000000000000, 0.000000000000000000, 0.000000000000000000 ) ) ;
#686 = EDGE_CURVE ( 'NONE', #938, #488, #787, .T. ) ;
#687 = CARTESIAN_POINT ( 'NONE',  ( -25.15000000000000568, 39.79949748426479772, -47.99999999999998579 ) ) ;
#688 = ORIENTED_EDGE ( 'NONE', *, *, #135, .F. ) ;
#689 = CARTESIAN_POINT ( 'NONE',  ( -25.15000000000000568, 0.000000000000000000, -44.00000000000000000 ) ) ;
#690 = CARTESIAN_POINT ( 'NONE',  ( 25.15000000000001279, -49.99999999999999289, -47.99999999999998579 ) ) ;
#691 = DIRECTION ( 'NONE',  ( -0.000000000000000000, -0.000000000000000000, -1.000000000000000000 ) ) ;
#692 = CARTESIAN_POINT ( 'NONE',  ( 35.15000000000000568, -36.00000000000000000, -47.99999999999998579 ) ) ;
#693 = ADVANCED_FACE ( 'NONE', ( #773 ), #1323, .F. ) ;
#694 = AXIS2_PLACEMENT_3D ( 'NONE', #2, #229, #1098 ) ;
#695 = ORIENTED_EDGE ( 'NONE', *, *, #1072, .F. ) ;
#696 = DIRECTION ( 'NONE',  ( -1.000000000000000000, 0.000000000000000000, 0.000000000000000000 ) ) ;
#697 = CIRCLE ( 'NONE', #763, 35.14258062710084829 ) ;
#698 = LINE ( 'NONE', #380, #548 ) ;
#699 = LINE ( 'NONE', #828, #1102 ) ;
#700 = CARTESIAN_POINT ( 'NONE',  ( 26.17400370881954075, 0.2820147453095513401, -79.00000000000001421 ) ) ;
#701 = AXIS2_PLACEMENT_3D ( 'NONE', #545, #1335, #364 ) ;
#702 = VERTEX_POINT ( 'NONE', #338 ) ;
#703 = EDGE_CURVE ( 'NONE', #980, #958, #1104, .T. ) ;
#704 = VECTOR ( 'NONE', #177, 1000.000000000000000 ) ;
#705 = CARTESIAN_POINT ( 'NONE',  ( -25.98642209315337581, -1.390139679866189137, -78.99999999999998579 ) ) ;
#706 = AXIS2_PLACEMENT_3D ( 'NONE', #1068, #520, #1386 ) ;
#707 = DIRECTION ( 'NONE',  ( -0.000000000000000000, 1.000000000000000000, 0.000000000000000000 ) ) ;
#708 = LINE ( 'NONE', #1051, #1341 ) ;
#709 = DIRECTION ( 'NONE',  ( 1.000000000000000000, 0.000000000000000000, -0.000000000000000000 ) ) ;
#710 = ORIENTED_EDGE ( 'NONE', *, *, #858, .T. ) ;
#711 = ORIENTED_EDGE ( 'NONE', *, *, #376, .T. ) ;
#712 = DIRECTION ( 'NONE',  ( 0.000000000000000000, 0.000000000000000000, -1.000000000000000000 ) ) ;
#713 = ADVANCED_FACE ( 'NONE', ( #553 ), #981, .F. ) ;
#714 = DIRECTION ( 'NONE',  ( -0.000000000000000000, 0.000000000000000000, -1.000000000000000000 ) ) ;
#715 = DIRECTION ( 'NONE',  ( 0.000000000000000000, 0.000000000000000000, -1.000000000000000000 ) ) ;
#716 = DIRECTION ( 'NONE',  ( 0.000000000000000000, 0.000000000000000000, 1.000000000000000000 ) ) ;
#717 = VERTEX_POINT ( 'NONE', #572 ) ;
#718 = DIRECTION ( 'NONE',  ( -0.000000000000000000, -0.000000000000000000, 1.000000000000000000 ) ) ;
#719 = FACE_OUTER_BOUND ( 'NONE', #852, .T. ) ;
#720 = CARTESIAN_POINT ( 'NONE',  ( -25.15000000000000568, -10.00000000000000178, -78.99999999999998579 ) ) ;
#721 = CIRCLE ( 'NONE', #656, 33.08654523791967250 ) ;
#722 = VECTOR ( 'NONE', #394, 1000.000000000000000 ) ;
#723 = EDGE_CURVE ( 'NONE', #70, #489, #882, .T. ) ;
#724 = CARTESIAN_POINT ( 'NONE',  ( 31.80000000000000782, -45.00000000000000000, 4.001000000000011880 ) ) ;
#725 = ORIENTED_EDGE ( 'NONE', *, *, #306, .T. ) ;
#726 = ORIENTED_EDGE ( 'NONE', *, *, #473, .T. ) ;
#727 = LINE ( 'NONE', #402, #1198 ) ;
#728 = LINE ( 'NONE', #122, #441 ) ;
#729 = AXIS2_PLACEMENT_3D ( 'NONE', #358, #1123, #1003 ) ;
#730 = AXIS2_PLACEMENT_3D ( 'NONE', #547, #1312, #541 ) ;
#731 = LINE ( 'NONE', #208, #1315 ) ;
#732 = EDGE_CURVE ( 'NONE', #584, #1393, #82, .T. ) ;
#733 = EDGE_LOOP ( 'NONE', ( #1297, #785, #240, #456, #308, #681, #436, #1056 ) ) ;
#734 = EDGE_LOOP ( 'NONE', ( #826, #1244, #416, #1212, #1377, #401, #1355 ) ) ;
#735 = FACE_BOUND ( 'NONE', #482, .T. ) ;
#736 = DIRECTION ( 'NONE',  ( 0.000000000000000000, 0.000000000000000000, 1.000000000000000000 ) ) ;
#737 = CARTESIAN_POINT ( 'NONE',  ( 25.30310900449613243, -2.930344026018855352, -79.00000000000000000 ) ) ;
#738 = EDGE_CURVE ( 'NONE', #310, #1115, #457, .T. ) ;
#739 = VERTEX_POINT ( 'NONE', #1224 ) ;
#740 = EDGE_LOOP ( 'NONE', ( #1307, #274, #590, #1379 ) ) ;
#741 =( NAMED_UNIT ( * ) PLANE_ANGLE_UNIT ( ) SI_UNIT ( $, .RADIAN. ) );
#742 = VECTOR ( 'NONE', #1237, 1000.000000000000000 ) ;
#743 = CARTESIAN_POINT ( 'NONE',  ( 28.50000000000000711, 45.00000000000000000, 4.001000000000011880 ) ) ;
#744 = AXIS2_PLACEMENT_3D ( 'NONE', #347, #360, #780 ) ;
#745 = EDGE_LOOP ( 'NONE', ( #1080, #794 ) ) ;
#746 = ORIENTED_EDGE ( 'NONE', *, *, #1144, .T. ) ;
#747 = EDGE_CURVE ( 'NONE', #475, #958, #638, .T. ) ;
#748 = CARTESIAN_POINT ( 'NONE',  ( 0.000000000000000000, 0.000000000000000000, -43.99999999999999289 ) ) ;
#749 = CIRCLE ( 'NONE', #423, 40.00000000000000000 ) ;
#750 = CARTESIAN_POINT ( 'NONE',  ( -25.15000000000000568, 0.000000000000000000, -44.00000000000000000 ) ) ;
#751 = ORIENTED_EDGE ( 'NONE', *, *, #112, .T. ) ;
#752 = ORIENTED_EDGE ( 'NONE', *, *, #273, .T. ) ;
#753 = CARTESIAN_POINT ( 'NONE',  ( 25.14999999999999147, -3.162431522149335539, -79.00000000000000000 ) ) ;
#754 = EDGE_CURVE ( 'NONE', #1071, #739, #217, .T. ) ;
#755 = CARTESIAN_POINT ( 'NONE',  ( 25.14999999999999147, -10.00000000000000178, -82.72983346207415423 ) ) ;
#756 = ADVANCED_BREP_SHAPE_REPRESENTATION ( 'thruster_holder_1', ( #616, #902 ), #1232 ) ;
#757 = DIRECTION ( 'NONE',  ( -1.000000000000000000, 0.000000000000000000, 0.000000000000000000 ) ) ;
#758 = EDGE_LOOP ( 'NONE', ( #896, #1162 ) ) ;
#759 = ORIENTED_EDGE ( 'NONE', *, *, #322, .T. ) ;
#760 = CARTESIAN_POINT ( 'NONE',  ( 28.50000000000001421, -45.00000000000000000, 4.001000000000011880 ) ) ;
#761 = DIRECTION ( 'NONE',  ( 0.000000000000000000, 0.000000000000000000, -1.000000000000000000 ) ) ;
#762 = DIRECTION ( 'NONE',  ( -0.000000000000000000, -0.000000000000000000, -1.000000000000000000 ) ) ;
#763 = AXIS2_PLACEMENT_3D ( 'NONE', #923, #500, #610 ) ;
#764 = VERTEX_POINT ( 'NONE', #477 ) ;
#765 = ORIENTED_EDGE ( 'NONE', *, *, #869, .F. ) ;
#766 = DIRECTION ( 'NONE',  ( 0.000000000000000000, 0.000000000000000000, 1.000000000000000000 ) ) ;
#767 = CARTESIAN_POINT ( 'NONE',  ( -31.80000000000000071, 45.00000000000000000, -43.99999999999999289 ) ) ;
#768 = CIRCLE ( 'NONE', #147, 186.0813432835824415 ) ;
#769 = DIRECTION ( 'NONE',  ( -0.000000000000000000, 1.000000000000000000, 1.224646799147353207E-16 ) ) ;
#770 = EDGE_CURVE ( 'NONE', #1234, #468, #268, .T. ) ;
#771 = ORIENTED_EDGE ( 'NONE', *, *, #151, .T. ) ;
#772 = ORIENTED_EDGE ( 'NONE', *, *, #776, .T. ) ;
#773 = FACE_OUTER_BOUND ( 'NONE', #183, .T. ) ;
#774 = DIRECTION ( 'NONE',  ( -0.000000000000000000, -0.000000000000000000, -1.000000000000000000 ) ) ;
#775 = DIRECTION ( 'NONE',  ( 0.000000000000000000, 0.000000000000000000, -1.000000000000000000 ) ) ;
#776 = EDGE_CURVE ( 'NONE', #1044, #702, #1364, .T. ) ;
#777 = ORIENTED_EDGE ( 'NONE', *, *, #1319, .F. ) ;
#778 = DIRECTION ( 'NONE',  ( -1.000000000000000000, 0.000000000000000000, 0.000000000000000000 ) ) ;
#779 = DIRECTION ( 'NONE',  ( -1.000000000000000000, 0.000000000000000000, 0.000000000000000000 ) ) ;
#780 = DIRECTION ( 'NONE',  ( 0.000000000000000000, 0.000000000000000000, 1.000000000000000000 ) ) ;
#781 = DIRECTION ( 'NONE',  ( -1.000000000000000000, 0.000000000000000000, 0.000000000000000000 ) ) ;
#782 = VERTEX_POINT ( 'NONE', #1147 ) ;
#783 = VECTOR ( 'NONE', #539, 1000.000000000000000 ) ;
#784 = CIRCLE ( 'NONE', #413, 1.649999999999995248 ) ;
#785 = ORIENTED_EDGE ( 'NONE', *, *, #1072, .T. ) ;
#786 = VECTOR ( 'NONE', #1126, 1000.000000000000000 ) ;
#787 = LINE ( 'NONE', #1229, #617 ) ;
#788 = PRODUCT_DEFINITION_CONTEXT ( 'detailed design', #809, 'design' ) ;
#789 = ADVANCED_FACE ( 'NONE', ( #1257 ), #906, .T. ) ;
#790 = CYLINDRICAL_SURFACE ( 'NONE', #1030, 1.649999999999998579 ) ;
#791 = FACE_OUTER_BOUND ( 'NONE', #624, .T. ) ;
#792 = DIRECTION ( 'NONE',  ( -0.000000000000000000, -0.000000000000000000, 1.000000000000000000 ) ) ;
#793 = CIRCLE ( 'NONE', #196, 40.00000000000000000 ) ;
#794 = ORIENTED_EDGE ( 'NONE', *, *, #1333, .F. ) ;
#795 = AXIS2_PLACEMENT_3D ( 'NONE', #1220, #355, #455 ) ;
#796 = CARTESIAN_POINT ( 'NONE',  ( 30.15000000000001279, -45.00000000000000000, -43.99999999999999289 ) ) ;
#797 = CARTESIAN_POINT ( 'NONE',  ( -25.15000000000000568, 0.000000000000000000, -44.00000000000000000 ) ) ;
#798 = EDGE_CURVE ( 'NONE', #980, #4, #1082, .T. ) ;
#799 = LINE ( 'NONE', #171, #1363 ) ;
#800 = CYLINDRICAL_SURFACE ( 'NONE', #528, 39.99999999999999289 ) ;
#801 = ORIENTED_EDGE ( 'NONE', *, *, #566, .F. ) ;
#802 = FACE_BOUND ( 'NONE', #115, .T. ) ;
#803 = DIRECTION ( 'NONE',  ( 0.000000000000000000, 0.000000000000000000, 1.000000000000000000 ) ) ;
#804 = DIRECTION ( 'NONE',  ( 0.000000000000000000, 0.000000000000000000, -1.000000000000000000 ) ) ;
#805 = ORIENTED_EDGE ( 'NONE', *, *, #1333, .T. ) ;
#806 = PLANE ( 'NONE',  #474 ) ;
#807 = EDGE_CURVE ( 'NONE', #514, #717, #385, .T. ) ;
#808 = VERTEX_POINT ( 'NONE', #595 ) ;
#809 = APPLICATION_CONTEXT ( 'automotive_design' ) ;
#810 = CARTESIAN_POINT ( 'NONE',  ( -26.17400370881962246, -0.2820147453094908330, -79.00000000000001421 ) ) ;
#811 = VECTOR ( 'NONE', #381, 1000.000000000000000 ) ;
#812 = CARTESIAN_POINT ( 'NONE',  ( 30.15000000000000568, 45.00000000000000000, -43.99999999999999289 ) ) ;
#813 = LINE ( 'NONE', #1159, #102 ) ;
#814 = CARTESIAN_POINT ( 'NONE',  ( -35.15000000000000568, 0.000000000000000000, -44.00000000000000000 ) ) ;
#815 = EDGE_CURVE ( 'NONE', #1044, #126, #768, .T. ) ;
#816 = VECTOR ( 'NONE', #644, 1000.000000000000000 ) ;
#817 = ORIENTED_EDGE ( 'NONE', *, *, #159, .F. ) ;
#818 = CARTESIAN_POINT ( 'NONE',  ( -25.15000000000000568, 9.999999999999998224, -78.99999999999998579 ) ) ;
#819 = AXIS2_PLACEMENT_3D ( 'NONE', #940, #88, #1061 ) ;
#820 = LINE ( 'NONE', #1288, #939 ) ;
#821 = CARTESIAN_POINT ( 'NONE',  ( 35.14999999999999147, 0.000000000000000000, -43.99999999999999289 ) ) ;
#822 = PRODUCT_CONTEXT ( 'NONE', #1010, 'mechanical' ) ;
#823 = CARTESIAN_POINT ( 'NONE',  ( 31.80000000000000782, -45.00000000000000000, -43.99999999999999289 ) ) ;
#824 = ORIENTED_EDGE ( 'NONE', *, *, #1303, .T. ) ;
#825 = DIRECTION ( 'NONE',  ( 0.000000000000000000, 0.000000000000000000, 1.000000000000000000 ) ) ;
#826 = ORIENTED_EDGE ( 'NONE', *, *, #807, .F. ) ;
#827 = CARTESIAN_POINT ( 'NONE',  ( 34.74335528934889794, 4.207906813462070658E-15, -77.57775271948983686 ) ) ;
#828 = CARTESIAN_POINT ( 'NONE',  ( -28.50000000000000711, 45.00000000000000000, 4.001000000000011880 ) ) ;
#829 = ORIENTED_EDGE ( 'NONE', *, *, #895, .F. ) ;
#830 = CARTESIAN_POINT ( 'NONE',  ( -35.15000000000000568, -39.79949748426479772, -47.99999999999998579 ) ) ;
#831 = VERTEX_POINT ( 'NONE', #818 ) ;
#832 = AXIS2_PLACEMENT_3D ( 'NONE', #502, #510, #933 ) ;
#833 = ORIENTED_EDGE ( 'NONE', *, *, #429, .F. ) ;
#834 = ORIENTED_EDGE ( 'NONE', *, *, #1134, .T. ) ;
#835 = CARTESIAN_POINT ( 'NONE',  ( 34.64999999999998437, -33.08654523791967961, -44.00000000000000000 ) ) ;
#836 = DIRECTION ( 'NONE',  ( 1.000000000000000000, -0.000000000000000000, -0.000000000000000000 ) ) ;
#837 = ORIENTED_EDGE ( 'NONE', *, *, #629, .T. ) ;
#838 = EDGE_CURVE ( 'NONE', #987, #220, #379, .T. ) ;
#839 = VECTOR ( 'NONE', #156, 1000.000000000000000 ) ;
#840 = LINE ( 'NONE', #724, #521 ) ;
#841 = ORIENTED_EDGE ( 'NONE', *, *, #838, .F. ) ;
#842 = AXIS2_PLACEMENT_3D ( 'NONE', #565, #874, #453 ) ;
#843 = VERTEX_POINT ( 'NONE', #161 ) ;
#844 = DIRECTION ( 'NONE',  ( 0.000000000000000000, 0.000000000000000000, 1.000000000000000000 ) ) ;
#845 = DIRECTION ( 'NONE',  ( -0.000000000000000000, 0.000000000000000000, -1.000000000000000000 ) ) ;
#846 = VECTOR ( 'NONE', #1040, 1000.000000000000000 ) ;
#847 = DIRECTION ( 'NONE',  ( -1.000000000000000000, 0.000000000000000000, 0.000000000000000000 ) ) ;
#848 = EDGE_LOOP ( 'NONE', ( #176, #805, #1155, #1223 ) ) ;
#849 = ORIENTED_EDGE ( 'NONE', *, *, #1195, .T. ) ;
#850 = FACE_OUTER_BOUND ( 'NONE', #1000, .T. ) ;
#851 = EDGE_CURVE ( 'NONE', #1185, #489, #921, .T. ) ;
#852 = EDGE_LOOP ( 'NONE', ( #928, #600, #232, #1137, #894 ) ) ;
#853 = VERTEX_POINT ( 'NONE', #184 ) ;
#854 = DIRECTION ( 'NONE',  ( -1.000000000000000000, 0.000000000000000000, 0.000000000000000000 ) ) ;
#855 = AXIS2_PLACEMENT_3D ( 'NONE', #750, #1078, #633 ) ;
#856 = CYLINDRICAL_SURFACE ( 'NONE', #1120, 1.649999999999998579 ) ;
#857 = VERTEX_POINT ( 'NONE', #585 ) ;
#858 = EDGE_CURVE ( 'NONE', #330, #86, #368, .T. ) ;
#859 = ORIENTED_EDGE ( 'NONE', *, *, #306, .F. ) ;
#860 = VERTEX_POINT ( 'NONE', #391 ) ;
#861 = DIRECTION ( 'NONE',  ( 0.000000000000000000, 0.000000000000000000, -1.000000000000000000 ) ) ;
#862 = VECTOR ( 'NONE', #222, 1000.000000000000000 ) ;
#863 = CARTESIAN_POINT ( 'NONE',  ( 34.74335528934889794, -33.57775271948985818, -44.00000000000000000 ) ) ;
#864 = TOROIDAL_SURFACE ( 'NONE', #43, -149.2313432835825040, 186.0813432835824415 ) ;
#865 = CARTESIAN_POINT ( 'NONE',  ( -25.15000000000000568, 3.162431522149372842, -78.99999999999995737 ) ) ;
#866 = ORIENTED_EDGE ( 'NONE', *, *, #732, .F. ) ;
#867 = EDGE_LOOP ( 'NONE', ( #1242, #1391 ) ) ;
#868 = PLANE ( 'NONE',  #1028 ) ;
#869 = EDGE_CURVE ( 'NONE', #537, #808, #1343, .T. ) ;
#870 = CARTESIAN_POINT ( 'NONE',  ( 26.17400370881716754, -0.2819561930306753172, -78.99999999999998579 ) ) ;
#871 = CARTESIAN_POINT ( 'NONE',  ( -25.15000000000000568, 49.99999999999999289, -39.99999999999999289 ) ) ;
#872 = EDGE_LOOP ( 'NONE', ( #357, #1066, #451, #328 ) ) ;
#873 = VERTEX_POINT ( 'NONE', #1267 ) ;
#874 = DIRECTION ( 'NONE',  ( 1.000000000000000000, 0.000000000000000000, 0.000000000000000000 ) ) ;
#875 = EDGE_CURVE ( 'NONE', #4, #980, #1057, .T. ) ;
#876 = LINE ( 'NONE', #49, #634 ) ;
#877 = VECTOR ( 'NONE', #318, 1000.000000000000000 ) ;
#878 = CARTESIAN_POINT ( 'NONE',  ( 25.15000000000000568, 49.99999999999999289, -43.99999999999999289 ) ) ;
#879 = AXIS2_PLACEMENT_3D ( 'NONE', #1353, #180, #1149 ) ;
#880 = ORIENTED_EDGE ( 'NONE', *, *, #239, .F. ) ;
#881 = EDGE_LOOP ( 'NONE', ( #1293, #446, #513, #1206 ) ) ;
#882 = LINE ( 'NONE', #141, #1175 ) ;
#883 = CARTESIAN_POINT ( 'NONE',  ( 35.15000000000000568, 9.999999999999998224, -83.99999999999998579 ) ) ;
#884 = AXIS2_PLACEMENT_3D ( 'NONE', #1235, #1309, #559 ) ;
#885 = PRODUCT_DEFINITION ( 'UNKNOWN', '', #343, #788 ) ;
#886 = VECTOR ( 'NONE', #712, 1000.000000000000000 ) ;
#887 = DIRECTION ( 'NONE',  ( 0.000000000000000000, 0.000000000000000000, 1.000000000000000000 ) ) ;
#888 = AXIS2_PLACEMENT_3D ( 'NONE', #1268, #930, #1219 ) ;
#889 = EDGE_LOOP ( 'NONE', ( #859, #108, #323, #331, #949 ) ) ;
#890 = PRODUCT ( 'thruster_holder_1', 'thruster_holder_1', '', ( #822 ) ) ;
#891 = DIRECTION ( 'NONE',  ( 0.000000000000000000, -1.000000000000000000, 0.000000000000000000 ) ) ;
#892 = DIRECTION ( 'NONE',  ( -0.000000000000000000, -0.000000000000000000, -1.000000000000000000 ) ) ;
#893 = LINE ( 'NONE', #871, #23 ) ;
#894 = ORIENTED_EDGE ( 'NONE', *, *, #290, .T. ) ;
#895 = EDGE_CURVE ( 'NONE', #310, #33, #154, .T. ) ;
#896 = ORIENTED_EDGE ( 'NONE', *, *, #1125, .F. ) ;
#897 = CYLINDRICAL_SURFACE ( 'NONE', #508, 1.649999999999995248 ) ;
#898 = DIRECTION ( 'NONE',  ( -0.000000000000000000, -0.000000000000000000, -1.000000000000000000 ) ) ;
#899 = DIRECTION ( 'NONE',  ( -1.000000000000000000, 0.000000000000000000, 0.000000000000000000 ) ) ;
#900 = VECTOR ( 'NONE', #8, 1000.000000000000000 ) ;
#901 = PRODUCT_DEFINITION_SHAPE ( 'NONE', 'NONE',  #885 ) ;
#902 = AXIS2_PLACEMENT_3D ( 'NONE', #1367, #266, #397 ) ;
#903 = CIRCLE ( 'NONE', #654, 33.57775271948984397 ) ;
#904 = ORIENTED_EDGE ( 'NONE', *, *, #84, .F. ) ;
#905 = EDGE_CURVE ( 'NONE', #1249, #702, #78, .T. ) ;
#906 = CYLINDRICAL_SURFACE ( 'NONE', #327, 40.00000000000000000 ) ;
#907 = CARTESIAN_POINT ( 'NONE',  ( 35.15000000000000568, 36.00000000000000000, -47.99999999999998579 ) ) ;
#908 = LINE ( 'NONE', #465, #498 ) ;
#909 = VERTEX_POINT ( 'NONE', #53 ) ;
#910 = AXIS2_PLACEMENT_3D ( 'NONE', #324, #845, #14 ) ;
#911 = VECTOR ( 'NONE', #1017, 1000.000000000000000 ) ;
#912 = ORIENTED_EDGE ( 'NONE', *, *, #1054, .F. ) ;
#913 = PLANE ( 'NONE',  #443 ) ;
#914 = FACE_OUTER_BOUND ( 'NONE', #52, .T. ) ;
#915 = CARTESIAN_POINT ( 'NONE',  ( -25.15000000000000568, 0.000000000000000000, -78.99999999999998579 ) ) ;
#916 = ADVANCED_FACE ( 'NONE', ( #802, #371 ), #913, .T. ) ;
#917 = ORIENTED_EDGE ( 'NONE', *, *, #476, .F. ) ;
#918 = FACE_OUTER_BOUND ( 'NONE', #5, .T. ) ;
#919 = CYLINDRICAL_SURFACE ( 'NONE', #540, 1.650000000000002132 ) ;
#920 = ORIENTED_EDGE ( 'NONE', *, *, #1190, .F. ) ;
#921 = LINE ( 'NONE', #1250, #285 ) ;
#922 = CARTESIAN_POINT ( 'NONE',  ( -30.14999999999999858, -45.00000000000000000, -47.99999999999998579 ) ) ;
#923 = CARTESIAN_POINT ( 'NONE',  ( 25.14999999999999147, 0.000000000000000000, -44.00000000000000000 ) ) ;
#924 = ADVANCED_FACE ( 'NONE', ( #1012 ), #1019, .T. ) ;
#925 = DIRECTION ( 'NONE',  ( 1.000000000000000000, 0.000000000000000000, 0.000000000000000000 ) ) ;
#926 = DIRECTION ( 'NONE',  ( 0.000000000000000000, 1.000000000000000000, 0.000000000000000000 ) ) ;
#927 = AXIS2_PLACEMENT_3D ( 'NONE', #131, #685, #256 ) ;
#928 = ORIENTED_EDGE ( 'NONE', *, *, #858, .F. ) ;
#929 = CARTESIAN_POINT ( 'NONE',  ( 30.15000000000001279, -45.00000000000000000, -43.99999999999999289 ) ) ;
#930 = DIRECTION ( 'NONE',  ( 0.000000000000000000, 0.000000000000000000, -1.000000000000000000 ) ) ;
#931 = CARTESIAN_POINT ( 'NONE',  ( 35.14999999999999147, 0.000000000000000000, -44.00000000000000000 ) ) ;
#932 = APPLICATION_PROTOCOL_DEFINITION ( 'draft international standard', 'automotive_design', 1998, #1010 ) ;
#933 = DIRECTION ( 'NONE',  ( -1.000000000000000000, 0.000000000000000000, -0.000000000000000000 ) ) ;
#934 = CIRCLE ( 'NONE', #842, 39.99999999999999289 ) ;
#935 = VERTEX_POINT ( 'NONE', #373 ) ;
#936 = VECTOR ( 'NONE', #296, 1000.000000000000000 ) ;
#937 = CARTESIAN_POINT ( 'NONE',  ( -25.15000000000000568, 0.000000000000000000, -43.99999999999999289 ) ) ;
#938 = VERTEX_POINT ( 'NONE', #1025 ) ;
#939 = VECTOR ( 'NONE', #311, 1000.000000000000000 ) ;
#940 = CARTESIAN_POINT ( 'NONE',  ( 30.15000000000000568, 45.00000000000000000, 4.001000000000011880 ) ) ;
#941 = CARTESIAN_POINT ( 'NONE',  ( 35.15000000000000568, -49.99999999999999289, -47.99999999999998579 ) ) ;
#942 = CARTESIAN_POINT ( 'NONE',  ( -25.15000000000000568, 49.99999999999999289, -43.99999999999999289 ) ) ;
#943 = VERTEX_POINT ( 'NONE', #65 ) ;
#944 = EDGE_CURVE ( 'NONE', #739, #1071, #1153, .T. ) ;
#945 = ORIENTED_EDGE ( 'NONE', *, *, #611, .T. ) ;
#946 = CYLINDRICAL_SURFACE ( 'NONE', #819, 1.649999999999998579 ) ;
#947 = CARTESIAN_POINT ( 'NONE',  ( 25.15000000000000568, 49.99999999999999289, -47.99999999999998579 ) ) ;
#948 = DIRECTION ( 'NONE',  ( -0.000000000000000000, -0.000000000000000000, -1.000000000000000000 ) ) ;
#949 = ORIENTED_EDGE ( 'NONE', *, *, #663, .F. ) ;
#950 = AXIS2_PLACEMENT_3D ( 'NONE', #605, #188, #495 ) ;
#951 = ORIENTED_EDGE ( 'NONE', *, *, #593, .F. ) ;
#952 = EDGE_CURVE ( 'NONE', #1234, #1384, #170, .T. ) ;
#953 = DIRECTION ( 'NONE',  ( 0.000000000000000000, 1.000000000000000000, 0.000000000000000000 ) ) ;
#954 = CARTESIAN_POINT ( 'NONE',  ( -25.15000000000000568, 0.000000000000000000, -78.99999999999998579 ) ) ;
#955 = LINE ( 'NONE', #755, #783 ) ;
#956 = ORIENTED_EDGE ( 'NONE', *, *, #566, .T. ) ;
#957 = PRESENTATION_LAYER_ASSIGNMENT (  '', '', ( #169 ) ) ;
#958 = VERTEX_POINT ( 'NONE', #491 ) ;
#959 = DIRECTION ( 'NONE',  ( 0.000000000000000000, 1.000000000000000000, 0.000000000000000000 ) ) ;
#960 = AXIS2_PLACEMENT_3D ( 'NONE', #582, #152, #709 ) ;
#961 = EDGE_CURVE ( 'NONE', #808, #1393, #1041, .T. ) ;
#962 = CARTESIAN_POINT ( 'NONE',  ( 31.80000000000000071, 45.00000000000000000, -47.99999999999998579 ) ) ;
#963 = ORIENTED_EDGE ( 'NONE', *, *, #1319, .T. ) ;
#964 = ORIENTED_EDGE ( 'NONE', *, *, #1042, .T. ) ;
#965 = PLANE ( 'NONE',  #1322 ) ;
#966 = LINE ( 'NONE', #1070, #900 ) ;
#967 = EDGE_CURVE ( 'NONE', #153, #564, #793, .T. ) ;
#968 = PLANE ( 'NONE',  #509 ) ;
#969 = ORIENTED_EDGE ( 'NONE', *, *, #101, .F. ) ;
#970 = ORIENTED_EDGE ( 'NONE', *, *, #1303, .F. ) ;
#971 = EDGE_LOOP ( 'NONE', ( #452, #1313, #1189, #109 ) ) ;
#972 = ORIENTED_EDGE ( 'NONE', *, *, #228, .F. ) ;
#973 = B_SPLINE_CURVE_WITH_KNOTS ( 'NONE', 3,
 ( #865, #659, #1233, #1107, #999, #1332, #977, #442, #450, #138 ),
 .UNSPECIFIED., .F., .F.,
 ( 4, 2, 2, 2, 4 ),
 ( 0.02489659571435030166, 0.02572730382691432865, 0.02655801193947835565, 0.02738872005204238610, 0.02821942816460641310 ),
 .UNSPECIFIED. ) ;
#974 = CARTESIAN_POINT ( 'NONE',  ( 30.15000000000001279, -45.00000000000000000, 4.001000000000011880 ) ) ;
#975 = LINE ( 'NONE', #743, #1336 ) ;
#976 = VECTOR ( 'NONE', #898, 1000.000000000000000 ) ;
#977 = CARTESIAN_POINT ( 'NONE',  ( -26.05527657330876323, 1.120401477650974531, -78.99999999999998579 ) ) ;
#978 = ORIENTED_EDGE ( 'NONE', *, *, #459, .F. ) ;
#979 = EDGE_CURVE ( 'NONE', #943, #1185, #470, .T. ) ;
#980 = VERTEX_POINT ( 'NONE', #478 ) ;
#981 = CYLINDRICAL_SURFACE ( 'NONE', #637, 1.649999999999995248 ) ;
#982 = AXIS2_PLACEMENT_3D ( 'NONE', #1202, #47, #469 ) ;
#983 = VECTOR ( 'NONE', #1048, 1000.000000000000000 ) ;
#984 = CARTESIAN_POINT ( 'NONE',  ( 26.14943381785932530, -0.5667887664065193176, -78.99999999999997158 ) ) ;
#985 = AXIS2_PLACEMENT_3D ( 'NONE', #1320, #1226, #1121 ) ;
#986 = CARTESIAN_POINT ( 'NONE',  ( -30.14999999999999858, -45.00000000000000000, 4.001000000000011880 ) ) ;
#987 = VERTEX_POINT ( 'NONE', #690 ) ;
#988 = ORIENTED_EDGE ( 'NONE', *, *, #339, .T. ) ;
#989 = EDGE_CURVE ( 'NONE', #909, #873, #1007, .T. ) ;
#990 = FACE_OUTER_BOUND ( 'NONE', #734, .T. ) ;
#991 = CARTESIAN_POINT ( 'NONE',  ( 34.74335528934889794, 0.000000000000000000, -44.00000000000000000 ) ) ;
#992 = DIRECTION ( 'NONE',  ( -1.000000000000000000, -0.000000000000000000, -0.000000000000000000 ) ) ;
#993 = ORIENTED_EDGE ( 'NONE', *, *, #967, .T. ) ;
#994 = ORIENTED_EDGE ( 'NONE', *, *, #593, .T. ) ;
#995 = DIRECTION ( 'NONE',  ( -1.000000000000000000, 0.000000000000000000, 0.000000000000000000 ) ) ;
#996 = ADVANCED_FACE ( 'NONE', ( #387 ), #1258, .T. ) ;
#997 = DIRECTION ( 'NONE',  ( -1.000000000000000000, -0.000000000000000000, -0.000000000000000000 ) ) ;
#998 = AXIS2_PLACEMENT_3D ( 'NONE', #666, #761, #367 ) ;
#999 = CARTESIAN_POINT ( 'NONE',  ( -25.80601390296045494, 1.925812174990875647, -78.99999999999998579 ) ) ;
#1000 = EDGE_LOOP ( 'NONE', ( #77, #1385, #771, #1116, #1292, #128, #91, #426, #710, #1285 ) ) ;
#1001 = ORIENTED_EDGE ( 'NONE', *, *, #1210, .T. ) ;
#1002 = VECTOR ( 'NONE', #1375, 1000.000000000000000 ) ;
#1003 = DIRECTION ( 'NONE',  ( 1.000000000000000000, 0.000000000000000000, 0.000000000000000000 ) ) ;
#1004 = CARTESIAN_POINT ( 'NONE',  ( -34.64999999999999858, 0.000000000000000000, -44.00000000000000000 ) ) ;
#1005 = CIRCLE ( 'NONE', #910, 1.650000000000005684 ) ;
#1006 = EDGE_CURVE ( 'NONE', #302, #139, #1177, .T. ) ;
#1007 = CIRCLE ( 'NONE', #395, 1.650000000000005684 ) ;
#1008 = CARTESIAN_POINT ( 'NONE',  ( -34.74335528934891215, 4.207906813462068291E-15, -77.57775271948983686 ) ) ;
#1009 = CIRCLE ( 'NONE', #795, 1.650000000000002132 ) ;
#1010 = APPLICATION_CONTEXT ( 'automotive_design' ) ;
#1011 = EDGE_LOOP ( 'NONE', ( #185, #1256, #1049, #993, #1074, #592, #1200, #964, #969, #405, #431, #833 ) ) ;
#1012 = FACE_OUTER_BOUND ( 'NONE', #351, .T. ) ;
#1013 = DIRECTION ( 'NONE',  ( 0.000000000000000000, 0.000000000000000000, 1.000000000000000000 ) ) ;
#1014 = FACE_OUTER_BOUND ( 'NONE', #530, .T. ) ;
#1015 = ADVANCED_FACE ( 'NONE', ( #1139 ), #790, .F. ) ;
#1016 = EDGE_LOOP ( 'NONE', ( #1046, #1271, #994, #817 ) ) ;
#1017 = DIRECTION ( 'NONE',  ( 1.000000000000000000, 0.000000000000000000, 0.000000000000000000 ) ) ;
#1018 = EDGE_LOOP ( 'NONE', ( #920, #577 ) ) ;
#1019 = PLANE ( 'NONE',  #1286 ) ;
#1020 = DIRECTION ( 'NONE',  ( 0.000000000000000000, -1.000000000000000000, -0.000000000000000000 ) ) ;
#1021 = CARTESIAN_POINT ( 'NONE',  ( 0.000000000000000000, 0.000000000000000000, -47.99999999999998579 ) ) ;
#1022 = VECTOR ( 'NONE', #404, 1000.000000000000000 ) ;
#1023 = ORIENTED_EDGE ( 'NONE', *, *, #67, .T. ) ;
#1024 = DIRECTION ( 'NONE',  ( -1.000000000000000000, 0.000000000000000000, 0.000000000000000000 ) ) ;
#1025 = CARTESIAN_POINT ( 'NONE',  ( 35.14999999999999147, -10.00000000000000178, -82.72983346207415423 ) ) ;
#1026 = PLANE ( 'NONE',  #879 ) ;
#1027 = LINE ( 'NONE', #494, #233 ) ;
#1028 = AXIS2_PLACEMENT_3D ( 'NONE', #671, #22, #1329 ) ;
#1029 = DIRECTION ( 'NONE',  ( 0.000000000000000000, 1.000000000000000000, 0.000000000000000000 ) ) ;
#1030 = AXIS2_PLACEMENT_3D ( 'NONE', #1236, #892, #1158 ) ;
#1031 = AXIS2_PLACEMENT_3D ( 'NONE', #797, #464, #1245 ) ;
#1032 = ORIENTED_EDGE ( 'NONE', *, *, #363, .F. ) ;
#1033 = CARTESIAN_POINT ( 'NONE',  ( 2.081668171172168513E-14, 149.2313432835825040, -44.00000000000000000 ) ) ;
#1034 = EDGE_CURVE ( 'NONE', #349, #126, #1196, .T. ) ;
#1035 = CARTESIAN_POINT ( 'NONE',  ( 25.15000000000000568, 49.99999999999999289, -39.99999999999999289 ) ) ;
#1036 = CARTESIAN_POINT ( 'NONE',  ( 25.14999999999999147, 9.999999999999998224, -5.999999999999991118 ) ) ;
#1037 = PLANE ( 'NONE',  #1047 ) ;
#1038 = CARTESIAN_POINT ( 'NONE',  ( 25.98642209315332963, 1.390139679866202904, -78.99999999999998579 ) ) ;
#1039 = ORIENTED_EDGE ( 'NONE', *, *, #467, .F. ) ;
#1040 = DIRECTION ( 'NONE',  ( 0.000000000000000000, 0.000000000000000000, -1.000000000000000000 ) ) ;
#1041 = LINE ( 'NONE', #907, #42 ) ;
#1042 = EDGE_CURVE ( 'NONE', #289, #46, #749, .T. ) ;
#1043 = DIRECTION ( 'NONE',  ( 0.000000000000000000, -1.000000000000000000, 0.000000000000000000 ) ) ;
#1044 = VERTEX_POINT ( 'NONE', #262 ) ;
#1045 = CARTESIAN_POINT ( 'NONE',  ( 25.14999999999997016, 3.162431522149312890, -78.99999999999998579 ) ) ;
#1046 = ORIENTED_EDGE ( 'NONE', *, *, #754, .T. ) ;
#1047 = AXIS2_PLACEMENT_3D ( 'NONE', #1021, #181, #481 ) ;
#1048 = DIRECTION ( 'NONE',  ( 0.000000000000000000, -1.000000000000000000, 0.000000000000000000 ) ) ;
#1049 = ORIENTED_EDGE ( 'NONE', *, *, #67, .F. ) ;
#1050 = DIRECTION ( 'NONE',  ( -0.000000000000000000, -0.000000000000000000, 1.000000000000000000 ) ) ;
#1051 = CARTESIAN_POINT ( 'NONE',  ( -35.15000000000000568, 9.999999999999998224, -78.99999999999998579 ) ) ;
#1052 = ORIENTED_EDGE ( 'NONE', *, *, #1370, .T. ) ;
#1053 = CIRCLE ( 'NONE', #614, 0.4999999999999796274 ) ;
#1054 = EDGE_CURVE ( 'NONE', #114, #1146, #1216, .T. ) ;
#1055 = MECHANICAL_DESIGN_GEOMETRIC_PRESENTATION_REPRESENTATION (  '', ( #169 ), #1127 ) ;
#1056 = ORIENTED_EDGE ( 'NONE', *, *, #851, .T. ) ;
#1057 = CIRCLE ( 'NONE', #462, 1.649999999999998579 ) ;
#1058 = VERTEX_POINT ( 'NONE', #1337 ) ;
#1059 = EDGE_LOOP ( 'NONE', ( #880, #246, #688, #536 ) ) ;
#1060 = TOROIDAL_SURFACE ( 'NONE', #706, -149.2313432835825040, 186.0813432835824415 ) ;
#1061 = DIRECTION ( 'NONE',  ( -1.000000000000000000, 0.000000000000000000, 0.000000000000000000 ) ) ;
#1062 = PLANE ( 'NONE',  #17 ) ;
#1063 = CARTESIAN_POINT ( 'NONE',  ( -30.14999999999999858, -45.00000000000000000, 4.001000000000011880 ) ) ;
#1064 = FACE_OUTER_BOUND ( 'NONE', #1167, .T. ) ;
#1065 = ADVANCED_FACE ( 'NONE', ( #914 ), #897, .F. ) ;
#1066 = ORIENTED_EDGE ( 'NONE', *, *, #944, .T. ) ;
#1067 = ORIENTED_EDGE ( 'NONE', *, *, #967, .F. ) ;
#1068 = CARTESIAN_POINT ( 'NONE',  ( 2.081668171172168513E-14, 0.000000000000000000, -44.00000000000000000 ) ) ;
#1069 = CARTESIAN_POINT ( 'NONE',  ( 35.14999999999999147, 9.999999999999998224, -82.72983346207415423 ) ) ;
#1070 = CARTESIAN_POINT ( 'NONE',  ( -25.15000000000000568, -39.79949748426479772, -47.99999999999998579 ) ) ;
#1071 = VERTEX_POINT ( 'NONE', #276 ) ;
#1072 = EDGE_CURVE ( 'NONE', #70, #289, #698, .T. ) ;
#1073 = VECTOR ( 'NONE', #1086, 1000.000000000000000 ) ;
#1074 = ORIENTED_EDGE ( 'NONE', *, *, #332, .T. ) ;
#1075 = EDGE_CURVE ( 'NONE', #514, #496, #596, .T. ) ;
#1076 = CARTESIAN_POINT ( 'NONE',  ( -25.14999999999999858, -36.00000000000000000, -47.99999999999998579 ) ) ;
#1077 = SURFACE_STYLE_USAGE ( .BOTH. , #201 ) ;
#1078 = DIRECTION ( 'NONE',  ( -1.000000000000000000, 0.000000000000000000, 0.000000000000000000 ) ) ;
#1079 = ORIENTED_EDGE ( 'NONE', *, *, #533, .F. ) ;
#1080 = ORIENTED_EDGE ( 'NONE', *, *, #1247, .F. ) ;
#1081 = EDGE_LOOP ( 'NONE', ( #407, #437, #1265, #1362 ) ) ;
#1082 = CIRCLE ( 'NONE', #1390, 1.649999999999998579 ) ;
#1083 = CARTESIAN_POINT ( 'NONE',  ( 35.15000000000000568, 49.99999999999999289, -43.99999999999999289 ) ) ;
#1084 = ADVANCED_FACE ( 'NONE', ( #103 ), #393, .T. ) ;
#1085 = AXIS2_PLACEMENT_3D ( 'NONE', #250, #556, #460 ) ;
#1086 = DIRECTION ( 'NONE',  ( 1.000000000000000000, 0.000000000000000000, 0.000000000000000000 ) ) ;
#1087 = EDGE_LOOP ( 'NONE', ( #606, #519, #415, #1372 ) ) ;
#1088 = ORIENTED_EDGE ( 'NONE', *, *, #604, .F. ) ;
#1089 = DIRECTION ( 'NONE',  ( -1.000000000000000000, 0.000000000000000000, -0.000000000000000000 ) ) ;
#1090 = UNCERTAINTY_MEASURE_WITH_UNIT (LENGTH_MEASURE( 1.000000000000000082E-05 ), #68, 'distance_accuracy_value', 'NONE');
#1091 = EDGE_CURVE ( 'NONE', #843, #1384, #350, .T. ) ;
#1092 = DIRECTION ( 'NONE',  ( -1.000000000000000000, 0.000000000000000000, 0.000000000000000000 ) ) ;
#1093 = FACE_OUTER_BOUND ( 'NONE', #848, .T. ) ;
#1094 = ORIENTED_EDGE ( 'NONE', *, *, #101, .T. ) ;
#1095 = ORIENTED_EDGE ( 'NONE', *, *, #1273, .F. ) ;
#1096 = VERTEX_POINT ( 'NONE', #297 ) ;
#1097 = SURFACE_STYLE_FILL_AREA ( #649 ) ;
#1098 = DIRECTION ( 'NONE',  ( -1.000000000000000000, 0.000000000000000000, -0.000000000000000000 ) ) ;
#1099 = CARTESIAN_POINT ( 'NONE',  ( 25.14999999999999147, 9.999999999999998224, -78.99999999999998579 ) ) ;
#1100 = ADVANCED_FACE ( 'NONE', ( #719 ), #264, .F. ) ;
#1101 = ORIENTED_EDGE ( 'NONE', *, *, #1091, .F. ) ;
#1102 = VECTOR ( 'NONE', #691, 1000.000000000000000 ) ;
#1103 = VERTEX_POINT ( 'NONE', #1164 ) ;
#1104 = LINE ( 'NONE', #760, #591 ) ;
#1105 = AXIS2_PLACEMENT_3D ( 'NONE', #974, #213, #312 ) ;
#1106 = CARTESIAN_POINT ( 'NONE',  ( -35.15000000000000568, -10.00000000000000355, -82.72983346207415423 ) ) ;
#1107 = CARTESIAN_POINT ( 'NONE',  ( -25.69485512793854909, 2.188773454355898984, -78.99999999999997158 ) ) ;
#1108 = VERTEX_POINT ( 'NONE', #515 ) ;
#1109 = ADVANCED_FACE ( 'NONE', ( #1170 ), #946, .F. ) ;
#1110 = VERTEX_POINT ( 'NONE', #292 ) ;
#1111 = DIRECTION ( 'NONE',  ( 1.000000000000000000, 0.000000000000000000, 0.000000000000000000 ) ) ;
#1112 = LINE ( 'NONE', #137, #319 ) ;
#1113 = FACE_OUTER_BOUND ( 'NONE', #570, .T. ) ;
#1114 = DIRECTION ( 'NONE',  ( 0.000000000000000000, 0.000000000000000000, -1.000000000000000000 ) ) ;
#1115 = VERTEX_POINT ( 'NONE', #1374 ) ;
#1116 = ORIENTED_EDGE ( 'NONE', *, *, #1, .T. ) ;
#1117 = CARTESIAN_POINT ( 'NONE',  ( -25.15000000000000568, 0.000000000000000000, -44.00000000000000000 ) ) ;
#1118 = EDGE_CURVE ( 'NONE', #625, #309, #149, .T. ) ;
#1119 = CARTESIAN_POINT ( 'NONE',  ( -25.15000000000000568, 3.162431522149372842, -78.99999999999995737 ) ) ;
#1120 = AXIS2_PLACEMENT_3D ( 'NONE', #650, #424, #30 ) ;
#1121 = DIRECTION ( 'NONE',  ( -1.000000000000000000, 0.000000000000000000, 0.000000000000000000 ) ) ;
#1122 = EDGE_LOOP ( 'NONE', ( #1032, #1279, #21, #399, #27 ) ) ;
#1123 = DIRECTION ( 'NONE',  ( -0.000000000000000000, 0.000000000000000000, -1.000000000000000000 ) ) ;
#1124 = DIRECTION ( 'NONE',  ( -1.000000000000000000, -0.000000000000000000, -0.000000000000000000 ) ) ;
#1125 = EDGE_CURVE ( 'NONE', #958, #475, #682, .T. ) ;
#1126 = DIRECTION ( 'NONE',  ( 0.000000000000000000, 0.000000000000000000, -1.000000000000000000 ) ) ;
#1127 =( GEOMETRIC_REPRESENTATION_CONTEXT ( 3 ) GLOBAL_UNCERTAINTY_ASSIGNED_CONTEXT ( ( #554 ) ) GLOBAL_UNIT_ASSIGNED_CONTEXT ( ( #427, #741, #1215 ) ) REPRESENTATION_CONTEXT ( 'NONE', 'WORKASPACE' ) );
#1128 = LINE ( 'NONE', #687, #1241 ) ;
#1129 = AXIS2_PLACEMENT_3D ( 'NONE', #835, #1365, #304 ) ;
#1130 = EDGE_LOOP ( 'NONE', ( #461, #772, #711, #643, #777, #1168, #218 ) ) ;
#1131 = DIRECTION ( 'NONE',  ( -0.000000000000000000, -0.000000000000000000, -1.000000000000000000 ) ) ;
#1132 = CARTESIAN_POINT ( 'NONE',  ( 25.15000000000000568, 49.99999999999999289, -39.99999999999999289 ) ) ;
#1133 = FACE_OUTER_BOUND ( 'NONE', #733, .T. ) ;
#1134 = EDGE_CURVE ( 'NONE', #189, #1384, #1154, .T. ) ;
#1135 = CARTESIAN_POINT ( 'NONE',  ( -30.15000000000000568, 45.00000000000000000, -43.99999999999999289 ) ) ;
#1136 = EDGE_CURVE ( 'NONE', #226, #1108, #206, .T. ) ;
#1137 = ORIENTED_EDGE ( 'NONE', *, *, #815, .F. ) ;
#1138 = CARTESIAN_POINT ( 'NONE',  ( 25.15000000000001279, -36.00000000000000000, -47.99999999999998579 ) ) ;
#1139 = FACE_OUTER_BOUND ( 'NONE', #881, .T. ) ;
#1140 = CARTESIAN_POINT ( 'NONE',  ( -35.14999999999998437, -33.08654523791967250, -44.00000000000000000 ) ) ;
#1141 = DIRECTION ( 'NONE',  ( -1.000000000000000000, -0.000000000000000000, -0.000000000000000000 ) ) ;
#1142 = AXIS2_PLACEMENT_3D ( 'NONE', #1270, #926, #294 ) ;
#1143 = LINE ( 'NONE', #942, #1022 ) ;
#1144 = EDGE_CURVE ( 'NONE', #121, #1221, #727, .T. ) ;
#1145 = CIRCLE ( 'NONE', #586, 35.14258062710081987 ) ;
#1146 = VERTEX_POINT ( 'NONE', #827 ) ;
#1147 = CARTESIAN_POINT ( 'NONE',  ( 25.15000000000000568, 39.79949748426479772, -47.99999999999998579 ) ) ;
#1148 = DIRECTION ( 'NONE',  ( -1.000000000000000000, 0.000000000000000000, 0.000000000000000000 ) ) ;
#1149 = DIRECTION ( 'NONE',  ( 1.000000000000000000, 0.000000000000000000, -0.000000000000000000 ) ) ;
#1150 = DIRECTION ( 'NONE',  ( 1.000000000000000000, -0.000000000000000000, -0.000000000000000000 ) ) ;
#1151 = CIRCLE ( 'NONE', #421, 186.0813432835824415 ) ;
#1152 = ORIENTED_EDGE ( 'NONE', *, *, #408, .T. ) ;
#1153 = CIRCLE ( 'NONE', #620, 1.649999999999998579 ) ;
#1154 = CIRCLE ( 'NONE', #1129, 0.4999999999999796274 ) ;
#1155 = ORIENTED_EDGE ( 'NONE', *, *, #271, .T. ) ;
#1156 = ADVANCED_FACE ( 'NONE', ( #200 ), #1060, .F. ) ;
#1157 = CARTESIAN_POINT ( 'NONE',  ( -25.71598588254503426, -2.193380936229936573, -78.99999999999998579 ) ) ;
#1158 = DIRECTION ( 'NONE',  ( -1.000000000000000000, 0.000000000000000000, 0.000000000000000000 ) ) ;
#1159 = CARTESIAN_POINT ( 'NONE',  ( -25.15000000000000568, 9.999999999999998224, -44.00000000000000000 ) ) ;
#1160 = DIRECTION ( 'NONE',  ( 0.000000000000000000, -1.000000000000000000, 0.000000000000000000 ) ) ;
#1161 = CARTESIAN_POINT ( 'NONE',  ( -25.15000000000000568, 49.99999999999999289, -47.99999999999998579 ) ) ;
#1162 = ORIENTED_EDGE ( 'NONE', *, *, #747, .F. ) ;
#1163 = DIRECTION ( 'NONE',  ( -1.000000000000000000, 0.000000000000000000, 0.000000000000000000 ) ) ;
#1164 = CARTESIAN_POINT ( 'NONE',  ( -25.15000000000000568, 9.999999999999998224, -82.72983346207415423 ) ) ;
#1165 = DIRECTION ( 'NONE',  ( 0.000000000000000000, 0.000000000000000000, -1.000000000000000000 ) ) ;
#1166 = EDGE_CURVE ( 'NONE', #563, #1194, #820, .T. ) ;
#1167 = EDGE_LOOP ( 'NONE', ( #199, #956, #1262, #242 ) ) ;
#1168 = ORIENTED_EDGE ( 'NONE', *, *, #723, .T. ) ;
#1169 = ORIENTED_EDGE ( 'NONE', *, *, #952, .T. ) ;
#1170 = FACE_OUTER_BOUND ( 'NONE', #1016, .T. ) ;
#1171 = DIRECTION ( 'NONE',  ( 0.000000000000000000, -1.000000000000000000, 0.000000000000000000 ) ) ;
#1172 = ADVANCED_FACE ( 'NONE', ( #735, #1186 ), #72, .T. ) ;
#1173 = SHAPE_DEFINITION_REPRESENTATION ( #901, #756 ) ;
#1174 = DIRECTION ( 'NONE',  ( 0.000000000000000000, 0.000000000000000000, 1.000000000000000000 ) ) ;
#1175 = VECTOR ( 'NONE', #766, 1000.000000000000000 ) ;
#1176 = ORIENTED_EDGE ( 'NONE', *, *, #178, .F. ) ;
#1177 = CIRCLE ( 'NONE', #1031, 35.14258062710081987 ) ;
#1178 = VECTOR ( 'NONE', #1160, 1000.000000000000000 ) ;
#1179 = DIRECTION ( 'NONE',  ( 1.000000000000000000, 0.000000000000000000, 0.000000000000000000 ) ) ;
#1180 = DIRECTION ( 'NONE',  ( 0.000000000000000000, 1.000000000000000000, 0.000000000000000000 ) ) ;
#1181 = PLANE ( 'NONE',  #694 ) ;
#1182 = ADVANCED_FACE ( 'NONE', ( #1113 ), #1339, .T. ) ;
#1183 = ADVANCED_FACE ( 'NONE', ( #1064 ), #968, .T. ) ;
#1184 = ORIENTED_EDGE ( 'NONE', *, *, #770, .T. ) ;
#1185 = VERTEX_POINT ( 'NONE', #641 ) ;
#1186 = FACE_OUTER_BOUND ( 'NONE', #430, .T. ) ;
#1187 = CARTESIAN_POINT ( 'NONE',  ( 30.15000000000000568, 45.00000000000000000, -47.99999999999998579 ) ) ;
#1188 = DIRECTION ( 'NONE',  ( 1.000000000000000000, -0.000000000000000000, -0.000000000000000000 ) ) ;
#1189 = ORIENTED_EDGE ( 'NONE', *, *, #533, .T. ) ;
#1190 = EDGE_CURVE ( 'NONE', #764, #857, #1305, .T. ) ;
#1191 = DIRECTION ( 'NONE',  ( 0.000000000000000000, 0.000000000000000000, 1.000000000000000000 ) ) ;
#1192 = DIRECTION ( 'NONE',  ( -0.000000000000000000, -0.000000000000000000, -1.000000000000000000 ) ) ;
#1193 = VERTEX_POINT ( 'NONE', #238 ) ;
#1194 = VERTEX_POINT ( 'NONE', #1099 ) ;
#1195 = EDGE_CURVE ( 'NONE', #537, #514, #348, .T. ) ;
#1196 = CIRCLE ( 'NONE', #1369, 0.4999999999999796274 ) ;
#1197 = LINE ( 'NONE', #954, #862 ) ;
#1198 = VECTOR ( 'NONE', #953, 1000.000000000000000 ) ;
#1199 = CARTESIAN_POINT ( 'NONE',  ( -25.15000000000000568, 35.14258062710081987, -44.00000000000000000 ) ) ;
#1200 = ORIENTED_EDGE ( 'NONE', *, *, #125, .F. ) ;
#1201 = EDGE_LOOP ( 'NONE', ( #164, #10, #970, #630 ) ) ;
#1202 = CARTESIAN_POINT ( 'NONE',  ( -34.74335528934891215, 0.000000000000000000, -44.00000000000000000 ) ) ;
#1203 = EDGE_CURVE ( 'NONE', #33, #13, #341, .T. ) ;
#1204 = CARTESIAN_POINT ( 'NONE',  ( -25.14999999999998792, -3.162431522149292906, -78.99999999999998579 ) ) ;
#1205 = FACE_OUTER_BOUND ( 'NONE', #1201, .T. ) ;
#1206 = ORIENTED_EDGE ( 'NONE', *, *, #703, .F. ) ;
#1207 = ORIENTED_EDGE ( 'NONE', *, *, #273, .F. ) ;
#1208 = TOROIDAL_SURFACE ( 'NONE', #1361, 33.08654523791967250, 0.4999999999999824585 ) ;
#1209 = DIRECTION ( 'NONE',  ( 0.000000000000000000, 0.000000000000000000, -1.000000000000000000 ) ) ;
#1210 = EDGE_CURVE ( 'NONE', #433, #13, #893, .T. ) ;
#1211 = CARTESIAN_POINT ( 'NONE',  ( -30.15000000000000568, 45.00000000000000000, -47.99999999999998579 ) ) ;
#1212 = ORIENTED_EDGE ( 'NONE', *, *, #629, .F. ) ;
#1213 = ORIENTED_EDGE ( 'NONE', *, *, #1118, .F. ) ;
#1214 = TOROIDAL_SURFACE ( 'NONE', #701, 33.08654523791967961, 0.4999999999999824585 ) ;
#1215 =( NAMED_UNIT ( * ) SI_UNIT ( $, .STERADIAN. ) SOLID_ANGLE_UNIT ( ) );
#1216 = CIRCLE ( 'NONE', #594, 33.57775271948984397 ) ;
#1217 = AXIS2_PLACEMENT_3D ( 'NONE', #336, #775, #757 ) ;
#1218 = FACE_OUTER_BOUND ( 'NONE', #889, .T. ) ;
#1219 = DIRECTION ( 'NONE',  ( -1.000000000000000000, 0.000000000000000000, -0.000000000000000000 ) ) ;
#1220 = CARTESIAN_POINT ( 'NONE',  ( -30.14999999999999858, -45.00000000000000000, -43.99999999999999289 ) ) ;
#1221 = VERTEX_POINT ( 'NONE', #1327 ) ;
#1222 = EDGE_CURVE ( 'NONE', #302, #330, #973, .T. ) ;
#1223 = ORIENTED_EDGE ( 'NONE', *, *, #989, .T. ) ;
#1224 = CARTESIAN_POINT ( 'NONE',  ( 31.80000000000000071, 45.00000000000000000, -43.99999999999999289 ) ) ;
#1225 = DIRECTION ( 'NONE',  ( 1.000000000000000000, -0.000000000000000000, -0.000000000000000000 ) ) ;
#1226 = DIRECTION ( 'NONE',  ( 0.000000000000000000, 0.000000000000000000, -1.000000000000000000 ) ) ;
#1227 = ORIENTED_EDGE ( 'NONE', *, *, #1203, .T. ) ;
#1228 = ADVANCED_FACE ( 'NONE', ( #562 ), #38, .F. ) ;
#1229 = CARTESIAN_POINT ( 'NONE',  ( 35.15000000000000568, -10.00000000000000178, -78.99999999999998579 ) ) ;
#1230 = DIRECTION ( 'NONE',  ( -0.000000000000000000, -0.000000000000000000, 1.000000000000000000 ) ) ;
#1231 = DIRECTION ( 'NONE',  ( -1.000000000000000000, 0.000000000000000000, 0.000000000000000000 ) ) ;
#1232 =( GEOMETRIC_REPRESENTATION_CONTEXT ( 3 ) GLOBAL_UNCERTAINTY_ASSIGNED_CONTEXT ( ( #1090 ) ) GLOBAL_UNIT_ASSIGNED_CONTEXT ( ( #68, #75, #501 ) ) REPRESENTATION_CONTEXT ( 'NONE', 'WORKASPACE' ) );
#1233 = CARTESIAN_POINT ( 'NONE',  ( -25.44371367212179535, 2.689873279300882825, -79.00000000000000000 ) ) ;
#1234 = VERTEX_POINT ( 'NONE', #124 ) ;
#1235 = CARTESIAN_POINT ( 'NONE',  ( 2.081668171172168513E-14, 149.2313432835825040, -44.00000000000000000 ) ) ;
#1236 = CARTESIAN_POINT ( 'NONE',  ( 30.15000000000001279, -45.00000000000000000, 4.001000000000011880 ) ) ;
#1237 = DIRECTION ( 'NONE',  ( 1.000000000000000000, -0.000000000000000000, -0.000000000000000000 ) ) ;
#1238 = ADVANCED_FACE ( 'NONE', ( #31 ), #864, .F. ) ;
#1239 = CIRCLE ( 'NONE', #884, 186.0813432835824415 ) ;
#1240 = CARTESIAN_POINT ( 'NONE',  ( 35.14999999999999147, 39.79949748426479772, -47.99999999999998579 ) ) ;
#1241 = VECTOR ( 'NONE', #1150, 1000.000000000000000 ) ;
#1242 = ORIENTED_EDGE ( 'NONE', *, *, #798, .F. ) ;
#1243 = CARTESIAN_POINT ( 'NONE',  ( 25.14999999999999147, -7.000000000000000000, -43.99999999999999289 ) ) ;
#1244 = ORIENTED_EDGE ( 'NONE', *, *, #1075, .T. ) ;
#1245 = DIRECTION ( 'NONE',  ( 0.000000000000000000, 0.000000000000000000, 1.000000000000000000 ) ) ;
#1246 = LINE ( 'NONE', #821, #56 ) ;
#1247 = EDGE_CURVE ( 'NONE', #853, #369, #1009, .T. ) ;
#1248 = CARTESIAN_POINT ( 'NONE',  ( 25.14999999999999147, 0.000000000000000000, -44.00000000000000000 ) ) ;
#1249 = VERTEX_POINT ( 'NONE', #245 ) ;
#1250 = CARTESIAN_POINT ( 'NONE',  ( 35.15000000000000568, -10.00000000000000178, -78.99999999999998579 ) ) ;
#1251 = DIRECTION ( 'NONE',  ( -1.000000000000000000, 0.000000000000000000, 0.000000000000000000 ) ) ;
#1252 = CARTESIAN_POINT ( 'NONE',  ( -35.15000000000000568, 0.000000000000000000, -43.99999999999999289 ) ) ;
#1253 = DIRECTION ( 'NONE',  ( -1.000000000000000000, 0.000000000000000000, 0.000000000000000000 ) ) ;
#1254 = CARTESIAN_POINT ( 'NONE',  ( 25.71598588254497741, 2.193380936229974321, -78.99999999999998579 ) ) ;
#1255 = AXIS2_PLACEMENT_3D ( 'NONE', #1331, #1231, #471 ) ;
#1256 = ORIENTED_EDGE ( 'NONE', *, *, #895, .T. ) ;
#1257 = FACE_OUTER_BOUND ( 'NONE', #675, .T. ) ;
#1258 = PLANE ( 'NONE',  #661 ) ;
#1259 = LINE ( 'NONE', #1358, #36 ) ;
#1260 = CARTESIAN_POINT ( 'NONE',  ( 25.15000000000001279, -49.99999999999999289, -47.99999999999998579 ) ) ;
#1261 = CIRCLE ( 'NONE', #370, 0.4999999999999796274 ) ;
#1262 = ORIENTED_EDGE ( 'NONE', *, *, #1317, .F. ) ;
#1263 = VECTOR ( 'NONE', #48, 1000.000000000000000 ) ;
#1264 = AXIS2_PLACEMENT_3D ( 'NONE', #609, #714, #409 ) ;
#1265 = ORIENTED_EDGE ( 'NONE', *, *, #9, .T. ) ;
#1266 = EDGE_CURVE ( 'NONE', #579, #139, #551, .T. ) ;
#1267 = CARTESIAN_POINT ( 'NONE',  ( -28.49999999999999289, -45.00000000000000000, -47.99999999999998579 ) ) ;
#1268 = CARTESIAN_POINT ( 'NONE',  ( 0.000000000000000000, 0.000000000000000000, -47.99999999999998579 ) ) ;
#1269 = CARTESIAN_POINT ( 'NONE',  ( -35.15000000000000568, -49.99999999999999289, -39.99999999999999289 ) ) ;
#1270 = CARTESIAN_POINT ( 'NONE',  ( -25.15000000000000568, 49.99999999999999289, -39.99999999999999289 ) ) ;
#1271 = ORIENTED_EDGE ( 'NONE', *, *, #299, .T. ) ;
#1272 = CARTESIAN_POINT ( 'NONE',  ( 35.15000000000000568, 49.99999999999999289, -39.99999999999999289 ) ) ;
#1273 = EDGE_CURVE ( 'NONE', #860, #133, #197, .T. ) ;
#1274 = DIRECTION ( 'NONE',  ( 0.000000000000000000, 0.000000000000000000, -1.000000000000000000 ) ) ;
#1275 = DIRECTION ( 'NONE',  ( -0.000000000000000000, -0.000000000000000000, 1.000000000000000000 ) ) ;
#1276 = DIRECTION ( 'NONE',  ( -0.000000000000000000, -0.000000000000000000, -1.000000000000000000 ) ) ;
#1277 = CIRCLE ( 'NONE', #651, 33.57775271948984397 ) ;
#1278 = ORIENTED_EDGE ( 'NONE', *, *, #1, .F. ) ;
#1279 = ORIENTED_EDGE ( 'NONE', *, *, #1222, .F. ) ;
#1280 = DIRECTION ( 'NONE',  ( -1.000000000000000000, -0.000000000000000000, -0.000000000000000000 ) ) ;
#1281 = LINE ( 'NONE', #1382, #282 ) ;
#1282 = EDGE_CURVE ( 'NONE', #1146, #935, #396, .T. ) ;
#1283 = CARTESIAN_POINT ( 'NONE',  ( 26.15005053294358461, 0.5611939737583704346, -78.99999999999998579 ) ) ;
#1284 = CIRCLE ( 'NONE', #982, 33.57775271948984397 ) ;
#1285 = ORIENTED_EDGE ( 'NONE', *, *, #334, .F. ) ;
#1286 = AXIS2_PLACEMENT_3D ( 'NONE', #283, #1345, #485 ) ;
#1287 = ORIENTED_EDGE ( 'NONE', *, *, #961, .F. ) ;
#1288 = CARTESIAN_POINT ( 'NONE',  ( 25.14999999999999147, -7.000000000000000000, -78.99999999999998579 ) ) ;
#1289 = DIRECTION ( 'NONE',  ( 0.000000000000000000, 0.000000000000000000, -1.000000000000000000 ) ) ;
#1290 = CARTESIAN_POINT ( 'NONE',  ( -25.15000000000000568, 9.999999999999998224, -82.72983346207415423 ) ) ;
#1291 = ADVANCED_FACE ( 'NONE', ( #1205 ), #568, .T. ) ;
#1292 = ORIENTED_EDGE ( 'NONE', *, *, #1166, .T. ) ;
#1293 = ORIENTED_EDGE ( 'NONE', *, *, #798, .T. ) ;
#1294 = CARTESIAN_POINT ( 'NONE',  ( 0.000000000000000000, 0.000000000000000000, -78.99999999999998579 ) ) ;
#1295 = ORIENTED_EDGE ( 'NONE', *, *, #484, .F. ) ;
#1296 = AXIS2_PLACEMENT_3D ( 'NONE', #454, #1020, #1209 ) ;
#1297 = ORIENTED_EDGE ( 'NONE', *, *, #723, .F. ) ;
#1298 = CYLINDRICAL_SURFACE ( 'NONE', #1105, 1.649999999999998579 ) ;
#1299 = CIRCLE ( 'NONE', #1255, 40.00000000000000000 ) ;
#1300 = CARTESIAN_POINT ( 'NONE',  ( 25.80601390296018138, -1.925812174990755299, -78.99999999999998579 ) ) ;
#1301 = EDGE_LOOP ( 'NONE', ( #258, #912, #6, #531, #1278 ) ) ;
#1302 = VERTEX_POINT ( 'NONE', #1008 ) ;
#1303 = EDGE_CURVE ( 'NONE', #1108, #1368, #361, .T. ) ;
#1304 = LINE ( 'NONE', #432, #193 ) ;
#1305 = CIRCLE ( 'NONE', #286, 1.649999999999995248 ) ;
#1306 = CARTESIAN_POINT ( 'NONE',  ( -34.74335528934891215, -33.57775271948987239, -44.00000000000000000 ) ) ;
#1307 = ORIENTED_EDGE ( 'NONE', *, *, #51, .F. ) ;
#1308 = ORIENTED_EDGE ( 'NONE', *, *, #263, .F. ) ;
#1309 = DIRECTION ( 'NONE',  ( 0.000000000000000000, 0.000000000000000000, -1.000000000000000000 ) ) ;
#1310 = ADVANCED_FACE ( 'NONE', ( #1093 ), #653, .F. ) ;
#1311 = CARTESIAN_POINT ( 'NONE',  ( 35.15000000000000568, -10.00000000000000178, -83.99999999999998579 ) ) ;
#1312 = DIRECTION ( 'NONE',  ( 0.000000000000000000, -1.000000000000000000, -0.000000000000000000 ) ) ;
#1313 = ORIENTED_EDGE ( 'NONE', *, *, #512, .T. ) ;
#1314 = ORIENTED_EDGE ( 'NONE', *, *, #1370, .F. ) ;
#1315 = VECTOR ( 'NONE', #224, 1000.000000000000000 ) ;
#1316 = DIRECTION ( 'NONE',  ( -1.000000000000000000, 0.000000000000000000, 0.000000000000000000 ) ) ;
#1317 = EDGE_CURVE ( 'NONE', #468, #987, #25, .T. ) ;
#1318 = AXIS2_PLACEMENT_3D ( 'NONE', #588, #516, #597 ) ;
#1319 = EDGE_CURVE ( 'NONE', #70, #226, #107, .T. ) ;
#1320 = CARTESIAN_POINT ( 'NONE',  ( 30.15000000000000568, 45.00000000000000000, -47.99999999999998579 ) ) ;
#1321 = EDGE_LOOP ( 'NONE', ( #549, #1023, #1227, #552 ) ) ;
#1322 = AXIS2_PLACEMENT_3D ( 'NONE', #748, #7, #1089 ) ;
#1323 = PLANE ( 'NONE',  #20 ) ;
#1324 = VECTOR ( 'NONE', #891, 1000.000000000000000 ) ;
#1325 = AXIS2_PLACEMENT_3D ( 'NONE', #986, #762, #119 ) ;
#1326 = LINE ( 'NONE', #354, #839 ) ;
#1327 = CARTESIAN_POINT ( 'NONE',  ( -35.15000000000000568, 9.999999999999998224, -83.99999999999998579 ) ) ;
#1328 = EDGE_CURVE ( 'NONE', #1110, #468, #257, .T. ) ;
#1329 = DIRECTION ( 'NONE',  ( 0.000000000000000000, 0.000000000000000000, 1.000000000000000000 ) ) ;
#1330 = CARTESIAN_POINT ( 'NONE',  ( -35.15000000000000568, 0.000000000000000000, -44.00000000000000000 ) ) ;
#1331 = CARTESIAN_POINT ( 'NONE',  ( -25.15000000000000568, 0.000000000000000000, -44.00000000000000000 ) ) ;
#1332 = CARTESIAN_POINT ( 'NONE',  ( -25.98584197562253806, 1.392032390920192597, -79.00000000000000000 ) ) ;
#1333 = EDGE_CURVE ( 'NONE', #369, #853, #1371, .T. ) ;
#1334 = ORIENTED_EDGE ( 'NONE', *, *, #1317, .T. ) ;
#1335 = DIRECTION ( 'NONE',  ( -1.000000000000000000, -0.000000000000000000, -0.000000000000000000 ) ) ;
#1336 = VECTOR ( 'NONE', #1192, 1000.000000000000000 ) ;
#1337 = CARTESIAN_POINT ( 'NONE',  ( 25.15000000000001279, -49.99999999999999289, -43.99999999999999289 ) ) ;
#1338 = DIRECTION ( 'NONE',  ( 0.000000000000000000, -1.000000000000000000, 0.000000000000000000 ) ) ;
#1339 = PLANE ( 'NONE',  #173 ) ;
#1340 = CARTESIAN_POINT ( 'NONE',  ( 25.14999999999999147, 39.79949748426479772, -47.99999999999998579 ) ) ;
#1341 = VECTOR ( 'NONE', #1346, 1000.000000000000000 ) ;
#1342 = ORIENTED_EDGE ( 'NONE', *, *, #550, .T. ) ;
#1343 = LINE ( 'NONE', #1272, #846 ) ;
#1344 = EDGE_CURVE ( 'NONE', #153, #1193, #1128, .T. ) ;
#1345 = DIRECTION ( 'NONE',  ( 1.000000000000000000, 0.000000000000000000, 0.000000000000000000 ) ) ;
#1346 = DIRECTION ( 'NONE',  ( 0.000000000000000000, 0.000000000000000000, -1.000000000000000000 ) ) ;
#1347 = FACE_OUTER_BOUND ( 'NONE', #1321, .T. ) ;
#1348 = AXIS2_PLACEMENT_3D ( 'NONE', #680, #287, #1253 ) ;
#1349 = ORIENTED_EDGE ( 'NONE', *, *, #1344, .T. ) ;
#1350 = CARTESIAN_POINT ( 'NONE',  ( 0.000000000000000000, 0.000000000000000000, -47.99999999999998579 ) ) ;
#1351 = DIRECTION ( 'NONE',  ( -0.000000000000000000, -0.000000000000000000, -1.000000000000000000 ) ) ;
#1352 = ADVANCED_FACE ( 'NONE', ( #1014 ), #800, .T. ) ;
#1353 = CARTESIAN_POINT ( 'NONE',  ( 0.000000000000000000, 0.000000000000000000, -83.99999999999998579 ) ) ;
#1354 = DIRECTION ( 'NONE',  ( 0.000000000000000000, 0.000000000000000000, 1.000000000000000000 ) ) ;
#1355 = ORIENTED_EDGE ( 'NONE', *, *, #576, .T. ) ;
#1356 = CARTESIAN_POINT ( 'NONE',  ( -26.17400370881843230, 2.094464089914881945E-11, -78.99999999999998579 ) ) ;
#1357 = DIRECTION ( 'NONE',  ( 1.000000000000000000, 0.000000000000000000, 0.000000000000000000 ) ) ;
#1358 = CARTESIAN_POINT ( 'NONE',  ( -25.14999999999999858, -49.99999999999999289, -39.99999999999999289 ) ) ;
#1359 = FACE_BOUND ( 'NONE', #867, .T. ) ;
#1360 = ADVANCED_FACE ( 'NONE', ( #472, #1347 ), #157, .F. ) ;
#1361 = AXIS2_PLACEMENT_3D ( 'NONE', #1004, #997, #237 ) ;
#1362 = ORIENTED_EDGE ( 'NONE', *, *, #315, .F. ) ;
#1363 = VECTOR ( 'NONE', #1043, 1000.000000000000000 ) ;
#1364 = LINE ( 'NONE', #937, #983 ) ;
#1365 = DIRECTION ( 'NONE',  ( -0.000000000000000000, -0.000000000000000000, 1.000000000000000000 ) ) ;
#1366 = DIRECTION ( 'NONE',  ( 1.000000000000000000, 0.000000000000000000, 0.000000000000000000 ) ) ;
#1367 = CARTESIAN_POINT ( 'NONE',  ( 0.000000000000000000, 0.000000000000000000, 0.000000000000000000 ) ) ;
#1368 = VERTEX_POINT ( 'NONE', #487 ) ;
#1369 = AXIS2_PLACEMENT_3D ( 'NONE', #179, #1230, #255 ) ;
#1370 = EDGE_CURVE ( 'NONE', #1393, #782, #598, .T. ) ;
#1371 = CIRCLE ( 'NONE', #1348, 1.650000000000002132 ) ;
#1372 = ORIENTED_EDGE ( 'NONE', *, *, #1075, .F. ) ;
#1373 = DIRECTION ( 'NONE',  ( -1.000000000000000000, 0.000000000000000000, 0.000000000000000000 ) ) ;
#1374 = CARTESIAN_POINT ( 'NONE',  ( -35.14999999999998437, 33.08654523791967250, -44.00000000000000000 ) ) ;
#1375 = DIRECTION ( 'NONE',  ( 0.000000000000000000, 0.000000000000000000, -1.000000000000000000 ) ) ;
#1376 = FACE_OUTER_BOUND ( 'NONE', #99, .T. ) ;
#1377 = ORIENTED_EDGE ( 'NONE', *, *, #473, .F. ) ;
#1378 = EDGE_CURVE ( 'NONE', #831, #1194, #1027, .T. ) ;
#1379 = ORIENTED_EDGE ( 'NONE', *, *, #1125, .T. ) ;
#1380 = ADVANCED_FACE ( 'NONE', ( #272, #918 ), #1037, .T. ) ;
#1381 = DIRECTION ( 'NONE',  ( -1.000000000000000000, 0.000000000000000000, 0.000000000000000000 ) ) ;
#1382 = CARTESIAN_POINT ( 'NONE',  ( -28.49999999999999289, -45.00000000000000000, 4.001000000000011880 ) ) ;
#1383 = DIRECTION ( 'NONE',  ( -1.000000000000000000, 0.000000000000000000, 0.000000000000000000 ) ) ;
#1384 = VERTEX_POINT ( 'NONE', #165 ) ;
#1385 = ORIENTED_EDGE ( 'NONE', *, *, #583, .T. ) ;
#1386 = DIRECTION ( 'NONE',  ( 0.000000000000000000, 0.000000000000000000, 1.000000000000000000 ) ) ;
#1387 = CARTESIAN_POINT ( 'NONE',  ( 25.15000000000000568, 49.99999999999999289, -47.99999999999998579 ) ) ;
#1388 = EDGE_CURVE ( 'NONE', #309, #625, #784, .T. ) ;
#1389 = FACE_OUTER_BOUND ( 'NONE', #872, .T. ) ;
#1390 = AXIS2_PLACEMENT_3D ( 'NONE', #796, #718, #1163 ) ;
#1391 = ORIENTED_EDGE ( 'NONE', *, *, #875, .F. ) ;
#1392 = AXIS2_PLACEMENT_3D ( 'NONE', #16, #769, #144 ) ;
#1393 = VERTEX_POINT ( 'NONE', #1240 ) ;
ENDSEC;
END-ISO-10303-21;
