ISO-10303-21;
HEADER;
FILE_DESCRIPTION (( 'STEP AP214' ),
    '1' );
FILE_NAME ('thruster_holder_2.STEP',
    '2026-09-07T09:45:19',
    ( '' ),
    ( '' ),
    'SwSTEP 2.0',
    'SolidWorks 2024',
    '' );
FILE_SCHEMA (( 'AUTOMOTIVE_DESIGN' ));
ENDSEC;

DATA;
#1 = ORIENTED_EDGE ( 'NONE', *, *, #162, .T. ) ;
#2 = VECTOR ( 'NONE', #644, 1000.000000000000000 ) ;
#3 = DIRECTION ( 'NONE',  ( -1.000000000000000000, -0.000000000000000000, -0.000000000000000000 ) ) ;
#4 = CIRCLE ( 'NONE', #942, 1.650000000000000133 ) ;
#5 = CARTESIAN_POINT ( 'NONE',  ( -25.15000000000000568, -7.000000000000000000, 0.000000000000000000 ) ) ;
#6 = CIRCLE ( 'NONE', #760, 1.649999999999998579 ) ;
#7 = FACE_OUTER_BOUND ( 'NONE', #45, .T. ) ;
#8 = CARTESIAN_POINT ( 'NONE',  ( -25.15000000000000568, 0.000000000000000000, -44.00000000000000000 ) ) ;
#9 = EDGE_CURVE ( 'NONE', #1168, #861, #1615, .T. ) ;
#10 = CIRCLE ( 'NONE', #2293, 1.649999999999998579 ) ;
#11 = DIRECTION ( 'NONE',  ( 0.000000000000000000, 0.000000000000000000, 1.000000000000000000 ) ) ;
#12 = LINE ( 'NONE', #1441, #658 ) ;
#13 = VECTOR ( 'NONE', #1748, 1000.000000000000000 ) ;
#14 = ORIENTED_EDGE ( 'NONE', *, *, #381, .T. ) ;
#15 = EDGE_CURVE ( 'NONE', #1483, #1684, #239, .T. ) ;
#16 = VECTOR ( 'NONE', #720, 1000.000000000000000 ) ;
#17 = CARTESIAN_POINT ( 'NONE',  ( 25.15000000000000568, 49.99999999999999289, -43.99999999999999289 ) ) ;
#18 = CARTESIAN_POINT ( 'NONE',  ( 21.69999999999998508, 0.000000000000000000, 4.000000000000007994 ) ) ;
#19 = APPLICATION_PROTOCOL_DEFINITION ( 'draft international standard', 'automotive_design', 1998, #728 ) ;
#20 = DIRECTION ( 'NONE',  ( -1.000000000000000000, 0.000000000000000000, 0.000000000000000000 ) ) ;
#21 = ORIENTED_EDGE ( 'NONE', *, *, #1830, .F. ) ;
#22 = CARTESIAN_POINT ( 'NONE',  ( -18.27499999999999858, -2.449293598294706119E-15, 4.000000000000009770 ) ) ;
#23 =( BOUNDED_SURFACE ( )  B_SPLINE_SURFACE ( 3, 2, ( 
 ( #617, #242, #1521 ),
 ( #631, #83, #279 ),
 ( #417, #953, #1493 ),
 ( #805, #1126, #2181 ),
 ( #267, #1507, #2227 ),
 ( #1475, #2191, #1654 ),
 ( #2214, #782, #1825 ),
 ( #1161, #1665, #455 ),
 ( #1328, #1152, #642 ),
 ( #1337, #2030, #292 ),
 ( #1701, #605, #1848 ),
 ( #61, #2040, #2201 ),
 ( #1485, #1304, #72 ),
 ( #1002, #1348, #1689 ),
 ( #1858, #987, #97 ),
 ( #818, #978, #1314 ),
 ( #2015, #770, #2053 ),
 ( #1675, #467, #256 ),
 ( #1175, #792, #430 ),
 ( #1871, #2003, #1141 ),
 ( #967, #2115, #1233 ),
 ( #687, #1528, #330 ) ),
 .UNSPECIFIED., .F., .F., .T. ) 
 B_SPLINE_SURFACE_WITH_KNOTS ( ( 4, 2, 2, 2, 2, 2, 2, 2, 2, 2, 4 ),
 ( 3, 3 ),
 ( 0.006036684984351520060, 0.007851877598962503021, 0.008759473906267994936, 0.009667070213573485116, 0.01057466652087897703, 0.01148226282818446894, 0.01329745544279545104, 0.01511264805740643313, 0.01692784067201741696, 0.01874303328662840079, 0.02055822590123938115 ),
 ( 0.2096113315518067788, 1.000000000000000000 ),
 .UNSPECIFIED. ) 
 GEOMETRIC_REPRESENTATION_ITEM ( )  RATIONAL_B_SPLINE_SURFACE ( (
 ( 0.9266990568034438880, 0.8251503326325674292, 1.000000000000000000),
 ( 0.9260172158045676394, 0.8235238914620724993, 1.000000000000000000),
 ( 0.9252374411672275034, 0.8216638426002876860, 1.000000000000000000),
 ( 0.9240569346622216074, 0.8188479010758807908, 1.000000000000000000),
 ( 0.9236592650204447086, 0.8178993129465255141, 1.000000000000000000),
 ( 0.9228966587612179584, 0.8160802169711768306, 1.000000000000000000),
 ( 0.9225319012848240963, 0.8152101364423869345, 1.000000000000000000),
 ( 0.9218547940918164763, 0.8135949871372545328, 1.000000000000000000),
 ( 0.9215424165389707323, 0.8128498519612761264, 1.000000000000000000),
 ( 0.9209878474943127280, 0.8115270011388699967, 1.000000000000000000),
 ( 0.9207447359872522608, 0.8109470909182233678, 1.000000000000000000),
 ( 0.9201526484925399707, 0.8095347448147733882, 1.000000000000000000),
 ( 0.9199460762217119836, 0.8090419940906147245, 1.000000000000000000),
 ( 0.9199440144152002397, 0.8090370759249398969, 1.000000000000000000),
 ( 0.9201558043807522846, 0.8095422727670770202, 1.000000000000000000),
 ( 0.9209372648332487810, 0.8114063429170801367, 1.000000000000000000),
 ( 0.9215036429204059854, 0.8127573626424077213, 1.000000000000000000),
 ( 0.9228731462396251306, 0.8160241309728225589, 1.000000000000000000),
 ( 0.9236553766638084806, 0.8178900377880516936, 1.000000000000000000),
 ( 0.9252230721911245404, 0.8216295673156539525, 1.000000000000000000),
 ( 0.9260173821418553608, 0.8235242882375864992, 1.000000000000000000),
 ( 0.9266987891289015788, 0.8251496941304875543, 1.000000000000000000) ) ) 
 REPRESENTATION_ITEM ( '' )  SURFACE ( )  );
#24 = SURFACE_STYLE_USAGE ( .BOTH. , #939 ) ;
#25 = EDGE_CURVE ( 'NONE', #1192, #1285, #749, .T. ) ;
#26 = ORIENTED_EDGE ( 'NONE', *, *, #1938, .F. ) ;
#27 = LINE ( 'NONE', #759, #1759 ) ;
#28 = ADVANCED_FACE ( 'NONE', ( #567 ), #1453, .F. ) ;
#29 = VERTEX_POINT ( 'NONE', #2143 ) ;
#30 = B_SPLINE_CURVE_WITH_KNOTS ( 'NONE', 3,
 ( #1213, #717, #138, #525, #1403, #1378, #2130, #2300, #2081, #1731, #860, #2273, #708, #2093 ),
 .UNSPECIFIED., .F., .F.,
 ( 4, 2, 2, 2, 2, 2, 4 ),
 ( 0.01272640674298364423, 0.01440688132949682204, 0.01524711862275341008, 0.01608735591600999812, 0.01692759320926658789, 0.01776783050252317420, 0.01944830508903634680 ),
 .UNSPECIFIED. ) ;
#31 = DIRECTION ( 'NONE',  ( -0.000000000000000000, -0.000000000000000000, 1.000000000000000000 ) ) ;
#32 = ORIENTED_EDGE ( 'NONE', *, *, #59, .F. ) ;
#33 = CARTESIAN_POINT ( 'NONE',  ( -35.15000000000000568, -36.00000000000000000, -39.99999999999999289 ) ) ;
#34 = FILL_AREA_STYLE ('',( #1087 ) ) ;
#35 = VERTEX_POINT ( 'NONE', #1271 ) ;
#36 = CARTESIAN_POINT ( 'NONE',  ( 27.97351781733616249, -0.5554993136521612085, -9.264704650863603064 ) ) ;
#37 = PLANE ( 'NONE',  #426 ) ;
#38 = CYLINDRICAL_SURFACE ( 'NONE', #505, 1.649999999999998579 ) ;
#39 = EDGE_CURVE ( 'NONE', #1593, #1926, #1111, .T. ) ;
#40 = DIRECTION ( 'NONE',  ( 0.000000000000000000, -0.000000000000000000, 1.000000000000000000 ) ) ;
#41 = DIRECTION ( 'NONE',  ( -0.000000000000000000, 1.000000000000000000, 0.000000000000000000 ) ) ;
#42 = EDGE_LOOP ( 'NONE', ( #962, #1996, #1206, #1751, #1036, #1739, #1859 ) ) ;
#43 = AXIS2_PLACEMENT_3D ( 'NONE', #1501, #2059, #487 ) ;
#44 = CARTESIAN_POINT ( 'NONE',  ( -30.14999999999999858, -45.00000000000000000, -39.99999999999999289 ) ) ;
#45 = EDGE_LOOP ( 'NONE', ( #1551, #2098, #2182, #1210 ) ) ;
#46 = AXIS2_PLACEMENT_3D ( 'NONE', #1133, #447, #1320 ) ;
#47 =( GEOMETRIC_REPRESENTATION_CONTEXT ( 3 ) GLOBAL_UNCERTAINTY_ASSIGNED_CONTEXT ( ( #299 ) ) GLOBAL_UNIT_ASSIGNED_CONTEXT ( ( #232, #1298, #903 ) ) REPRESENTATION_CONTEXT ( 'NONE', 'WORKASPACE' ) );
#48 = EDGE_LOOP ( 'NONE', ( #121, #392 ) ) ;
#49 = CARTESIAN_POINT ( 'NONE',  ( 25.72797103900192539, -0.7915556377304493463, -8.929550320911380012 ) ) ;
#50 = CIRCLE ( 'NONE', #1362, 0.4999999999999831246 ) ;
#51 = CARTESIAN_POINT ( 'NONE',  ( 5.000000000000002665, -19.99999999999999645, -41.23105625617660053 ) ) ;
#52 = DIRECTION ( 'NONE',  ( 0.000000000000000000, -1.000000000000000000, 0.000000000000000000 ) ) ;
#53 = VECTOR ( 'NONE', #1273, 1000.000000000000000 ) ;
#54 = CARTESIAN_POINT ( 'NONE',  ( -35.15000000000000568, 0.000000000000000000, -43.99999999999999289 ) ) ;
#55 = AXIS2_PLACEMENT_3D ( 'NONE', #1095, #1104, #193 ) ;
#56 = EDGE_CURVE ( 'NONE', #2031, #116, #2162, .T. ) ;
#57 = ORIENTED_EDGE ( 'NONE', *, *, #1117, .F. ) ;
#58 = DIRECTION ( 'NONE',  ( -0.000000000000000000, -0.000000000000000000, -1.000000000000000000 ) ) ;
#59 = EDGE_CURVE ( 'NONE', #1118, #1172, #1769, .T. ) ;
#60 = ORIENTED_EDGE ( 'NONE', *, *, #1623, .F. ) ;
#61 = CARTESIAN_POINT ( 'NONE',  ( -25.10366460585415993, 0.7236620903433664820, -6.794869684831409629 ) ) ;
#62 = VERTEX_POINT ( 'NONE', #2311 ) ;
#63 = CARTESIAN_POINT ( 'NONE',  ( 27.44972379147342423, -2.711106467187179181, -9.290466235888047208 ) ) ;
#64 = DIRECTION ( 'NONE',  ( 1.000000000000000000, 0.000000000000000000, 0.000000000000000000 ) ) ;
#65 = DIRECTION ( 'NONE',  ( -0.000000000000000000, -0.000000000000000000, 1.000000000000000000 ) ) ;
#66 = CARTESIAN_POINT ( 'NONE',  ( 5.000000000000002665, -19.99999999999999645, -41.23105625617660053 ) ) ;
#67 = EDGE_LOOP ( 'NONE', ( #1006, #1165, #1873, #1863, #2251, #990, #301, #1853, #574, #757, #198, #494, #937 ) ) ;
#68 = DIRECTION ( 'NONE',  ( -0.000000000000000000, -0.000000000000000000, -1.000000000000000000 ) ) ;
#69 = ORIENTED_EDGE ( 'NONE', *, *, #1303, .T. ) ;
#70 = CARTESIAN_POINT ( 'NONE',  ( 25.14999999999998792, 5.274774660946474292, -9.251428618393358505 ) ) ;
#71 = EDGE_CURVE ( 'NONE', #1357, #799, #4, .T. ) ;
#72 = CARTESIAN_POINT ( 'NONE',  ( -27.97351781733624065, 0.5554993136522682340, -9.264704650863615498 ) ) ;
#73 = ORIENTED_EDGE ( 'NONE', *, *, #822, .T. ) ;
#74 = CARTESIAN_POINT ( 'NONE',  ( 25.54356696479181821, -1.576078513889429988, -8.928614547862730788 ) ) ;
#75 = CARTESIAN_POINT ( 'NONE',  ( 35.15000000000000568, -49.99999999999999289, -39.99999999999999289 ) ) ;
#76 = FACE_OUTER_BOUND ( 'NONE', #1018, .T. ) ;
#77 = ORIENTED_EDGE ( 'NONE', *, *, #452, .F. ) ;
#78 = FACE_OUTER_BOUND ( 'NONE', #432, .T. ) ;
#79 = ORIENTED_EDGE ( 'NONE', *, *, #1805, .F. ) ;
#80 = CARTESIAN_POINT ( 'NONE',  ( 25.08590290245117060, -5.853755073370605189, -9.339527850354423677 ) ) ;
#81 = COLOUR_RGB ( '',0.7921568627450980005, 0.8196078431372548767, 0.9333333333333333481 ) ;
#82 = AXIS2_PLACEMENT_3D ( 'NONE', #1984, #1099, #387 ) ;
#83 = CARTESIAN_POINT ( 'NONE',  ( -24.06997395278217766, 4.023625066877918321, -8.903476395801888543 ) ) ;
#84 = EDGE_CURVE ( 'NONE', #1572, #1172, #1513, .T. ) ;
#85 = ORIENTED_EDGE ( 'NONE', *, *, #421, .T. ) ;
#86 = DIRECTION ( 'NONE',  ( 1.000000000000000000, 0.000000000000000000, 1.233437646870827251E-17 ) ) ;
#87 = EDGE_CURVE ( 'NONE', #1990, #913, #1817, .T. ) ;
#88 = CARTESIAN_POINT ( 'NONE',  ( 30.15000000000001279, -45.00000000000000000, -39.99999999999999289 ) ) ;
#89 = CARTESIAN_POINT ( 'NONE',  ( -35.15000000000000568, 0.000000000000000000, -43.99999999999999289 ) ) ;
#90 = CIRCLE ( 'NONE', #472, 33.08654523791967250 ) ;
#91 = VERTEX_POINT ( 'NONE', #623 ) ;
#92 = CYLINDRICAL_SURFACE ( 'NONE', #2205, 1.649999999999998579 ) ;
#93 = VECTOR ( 'NONE', #250, 1000.000000000000000 ) ;
#94 = DIRECTION ( 'NONE',  ( -1.000000000000000000, 0.000000000000000000, 0.000000000000000000 ) ) ;
#95 = ORIENTED_EDGE ( 'NONE', *, *, #2301, .T. ) ;
#96 = DIRECTION ( 'NONE',  ( -1.000000000000000000, 0.000000000000000000, 0.000000000000000000 ) ) ;
#97 = CARTESIAN_POINT ( 'NONE',  ( -27.90924161346253385, -1.106982318146335409, -9.268299182482930831 ) ) ;
#98 = ORIENTED_EDGE ( 'NONE', *, *, #858, .F. ) ;
#99 = EDGE_CURVE ( 'NONE', #1865, #1049, #356, .T. ) ;
#100 = CARTESIAN_POINT ( 'NONE',  ( -35.15000000000000568, 49.99999999999999289, -43.99999999999999289 ) ) ;
#101 = EDGE_CURVE ( 'NONE', #565, #1302, #2058, .T. ) ;
#102 = DIRECTION ( 'NONE',  ( 0.000000000000000000, 0.000000000000000000, -1.000000000000000000 ) ) ;
#103 = ORIENTED_EDGE ( 'NONE', *, *, #496, .T. ) ;
#104 = DIRECTION ( 'NONE',  ( -0.000000000000000000, -0.000000000000000000, 1.000000000000000000 ) ) ;
#105 = EDGE_LOOP ( 'NONE', ( #26, #459, #1182, #403 ) ) ;
#106 = CARTESIAN_POINT ( 'NONE',  ( 25.14999999999999147, 35.14258062710084829, -44.00000000000000000 ) ) ;
#107 = LINE ( 'NONE', #676, #246 ) ;
#108 = EDGE_LOOP ( 'NONE', ( #1519, #1045, #287, #359 ) ) ;
#109 = CARTESIAN_POINT ( 'NONE',  ( 35.14999999999999147, 0.000000000000000000, -44.00000000000000000 ) ) ;
#110 = LINE ( 'NONE', #89, #2014 ) ;
#111 = ADVANCED_FACE ( 'NONE', ( #2020 ), #38, .F. ) ;
#112 = VERTEX_POINT ( 'NONE', #270 ) ;
#113 = B_SPLINE_CURVE_WITH_KNOTS ( 'NONE', 3,
 ( #134, #2269, #677, #1515, #1705, #1841, #823, #636, #1864, #1146, #2196, #1683 ),
 .UNSPECIFIED., .F., .F.,
 ( 4, 2, 2, 2, 2, 4 ),
 ( 0.006013720735535386247, 0.006852806486466415242, 0.007691892237397445105, 0.009370063739259509167, 0.01104823524112157410, 0.01272640674298363903 ),
 .UNSPECIFIED. ) ;
#114 = CARTESIAN_POINT ( 'NONE',  ( 30.15000000000000568, 45.00000000000000000, 4.001000000000011880 ) ) ;
#115 = PLANE ( 'NONE',  #1726 ) ;
#116 = VERTEX_POINT ( 'NONE', #981 ) ;
#117 = CARTESIAN_POINT ( 'NONE',  ( 25.14999999999998792, 1.030592673654024516, -7.110291372604927496 ) ) ;
#118 = AXIS2_PLACEMENT_3D ( 'NONE', #247, #1498, #1874 ) ;
#119 = CARTESIAN_POINT ( 'NONE',  ( 27.65602569451672110, 2.184073356958264434, -9.281061732251506768 ) ) ;
#120 = CARTESIAN_POINT ( 'NONE',  ( -31.80000000000000071, 45.00000000000000000, 4.001000000000011880 ) ) ;
#121 = ORIENTED_EDGE ( 'NONE', *, *, #1678, .F. ) ;
#122 = AXIS2_PLACEMENT_3D ( 'NONE', #2185, #1658, #1411 ) ;
#123 = DIRECTION ( 'NONE',  ( 0.000000000000000000, 0.000000000000000000, 1.000000000000000000 ) ) ;
#124 = CARTESIAN_POINT ( 'NONE',  ( 25.14999999999999147, 39.79949748426479772, -39.99999999999999289 ) ) ;
#125 = ORIENTED_EDGE ( 'NONE', *, *, #934, .T. ) ;
#126 = AXIS2_PLACEMENT_3D ( 'NONE', #1449, #949, #1289 ) ;
#127 = CARTESIAN_POINT ( 'NONE',  ( -35.15000000000000568, 49.99999999999999289, -39.99999999999999289 ) ) ;
#128 = EDGE_CURVE ( 'NONE', #1756, #2277, #6, .T. ) ;
#129 = AXIS2_PLACEMENT_3D ( 'NONE', #1811, #2211, #1518 ) ;
#130 = CIRCLE ( 'NONE', #1404, 1.725000000000000755 ) ;
#131 = CARTESIAN_POINT ( 'NONE',  ( 25.14999999999999147, -7.000000000000000000, 0.000000000000000000 ) ) ;
#132 = EDGE_CURVE ( 'NONE', #2237, #1080, #2091, .T. ) ;
#133 = CARTESIAN_POINT ( 'NONE',  ( -28.49999999999999289, -45.00000000000000000, 4.001000000000011880 ) ) ;
#134 = CARTESIAN_POINT ( 'NONE',  ( 25.14999999999999147, 5.801753405944162445, -9.339638914908899636 ) ) ;
#135 = ORIENTED_EDGE ( 'NONE', *, *, #195, .T. ) ;
#136 = CARTESIAN_POINT ( 'NONE',  ( -34.64999999999999858, 0.000000000000000000, -44.00000000000000000 ) ) ;
#137 = EDGE_LOOP ( 'NONE', ( #373, #1259, #1398, #226, #2302 ) ) ;
#138 = CARTESIAN_POINT ( 'NONE',  ( -27.91022456011160457, 1.104132988706077567, -9.268251902394206709 ) ) ;
#139 = VERTEX_POINT ( 'NONE', #436 ) ;
#140 = DIRECTION ( 'NONE',  ( -0.000000000000000000, 1.000000000000000000, 0.000000000000000000 ) ) ;
#141 = CARTESIAN_POINT ( 'NONE',  ( 35.17067978376198312, -7.000000000000000000, 4.000000000000008882 ) ) ;
#142 = VERTEX_POINT ( 'NONE', #2043 ) ;
#143 = DIRECTION ( 'NONE',  ( 0.000000000000000000, 0.000000000000000000, 1.000000000000000000 ) ) ;
#144 = CARTESIAN_POINT ( 'NONE',  ( -4.999999999999997335, 7.000000000000000000, 4.000000000000007994 ) ) ;
#145 = CARTESIAN_POINT ( 'NONE',  ( 5.000000000000002665, -19.99999999999999645, -41.23105625617660053 ) ) ;
#146 = ORIENTED_EDGE ( 'NONE', *, *, #1993, .F. ) ;
#147 = EDGE_CURVE ( 'NONE', #651, #1118, #1297, .T. ) ;
#148 = LINE ( 'NONE', #1067, #1936 ) ;
#149 = ORIENTED_EDGE ( 'NONE', *, *, #1792, .F. ) ;
#150 = CARTESIAN_POINT ( 'NONE',  ( -35.15000000000000568, -7.000000000000000000, 4.000000000000007994 ) ) ;
#151 = ORIENTED_EDGE ( 'NONE', *, *, #2022, .T. ) ;
#152 = DIRECTION ( 'NONE',  ( 0.000000000000000000, 0.000000000000000000, -1.000000000000000000 ) ) ;
#153 = CARTESIAN_POINT ( 'NONE',  ( 5.000000000000002665, -19.99999999999999645, 4.000000000000007994 ) ) ;
#154 = VERTEX_POINT ( 'NONE', #1644 ) ;
#155 = DIRECTION ( 'NONE',  ( -0.000000000000000000, -0.000000000000000000, 1.000000000000000000 ) ) ;
#156 = DIRECTION ( 'NONE',  ( -0.000000000000000000, -0.000000000000000000, 1.000000000000000000 ) ) ;
#157 = DIRECTION ( 'NONE',  ( 0.000000000000000000, -1.000000000000000000, 0.000000000000000000 ) ) ;
#158 = CARTESIAN_POINT ( 'NONE',  ( -25.15000000000000924, 1.948095164865203621, -7.646409619280778003 ) ) ;
#159 = CIRCLE ( 'NONE', #1604, 33.08654523791967250 ) ;
#160 = EDGE_LOOP ( 'NONE', ( #807, #1240 ) ) ;
#161 = CARTESIAN_POINT ( 'NONE',  ( 18.30000000000001137, 2.081899558550487707E-16, 3.971240789819492800 ) ) ;
#162 = EDGE_CURVE ( 'NONE', #558, #1322, #1608, .T. ) ;
#163 = ORIENTED_EDGE ( 'NONE', *, *, #557, .F. ) ;
#164 = VECTOR ( 'NONE', #1057, 1000.000000000000000 ) ;
#165 = CARTESIAN_POINT ( 'NONE',  ( -25.96575694902219311, -5.040371258149795253, -9.334395865231826406 ) ) ;
#166 = EDGE_CURVE ( 'NONE', #1215, #112, #2242, .T. ) ;
#167 = AXIS2_PLACEMENT_3D ( 'NONE', #775, #1998, #2184 ) ;
#168 = CARTESIAN_POINT ( 'NONE',  ( -18.27499999999999858, -2.449293598294706119E-15, 4.000000000000009770 ) ) ;
#169 = FACE_OUTER_BOUND ( 'NONE', #1305, .T. ) ;
#170 = CIRCLE ( 'NONE', #1400, 0.4999999999999796274 ) ;
#171 = AXIS2_PLACEMENT_3D ( 'NONE', #1629, #1620, #1821 ) ;
#172 = LINE ( 'NONE', #2101, #1327 ) ;
#173 = DIRECTION ( 'NONE',  ( 0.000000000000000000, 0.000000000000000000, 1.000000000000000000 ) ) ;
#174 = AXIS2_PLACEMENT_3D ( 'NONE', #699, #1597, #338 ) ;
#175 = DIRECTION ( 'NONE',  ( 1.000000000000000000, 0.000000000000000000, 0.000000000000000000 ) ) ;
#176 = VECTOR ( 'NONE', #947, 1000.000000000000000 ) ;
#177 = CARTESIAN_POINT ( 'NONE',  ( 27.97384063076929195, 1.512398059105547863E-11, -9.264687178225262443 ) ) ;
#178 = ORIENTED_EDGE ( 'NONE', *, *, #2126, .F. ) ;
#179 = DIRECTION ( 'NONE',  ( 1.000000000000000000, 0.000000000000000000, 0.000000000000000000 ) ) ;
#180 = CARTESIAN_POINT ( 'NONE',  ( -4.999999999999997335, 7.000000000000000000, 0.000000000000000000 ) ) ;
#181 = EDGE_CURVE ( 'NONE', #2309, #846, #1910, .T. ) ;
#182 = FACE_OUTER_BOUND ( 'NONE', #1612, .T. ) ;
#183 = CARTESIAN_POINT ( 'NONE',  ( -30.15000000000000568, 45.00000000000000000, 4.001000000000011880 ) ) ;
#184 = DIRECTION ( 'NONE',  ( -0.000000000000000000, -0.000000000000000000, 1.000000000000000000 ) ) ;
#185 = LINE ( 'NONE', #407, #1253 ) ;
#186 = ORIENTED_EDGE ( 'NONE', *, *, #219, .T. ) ;
#187 = CARTESIAN_POINT ( 'NONE',  ( 27.34069295457400273, -2.967179981593328186, -9.295200060319805502 ) ) ;
#188 = DIRECTION ( 'NONE',  ( 1.000000000000000000, 0.000000000000000000, 0.000000000000000000 ) ) ;
#189 = ORIENTED_EDGE ( 'NONE', *, *, #532, .T. ) ;
#190 = DIRECTION ( 'NONE',  ( 1.000000000000000000, 0.000000000000000000, -0.000000000000000000 ) ) ;
#191 = DIRECTION ( 'NONE',  ( 0.000000000000000000, 0.000000000000000000, 1.000000000000000000 ) ) ;
#192 = EDGE_CURVE ( 'NONE', #1846, #425, #1925, .T. ) ;
#193 = DIRECTION ( 'NONE',  ( 1.000000000000000000, 0.000000000000000000, 0.000000000000000000 ) ) ;
#194 = LINE ( 'NONE', #734, #1544 ) ;
#195 = EDGE_CURVE ( 'NONE', #116, #1990, #1234, .T. ) ;
#196 = PLANE ( 'NONE',  #2063 ) ;
#197 = FACE_OUTER_BOUND ( 'NONE', #1632, .T. ) ;
#198 = ORIENTED_EDGE ( 'NONE', *, *, #281, .F. ) ;
#199 = PLANE ( 'NONE',  #1576 ) ;
#200 = ORIENTED_EDGE ( 'NONE', *, *, #1218, .T. ) ;
#201 = AXIS2_PLACEMENT_3D ( 'NONE', #1543, #1222, #1738 ) ;
#202 = CARTESIAN_POINT ( 'NONE',  ( -20.00000000000000000, -2.449293598294706119E-15, 3.971240789819492800 ) ) ;
#203 = ORIENTED_EDGE ( 'NONE', *, *, #1376, .F. ) ;
#204 = DIRECTION ( 'NONE',  ( 0.000000000000000000, 0.000000000000000000, 1.000000000000000000 ) ) ;
#205 = EDGE_CURVE ( 'NONE', #308, #142, #1167, .T. ) ;
#206 = VECTOR ( 'NONE', #224, 1000.000000000000000 ) ;
#207 = EDGE_CURVE ( 'NONE', #112, #1804, #2261, .T. ) ;
#208 = DIRECTION ( 'NONE',  ( 0.000000000000000000, 1.000000000000000000, 0.000000000000000000 ) ) ;
#209 = AXIS2_PLACEMENT_3D ( 'NONE', #1051, #504, #1711 ) ;
#210 = EDGE_LOOP ( 'NONE', ( #1626, #1058, #2131, #524 ) ) ;
#211 = DIRECTION ( 'NONE',  ( -1.000000000000000000, 0.000000000000000000, 0.000000000000000000 ) ) ;
#212 = ORIENTED_EDGE ( 'NONE', *, *, #99, .F. ) ;
#213 = LINE ( 'NONE', #1438, #1105 ) ;
#214 = VECTOR ( 'NONE', #745, 1000.000000000000000 ) ;
#215 = VERTEX_POINT ( 'NONE', #1894 ) ;
#216 = CARTESIAN_POINT ( 'NONE',  ( -25.15000000000000568, -7.000000000000000000, -4.617262664969562280 ) ) ;
#217 = LINE ( 'NONE', #2127, #1074 ) ;
#218 = FACE_BOUND ( 'NONE', #252, .T. ) ;
#219 = EDGE_CURVE ( 'NONE', #317, #832, #113, .T. ) ;
#220 = ORIENTED_EDGE ( 'NONE', *, *, #181, .F. ) ;
#221 = CARTESIAN_POINT ( 'NONE',  ( -34.74335528934891215, 0.000000000000000000, -44.00000000000000000 ) ) ;
#222 = DIRECTION ( 'NONE',  ( 1.000000000000000000, 0.000000000000000000, 1.233437646870827251E-17 ) ) ;
#223 = VERTEX_POINT ( 'NONE', #2231 ) ;
#224 = DIRECTION ( 'NONE',  ( 0.000000000000000000, 0.000000000000000000, -1.000000000000000000 ) ) ;
#225 = FACE_BOUND ( 'NONE', #2283, .T. ) ;
#226 = ORIENTED_EDGE ( 'NONE', *, *, #1335, .F. ) ;
#227 = LINE ( 'NONE', #970, #249 ) ;
#228 = EDGE_CURVE ( 'NONE', #29, #377, #237, .T. ) ;
#229 = CARTESIAN_POINT ( 'NONE',  ( -4.999999999999997335, -7.000000000000000000, 0.000000000000000000 ) ) ;
#230 = DIRECTION ( 'NONE',  ( 1.000000000000000000, 0.000000000000000000, 0.000000000000000000 ) ) ;
#231 = VECTOR ( 'NONE', #1558, 1000.000000000000000 ) ;
#232 =( LENGTH_UNIT ( ) NAMED_UNIT ( * ) SI_UNIT ( .MILLI., .METRE. ) );
#233 = ADVANCED_FACE ( 'NONE', ( #76 ), #2034, .T. ) ;
#234 = CARTESIAN_POINT ( 'NONE',  ( -25.14999999999999858, -49.99999999999999289, -39.99999999999999289 ) ) ;
#235 = AXIS2_PLACEMENT_3D ( 'NONE', #556, #922, #1622 ) ;
#236 = VERTEX_POINT ( 'NONE', #2246 ) ;
#237 = CIRCLE ( 'NONE', #43, 1.649999999999998579 ) ;
#238 = CARTESIAN_POINT ( 'NONE',  ( -4.999999999999997335, -19.99999999999999645, 0.000000000000000000 ) ) ;
#239 = CIRCLE ( 'NONE', #320, 33.57775271948984397 ) ;
#240 = ORIENTED_EDGE ( 'NONE', *, *, #2259, .F. ) ;
#241 = VECTOR ( 'NONE', #222, 1000.000000000000000 ) ;
#242 = CARTESIAN_POINT ( 'NONE',  ( -23.74033231693628210, 4.300822766274250419, -8.891593358919207546 ) ) ;
#243 = AXIS2_PLACEMENT_3D ( 'NONE', #571, #1800, #2001 ) ;
#244 = ORIENTED_EDGE ( 'NONE', *, *, #2204, .F. ) ;
#245 = CARTESIAN_POINT ( 'NONE',  ( 27.71840713193776295, -1.918524418268088505, -9.277917253080966375 ) ) ;
#246 = VECTOR ( 'NONE', #304, 1000.000000000000000 ) ;
#247 = CARTESIAN_POINT ( 'NONE',  ( 0.000000000000000000, -7.000000000000000000, 0.000000000000000000 ) ) ;
#248 = DIRECTION ( 'NONE',  ( -1.000000000000000000, 0.000000000000000000, 0.000000000000000000 ) ) ;
#249 = VECTOR ( 'NONE', #609, 1000.000000000000000 ) ;
#250 = DIRECTION ( 'NONE',  ( -0.000000000000000000, -0.000000000000000000, 1.000000000000000000 ) ) ;
#251 = EDGE_CURVE ( 'NONE', #638, #2189, #110, .T. ) ;
#252 = EDGE_LOOP ( 'NONE', ( #1443, #1672 ) ) ;
#253 = LINE ( 'NONE', #963, #1029 ) ;
#254 = ORIENTED_EDGE ( 'NONE', *, *, #2004, .F. ) ;
#255 = DIRECTION ( 'NONE',  ( -0.000000000000000000, -0.000000000000000000, -1.000000000000000000 ) ) ;
#256 = CARTESIAN_POINT ( 'NONE',  ( -26.96906126464098463, -3.720786645966861261, -9.309839516342481858 ) ) ;
#257 = ORIENTED_EDGE ( 'NONE', *, *, #2096, .T. ) ;
#258 = CARTESIAN_POINT ( 'NONE',  ( 26.66340378642551201, 4.196825914220248421, -9.320110491659349350 ) ) ;
#259 = CARTESIAN_POINT ( 'NONE',  ( 34.64999999999998437, -33.08654523791967961, -44.00000000000000000 ) ) ;
#260 = FACE_OUTER_BOUND ( 'NONE', #2073, .T. ) ;
#261 = ORIENTED_EDGE ( 'NONE', *, *, #276, .F. ) ;
#262 = CARTESIAN_POINT ( 'NONE',  ( 34.74335528934889794, -33.57775271948985818, -44.00000000000000000 ) ) ;
#263 = EDGE_CURVE ( 'NONE', #799, #1357, #726, .T. ) ;
#264 = VERTEX_POINT ( 'NONE', #1533 ) ;
#265 = CARTESIAN_POINT ( 'NONE',  ( 25.14999999999998792, -4.723468647739998971, -9.159146211641010282 ) ) ;
#266 = ADVANCED_FACE ( 'NONE', ( #285 ), #1679, .F. ) ;
#267 = CARTESIAN_POINT ( 'NONE',  ( -24.33232261263788132, 2.764340655337313990, -6.845595196846391950 ) ) ;
#268 = ORIENTED_EDGE ( 'NONE', *, *, #205, .F. ) ;
#269 = LINE ( 'NONE', #1703, #1676 ) ;
#270 = CARTESIAN_POINT ( 'NONE',  ( -25.15000000000000924, 5.801753405944154451, -9.339638914908871214 ) ) ;
#271 = DIRECTION ( 'NONE',  ( 0.000000000000000000, -1.000000000000000000, 0.000000000000000000 ) ) ;
#272 = ORIENTED_EDGE ( 'NONE', *, *, #2219, .T. ) ;
#273 = DIRECTION ( 'NONE',  ( 0.000000000000000000, -1.776356839400250465E-15, 1.000000000000000000 ) ) ;
#274 = VERTEX_POINT ( 'NONE', #2072 ) ;
#275 = AXIS2_PLACEMENT_3D ( 'NONE', #66, #2023, #102 ) ;
#276 = EDGE_CURVE ( 'NONE', #2291, #1785, #1333, .T. ) ;
#277 = CARTESIAN_POINT ( 'NONE',  ( 26.95539385389577447, -3.712604699877083192, -9.309928774305353372 ) ) ;
#278 = VECTOR ( 'NONE', #211, 1000.000000000000000 ) ;
#279 = CARTESIAN_POINT ( 'NONE',  ( -25.53860000139599862, 5.490234643401196379, -9.340596663392929599 ) ) ;
#280 = ORIENTED_EDGE ( 'NONE', *, *, #1072, .T. ) ;
#281 = EDGE_CURVE ( 'NONE', #565, #1572, #612, .T. ) ;
#282 = PLANE ( 'NONE',  #118 ) ;
#283 = ORIENTED_EDGE ( 'NONE', *, *, #371, .T. ) ;
#284 = VECTOR ( 'NONE', #896, 1000.000000000000000 ) ;
#285 = FACE_OUTER_BOUND ( 'NONE', #2128, .T. ) ;
#286 = AXIS2_PLACEMENT_3D ( 'NONE', #549, #2313, #191 ) ;
#287 = ORIENTED_EDGE ( 'NONE', *, *, #1083, .T. ) ;
#288 = CARTESIAN_POINT ( 'NONE',  ( 20.00000000000000000, 0.000000000000000000, 4.000000000000009770 ) ) ;
#289 = AXIS2_PLACEMENT_3D ( 'NONE', #1958, #2276, #1084 ) ;
#290 = ORIENTED_EDGE ( 'NONE', *, *, #1306, .F. ) ;
#291 = CARTESIAN_POINT ( 'NONE',  ( 25.14999999999999147, -1.697845237341483848, -7.498059545319411434 ) ) ;
#292 = CARTESIAN_POINT ( 'NONE',  ( -27.63843367345816304, 2.187435147051949968, -9.281832587152276659 ) ) ;
#293 = VERTEX_POINT ( 'NONE', #813 ) ;
#294 = DIRECTION ( 'NONE',  ( -0.000000000000000000, -0.000000000000000000, -1.000000000000000000 ) ) ;
#295 = EDGE_CURVE ( 'NONE', #816, #2025, #833, .T. ) ;
#296 = PLANE ( 'NONE',  #275 ) ;
#297 = ORIENTED_EDGE ( 'NONE', *, *, #668, .F. ) ;
#298 = DIRECTION ( 'NONE',  ( 1.000000000000000000, 0.000000000000000000, 0.000000000000000000 ) ) ;
#299 = UNCERTAINTY_MEASURE_WITH_UNIT (LENGTH_MEASURE( 1.000000000000000082E-05 ), #232, 'distance_accuracy_value', 'NONE');
#300 = CARTESIAN_POINT ( 'NONE',  ( 25.14999999999999147, 0.000000000000000000, -44.00000000000000000 ) ) ;
#301 = ORIENTED_EDGE ( 'NONE', *, *, #1906, .T. ) ;
#302 = CARTESIAN_POINT ( 'NONE',  ( 25.14999999999999147, 3.791870174753465328, -8.705889421350684998 ) ) ;
#303 = CARTESIAN_POINT ( 'NONE',  ( 25.72727045386032074, 0.7944439402243541615, -8.929546686981918668 ) ) ;
#304 = DIRECTION ( 'NONE',  ( -0.000000000000000000, -0.000000000000000000, 1.000000000000000000 ) ) ;
#305 = CARTESIAN_POINT ( 'NONE',  ( -25.15000000000000568, -1.238247659966876357, -7.227684242284800220 ) ) ;
#306 = EDGE_LOOP ( 'NONE', ( #725, #1294, #1469, #1721 ) ) ;
#307 = CARTESIAN_POINT ( 'NONE',  ( 5.000000000000002665, 20.00000000000000355, 0.000000000000000000 ) ) ;
#308 = VERTEX_POINT ( 'NONE', #1887 ) ;
#309 = EDGE_CURVE ( 'NONE', #615, #154, #646, .T. ) ;
#310 = DIRECTION ( 'NONE',  ( -0.002067973954322527980, 0.000000000000000000, -0.9999978617395761660 ) ) ;
#311 = ORIENTED_EDGE ( 'NONE', *, *, #869, .T. ) ;
#312 = CARTESIAN_POINT ( 'NONE',  ( 27.63722461855363477, -2.191137483383266193, -9.281889845985967114 ) ) ;
#313 = LINE ( 'NONE', #1194, #700 ) ;
#314 = ORIENTED_EDGE ( 'NONE', *, *, #2080, .F. ) ;
#315 = CARTESIAN_POINT ( 'NONE',  ( 27.90924161345902021, 1.106982318145959487, -9.268299182482353515 ) ) ;
#316 = CARTESIAN_POINT ( 'NONE',  ( 25.15000000000001279, -49.99999999999999289, -43.99999999999999289 ) ) ;
#317 = VERTEX_POINT ( 'NONE', #1016 ) ;
#318 = AXIS2_PLACEMENT_3D ( 'NONE', #626, #1366, #1489 ) ;
#319 = DIRECTION ( 'NONE',  ( 0.000000000000000000, 0.000000000000000000, 1.000000000000000000 ) ) ;
#320 = AXIS2_PLACEMENT_3D ( 'NONE', #926, #2150, #2121 ) ;
#321 = CARTESIAN_POINT ( 'NONE',  ( -26.96997211403566652, -3.718483431010939810, -9.309797864227755682 ) ) ;
#322 = ORIENTED_EDGE ( 'NONE', *, *, #2272, .F. ) ;
#323 = VECTOR ( 'NONE', #1878, 1000.000000000000000 ) ;
#324 = DIRECTION ( 'NONE',  ( 0.000000000000000000, 1.000000000000000000, 0.000000000000000000 ) ) ;
#325 = CARTESIAN_POINT ( 'NONE',  ( -35.14999999999998437, -33.08654523791967250, -44.00000000000000000 ) ) ;
#326 = AXIS2_PLACEMENT_3D ( 'NONE', #1371, #156, #2294 ) ;
#327 = ADVANCED_FACE ( 'NONE', ( #1181 ), #296, .T. ) ;
#328 = ORIENTED_EDGE ( 'NONE', *, *, #906, .F. ) ;
#329 = AXIS2_PLACEMENT_3D ( 'NONE', #2029, #1001, #1709 ) ;
#330 = CARTESIAN_POINT ( 'NONE',  ( -25.08608067732813396, -5.853612314266069205, -9.339528269769351354 ) ) ;
#331 = DIRECTION ( 'NONE',  ( -0.6560590289907830552, 8.034405899052831110E-17, 0.7547095802225323169 ) ) ;
#332 = ORIENTED_EDGE ( 'NONE', *, *, #166, .F. ) ;
#333 = CIRCLE ( 'NONE', #1621, 33.08654523791967961 ) ;
#334 = CARTESIAN_POINT ( 'NONE',  ( 30.15000000000001279, -45.00000000000000000, -43.99999999999999289 ) ) ;
#335 = CARTESIAN_POINT ( 'NONE',  ( 25.15000000000000568, 49.99999999999999289, -39.99999999999999289 ) ) ;
#336 = ORIENTED_EDGE ( 'NONE', *, *, #854, .T. ) ;
#337 = CARTESIAN_POINT ( 'NONE',  ( 35.15000000000000568, -49.99999999999999289, -39.99999999999999289 ) ) ;
#338 = DIRECTION ( 'NONE',  ( 0.000000000000000000, 0.000000000000000000, -1.000000000000000000 ) ) ;
#339 = ORIENTED_EDGE ( 'NONE', *, *, #680, .F. ) ;
#340 = CYLINDRICAL_SURFACE ( 'NONE', #2256, 1.699999999999986189 ) ;
#341 = ADVANCED_FACE ( 'NONE', ( #260 ), #1524, .F. ) ;
#342 = CARTESIAN_POINT ( 'NONE',  ( 31.80000000000000782, -45.00000000000000000, -39.99999999999999289 ) ) ;
#343 = ORIENTED_EDGE ( 'NONE', *, *, #1203, .F. ) ;
#344 = STYLED_ITEM ( 'NONE', ( #1450 ), #991 ) ;
#345 = EDGE_CURVE ( 'NONE', #2025, #62, #439, .T. ) ;
#346 = PLANE ( 'NONE',  #1089 ) ;
#347 = EDGE_LOOP ( 'NONE', ( #462, #2299, #1535, #2046 ) ) ;
#348 = DIRECTION ( 'NONE',  ( 0.000000000000000000, 0.000000000000000000, -1.000000000000000000 ) ) ;
#349 = ORIENTED_EDGE ( 'NONE', *, *, #496, .F. ) ;
#350 = CARTESIAN_POINT ( 'NONE',  ( 27.97384063076929195, 1.512398059105547863E-11, -9.264687178225262443 ) ) ;
#351 = DIRECTION ( 'NONE',  ( -1.000000000000000000, 0.000000000000000000, 0.000000000000000000 ) ) ;
#352 = ORIENTED_EDGE ( 'NONE', *, *, #1750, .T. ) ;
#353 = DIRECTION ( 'NONE',  ( -0.000000000000000000, -0.000000000000000000, 1.000000000000000000 ) ) ;
#354 = LINE ( 'NONE', #133, #952 ) ;
#355 = VECTOR ( 'NONE', #294, 1000.000000000000000 ) ;
#356 = CIRCLE ( 'NONE', #469, 0.4999999999999831246 ) ;
#357 = DIRECTION ( 'NONE',  ( 0.000000000000000000, 0.000000000000000000, -1.000000000000000000 ) ) ;
#358 = EDGE_CURVE ( 'NONE', #1049, #832, #688, .T. ) ;
#359 = ORIENTED_EDGE ( 'NONE', *, *, #1634, .F. ) ;
#360 = PLANE ( 'NONE',  #2133 ) ;
#361 = ORIENTED_EDGE ( 'NONE', *, *, #2022, .F. ) ;
#362 = CARTESIAN_POINT ( 'NONE',  ( 25.14999999999999147, -35.14258062710084829, -44.00000000000000000 ) ) ;
#363 = CARTESIAN_POINT ( 'NONE',  ( -4.999999999999997335, 20.00000000000000355, -41.23105625617660053 ) ) ;
#364 = CIRCLE ( 'NONE', #126, 1.650000000000000133 ) ;
#365 = DIRECTION ( 'NONE',  ( -0.000000000000000000, -0.000000000000000000, 1.000000000000000000 ) ) ;
#366 = AXIS2_PLACEMENT_3D ( 'NONE', #1038, #1722, #1591 ) ;
#367 = DIRECTION ( 'NONE',  ( 1.000000000000000000, 0.000000000000000000, 0.000000000000000000 ) ) ;
#368 = VECTOR ( 'NONE', #563, 1000.000000000000000 ) ;
#369 = FACE_OUTER_BOUND ( 'NONE', #415, .T. ) ;
#370 = ORIENTED_EDGE ( 'NONE', *, *, #1979, .T. ) ;
#371 = EDGE_CURVE ( 'NONE', #706, #830, #1353, .T. ) ;
#372 = CARTESIAN_POINT ( 'NONE',  ( -4.999999999999997335, -19.99999999999999645, -41.23105625617660053 ) ) ;
#373 = ORIENTED_EDGE ( 'NONE', *, *, #358, .F. ) ;
#374 = FACE_OUTER_BOUND ( 'NONE', #2117, .T. ) ;
#375 = EDGE_CURVE ( 'NONE', #264, #2083, #1534, .T. ) ;
#376 = LINE ( 'NONE', #2178, #550 ) ;
#377 = VERTEX_POINT ( 'NONE', #1226 ) ;
#378 = DIRECTION ( 'NONE',  ( 0.000000000000000000, 0.000000000000000000, 1.000000000000000000 ) ) ;
#379 = ORIENTED_EDGE ( 'NONE', *, *, #483, .T. ) ;
#380 = DIRECTION ( 'NONE',  ( -1.000000000000000000, 0.000000000000000000, 0.000000000000000000 ) ) ;
#381 = EDGE_CURVE ( 'NONE', #1049, #1322, #546, .T. ) ;
#382 = ORIENTED_EDGE ( 'NONE', *, *, #1588, .F. ) ;
#383 = CARTESIAN_POINT ( 'NONE',  ( -35.15000000000000568, -7.000000000000000000, -5.999999999999977796 ) ) ;
#384 = DIRECTION ( 'NONE',  ( -1.000000000000000000, 0.000000000000000000, -0.000000000000000000 ) ) ;
#385 = ORIENTED_EDGE ( 'NONE', *, *, #39, .T. ) ;
#386 = CARTESIAN_POINT ( 'NONE',  ( 25.16905832710686397, -2.512284799510829281, -8.925293840850532234 ) ) ;
#387 = DIRECTION ( 'NONE',  ( 1.000000000000000000, 0.000000000000000000, 0.000000000000000000 ) ) ;
#388 = VECTOR ( 'NONE', #473, 1000.000000000000000 ) ;
#389 = DIRECTION ( 'NONE',  ( 1.000000000000000000, 0.000000000000000000, 0.000000000000000000 ) ) ;
#390 = CIRCLE ( 'NONE', #1862, 1.699999999999989742 ) ;
#391 = LINE ( 'NONE', #1646, #477 ) ;
#392 = ORIENTED_EDGE ( 'NONE', *, *, #620, .F. ) ;
#393 = FACE_OUTER_BOUND ( 'NONE', #67, .T. ) ;
#394 = EDGE_CURVE ( 'NONE', #293, #2241, #838, .T. ) ;
#395 = VECTOR ( 'NONE', #1744, 1000.000000000000000 ) ;
#396 =( NAMED_UNIT ( * ) PLANE_ANGLE_UNIT ( ) SI_UNIT ( $, .RADIAN. ) );
#397 = CIRCLE ( 'NONE', #918, 35.14258062710081987 ) ;
#398 = ORIENTED_EDGE ( 'NONE', *, *, #1662, .F. ) ;
#399 = CIRCLE ( 'NONE', #1329, 1.650000000000000133 ) ;
#400 = LINE ( 'NONE', #1795, #2094 ) ;
#401 = DIRECTION ( 'NONE',  ( -0.000000000000000000, -0.000000000000000000, -1.000000000000000000 ) ) ;
#402 = CARTESIAN_POINT ( 'NONE',  ( 28.50000000000001421, -45.00000000000000000, 4.001000000000011880 ) ) ;
#403 = ORIENTED_EDGE ( 'NONE', *, *, #1472, .T. ) ;
#404 = DIRECTION ( 'NONE',  ( 0.000000000000000000, 0.000000000000000000, 1.000000000000000000 ) ) ;
#405 = ADVANCED_FACE ( 'NONE', ( #1742 ), #1755, .T. ) ;
#406 = CARTESIAN_POINT ( 'NONE',  ( 35.15000000000000568, -49.99999999999999289, -43.99999999999999289 ) ) ;
#407 = CARTESIAN_POINT ( 'NONE',  ( -25.15000000000000568, 7.000000000000000000, 0.000000000000000000 ) ) ;
#408 = ORIENTED_EDGE ( 'NONE', *, *, #1332, .T. ) ;
#409 = EDGE_CURVE ( 'NONE', #1587, #1846, #1424, .T. ) ;
#410 = DIRECTION ( 'NONE',  ( 0.000000000000000000, -1.000000000000000000, 0.000000000000000000 ) ) ;
#411 = DIRECTION ( 'NONE',  ( 0.000000000000000000, 0.000000000000000000, 1.000000000000000000 ) ) ;
#412 = CARTESIAN_POINT ( 'NONE',  ( -34.74335528934891215, -33.57775271948987239, -44.00000000000000000 ) ) ;
#413 = VERTEX_POINT ( 'NONE', #2310 ) ;
#414 = DIRECTION ( 'NONE',  ( -0.000000000000000000, -0.000000000000000000, 1.000000000000000000 ) ) ;
#415 = EDGE_LOOP ( 'NONE', ( #1282, #689, #1732, #283 ) ) ;
#416 = CIRCLE ( 'NONE', #235, 186.0813432835824415 ) ;
#417 = CARTESIAN_POINT ( 'NONE',  ( -23.89566476320200650, 3.362902066319656047, -6.862054425118252254 ) ) ;
#418 = ORIENTED_EDGE ( 'NONE', *, *, #39, .F. ) ;
#419 = CARTESIAN_POINT ( 'NONE',  ( 25.77026520415531508, -0.3988548966754998371, -8.929645380526574527 ) ) ;
#420 = CARTESIAN_POINT ( 'NONE',  ( 5.000000000000011546, -7.000000000000000000, 0.000000000000000000 ) ) ;
#421 = EDGE_CURVE ( 'NONE', #1804, #2154, #1885, .T. ) ;
#422 = DIRECTION ( 'NONE',  ( 0.000000000000000000, 1.000000000000000000, 0.000000000000000000 ) ) ;
#423 = AXIS2_PLACEMENT_3D ( 'NONE', #109, #64, #1317 ) ;
#424 = LINE ( 'NONE', #1135, #93 ) ;
#425 = VERTEX_POINT ( 'NONE', #124 ) ;
#426 = AXIS2_PLACEMENT_3D ( 'NONE', #2149, #925, #378 ) ;
#427 = FACE_OUTER_BOUND ( 'NONE', #968, .T. ) ;
#428 = ORIENTED_EDGE ( 'NONE', *, *, #1541, .T. ) ;
#429 = CARTESIAN_POINT ( 'NONE',  ( 25.14999999999999147, -0.2555007290472977033, -6.815631116931792910 ) ) ;
#430 = CARTESIAN_POINT ( 'NONE',  ( -26.66340378642552267, -4.196825914219992626, -9.320110491659342244 ) ) ;
#431 = CIRCLE ( 'NONE', #471, 186.0813432835824415 ) ;
#432 = EDGE_LOOP ( 'NONE', ( #1238, #881, #2224, #916 ) ) ;
#433 = CARTESIAN_POINT ( 'NONE',  ( -30.14999999999999858, -45.00000000000000000, -43.99999999999999289 ) ) ;
#434 = AXIS2_PLACEMENT_3D ( 'NONE', #890, #2307, #714 ) ;
#435 = CARTESIAN_POINT ( 'NONE',  ( 28.50000000000000711, 45.00000000000000000, 4.001000000000011880 ) ) ;
#436 = CARTESIAN_POINT ( 'NONE',  ( 5.000000000000004441, 7.000000000000000000, 4.000000000000008882 ) ) ;
#437 = AXIS2_PLACEMENT_3D ( 'NONE', #2153, #1808, #1466 ) ;
#438 = ADVANCED_FACE ( 'NONE', ( #848 ), #360, .T. ) ;
#439 = LINE ( 'NONE', #1876, #1824 ) ;
#440 = ORIENTED_EDGE ( 'NONE', *, *, #228, .F. ) ;
#441 = CARTESIAN_POINT ( 'NONE',  ( -25.15000000000000568, 49.99999999999999289, -39.99999999999999289 ) ) ;
#442 = VERTEX_POINT ( 'NONE', #1767 ) ;
#443 = CARTESIAN_POINT ( 'NONE',  ( 25.14999999999999147, 3.317177577775445751, -8.463298200204510735 ) ) ;
#444 = CARTESIAN_POINT ( 'NONE',  ( 34.74335528934889794, 0.000000000000000000, -10.42224728051012228 ) ) ;
#445 = EDGE_LOOP ( 'NONE', ( #1069, #1516, #1252, #280 ) ) ;
#446 = DIRECTION ( 'NONE',  ( -0.000000000000000000, 1.000000000000000000, 0.000000000000000000 ) ) ;
#447 = DIRECTION ( 'NONE',  ( -1.000000000000000000, 0.000000000000000000, 0.000000000000000000 ) ) ;
#448 = DIRECTION ( 'NONE',  ( 0.000000000000000000, -0.000000000000000000, 1.000000000000000000 ) ) ;
#449 = EDGE_CURVE ( 'NONE', #1846, #1374, #1132, .T. ) ;
#450 = ORIENTED_EDGE ( 'NONE', *, *, #1083, .F. ) ;
#451 = DIRECTION ( 'NONE',  ( 0.000000000000000000, 0.000000000000000000, 1.000000000000000000 ) ) ;
#452 = EDGE_CURVE ( 'NONE', #581, #824, #1031, .T. ) ;
#453 = ORIENTED_EDGE ( 'NONE', *, *, #1568, .F. ) ;
#454 = CARTESIAN_POINT ( 'NONE',  ( 23.35897292041307338, -3.878190984123640384, -6.867055968046344994 ) ) ;
#455 = CARTESIAN_POINT ( 'NONE',  ( -27.34069295457465287, 2.967179981593455196, -9.295200060319906754 ) ) ;
#456 = ORIENTED_EDGE ( 'NONE', *, *, #1693, .F. ) ;
#457 = DIRECTION ( 'NONE',  ( -1.000000000000000000, 0.000000000000000000, -0.000000000000000000 ) ) ;
#458 = CARTESIAN_POINT ( 'NONE',  ( -25.15000000000000568, 0.000000000000000000, -44.00000000000000000 ) ) ;
#459 = ORIENTED_EDGE ( 'NONE', *, *, #205, .T. ) ;
#460 = FACE_OUTER_BOUND ( 'NONE', #1778, .T. ) ;
#461 = DIRECTION ( 'NONE',  ( 0.000000000000000000, 0.000000000000000000, -1.000000000000000000 ) ) ;
#462 = ORIENTED_EDGE ( 'NONE', *, *, #1106, .F. ) ;
#463 = VECTOR ( 'NONE', #2107, 1000.000000000000000 ) ;
#464 = DIRECTION ( 'NONE',  ( 0.000000000000000000, 1.000000000000000000, 0.000000000000000000 ) ) ;
#465 = EDGE_CURVE ( 'NONE', #2154, #112, #30, .T. ) ;
#466 = AXIS2_PLACEMENT_3D ( 'NONE', #2174, #1296, #411 ) ;
#467 = CARTESIAN_POINT ( 'NONE',  ( -25.08334458044132020, -2.697447979071344371, -8.924402835011880697 ) ) ;
#468 = ORIENTED_EDGE ( 'NONE', *, *, #25, .F. ) ;
#469 = AXIS2_PLACEMENT_3D ( 'NONE', #635, #52, #797 ) ;
#470 = PLANE ( 'NONE',  #1494 ) ;
#471 = AXIS2_PLACEMENT_3D ( 'NONE', #1216, #152, #540 ) ;
#472 = AXIS2_PLACEMENT_3D ( 'NONE', #1086, #1783, #755 ) ;
#473 = DIRECTION ( 'NONE',  ( 0.000000000000000000, 0.000000000000000000, 1.000000000000000000 ) ) ;
#474 = TOROIDAL_SURFACE ( 'NONE', #286, -149.2313432835825040, 186.0813432835824415 ) ;
#475 = ORIENTED_EDGE ( 'NONE', *, *, #653, .T. ) ;
#476 = LINE ( 'NONE', #1355, #584 ) ;
#477 = VECTOR ( 'NONE', #41, 1000.000000000000000 ) ;
#478 = ORIENTED_EDGE ( 'NONE', *, *, #1248, .T. ) ;
#479 = CARTESIAN_POINT ( 'NONE',  ( 25.14999999999999503, 0.5403236968904489013, -6.898097600401239760 ) ) ;
#480 = CARTESIAN_POINT ( 'NONE',  ( 25.95087329707577695, 5.079191875299841286, -9.335480307355608076 ) ) ;
#481 = FACE_OUTER_BOUND ( 'NONE', #1754, .T. ) ;
#482 = CARTESIAN_POINT ( 'NONE',  ( -25.15000000000000924, -0.2555007290474157755, -6.815631116931806233 ) ) ;
#483 = EDGE_CURVE ( 'NONE', #2230, #2069, #1916, .T. ) ;
#484 = ORIENTED_EDGE ( 'NONE', *, *, #84, .T. ) ;
#485 = CARTESIAN_POINT ( 'NONE',  ( 8.180242321135701305E-16, 15.00000000000000178, 4.000000000000007994 ) ) ;
#486 = ADVANCED_FACE ( 'NONE', ( #538 ), #37, .T. ) ;
#487 = DIRECTION ( 'NONE',  ( -1.000000000000000000, 0.000000000000000000, 0.000000000000000000 ) ) ;
#488 = EDGE_LOOP ( 'NONE', ( #79, #440 ) ) ;
#489 = CARTESIAN_POINT ( 'NONE',  ( 25.14999999999998792, -5.801753405944172215, -9.339638914908878320 ) ) ;
#490 = FACE_OUTER_BOUND ( 'NONE', #210, .T. ) ;
#491 = DIRECTION ( 'NONE',  ( -1.000000000000000000, 0.000000000000000000, 0.000000000000000000 ) ) ;
#492 = LINE ( 'NONE', #316, #13 ) ;
#493 = CARTESIAN_POINT ( 'NONE',  ( -25.15000000000000213, 0.2840094859237673464, -6.820741983343903136 ) ) ;
#494 = ORIENTED_EDGE ( 'NONE', *, *, #101, .T. ) ;
#495 = CARTESIAN_POINT ( 'NONE',  ( 5.000000000000002665, -6.999999999999999112, 4.000000000000007994 ) ) ;
#496 = EDGE_CURVE ( 'NONE', #1684, #1091, #1717, .T. ) ;
#497 = DIRECTION ( 'NONE',  ( 0.000000000000000000, 0.000000000000000000, 1.000000000000000000 ) ) ;
#498 = ORIENTED_EDGE ( 'NONE', *, *, #1270, .T. ) ;
#499 = CARTESIAN_POINT ( 'NONE',  ( 26.95917830014127503, -3.705859726791163489, -9.309790788913494097 ) ) ;
#500 = CYLINDRICAL_SURFACE ( 'NONE', #954, 1.649999999999995248 ) ;
#501 = ORIENTED_EDGE ( 'NONE', *, *, #1704, .F. ) ;
#502 = VECTOR ( 'NONE', #992, 1000.000000000000000 ) ;
#503 = CARTESIAN_POINT ( 'NONE',  ( 30.15000000000001279, -45.00000000000000000, -39.99999999999999289 ) ) ;
#504 = DIRECTION ( 'NONE',  ( 0.000000000000000000, 0.000000000000000000, -1.000000000000000000 ) ) ;
#505 = AXIS2_PLACEMENT_3D ( 'NONE', #1851, #1479, #959 ) ;
#506 = DIRECTION ( 'NONE',  ( -0.000000000000000000, -1.000000000000000000, -0.000000000000000000 ) ) ;
#507 = CARTESIAN_POINT ( 'NONE',  ( -25.15000000000000568, -1.005873688782310982, -7.097292910348111050 ) ) ;
#508 = ORIENTED_EDGE ( 'NONE', *, *, #637, .T. ) ;
#509 = DIRECTION ( 'NONE',  ( 0.000000000000000000, 0.000000000000000000, -1.000000000000000000 ) ) ;
#510 = DIRECTION ( 'NONE',  ( 1.000000000000000000, 0.000000000000000000, 0.000000000000000000 ) ) ;
#511 = EDGE_CURVE ( 'NONE', #1843, #413, #1081, .T. ) ;
#512 = ORIENTED_EDGE ( 'NONE', *, *, #794, .F. ) ;
#513 = AXIS2_PLACEMENT_3D ( 'NONE', #1149, #1503, #298 ) ;
#514 = FACE_BOUND ( 'NONE', #587, .T. ) ;
#515 = FACE_OUTER_BOUND ( 'NONE', #522, .T. ) ;
#516 = AXIS2_PLACEMENT_3D ( 'NONE', #724, #737, #1460 ) ;
#517 = EDGE_CURVE ( 'NONE', #236, #821, #27, .T. ) ;
#518 = VECTOR ( 'NONE', #1932, 1000.000000000000000 ) ;
#519 = CARTESIAN_POINT ( 'NONE',  ( 35.14999999999999147, 39.79949748426479772, -39.99999999999999289 ) ) ;
#520 = CARTESIAN_POINT ( 'NONE',  ( 21.69999999999998508, 0.000000000000000000, 0.000000000000000000 ) ) ;
#521 = CARTESIAN_POINT ( 'NONE',  ( -25.15000000000001990, 5.274774660946453864, -9.251428618393358505 ) ) ;
#522 = EDGE_LOOP ( 'NONE', ( #456, #1677, #498, #1933, #2158 ) ) ;
#523 = CARTESIAN_POINT ( 'NONE',  ( 35.14999999999998437, 0.000000000000000000, -44.00000000000000000 ) ) ;
#524 = ORIENTED_EDGE ( 'NONE', *, *, #894, .F. ) ;
#525 = CARTESIAN_POINT ( 'NONE',  ( -27.71747819406747482, 1.922003169592092719, -9.277963269695320037 ) ) ;
#526 = ORIENTED_EDGE ( 'NONE', *, *, #1017, .T. ) ;
#527 = CARTESIAN_POINT ( 'NONE',  ( 27.97384063077046434, -0.5543108439671650123, -9.264687178225210928 ) ) ;
#528 = CARTESIAN_POINT ( 'NONE',  ( 35.14999999999999147, 7.000000000000000000, -4.617262664969562280 ) ) ;
#529 = EDGE_CURVE ( 'NONE', #1302, #830, #400, .T. ) ;
#530 = ORIENTED_EDGE ( 'NONE', *, *, #750, .F. ) ;
#531 = CARTESIAN_POINT ( 'NONE',  ( -31.80000000000000071, 45.00000000000000000, -39.99999999999999289 ) ) ;
#532 = EDGE_CURVE ( 'NONE', #2060, #2069, #1786, .T. ) ;
#533 = DIRECTION ( 'NONE',  ( -0.000000000000000000, -0.000000000000000000, -1.000000000000000000 ) ) ;
#534 = DIRECTION ( 'NONE',  ( -1.000000000000000000, -0.000000000000000000, -0.000000000000000000 ) ) ;
#535 = VERTEX_POINT ( 'NONE', #575 ) ;
#536 = LINE ( 'NONE', #2282, #1822 ) ;
#537 = ORIENTED_EDGE ( 'NONE', *, *, #1588, .T. ) ;
#538 = FACE_OUTER_BOUND ( 'NONE', #1369, .T. ) ;
#539 = CARTESIAN_POINT ( 'NONE',  ( -30.14999999999999858, -45.00000000000000000, 4.001000000000011880 ) ) ;
#540 = DIRECTION ( 'NONE',  ( -1.000000000000000000, 0.000000000000000000, 0.000000000000000000 ) ) ;
#541 = DIRECTION ( 'NONE',  ( -1.000000000000000000, 0.000000000000000000, 0.000000000000000000 ) ) ;
#542 = AXIS2_PLACEMENT_3D ( 'NONE', #523, #2079, #319 ) ;
#543 = ADVANCED_FACE ( 'NONE', ( #1478 ), #199, .T. ) ;
#544 = CARTESIAN_POINT ( 'NONE',  ( -25.15000000000000568, -7.000000000000000000, -4.617262664969562280 ) ) ;
#545 = ORIENTED_EDGE ( 'NONE', *, *, #1376, .T. ) ;
#546 = CIRCLE ( 'NONE', #1977, 33.57775271948984397 ) ;
#547 = CARTESIAN_POINT ( 'NONE',  ( 4.287471184067184615E-15, -14.99999999999999645, 4.000000000000007994 ) ) ;
#548 = EDGE_LOOP ( 'NONE', ( #2180, #1033, #1042, #1100 ) ) ;
#549 = CARTESIAN_POINT ( 'NONE',  ( 2.081668171172168513E-14, 0.000000000000000000, -44.00000000000000000 ) ) ;
#550 = VECTOR ( 'NONE', #938, 1000.000000000000000 ) ;
#551 = CARTESIAN_POINT ( 'NONE',  ( 2.081668171172168513E-14, 0.000000000000000000, -44.00000000000000000 ) ) ;
#552 = CIRCLE ( 'NONE', #434, 186.0813432835824415 ) ;
#553 = DIRECTION ( 'NONE',  ( -1.000000000000000000, -0.000000000000000000, -0.000000000000000000 ) ) ;
#554 = AXIS2_PLACEMENT_3D ( 'NONE', #1554, #2086, #675 ) ;
#555 = CARTESIAN_POINT ( 'NONE',  ( 28.50000000000000711, 45.00000000000000000, -43.99999999999999289 ) ) ;
#556 = CARTESIAN_POINT ( 'NONE',  ( 2.081668171172168513E-14, -149.2313432835825040, -44.00000000000000000 ) ) ;
#557 = EDGE_CURVE ( 'NONE', #803, #824, #1120, .T. ) ;
#558 = VERTEX_POINT ( 'NONE', #566 ) ;
#559 = CARTESIAN_POINT ( 'NONE',  ( -4.999999999999997335, 20.00000000000000355, 4.000000000000007994 ) ) ;
#560 = EDGE_CURVE ( 'NONE', #799, #293, #944, .T. ) ;
#561 = DIRECTION ( 'NONE',  ( 0.6560590289907830552, 0.000000000000000000, 0.7547095802225323169 ) ) ;
#562 = CARTESIAN_POINT ( 'NONE',  ( 35.14999999999999147, 0.000000000000000000, -44.00000000000000000 ) ) ;
#563 = DIRECTION ( 'NONE',  ( 0.000000000000000000, 0.000000000000000000, 1.000000000000000000 ) ) ;
#564 = SURFACE_STYLE_FILL_AREA ( #34 ) ;
#565 = VERTEX_POINT ( 'NONE', #1643 ) ;
#566 = CARTESIAN_POINT ( 'NONE',  ( 35.14999999999997016, 33.08654523791967961, -44.00000000000000000 ) ) ;
#567 = FACE_OUTER_BOUND ( 'NONE', #1976, .T. ) ;
#568 = EDGE_CURVE ( 'NONE', #2309, #1593, #390, .T. ) ;
#569 = DIRECTION ( 'NONE',  ( -0.000000000000000000, 1.000000000000000000, -0.000000000000000000 ) ) ;
#570 = ORIENTED_EDGE ( 'NONE', *, *, #961, .F. ) ;
#571 = CARTESIAN_POINT ( 'NONE',  ( -25.15000000000000568, 0.000000000000000000, -44.00000000000000000 ) ) ;
#572 = DIRECTION ( 'NONE',  ( 1.000000000000000000, -0.000000000000000000, -0.000000000000000000 ) ) ;
#573 =( NAMED_UNIT ( * ) SI_UNIT ( $, .STERADIAN. ) SOLID_ANGLE_UNIT ( ) );
#574 = ORIENTED_EDGE ( 'NONE', *, *, #1875, .T. ) ;
#575 = CARTESIAN_POINT ( 'NONE',  ( 35.14999999999997016, -33.08654523791967961, -44.00000000000000000 ) ) ;
#576 = ORIENTED_EDGE ( 'NONE', *, *, #2236, .T. ) ;
#577 = CARTESIAN_POINT ( 'NONE',  ( 0.000000000000000000, 0.000000000000000000, 0.000000000000000000 ) ) ;
#578 = VECTOR ( 'NONE', #2160, 1000.000000000000000 ) ;
#579 = CARTESIAN_POINT ( 'NONE',  ( 31.80000000000000782, -45.00000000000000000, -43.99999999999999289 ) ) ;
#580 = EDGE_CURVE ( 'NONE', #1091, #2189, #800, .T. ) ;
#581 = VERTEX_POINT ( 'NONE', #599 ) ;
#582 = DIRECTION ( 'NONE',  ( 1.000000000000000000, 0.000000000000000000, 0.000000000000000000 ) ) ;
#583 = ADVANCED_FACE ( 'NONE', ( #1776 ), #1635, .F. ) ;
#584 = VECTOR ( 'NONE', #1491, 1000.000000000000000 ) ;
#585 = DIRECTION ( 'NONE',  ( -1.000000000000000000, -0.000000000000000000, -0.000000000000000000 ) ) ;
#586 = CARTESIAN_POINT ( 'NONE',  ( -25.15000000000000568, 49.99999999999999289, -43.99999999999999289 ) ) ;
#587 = EDGE_LOOP ( 'NONE', ( #428, #739 ) ) ;
#588 = DIRECTION ( 'NONE',  ( 1.000000000000000000, 0.000000000000000000, 0.000000000000000000 ) ) ;
#589 = AXIS2_PLACEMENT_3D ( 'NONE', #1997, #410, #1814 ) ;
#590 = DIRECTION ( 'NONE',  ( 1.000000000000000000, 0.000000000000000000, 0.000000000000000000 ) ) ;
#591 = LINE ( 'NONE', #1819, #774 ) ;
#592 = ORIENTED_EDGE ( 'NONE', *, *, #1106, .T. ) ;
#593 = LINE ( 'NONE', #1301, #1468 ) ;
#594 = EDGE_LOOP ( 'NONE', ( #1416, #149 ) ) ;
#595 = EDGE_CURVE ( 'NONE', #1688, #1619, #1395, .T. ) ;
#596 = FACE_OUTER_BOUND ( 'NONE', #1073, .T. ) ;
#597 = ORIENTED_EDGE ( 'NONE', *, *, #1753, .T. ) ;
#598 = DIRECTION ( 'NONE',  ( -1.000000000000000000, 0.000000000000000000, 0.000000000000000000 ) ) ;
#599 = CARTESIAN_POINT ( 'NONE',  ( -35.15000000000000568, -7.000000000000000000, 4.000000000000007994 ) ) ;
#600 = CARTESIAN_POINT ( 'NONE',  ( 34.64999999999998437, 0.000000000000000000, -44.00000000000000000 ) ) ;
#601 = EDGE_LOOP ( 'NONE', ( #98, #1457, #1310, #878 ) ) ;
#602 = PLANE ( 'NONE',  #1434 ) ;
#603 = ORIENTED_EDGE ( 'NONE', *, *, #345, .T. ) ;
#604 = CARTESIAN_POINT ( 'NONE',  ( 25.14999999999999147, -1.005873688782097153, -7.097292910347978712 ) ) ;
#605 = CARTESIAN_POINT ( 'NONE',  ( -25.59788202601574625, 1.381187688845979533, -8.928915454631029647 ) ) ;
#606 = EDGE_CURVE ( 'NONE', #2291, #2113, #1463, .T. ) ;
#607 = ORIENTED_EDGE ( 'NONE', *, *, #810, .T. ) ;
#608 = APPLICATION_CONTEXT ( 'automotive_design' ) ;
#609 = DIRECTION ( 'NONE',  ( -0.000000000000000000, -0.000000000000000000, -1.000000000000000000 ) ) ;
#610 = FACE_OUTER_BOUND ( 'NONE', #42, .T. ) ;
#611 = EDGE_CURVE ( 'NONE', #215, #35, #879, .T. ) ;
#612 = LINE ( 'NONE', #1166, #388 ) ;
#613 = EDGE_LOOP ( 'NONE', ( #1937, #768, #685, #872 ) ) ;
#614 = DIRECTION ( 'NONE',  ( -0.6560590289907830552, 8.034405899052831110E-17, 0.7547095802225323169 ) ) ;
#615 = VERTEX_POINT ( 'NONE', #1815 ) ;
#616 = CARTESIAN_POINT ( 'NONE',  ( 23.64314328418453215, -3.633610603566656216, -6.867465350634645027 ) ) ;
#617 = CARTESIAN_POINT ( 'NONE',  ( -23.35897292041304141, 3.878190984123577767, -6.867055968046091863 ) ) ;
#618 = VECTOR ( 'NONE', #2047, 1000.000000000000000 ) ;
#619 = ORIENTED_EDGE ( 'NONE', *, *, #1583, .F. ) ;
#620 = EDGE_CURVE ( 'NONE', #1262, #1168, #690, .T. ) ;
#621 = TOROIDAL_SURFACE ( 'NONE', #733, -149.2313432835825040, 186.0813432835824415 ) ;
#622 = CARTESIAN_POINT ( 'NONE',  ( 25.14999999999999147, -39.79949748426479772, -39.99999999999999289 ) ) ;
#623 = CARTESIAN_POINT ( 'NONE',  ( 25.15000000000001279, -49.99999999999999289, -39.99999999999999289 ) ) ;
#624 = AXIS2_PLACEMENT_3D ( 'NONE', #433, #1839, #598 ) ;
#625 = ADVANCED_FACE ( 'NONE', ( #727 ), #1435, .T. ) ;
#626 = CARTESIAN_POINT ( 'NONE',  ( 4.287471184067184615E-15, -14.99999999999999645, 0.000000000000000000 ) ) ;
#627 = ORIENTED_EDGE ( 'NONE', *, *, #207, .T. ) ;
#628 = DIRECTION ( 'NONE',  ( 1.000000000000000000, 0.000000000000000000, 0.000000000000000000 ) ) ;
#629 = ORIENTED_EDGE ( 'NONE', *, *, #993, .F. ) ;
#630 = CARTESIAN_POINT ( 'NONE',  ( 25.14999999999999147, 4.770222862922330442, -9.098954287075240899 ) ) ;
#631 = CARTESIAN_POINT ( 'NONE',  ( -23.64314328418591771, 3.633610603567010600, -6.867465350624931908 ) ) ;
#632 = EDGE_LOOP ( 'NONE', ( #1363, #932, #103, #1638, #2244 ) ) ;
#633 = CARTESIAN_POINT ( 'NONE',  ( 20.00000000000000000, 0.000000000000000000, 3.971240789819492800 ) ) ;
#634 = ORIENTED_EDGE ( 'NONE', *, *, #568, .F. ) ;
#635 = CARTESIAN_POINT ( 'NONE',  ( 34.64999999999998437, 0.000000000000000000, -10.91345476208031862 ) ) ;
#636 = CARTESIAN_POINT ( 'NONE',  ( 27.46548803016560925, 2.714112659308026032, -9.290284033161432475 ) ) ;
#637 = EDGE_CURVE ( 'NONE', #377, #1235, #1090, .T. ) ;
#638 = VERTEX_POINT ( 'NONE', #100 ) ;
#639 = CARTESIAN_POINT ( 'NONE',  ( -25.15000000000000568, 49.99999999999999289, -43.99999999999999289 ) ) ;
#640 = ORIENTED_EDGE ( 'NONE', *, *, #977, .F. ) ;
#641 = CARTESIAN_POINT ( 'NONE',  ( 25.14999999999999503, 1.948095164865316198, -7.646409619280785108 ) ) ;
#642 = CARTESIAN_POINT ( 'NONE',  ( -27.44972379147404595, 2.711106467187251567, -9.290466235888203528 ) ) ;
#643 = EDGE_LOOP ( 'NONE', ( #2038, #1432 ) ) ;
#644 = DIRECTION ( 'NONE',  ( 0.000000000000000000, 0.000000000000000000, -1.000000000000000000 ) ) ;
#645 = ORIENTED_EDGE ( 'NONE', *, *, #1704, .T. ) ;
#646 = LINE ( 'NONE', #1321, #1392 ) ;
#647 = CIRCLE ( 'NONE', #1941, 1.650000000000000133 ) ;
#648 = ORIENTED_EDGE ( 'NONE', *, *, #2096, .F. ) ;
#649 = DIRECTION ( 'NONE',  ( -0.000000000000000000, -0.000000000000000000, 1.000000000000000000 ) ) ;
#650 = EDGE_CURVE ( 'NONE', #861, #843, #2287, .T. ) ;
#651 = VERTEX_POINT ( 'NONE', #1339 ) ;
#652 = CARTESIAN_POINT ( 'NONE',  ( 24.93857602713451982, -1.437488994512185370, -6.808186725527196614 ) ) ;
#653 = EDGE_CURVE ( 'NONE', #1312, #535, #1692, .T. ) ;
#654 = CARTESIAN_POINT ( 'NONE',  ( 0.000000000000000000, 0.000000000000000000, -43.99999999999999289 ) ) ;
#655 = ORIENTED_EDGE ( 'NONE', *, *, #532, .F. ) ;
#656 = LINE ( 'NONE', #75, #2 ) ;
#657 = AXIS2_PLACEMENT_3D ( 'NONE', #2122, #885, #1589 ) ;
#658 = VECTOR ( 'NONE', #2146, 1000.000000000000000 ) ;
#659 = DIRECTION ( 'NONE',  ( -0.000000000000000000, -0.000000000000000000, 1.000000000000000000 ) ) ;
#660 = TOROIDAL_SURFACE ( 'NONE', #2210, 33.08654523791967250, 0.4999999999999824585 ) ;
#661 = ORIENTED_EDGE ( 'NONE', *, *, #195, .F. ) ;
#662 = CARTESIAN_POINT ( 'NONE',  ( 30.15000000000001279, -45.00000000000000000, -43.99999999999999289 ) ) ;
#663 = FACE_OUTER_BOUND ( 'NONE', #1202, .T. ) ;
#664 = DIRECTION ( 'NONE',  ( 0.000000000000000000, 0.000000000000000000, -1.000000000000000000 ) ) ;
#665 = FACE_OUTER_BOUND ( 'NONE', #105, .T. ) ;
#666 = CARTESIAN_POINT ( 'NONE',  ( -25.15000000000000568, -3.760915215494365693, -8.718853953914372568 ) ) ;
#667 = VERTEX_POINT ( 'NONE', #820 ) ;
#668 = EDGE_CURVE ( 'NONE', #581, #1572, #269, .T. ) ;
#669 = DIRECTION ( 'NONE',  ( -1.000000000000000000, 0.000000000000000000, 0.000000000000000000 ) ) ;
#670 = AXIS2_PLACEMENT_3D ( 'NONE', #2137, #1969, #1793 ) ;
#671 = CARTESIAN_POINT ( 'NONE',  ( -4.999999999999997335, -19.99999999999999645, -41.23105625617660053 ) ) ;
#672 = ORIENTED_EDGE ( 'NONE', *, *, #483, .F. ) ;
#673 = CARTESIAN_POINT ( 'NONE',  ( -1.649999999999999245, 15.00000000000000178, -84.00099999999999056 ) ) ;
#674 = ORIENTED_EDGE ( 'NONE', *, *, #375, .F. ) ;
#675 = DIRECTION ( 'NONE',  ( 0.000000000000000000, -0.000000000000000000, 1.000000000000000000 ) ) ;
#676 = CARTESIAN_POINT ( 'NONE',  ( -18.30000000000001492, -2.449293598294706119E-15, 4.000000000000007994 ) ) ;
#677 = CARTESIAN_POINT ( 'NONE',  ( 25.57299131822504634, 5.436596728243332954, -9.338730379863045883 ) ) ;
#678 = EDGE_LOOP ( 'NONE', ( #1579, #2109, #1198, #261 ) ) ;
#679 = FACE_BOUND ( 'NONE', #1702, .T. ) ;
#680 = EDGE_CURVE ( 'NONE', #2165, #535, #1278, .T. ) ;
#681 = DIRECTION ( 'NONE',  ( -1.000000000000000000, -0.000000000000000000, -0.000000000000000000 ) ) ;
#682 = ORIENTED_EDGE ( 'NONE', *, *, #869, .F. ) ;
#683 = CARTESIAN_POINT ( 'NONE',  ( 35.17067978376198312, -7.000000000000000000, 4.000000000000008882 ) ) ;
#684 = DIRECTION ( 'NONE',  ( -0.000000000000000000, -0.000000000000000000, 1.000000000000000000 ) ) ;
#685 = ORIENTED_EDGE ( 'NONE', *, *, #2190, .T. ) ;
#686 = DIRECTION ( 'NONE',  ( -0.000000000000000000, -0.000000000000000000, 1.000000000000000000 ) ) ;
#687 = CARTESIAN_POINT ( 'NONE',  ( -23.35908442471594171, -3.878095011621743637, -6.867056128338316690 ) ) ;
#688 = CIRCLE ( 'NONE', #1459, 186.0813432835824415 ) ;
#689 = ORIENTED_EDGE ( 'NONE', *, *, #101, .F. ) ;
#690 = CIRCLE ( 'NONE', #2168, 1.699999999999986189 ) ;
#691 = CARTESIAN_POINT ( 'NONE',  ( 35.14999999999998437, 0.000000000000000000, -44.00000000000000000 ) ) ;
#692 = ORIENTED_EDGE ( 'NONE', *, *, #866, .F. ) ;
#693 = EDGE_CURVE ( 'NONE', #1425, #1940, #159, .T. ) ;
#694 = DIRECTION ( 'NONE',  ( 1.000000000000000000, 0.000000000000000000, 1.233437646870827251E-17 ) ) ;
#695 = ORIENTED_EDGE ( 'NONE', *, *, #750, .T. ) ;
#696 = AXIS2_PLACEMENT_3D ( 'NONE', #2209, #628, #1931 ) ;
#697 = EDGE_CURVE ( 'NONE', #2197, #1312, #656, .T. ) ;
#698 = CARTESIAN_POINT ( 'NONE',  ( -1.649999999999995914, -14.99999999999999645, 4.000000000000007994 ) ) ;
#699 = CARTESIAN_POINT ( 'NONE',  ( 25.14999999999999147, 0.000000000000000000, -44.00000000000000000 ) ) ;
#700 = VECTOR ( 'NONE', #1994, 1000.000000000000000 ) ;
#701 = VECTOR ( 'NONE', #864, 1000.000000000000000 ) ;
#702 = CARTESIAN_POINT ( 'NONE',  ( 2.081668171172168513E-14, 149.2313432835825040, -44.00000000000000000 ) ) ;
#703 = CARTESIAN_POINT ( 'NONE',  ( 25.15000000000001279, -49.99999999999999289, -43.99999999999999289 ) ) ;
#704 = ORIENTED_EDGE ( 'NONE', *, *, #1901, .F. ) ;
#705 = DIRECTION ( 'NONE',  ( 0.000000000000000000, 0.000000000000000000, 1.000000000000000000 ) ) ;
#706 = VERTEX_POINT ( 'NONE', #1523 ) ;
#707 = CARTESIAN_POINT ( 'NONE',  ( 25.33980727641526087, -2.144445232484055275, -8.927075231800342792 ) ) ;
#708 = CARTESIAN_POINT ( 'NONE',  ( -25.58088732189675696, 5.448574824814866879, -9.340114837553640470 ) ) ;
#709 = VERTEX_POINT ( 'NONE', #622 ) ;
#710 = LINE ( 'NONE', #1204, #284 ) ;
#711 = DIRECTION ( 'NONE',  ( -1.000000000000000000, 0.000000000000000000, 0.000000000000000000 ) ) ;
#712 = EDGE_CURVE ( 'NONE', #62, #236, #1531, .T. ) ;
#713 = FACE_OUTER_BOUND ( 'NONE', #1838, .T. ) ;
#714 = DIRECTION ( 'NONE',  ( -1.000000000000000000, 0.000000000000000000, 0.000000000000000000 ) ) ;
#715 = LINE ( 'NONE', #1043, #2045 ) ;
#716 = ORIENTED_EDGE ( 'NONE', *, *, #712, .T. ) ;
#717 = CARTESIAN_POINT ( 'NONE',  ( -27.97384063077046434, 0.5543108439671680099, -9.264687178225187836 ) ) ;
#718 = CARTESIAN_POINT ( 'NONE',  ( 4.287471184067184615E-15, -14.99999999999999645, 0.000000000000000000 ) ) ;
#719 = LINE ( 'NONE', #1229, #1763 ) ;
#720 = DIRECTION ( 'NONE',  ( 0.000000000000000000, 0.000000000000000000, 1.000000000000000000 ) ) ;
#721 = ADVANCED_FACE ( 'NONE', ( #610 ), #282, .F. ) ;
#722 = VECTOR ( 'NONE', #446, 1000.000000000000000 ) ;
#723 = EDGE_CURVE ( 'NONE', #913, #2215, #2032, .T. ) ;
#724 = CARTESIAN_POINT ( 'NONE',  ( -35.15000000000000568, -7.000000000000000000, 4.000000000000007994 ) ) ;
#725 = ORIENTED_EDGE ( 'NONE', *, *, #192, .F. ) ;
#726 = CIRCLE ( 'NONE', #318, 1.650000000000000133 ) ;
#727 = FACE_OUTER_BOUND ( 'NONE', #1379, .T. ) ;
#728 = APPLICATION_CONTEXT ( 'automotive_design' ) ;
#729 = DIRECTION ( 'NONE',  ( -1.000000000000000000, 0.000000000000000000, 0.000000000000000000 ) ) ;
#730 = LINE ( 'NONE', #234, #1142 ) ;
#731 = VECTOR ( 'NONE', #414, 1000.000000000000000 ) ;
#732 = CARTESIAN_POINT ( 'NONE',  ( -25.14999999999999858, -49.99999999999999289, -39.99999999999999289 ) ) ;
#733 = AXIS2_PLACEMENT_3D ( 'NONE', #1279, #553, #1607 ) ;
#734 = CARTESIAN_POINT ( 'NONE',  ( -25.15000000000000568, 36.00000000000000000, -39.99999999999999289 ) ) ;
#735 = VECTOR ( 'NONE', #1599, 1000.000000000000000 ) ;
#736 = CARTESIAN_POINT ( 'NONE',  ( -25.15000000000000568, 49.99999999999999289, -39.99999999999999289 ) ) ;
#737 = DIRECTION ( 'NONE',  ( -1.233437646870827251E-17, 0.000000000000000000, 1.000000000000000000 ) ) ;
#738 = ADVANCED_FACE ( 'NONE', ( #1840, #1861 ), #470, .F. ) ;
#739 = ORIENTED_EDGE ( 'NONE', *, *, #1662, .T. ) ;
#740 = DIRECTION ( 'NONE',  ( 0.000000000000000000, -0.000000000000000000, 1.000000000000000000 ) ) ;
#741 = DIRECTION ( 'NONE',  ( -0.000000000000000000, -0.000000000000000000, 1.000000000000000000 ) ) ;
#742 = CARTESIAN_POINT ( 'NONE',  ( -25.15000000000000568, 49.99999999999999289, -39.99999999999999289 ) ) ;
#743 = EDGE_LOOP ( 'NONE', ( #692, #746, #661, #1706 ) ) ;
#744 = CARTESIAN_POINT ( 'NONE',  ( -30.14999999999999858, -45.00000000000000000, -39.99999999999999289 ) ) ;
#745 = DIRECTION ( 'NONE',  ( -1.000000000000000000, 0.000000000000000000, 0.000000000000000000 ) ) ;
#746 = ORIENTED_EDGE ( 'NONE', *, *, #87, .F. ) ;
#747 = EDGE_CURVE ( 'NONE', #2113, #765, #1145, .T. ) ;
#748 = CARTESIAN_POINT ( 'NONE',  ( -20.00000000000000000, -2.449293598294706119E-15, 3.971240789819492800 ) ) ;
#749 = LINE ( 'NONE', #5, #912 ) ;
#750 = EDGE_CURVE ( 'NONE', #413, #1172, #2243, .T. ) ;
#751 = DIRECTION ( 'NONE',  ( 1.000000000000000000, 0.000000000000000000, 1.233437646870827251E-17 ) ) ;
#752 = AXIS2_PLACEMENT_3D ( 'NONE', #136, #868, #1014 ) ;
#753 = ORIENTED_EDGE ( 'NONE', *, *, #162, .F. ) ;
#754 = LINE ( 'NONE', #1458, #1540 ) ;
#755 = DIRECTION ( 'NONE',  ( 0.000000000000000000, 0.000000000000000000, 1.000000000000000000 ) ) ;
#756 = VECTOR ( 'NONE', #1850, 1000.000000000000000 ) ;
#757 = ORIENTED_EDGE ( 'NONE', *, *, #668, .T. ) ;
#758 = CARTESIAN_POINT ( 'NONE',  ( 25.08334458044229720, 2.697447979071158297, -8.924402835012680058 ) ) ;
#759 = CARTESIAN_POINT ( 'NONE',  ( -25.14999999999999858, -49.99999999999999289, -43.99999999999999289 ) ) ;
#760 = AXIS2_PLACEMENT_3D ( 'NONE', #2218, #945, #230 ) ;
#761 = CARTESIAN_POINT ( 'NONE',  ( 34.64999999999998437, 33.08654523791967961, -44.00000000000000000 ) ) ;
#762 = VECTOR ( 'NONE', #911, 1000.000000000000000 ) ;
#763 = LINE ( 'NONE', #402, #53 ) ;
#764 = EDGE_CURVE ( 'NONE', #1080, #1490, #980, .T. ) ;
#765 = VERTEX_POINT ( 'NONE', #420 ) ;
#766 = CARTESIAN_POINT ( 'NONE',  ( 35.14999999999999147, -7.000000000000000000, 0.000000000000000000 ) ) ;
#767 = VECTOR ( 'NONE', #140, 1000.000000000000000 ) ;
#768 = ORIENTED_EDGE ( 'NONE', *, *, #1598, .F. ) ;
#769 = AXIS2_PLACEMENT_3D ( 'NONE', #363, #1076, #1771 ) ;
#770 = CARTESIAN_POINT ( 'NONE',  ( -25.42854157064935805, -1.952769179538248911, -8.927997713906794530 ) ) ;
#771 = CIRCLE ( 'NONE', #589, 186.0813432835824415 ) ;
#772 = EDGE_LOOP ( 'NONE', ( #634, #1219, #1509, #418 ) ) ;
#773 = CARTESIAN_POINT ( 'NONE',  ( 24.83554361232135221, 1.779830927196476065, -6.816343656855900157 ) ) ;
#774 = VECTOR ( 'NONE', #569, 1000.000000000000000 ) ;
#775 = CARTESIAN_POINT ( 'NONE',  ( -34.64999999999999858, 33.08654523791967250, -44.00000000000000000 ) ) ;
#776 = CARTESIAN_POINT ( 'NONE',  ( -35.15000000000000568, 7.000000000000000000, 4.000000000000007994 ) ) ;
#777 = LINE ( 'NONE', #1637, #1954 ) ;
#778 = EDGE_LOOP ( 'NONE', ( #1718, #1603 ) ) ;
#779 = LINE ( 'NONE', #1967, #957 ) ;
#780 = ADVANCED_FACE ( 'NONE', ( #1657 ), #1640, .F. ) ;
#781 = ORIENTED_EDGE ( 'NONE', *, *, #1993, .T. ) ;
#782 = CARTESIAN_POINT ( 'NONE',  ( -25.16905832710616409, 2.512284799511002031, -8.925293840847160709 ) ) ;
#783 = ORIENTED_EDGE ( 'NONE', *, *, #1359, .F. ) ;
#784 = CARTESIAN_POINT ( 'NONE',  ( 24.87035186992364899, 3.050903448303805998, -8.921568379728418208 ) ) ;
#785 = LINE ( 'NONE', #2019, #2089 ) ;
#786 = CARTESIAN_POINT ( 'NONE',  ( 20.00000000000000000, 0.000000000000000000, 4.000000000000009770 ) ) ;
#787 = ORIENTED_EDGE ( 'NONE', *, *, #1433, .F. ) ;
#788 = DIRECTION ( 'NONE',  ( -1.000000000000000000, 0.000000000000000000, 0.000000000000000000 ) ) ;
#789 = ORIENTED_EDGE ( 'NONE', *, *, #128, .T. ) ;
#790 = EDGE_CURVE ( 'NONE', #1785, #1223, #1243, .T. ) ;
#791 = CARTESIAN_POINT ( 'NONE',  ( 26.48113027690294530, -4.423007550506476981, -9.324059896465048070 ) ) ;
#792 = CARTESIAN_POINT ( 'NONE',  ( -24.87035186992432401, -3.050903448303368570, -8.921568379728803677 ) ) ;
#793 = ORIENTED_EDGE ( 'NONE', *, *, #2004, .T. ) ;
#794 = EDGE_CURVE ( 'NONE', #139, #442, #785, .T. ) ;
#795 = CARTESIAN_POINT ( 'NONE',  ( 30.15000000000000568, 45.00000000000000000, -43.99999999999999289 ) ) ;
#796 = CARTESIAN_POINT ( 'NONE',  ( -35.15000000000000568, -49.99999999999999289, -39.99999999999999289 ) ) ;
#797 = DIRECTION ( 'NONE',  ( 0.000000000000000000, 0.000000000000000000, -1.000000000000000000 ) ) ;
#798 = DIRECTION ( 'NONE',  ( -0.000000000000000000, 1.000000000000000000, 0.000000000000000000 ) ) ;
#799 = VERTEX_POINT ( 'NONE', #1668 ) ;
#800 = CIRCLE ( 'NONE', #167, 0.4999999999999796274 ) ;
#801 = CYLINDRICAL_SURFACE ( 'NONE', #696, 39.99999999999999289 ) ;
#802 = CARTESIAN_POINT ( 'NONE',  ( 30.15000000000000568, 45.00000000000000000, -43.99999999999999289 ) ) ;
#803 = VERTEX_POINT ( 'NONE', #1189 ) ;
#804 = CARTESIAN_POINT ( 'NONE',  ( 24.36046411336803885, -3.717966753887892661, -8.911037770957200621 ) ) ;
#805 = CARTESIAN_POINT ( 'NONE',  ( -24.22849089416976298, 2.919521602654760351, -6.850211751693987772 ) ) ;
#806 = CONICAL_SURFACE ( 'NONE', #1831, 1.725000000000000755, 0.7155849933180404854 ) ;
#807 = ORIENTED_EDGE ( 'NONE', *, *, #1707, .T. ) ;
#808 = VECTOR ( 'NONE', #1909, 1000.000000000000000 ) ;
#809 = CARTESIAN_POINT ( 'NONE',  ( 35.14999999999999147, 0.000000000000000000, -43.99999999999999289 ) ) ;
#810 = EDGE_CURVE ( 'NONE', #1385, #442, #1752, .T. ) ;
#811 = DIRECTION ( 'NONE',  ( 0.000000000000000000, -1.000000000000000000, 0.000000000000000000 ) ) ;
#812 = AXIS2_PLACEMENT_3D ( 'NONE', #600, #1999, #2175 ) ;
#813 = CARTESIAN_POINT ( 'NONE',  ( 1.650000000000004574, -14.99999999999999645, 4.000000000000007994 ) ) ;
#814 = ORIENTED_EDGE ( 'NONE', *, *, #394, .F. ) ;
#815 = CARTESIAN_POINT ( 'NONE',  ( 34.74335528934889794, 0.000000000000000000, -44.00000000000000000 ) ) ;
#816 = VERTEX_POINT ( 'NONE', #1567 ) ;
#817 = CARTESIAN_POINT ( 'NONE',  ( 18.27499999999999858, 2.112515728529185151E-16, 4.000000000000009770 ) ) ;
#818 = CARTESIAN_POINT ( 'NONE',  ( -24.94933102265420644, -1.434943168411335845, -6.807424297497820298 ) ) ;
#819 = ORIENTED_EDGE ( 'NONE', *, *, #1975, .T. ) ;
#820 = CARTESIAN_POINT ( 'NONE',  ( -1.649999999999999245, 15.00000000000000178, 4.000000000000007994 ) ) ;
#821 = VERTEX_POINT ( 'NONE', #1914 ) ;
#822 = EDGE_CURVE ( 'NONE', #667, #2171, #647, .T. ) ;
#823 = CARTESIAN_POINT ( 'NONE',  ( 26.96997211403565231, 3.718483431010945139, -9.309797864227757458 ) ) ;
#824 = VERTEX_POINT ( 'NONE', #2105 ) ;
#825 = EDGE_CURVE ( 'NONE', #1192, #1930, #1884, .T. ) ;
#826 = CARTESIAN_POINT ( 'NONE',  ( 25.14999999999999147, -7.000000000000000000, 0.000000000000000000 ) ) ;
#827 = ORIENTED_EDGE ( 'NONE', *, *, #1571, .T. ) ;
#828 = CARTESIAN_POINT ( 'NONE',  ( 23.74033231693636736, -4.300822766274381870, -8.891593358919275047 ) ) ;
#829 = PLANE ( 'NONE',  #209 ) ;
#830 = VERTEX_POINT ( 'NONE', #1927 ) ;
#831 = DIRECTION ( 'NONE',  ( 0.000000000000000000, 0.000000000000000000, 1.000000000000000000 ) ) ;
#832 = VERTEX_POINT ( 'NONE', #177 ) ;
#833 = LINE ( 'NONE', #1191, #1900 ) ;
#834 = VECTOR ( 'NONE', #2118, 1000.000000000000000 ) ;
#835 = ORIENTED_EDGE ( 'NONE', *, *, #15, .F. ) ;
#836 = DIRECTION ( 'NONE',  ( -1.000000000000000000, 0.000000000000000000, 0.000000000000000000 ) ) ;
#837 = EDGE_CURVE ( 'NONE', #116, #765, #1413, .T. ) ;
#838 = CIRCLE ( 'NONE', #876, 1.650000000000000133 ) ;
#839 = CARTESIAN_POINT ( 'NONE',  ( 25.14999999999999858, -2.379443560861758566, -7.918430055577678317 ) ) ;
#840 = CARTESIAN_POINT ( 'NONE',  ( 25.14222555583971186, 0.3590412233246161322, -6.791384550402988829 ) ) ;
#841 = FACE_OUTER_BOUND ( 'NONE', #1325, .T. ) ;
#842 = CARTESIAN_POINT ( 'NONE',  ( -25.15000000000000568, -1.924443097197884756, -7.639297661542800100 ) ) ;
#843 = VERTEX_POINT ( 'NONE', #161 ) ;
#844 = DIRECTION ( 'NONE',  ( 1.000000000000000000, 0.000000000000000000, 0.000000000000000000 ) ) ;
#845 = CIRCLE ( 'NONE', #1138, 35.14258062710084829 ) ;
#846 = VERTEX_POINT ( 'NONE', #1237 ) ;
#847 = AXIS2_PLACEMENT_3D ( 'NONE', #1171, #1553, #1890 ) ;
#848 = FACE_OUTER_BOUND ( 'NONE', #2177, .T. ) ;
#849 = AXIS2_PLACEMENT_3D ( 'NONE', #503, #353, #1760 ) ;
#850 = ORIENTED_EDGE ( 'NONE', *, *, #1875, .F. ) ;
#851 = CARTESIAN_POINT ( 'NONE',  ( 25.14999999999999147, -7.000000000000000000, -4.617262664969562280 ) ) ;
#852 = ORIENTED_EDGE ( 'NONE', *, *, #825, .T. ) ;
#853 = FACE_OUTER_BOUND ( 'NONE', #347, .T. ) ;
#854 = EDGE_CURVE ( 'NONE', #803, #2031, #1897, .T. ) ;
#855 = CARTESIAN_POINT ( 'NONE',  ( -35.15000000000000568, 49.99999999999999289, -39.99999999999999289 ) ) ;
#856 = CARTESIAN_POINT ( 'NONE',  ( -25.15000000000000568, 0.5403236968903123438, -6.898097600401221108 ) ) ;
#857 = EDGE_LOOP ( 'NONE', ( #1390, #69, #787, #450 ) ) ;
#858 = EDGE_CURVE ( 'NONE', #843, #861, #1163, .T. ) ;
#859 = CARTESIAN_POINT ( 'NONE',  ( 25.14999999999999147, 7.000000000000000000, 0.000000000000000000 ) ) ;
#860 = CARTESIAN_POINT ( 'NONE',  ( -26.49406006172834083, 4.405346786058753850, -9.323718421048708294 ) ) ;
#861 = VERTEX_POINT ( 'NONE', #1547 ) ;
#862 = FACE_OUTER_BOUND ( 'NONE', #1595, .T. ) ;
#863 = EDGE_LOOP ( 'NONE', ( #1563, #1813, #240, #2192 ) ) ;
#864 = DIRECTION ( 'NONE',  ( 0.000000000000000000, 1.000000000000000000, 0.000000000000000000 ) ) ;
#865 = DIRECTION ( 'NONE',  ( 0.000000000000000000, 0.000000000000000000, 1.000000000000000000 ) ) ;
#866 = EDGE_CURVE ( 'NONE', #913, #765, #1375, .T. ) ;
#867 = ORIENTED_EDGE ( 'NONE', *, *, #1200, .F. ) ;
#868 = DIRECTION ( 'NONE',  ( -1.000000000000000000, -0.000000000000000000, -0.000000000000000000 ) ) ;
#869 = EDGE_CURVE ( 'NONE', #535, #1865, #1530, .T. ) ;
#870 = ORIENTED_EDGE ( 'NONE', *, *, #1951, .T. ) ;
#871 = CARTESIAN_POINT ( 'NONE',  ( -25.15000000000000568, -5.801753405944160669, -9.339638914908901413 ) ) ;
#872 = ORIENTED_EDGE ( 'NONE', *, *, #1766, .T. ) ;
#873 = CARTESIAN_POINT ( 'NONE',  ( 27.09548974149414491, -3.464100670655844372, -9.304855272043598191 ) ) ;
#874 = DIRECTION ( 'NONE',  ( -1.000000000000000000, 0.000000000000000000, 0.000000000000000000 ) ) ;
#875 = PLANE ( 'NONE',  #1030 ) ;
#876 = AXIS2_PLACEMENT_3D ( 'NONE', #547, #1201, #510 ) ;
#877 = CARTESIAN_POINT ( 'NONE',  ( -25.15000000000000568, -0.5130299725273012035, -6.888839085526761608 ) ) ;
#878 = ORIENTED_EDGE ( 'NONE', *, *, #1886, .F. ) ;
#879 = CIRCLE ( 'NONE', #466, 40.00000000000000000 ) ;
#880 = CARTESIAN_POINT ( 'NONE',  ( 25.14999999999999147, 7.000000000000000000, -5.999999999999991118 ) ) ;
#881 = ORIENTED_EDGE ( 'NONE', *, *, #192, .T. ) ;
#882 = EDGE_CURVE ( 'NONE', #948, #1215, #536, .T. ) ;
#883 = CARTESIAN_POINT ( 'NONE',  ( 35.14999999999999147, 0.000000000000000000, -44.00000000000000000 ) ) ;
#884 = EDGE_LOOP ( 'NONE', ( #349, #1556, #478, #1943 ) ) ;
#885 = DIRECTION ( 'NONE',  ( 0.000000000000000000, 0.000000000000000000, -1.000000000000000000 ) ) ;
#886 = DIRECTION ( 'NONE',  ( -0.002067973954322527980, 0.000000000000000000, -0.9999978617395761660 ) ) ;
#887 = VECTOR ( 'NONE', #1960, 1000.000000000000000 ) ;
#888 = VECTOR ( 'NONE', #874, 1000.000000000000000 ) ;
#889 = CARTESIAN_POINT ( 'NONE',  ( -25.15000000000000568, -5.801753405944160669, -9.339638914908901413 ) ) ;
#890 = CARTESIAN_POINT ( 'NONE',  ( 2.081668171172168513E-14, 149.2313432835825040, -44.00000000000000000 ) ) ;
#891 = FACE_OUTER_BOUND ( 'NONE', #2085, .T. ) ;
#892 = ORIENTED_EDGE ( 'NONE', *, *, #1335, .T. ) ;
#893 = CARTESIAN_POINT ( 'NONE',  ( -27.97384063076929195, -1.511897087251819305E-11, -9.264687178225289088 ) ) ;
#894 = EDGE_CURVE ( 'NONE', #1490, #1649, #1127, .T. ) ;
#895 = DIRECTION ( 'NONE',  ( 0.000000000000000000, -0.000000000000000000, 1.000000000000000000 ) ) ;
#896 = DIRECTION ( 'NONE',  ( 0.000000000000000000, 1.000000000000000000, 0.000000000000000000 ) ) ;
#897 = CYLINDRICAL_SURFACE ( 'NONE', #289, 1.650000000000000133 ) ;
#898 = EDGE_CURVE ( 'NONE', #2197, #91, #715, .T. ) ;
#899 = CARTESIAN_POINT ( 'NONE',  ( 25.14999999999999147, -7.000000000000000000, -43.99999999999999289 ) ) ;
#900 = ORIENTED_EDGE ( 'NONE', *, *, #1938, .T. ) ;
#901 = DIRECTION ( 'NONE',  ( -0.000000000000000000, -0.000000000000000000, 1.000000000000000000 ) ) ;
#902 = ORIENTED_EDGE ( 'NONE', *, *, #1609, .F. ) ;
#903 =( NAMED_UNIT ( * ) SI_UNIT ( $, .STERADIAN. ) SOLID_ANGLE_UNIT ( ) );
#904 = FACE_OUTER_BOUND ( 'NONE', #2036, .T. ) ;
#905 = DIRECTION ( 'NONE',  ( -0.000000000000000000, 1.000000000000000000, -0.000000000000000000 ) ) ;
#906 = EDGE_CURVE ( 'NONE', #1587, #2060, #148, .T. ) ;
#907 = FACE_OUTER_BOUND ( 'NONE', #1712, .T. ) ;
#908 = DIRECTION ( 'NONE',  ( -1.000000000000000000, 0.000000000000000000, 0.000000000000000000 ) ) ;
#909 = VERTEX_POINT ( 'NONE', #307 ) ;
#910 = AXIS2_PLACEMENT_3D ( 'NONE', #458, #1594, #1585 ) ;
#911 = DIRECTION ( 'NONE',  ( -1.000000000000000000, -0.000000000000000000, -0.000000000000000000 ) ) ;
#912 = VECTOR ( 'NONE', #1985, 1000.000000000000000 ) ;
#913 = VERTEX_POINT ( 'NONE', #495 ) ;
#914 = PLANE ( 'NONE',  #2173 ) ;
#915 = FACE_OUTER_BOUND ( 'NONE', #928, .T. ) ;
#916 = ORIENTED_EDGE ( 'NONE', *, *, #993, .T. ) ;
#917 = PLANE ( 'NONE',  #243 ) ;
#918 = AXIS2_PLACEMENT_3D ( 'NONE', #1762, #572, #1066 ) ;
#919 = CIRCLE ( 'NONE', #1439, 186.0813432835824415 ) ;
#920 = ADVANCED_FACE ( 'NONE', ( #2071 ), #2232, .F. ) ;
#921 = CARTESIAN_POINT ( 'NONE',  ( -25.15000000000000568, 35.14258062710081987, -44.00000000000000000 ) ) ;
#922 = DIRECTION ( 'NONE',  ( 0.000000000000000000, 0.000000000000000000, -1.000000000000000000 ) ) ;
#923 = EDGE_LOOP ( 'NONE', ( #1225, #475, #311, #1461, #1834, #328, #1496, #1367, #997, #640, #1486, #1027, #151 ) ) ;
#924 = ADVANCED_FACE ( 'NONE', ( #891, #679 ), #346, .T. ) ;
#925 = DIRECTION ( 'NONE',  ( -1.000000000000000000, 0.000000000000000000, 0.000000000000000000 ) ) ;
#926 = CARTESIAN_POINT ( 'NONE',  ( -34.74335528934891215, 0.000000000000000000, -44.00000000000000000 ) ) ;
#927 = DIRECTION ( 'NONE',  ( 1.000000000000000000, 0.000000000000000000, 0.000000000000000000 ) ) ;
#928 = EDGE_LOOP ( 'NONE', ( #1823, #1473, #2288, #1056, #1905 ) ) ;
#929 = CARTESIAN_POINT ( 'NONE',  ( -35.14999999999999858, 0.000000000000000000, -10.91345476208032572 ) ) ;
#930 = PLANE ( 'NONE',  #516 ) ;
#931 = EDGE_CURVE ( 'NONE', #1865, #558, #333, .T. ) ;
#932 = ORIENTED_EDGE ( 'NONE', *, *, #1693, .T. ) ;
#933 = CARTESIAN_POINT ( 'NONE',  ( 1.650000000000004574, -14.99999999999999645, -84.00099999999999056 ) ) ;
#934 = EDGE_CURVE ( 'NONE', #1346, #1385, #1399, .T. ) ;
#935 = CARTESIAN_POINT ( 'NONE',  ( -21.69999999999998863, -2.241103642439657077E-15, 3.971240789819492800 ) ) ;
#936 = DIRECTION ( 'NONE',  ( 1.000000000000000000, 0.000000000000000000, 0.000000000000000000 ) ) ;
#937 = ORIENTED_EDGE ( 'NONE', *, *, #2272, .T. ) ;
#938 = DIRECTION ( 'NONE',  ( -0.000000000000000000, -0.000000000000000000, 1.000000000000000000 ) ) ;
#939 = SURFACE_SIDE_STYLE ('',( #564 ) ) ;
#940 = VECTOR ( 'NONE', #86, 1000.000000000000000 ) ;
#941 = VERTEX_POINT ( 'NONE', #1267 ) ;
#942 = AXIS2_PLACEMENT_3D ( 'NONE', #718, #65, #1829 ) ;
#943 = FACE_OUTER_BOUND ( 'NONE', #678, .T. ) ;
#944 = LINE ( 'NONE', #933, #578 ) ;
#945 = DIRECTION ( 'NONE',  ( -0.000000000000000000, 0.000000000000000000, -1.000000000000000000 ) ) ;
#946 = EDGE_CURVE ( 'NONE', #1930, #35, #2170, .T. ) ;
#947 = DIRECTION ( 'NONE',  ( 0.000000000000000000, -1.000000000000000000, 0.000000000000000000 ) ) ;
#948 = VERTEX_POINT ( 'NONE', #586 ) ;
#949 = DIRECTION ( 'NONE',  ( 0.000000000000000000, 0.000000000000000000, 1.000000000000000000 ) ) ;
#950 = CIRCLE ( 'NONE', #513, 1.649999999999998579 ) ;
#951 = EDGE_LOOP ( 'NONE', ( #1505, #1918, #1809, #2258, #2005, #1148, #382, #1652, #902, #1569, #1628, #1288 ) ) ;
#952 = VECTOR ( 'NONE', #2279, 1000.000000000000000 ) ;
#953 = CARTESIAN_POINT ( 'NONE',  ( -24.36046411336626605, 3.717966753888036102, -8.911037770949988612 ) ) ;
#954 = AXIS2_PLACEMENT_3D ( 'NONE', #183, #1904, #711 ) ;
#955 = ORIENTED_EDGE ( 'NONE', *, *, #1965, .T. ) ;
#956 = CARTESIAN_POINT ( 'NONE',  ( 20.00000000000000000, 0.000000000000000000, 0.000000000000000000 ) ) ;
#957 = VECTOR ( 'NONE', #1265, 1000.000000000000000 ) ;
#958 = DIRECTION ( 'NONE',  ( -1.000000000000000000, -0.000000000000000000, -0.000000000000000000 ) ) ;
#959 = DIRECTION ( 'NONE',  ( -1.000000000000000000, 0.000000000000000000, 0.000000000000000000 ) ) ;
#960 = DIRECTION ( 'NONE',  ( -0.000000000000000000, -0.000000000000000000, 1.000000000000000000 ) ) ;
#961 = EDGE_CURVE ( 'NONE', #2291, #709, #2108, .T. ) ;
#962 = ORIENTED_EDGE ( 'NONE', *, *, #723, .F. ) ;
#963 = CARTESIAN_POINT ( 'NONE',  ( 35.14999999999999147, 7.000000000000000000, 0.000000000000000000 ) ) ;
#964 = ADVANCED_FACE ( 'NONE', ( #225, #1981, #1631, #1421, #1258 ), #1108, .T. ) ;
#965 = EDGE_LOOP ( 'NONE', ( #674, #95, #73, #1377 ) ) ;
#966 = CARTESIAN_POINT ( 'NONE',  ( 24.33232261263808383, -2.764340655337397923, -6.845595196842355179 ) ) ;
#967 = CARTESIAN_POINT ( 'NONE',  ( -23.64327637471978605, -3.633481821908140841, -6.867465643111218654 ) ) ;
#968 = EDGE_LOOP ( 'NONE', ( #2002, #1727, #1699, #1895 ) ) ;
#969 = AXIS2_PLACEMENT_3D ( 'NONE', #1812, #1247, #384 ) ;
#970 = CARTESIAN_POINT ( 'NONE',  ( 31.80000000000000071, 45.00000000000000000, 4.001000000000011880 ) ) ;
#971 = DIRECTION ( 'NONE',  ( 0.000000000000000000, 0.000000000000000000, -1.000000000000000000 ) ) ;
#972 = CARTESIAN_POINT ( 'NONE',  ( 4.287471184067184615E-15, -14.99999999999999645, -84.00099999999999056 ) ) ;
#973 = ORIENTED_EDGE ( 'NONE', *, *, #1568, .T. ) ;
#974 = CARTESIAN_POINT ( 'NONE',  ( 1.650000000000001021, 15.00000000000000178, 4.000000000000007994 ) ) ;
#975 = ORIENTED_EDGE ( 'NONE', *, *, #219, .F. ) ;
#976 = CYLINDRICAL_SURFACE ( 'NONE', #2297, 1.649999999999995248 ) ;
#977 = EDGE_CURVE ( 'NONE', #1276, #154, #1096, .T. ) ;
#978 = CARTESIAN_POINT ( 'NONE',  ( -25.55568457456820042, -1.572734650470714257, -8.928709734656562702 ) ) ;
#979 = ORIENTED_EDGE ( 'NONE', *, *, #1218, .F. ) ;
#980 = LINE ( 'NONE', #2229, #355 ) ;
#981 = CARTESIAN_POINT ( 'NONE',  ( 5.000000000000002665, -19.99999999999999645, 0.000000000000000000 ) ) ;
#982 = DIRECTION ( 'NONE',  ( 0.000000000000000000, 0.000000000000000000, -1.000000000000000000 ) ) ;
#983 = ORIENTED_EDGE ( 'NONE', *, *, #931, .F. ) ;
#984 = VECTOR ( 'NONE', #2195, 1000.000000000000000 ) ;
#985 = CARTESIAN_POINT ( 'NONE',  ( 30.15000000000001279, -45.00000000000000000, 4.001000000000011880 ) ) ;
#986 = CARTESIAN_POINT ( 'NONE',  ( 24.60566353652475158, -2.284117499196207657, -6.831009447579530658 ) ) ;
#987 = CARTESIAN_POINT ( 'NONE',  ( -25.72727045386107037, -0.7944439402240401904, -8.929546686994548566 ) ) ;
#988 = EDGE_CURVE ( 'NONE', #1091, #1215, #416, .T. ) ;
#989 = VECTOR ( 'NONE', #1903, 1000.000000000000000 ) ;
#990 = ORIENTED_EDGE ( 'NONE', *, *, #712, .F. ) ;
#991 = MANIFOLD_SOLID_BREP ( '•”•i•ªŠ„4[2]', #1065 ) ;
#992 = DIRECTION ( 'NONE',  ( -0.000000000000000000, -1.000000000000000000, -0.000000000000000000 ) ) ;
#993 = EDGE_CURVE ( 'NONE', #1346, #1374, #1079, .T. ) ;
#994 = EDGE_LOOP ( 'NONE', ( #2140, #592, #2270, #1512 ) ) ;
#995 = AXIS2_PLACEMENT_3D ( 'NONE', #562, #2008, #1286 ) ;
#996 = DIRECTION ( 'NONE',  ( -0.000000000000000000, -0.000000000000000000, 1.000000000000000000 ) ) ;
#997 = ORIENTED_EDGE ( 'NONE', *, *, #2164, .T. ) ;
#998 = CYLINDRICAL_SURFACE ( 'NONE', #1613, 1.699999999999986189 ) ;
#999 = PRODUCT_DEFINITION_CONTEXT ( 'detailed design', #728, 'design' ) ;
#1000 = ORIENTED_EDGE ( 'NONE', *, *, #1232, .T. ) ;
#1001 = DIRECTION ( 'NONE',  ( -0.000000000000000000, -0.000000000000000000, 1.000000000000000000 ) ) ;
#1002 = CARTESIAN_POINT ( 'NONE',  ( -25.14222555583963370, -0.3590412233247004536, -6.791384550402614906 ) ) ;
#1003 = EDGE_LOOP ( 'NONE', ( #1915, #1315 ) ) ;
#1004 = ADVANCED_FACE ( 'NONE', ( #1293, #2316, #197, #1995, #218 ), #930, .T. ) ;
#1005 = DIRECTION ( 'NONE',  ( -1.000000000000000000, 0.000000000000000000, 0.000000000000000000 ) ) ;
#1006 = ORIENTED_EDGE ( 'NONE', *, *, #2259, .T. ) ;
#1007 = CARTESIAN_POINT ( 'NONE',  ( -27.97384063076929195, -1.511897087251819305E-11, -9.264687178225289088 ) ) ;
#1008 = FACE_OUTER_BOUND ( 'NONE', #445, .T. ) ;
#1009 = CARTESIAN_POINT ( 'NONE',  ( 25.14999999999999147, -1.238247659966653202, -7.227684242284687421 ) ) ;
#1010 = CARTESIAN_POINT ( 'NONE',  ( 25.55568457456926623, 1.572734650470468454, -8.928709734669160625 ) ) ;
#1011 = FACE_OUTER_BOUND ( 'NONE', #306, .T. ) ;
#1012 = CARTESIAN_POINT ( 'NONE',  ( -25.15000000000000568, -1.697845237341695679, -7.498059545319530450 ) ) ;
#1013 = ORIENTED_EDGE ( 'NONE', *, *, #71, .F. ) ;
#1014 = DIRECTION ( 'NONE',  ( 0.000000000000000000, 0.000000000000000000, 1.000000000000000000 ) ) ;
#1015 = ORIENTED_EDGE ( 'NONE', *, *, #2082, .F. ) ;
#1016 = CARTESIAN_POINT ( 'NONE',  ( 25.14999999999999147, 5.801753405944162445, -9.339638914908899636 ) ) ;
#1017 = EDGE_CURVE ( 'NONE', #1285, #706, #185, .T. ) ;
#1018 = EDGE_LOOP ( 'NONE', ( #2009, #189, #672, #1000 ) ) ;
#1019 = LINE ( 'NONE', #1889, #1324 ) ;
#1020 = CARTESIAN_POINT ( 'NONE',  ( 34.74335528934889794, 33.57775271948985818, -44.00000000000000000 ) ) ;
#1021 = ORIENTED_EDGE ( 'NONE', *, *, #87, .T. ) ;
#1022 = ADVANCED_FACE ( 'NONE', ( #369 ), #1773, .T. ) ;
#1023 = AXIS2_PLACEMENT_3D ( 'NONE', #761, #1464, #248 ) ;
#1024 = DIRECTION ( 'NONE',  ( 0.000000000000000000, 0.000000000000000000, -1.000000000000000000 ) ) ;
#1025 = DIRECTION ( 'NONE',  ( -1.000000000000000000, 0.000000000000000000, -0.000000000000000000 ) ) ;
#1026 = CARTESIAN_POINT ( 'NONE',  ( -25.15000000000000213, -2.607593433851289610, -8.056537905152799439 ) ) ;
#1027 = ORIENTED_EDGE ( 'NONE', *, *, #790, .T. ) ;
#1028 = DIRECTION ( 'NONE',  ( -0.000000000000000000, -0.000000000000000000, 1.000000000000000000 ) ) ;
#1029 = VECTOR ( 'NONE', #1661, 1000.000000000000000 ) ;
#1030 = AXIS2_PLACEMENT_3D ( 'NONE', #654, #1360, #1025 ) ;
#1031 = LINE ( 'NONE', #150, #1429 ) ;
#1032 = VECTOR ( 'NONE', #1024, 1000.000000000000000 ) ;
#1033 = ORIENTED_EDGE ( 'NONE', *, *, #263, .F. ) ;
#1034 = CARTESIAN_POINT ( 'NONE',  ( 27.91022456011161879, -1.104132988706077123, -9.268251902394206709 ) ) ;
#1035 = CARTESIAN_POINT ( 'NONE',  ( 20.00000000000000000, 0.000000000000000000, 4.000000000000007994 ) ) ;
#1036 = ORIENTED_EDGE ( 'NONE', *, *, #276, .T. ) ;
#1037 = AXIS2_PLACEMENT_3D ( 'NONE', #577, #1455, #1272 ) ;
#1038 = CARTESIAN_POINT ( 'NONE',  ( 8.180242321135701305E-16, 15.00000000000000178, 4.000000000000007994 ) ) ;
#1039 = EDGE_CURVE ( 'NONE', #909, #1843, #12, .T. ) ;
#1040 = DIRECTION ( 'NONE',  ( 0.000000000000000000, -0.000000000000000000, 1.000000000000000000 ) ) ;
#1041 = CARTESIAN_POINT ( 'NONE',  ( 25.14999999999999147, 39.79949748426479772, -39.99999999999999289 ) ) ;
#1042 = ORIENTED_EDGE ( 'NONE', *, *, #560, .T. ) ;
#1043 = CARTESIAN_POINT ( 'NONE',  ( 25.15000000000001279, -49.99999999999999289, -39.99999999999999289 ) ) ;
#1044 = CARTESIAN_POINT ( 'NONE',  ( -27.65294709633796444, -2.193778061960376391, -9.281211108871344706 ) ) ;
#1045 = ORIENTED_EDGE ( 'NONE', *, *, #128, .F. ) ;
#1046 = DIRECTION ( 'NONE',  ( 0.000000000000000000, 1.000000000000000000, 0.000000000000000000 ) ) ;
#1047 = UNCERTAINTY_MEASURE_WITH_UNIT (LENGTH_MEASURE( 1.000000000000000082E-05 ), #1961, 'distance_accuracy_value', 'NONE');
#1048 = CARTESIAN_POINT ( 'NONE',  ( -20.00000000000000000, -2.449293598294706119E-15, 4.000000000000009770 ) ) ;
#1049 = VERTEX_POINT ( 'NONE', #444 ) ;
#1050 = LINE ( 'NONE', #131, #701 ) ;
#1051 = CARTESIAN_POINT ( 'NONE',  ( 0.000000000000000000, 0.000000000000000000, -39.99999999999999289 ) ) ;
#1052 = CARTESIAN_POINT ( 'NONE',  ( -25.15000000000000924, 5.801753405944154451, -9.339638914908871214 ) ) ;
#1053 = ORIENTED_EDGE ( 'NONE', *, *, #1805, .T. ) ;
#1054 = ADVANCED_FACE ( 'NONE', ( #596 ), #23, .T. ) ;
#1055 = DIRECTION ( 'NONE',  ( 1.000000000000000000, 0.000000000000000000, 0.000000000000000000 ) ) ;
#1056 = ORIENTED_EDGE ( 'NONE', *, *, #2139, .F. ) ;
#1057 = DIRECTION ( 'NONE',  ( -0.000000000000000000, -1.000000000000000000, -0.000000000000000000 ) ) ;
#1058 = ORIENTED_EDGE ( 'NONE', *, *, #1792, .T. ) ;
#1059 = PLANE ( 'NONE',  #1983 ) ;
#1060 = DIRECTION ( 'NONE',  ( 0.9999978617395761660, 0.000000000000000000, -0.002067973954322527980 ) ) ;
#1061 = FACE_OUTER_BOUND ( 'NONE', #1855, .T. ) ;
#1062 = LINE ( 'NONE', #120, #1952 ) ;
#1063 = AXIS2_PLACEMENT_3D ( 'NONE', #221, #3, #1625 ) ;
#1064 = CARTESIAN_POINT ( 'NONE',  ( -25.15000000000000568, 1.261824963072465833, -7.241029982526495878 ) ) ;
#1065 = CLOSED_SHELL ( 'NONE', ( #1467, #341, #2070, #1857, #1845, #2049, #1636, #111, #1291, #2124, #920, #1835, #1190, #1484, #2035, #486, #1923, #1510, #780, #1263, #1345, #1801, #1606, #233, #625, #2305, #1318, #28, #2161, #1420, #1673, #1068, #2179, #1781, #1147, #964, #1022, #1342, #1004, #721, #2193, #1093, #1872, #1454, #266, #1648, #1054, #1388, #438, #327, #1260, #543, #405, #1445, #583, #2315, #1173, #1777, #738, #1557, #2254, #1177, #924 ) ) ;
#1066 = DIRECTION ( 'NONE',  ( 0.000000000000000000, 0.000000000000000000, 1.000000000000000000 ) ) ;
#1067 = CARTESIAN_POINT ( 'NONE',  ( 35.15000000000000568, 49.99999999999999289, -39.99999999999999289 ) ) ;
#1068 = ADVANCED_FACE ( 'NONE', ( #1397 ), #1542, .T. ) ;
#1069 = ORIENTED_EDGE ( 'NONE', *, *, #977, .T. ) ;
#1070 = CIRCLE ( 'NONE', #1687, 1.650000000000002132 ) ;
#1071 = CARTESIAN_POINT ( 'NONE',  ( -25.36485105303441756, -5.625649848914901163, -9.339876221685376123 ) ) ;
#1072 = EDGE_CURVE ( 'NONE', #2215, #1276, #2255, .T. ) ;
#1073 = EDGE_LOOP ( 'NONE', ( #627, #85, #1655 ) ) ;
#1074 = VECTOR ( 'NONE', #175, 1000.000000000000000 ) ;
#1075 = CARTESIAN_POINT ( 'NONE',  ( 27.71747819406748192, -1.922003169592094940, -9.277963269695320037 ) ) ;
#1076 = DIRECTION ( 'NONE',  ( 0.000000000000000000, 1.000000000000000000, 0.000000000000000000 ) ) ;
#1077 = VECTOR ( 'NONE', #96, 1000.000000000000000 ) ;
#1078 = DIRECTION ( 'NONE',  ( -1.000000000000000000, 0.000000000000000000, 0.000000000000000000 ) ) ;
#1079 = LINE ( 'NONE', #1784, #1584 ) ;
#1080 = VERTEX_POINT ( 'NONE', #342 ) ;
#1081 = LINE ( 'NONE', #559, #762 ) ;
#1082 = VERTEX_POINT ( 'NONE', #1737 ) ;
#1083 = EDGE_CURVE ( 'NONE', #1756, #1660, #1062, .T. ) ;
#1084 = DIRECTION ( 'NONE',  ( 1.000000000000000000, 0.000000000000000000, 0.000000000000000000 ) ) ;
#1085 = DIRECTION ( 'NONE',  ( -1.000000000000000000, 0.000000000000000000, 0.000000000000000000 ) ) ;
#1086 = CARTESIAN_POINT ( 'NONE',  ( -35.14999999999999858, 0.000000000000000000, -44.00000000000000000 ) ) ;
#1087 = FILL_AREA_STYLE_COLOUR ( '', #81 ) ;
#1088 = ORIENTED_EDGE ( 'NONE', *, *, #1886, .T. ) ;
#1089 = AXIS2_PLACEMENT_3D ( 'NONE', #1714, #509, #1592 ) ;
#1090 = LINE ( 'NONE', #435, #984 ) ;
#1091 = VERTEX_POINT ( 'NONE', #1724 ) ;
#1092 = DIRECTION ( 'NONE',  ( 1.000000000000000000, 0.000000000000000000, 0.000000000000000000 ) ) ;
#1093 = ADVANCED_FACE ( 'NONE', ( #665 ), #1221, .F. ) ;
#1094 = ORIENTED_EDGE ( 'NONE', *, *, #1707, .F. ) ;
#1095 = CARTESIAN_POINT ( 'NONE',  ( -20.00000000000000000, -2.449293598294706119E-15, 4.000000000000009770 ) ) ;
#1096 = LINE ( 'NONE', #1950, #1122 ) ;
#1097 = ORIENTED_EDGE ( 'NONE', *, *, #1623, .T. ) ;
#1098 = AXIS2_PLACEMENT_3D ( 'NONE', #1269, #1971, #1452 ) ;
#1099 = DIRECTION ( 'NONE',  ( -0.000000000000000000, -0.000000000000000000, 1.000000000000000000 ) ) ;
#1100 = ORIENTED_EDGE ( 'NONE', *, *, #394, .T. ) ;
#1101 = CARTESIAN_POINT ( 'NONE',  ( -31.80000000000000071, -45.00000000000000000, -39.99999999999999289 ) ) ;
#1102 = VECTOR ( 'NONE', #788, 1000.000000000000000 ) ;
#1103 = VERTEX_POINT ( 'NONE', #703 ) ;
#1104 = DIRECTION ( 'NONE',  ( -0.000000000000000000, -0.000000000000000000, 1.000000000000000000 ) ) ;
#1105 = VECTOR ( 'NONE', #20, 1000.000000000000000 ) ;
#1106 = EDGE_CURVE ( 'NONE', #215, #816, #1410, .T. ) ;
#1107 = CARTESIAN_POINT ( 'NONE',  ( -4.999999999999997335, -19.99999999999999645, -41.23105625617660053 ) ) ;
#1108 = PLANE ( 'NONE',  #969 ) ;
#1109 = ORIENTED_EDGE ( 'NONE', *, *, #794, .T. ) ;
#1110 = CARTESIAN_POINT ( 'NONE',  ( 25.14999999999999147, -7.000000000000000000, -5.999999999999991118 ) ) ;
#1111 = LINE ( 'NONE', #168, #2054 ) ;
#1112 = CARTESIAN_POINT ( 'NONE',  ( -30.14999999999999858, -45.00000000000000000, -43.99999999999999289 ) ) ;
#1113 = VERTEX_POINT ( 'NONE', #855 ) ;
#1114 = CARTESIAN_POINT ( 'NONE',  ( 5.000000000000002665, -19.99999999999999645, 4.000000000000007994 ) ) ;
#1115 = DIRECTION ( 'NONE',  ( -0.000000000000000000, -0.000000000000000000, 1.000000000000000000 ) ) ;
#1116 = DIRECTION ( 'NONE',  ( 0.000000000000000000, 0.000000000000000000, -1.000000000000000000 ) ) ;
#1117 = EDGE_CURVE ( 'NONE', #274, #2119, #354, .T. ) ;
#1118 = VERTEX_POINT ( 'NONE', #2268 ) ;
#1119 = CARTESIAN_POINT ( 'NONE',  ( 23.35908442471596658, 3.878095011621788046, -6.867056128338507648 ) ) ;
#1120 = LINE ( 'NONE', #229, #1169 ) ;
#1121 = PLANE ( 'NONE',  #437 ) ;
#1122 = VECTOR ( 'NONE', #208, 1000.000000000000000 ) ;
#1123 = ORIENTED_EDGE ( 'NONE', *, *, #898, .F. ) ;
#1124 = DIRECTION ( 'NONE',  ( 0.000000000000000000, -1.000000000000000000, 0.000000000000000000 ) ) ;
#1125 = ORIENTED_EDGE ( 'NONE', *, *, #946, .F. ) ;
#1126 = CARTESIAN_POINT ( 'NONE',  ( -24.74078005404947334, 3.220951268039396798, -8.918903898584529699 ) ) ;
#1127 = CIRCLE ( 'NONE', #1713, 1.649999999999998579 ) ;
#1128 = ORIENTED_EDGE ( 'NONE', *, *, #1134, .T. ) ;
#1129 = CARTESIAN_POINT ( 'NONE',  ( 24.98717344443827670, -1.260341353016718235, -6.804345428598160161 ) ) ;
#1130 = EDGE_CURVE ( 'NONE', #142, #1593, #107, .T. ) ;
#1131 = CARTESIAN_POINT ( 'NONE',  ( 34.64999999999998437, 0.000000000000000000, -44.00000000000000000 ) ) ;
#1132 = CIRCLE ( 'NONE', #2200, 39.99999999999999289 ) ;
#1133 = CARTESIAN_POINT ( 'NONE',  ( -35.15000000000000568, 0.000000000000000000, -44.00000000000000000 ) ) ;
#1134 = EDGE_CURVE ( 'NONE', #2215, #615, #1565, .T. ) ;
#1135 = CARTESIAN_POINT ( 'NONE',  ( -1.649999999999995914, -14.99999999999999645, -84.00099999999999056 ) ) ;
#1136 = ORIENTED_EDGE ( 'NONE', *, *, #59, .T. ) ;
#1137 = LINE ( 'NONE', #2222, #1949 ) ;
#1138 = AXIS2_PLACEMENT_3D ( 'NONE', #1685, #1157, #273 ) ;
#1139 = DIRECTION ( 'NONE',  ( -1.000000000000000000, 0.000000000000000000, 0.000000000000000000 ) ) ;
#1140 = CIRCLE ( 'NONE', #2295, 1.699999999999986189 ) ;
#1141 = CARTESIAN_POINT ( 'NONE',  ( -25.95087329707578050, -5.079191875300100634, -9.335480307355666696 ) ) ;
#1142 = VECTOR ( 'NONE', #1299, 1000.000000000000000 ) ;
#1143 = ORIENTED_EDGE ( 'NONE', *, *, #898, .T. ) ;
#1144 = CARTESIAN_POINT ( 'NONE',  ( 24.82358199124140086, -1.783088715158904769, -6.816686206181377550 ) ) ;
#1145 = LINE ( 'NONE', #1164, #756 ) ;
#1146 = CARTESIAN_POINT ( 'NONE',  ( 27.90769631216366520, 1.116884880096323807, -9.268382754776187227 ) ) ;
#1147 = ADVANCED_FACE ( 'NONE', ( #841 ), #2067, .T. ) ;
#1148 = ORIENTED_EDGE ( 'NONE', *, *, #25, .T. ) ;
#1149 = CARTESIAN_POINT ( 'NONE',  ( -30.15000000000000568, 45.00000000000000000, -39.99999999999999289 ) ) ;
#1150 = EDGE_LOOP ( 'NONE', ( #212, #682, #339, #2296 ) ) ;
#1151 = CARTESIAN_POINT ( 'NONE',  ( 26.64925305697133595, -4.190283481848787517, -9.319499246245486646 ) ) ;
#1152 = CARTESIAN_POINT ( 'NONE',  ( -25.41459992799038403, 1.957267921732097404, -8.927694158761880772 ) ) ;
#1153 = ORIENTED_EDGE ( 'NONE', *, *, #1117, .T. ) ;
#1154 = DIRECTION ( 'NONE',  ( 0.000000000000000000, 0.000000000000000000, -1.000000000000000000 ) ) ;
#1155 = DIRECTION ( 'NONE',  ( 0.000000000000000000, -1.000000000000000000, 0.000000000000000000 ) ) ;
#1156 = EDGE_LOOP ( 'NONE', ( #814, #2088 ) ) ;
#1157 = DIRECTION ( 'NONE',  ( 1.000000000000000000, -0.000000000000000000, -0.000000000000000000 ) ) ;
#1158 = EDGE_CURVE ( 'NONE', #1103, #1312, #492, .T. ) ;
#1159 = EDGE_LOOP ( 'NONE', ( #1451, #254 ) ) ;
#1160 = FACE_OUTER_BOUND ( 'NONE', #1764, .T. ) ;
#1161 = CARTESIAN_POINT ( 'NONE',  ( -24.75702580565284805, 1.952381659029175820, -6.821358568163820912 ) ) ;
#1162 = ORIENTED_EDGE ( 'NONE', *, *, #295, .T. ) ;
#1163 = CIRCLE ( 'NONE', #2238, 1.699999999999989742 ) ;
#1164 = CARTESIAN_POINT ( 'NONE',  ( 25.14999999999999147, -7.000000000000000000, 0.000000000000000000 ) ) ;
#1165 = ORIENTED_EDGE ( 'NONE', *, *, #251, .T. ) ;
#1166 = CARTESIAN_POINT ( 'NONE',  ( -35.15000000000000568, 7.000000000000000000, -5.999999999999977796 ) ) ;
#1167 = CIRCLE ( 'NONE', #201, 1.699999999999986189 ) ;
#1168 = VERTEX_POINT ( 'NONE', #520 ) ;
#1169 = VECTOR ( 'NONE', #740, 1000.000000000000000 ) ;
#1170 = FACE_OUTER_BOUND ( 'NONE', #601, .T. ) ;
#1171 = CARTESIAN_POINT ( 'NONE',  ( -30.14999999999999858, -45.00000000000000000, 4.001000000000011880 ) ) ;
#1172 = VERTEX_POINT ( 'NONE', #144 ) ;
#1173 = ADVANCED_FACE ( 'NONE', ( #1924, #1011 ), #829, .F. ) ;
#1174 = CARTESIAN_POINT ( 'NONE',  ( -4.999999999999997335, 20.00000000000000355, 0.000000000000000000 ) ) ;
#1175 = CARTESIAN_POINT ( 'NONE',  ( -24.34157919796102831, -2.768234512364109889, -6.846153067787300373 ) ) ;
#1176 = VERTEX_POINT ( 'NONE', #1196 ) ;
#1177 = ADVANCED_FACE ( 'NONE', ( #1384, #1893 ), #875, .T. ) ;
#1178 = CIRCLE ( 'NONE', #174, 39.99999999999999289 ) ;
#1179 = DIRECTION ( 'NONE',  ( 0.000000000000000000, 1.000000000000000000, 0.000000000000000000 ) ) ;
#1180 = AXIS2_PLACEMENT_3D ( 'NONE', #202, #1480, #936 ) ;
#1181 = FACE_OUTER_BOUND ( 'NONE', #2028, .T. ) ;
#1182 = ORIENTED_EDGE ( 'NONE', *, *, #1130, .T. ) ;
#1183 = CARTESIAN_POINT ( 'NONE',  ( -34.64999999999999858, -33.08654523791967250, -44.00000000000000000 ) ) ;
#1184 = DIRECTION ( 'NONE',  ( -1.000000000000000000, 0.000000000000000000, 0.000000000000000000 ) ) ;
#1185 = CARTESIAN_POINT ( 'NONE',  ( 25.14999999999999147, -0.5130299725270909272, -6.888839085526656802 ) ) ;
#1186 = CARTESIAN_POINT ( 'NONE',  ( 25.41459992798996836, -1.957267921732376514, -8.927694158758312071 ) ) ;
#1187 = CARTESIAN_POINT ( 'NONE',  ( -21.72500000000000142, -2.238042025441787357E-15, 4.000000000000009770 ) ) ;
#1188 = ORIENTED_EDGE ( 'NONE', *, *, #2152, .T. ) ;
#1189 = CARTESIAN_POINT ( 'NONE',  ( -4.999999999999997335, -6.999999999999999112, 0.000000000000000000 ) ) ;
#1190 = ADVANCED_FACE ( 'NONE', ( #481 ), #621, .F. ) ;
#1191 = CARTESIAN_POINT ( 'NONE',  ( -25.14999999999999858, -36.00000000000000000, -39.99999999999999289 ) ) ;
#1192 = VERTEX_POINT ( 'NONE', #2125 ) ;
#1193 = CARTESIAN_POINT ( 'NONE',  ( -35.14999999999998437, 33.08654523791967250, -44.00000000000000000 ) ) ;
#1194 = CARTESIAN_POINT ( 'NONE',  ( -28.50000000000000711, 45.00000000000000000, 4.001000000000011880 ) ) ;
#1195 = CARTESIAN_POINT ( 'NONE',  ( 25.10303859559847339, 0.7262850405545917543, -6.794919952691869547 ) ) ;
#1196 = CARTESIAN_POINT ( 'NONE',  ( -31.80000000000000071, -45.00000000000000000, -43.99999999999999289 ) ) ;
#1197 = CARTESIAN_POINT ( 'NONE',  ( -25.15000000000001279, 2.395132426786407365, -7.935231842869590935 ) ) ;
#1198 = ORIENTED_EDGE ( 'NONE', *, *, #790, .F. ) ;
#1199 = DIRECTION ( 'NONE',  ( -0.000000000000000000, 1.000000000000000000, 0.000000000000000000 ) ) ;
#1200 = EDGE_CURVE ( 'NONE', #1249, #830, #194, .T. ) ;
#1201 = DIRECTION ( 'NONE',  ( 0.000000000000000000, 0.000000000000000000, 1.000000000000000000 ) ) ;
#1202 = EDGE_LOOP ( 'NONE', ( #370, #1153, #2280, #1953 ) ) ;
#1203 = EDGE_CURVE ( 'NONE', #941, #821, #172, .T. ) ;
#1204 = CARTESIAN_POINT ( 'NONE',  ( -35.15000000000000568, 36.00000000000000000, -39.99999999999999289 ) ) ;
#1205 = DIRECTION ( 'NONE',  ( 0.000000000000000000, 0.000000000000000000, -1.000000000000000000 ) ) ;
#1206 = ORIENTED_EDGE ( 'NONE', *, *, #747, .F. ) ;
#1207 = AXIS2_PLACEMENT_3D ( 'NONE', #88, #1807, #1340 ) ;
#1208 = DIRECTION ( 'NONE',  ( -1.000000000000000000, 0.000000000000000000, 0.000000000000000000 ) ) ;
#1209 = CARTESIAN_POINT ( 'NONE',  ( -25.15000000000000568, -39.79949748426479772, -39.99999999999999289 ) ) ;
#1210 = ORIENTED_EDGE ( 'NONE', *, *, #511, .F. ) ;
#1211 = DIRECTION ( 'NONE',  ( -1.000000000000000000, -0.000000000000000000, -0.000000000000000000 ) ) ;
#1212 = CIRCLE ( 'NONE', #1250, 40.00000000000000000 ) ;
#1213 = CARTESIAN_POINT ( 'NONE',  ( -27.97384063076929195, -1.511897087251819305E-11, -9.264687178225289088 ) ) ;
#1214 = CIRCLE ( 'NONE', #2141, 1.649999999999998579 ) ;
#1215 = VERTEX_POINT ( 'NONE', #921 ) ;
#1216 = CARTESIAN_POINT ( 'NONE',  ( 2.081668171172168513E-14, -149.2313432835825040, -44.00000000000000000 ) ) ;
#1217 = DIRECTION ( 'NONE',  ( 1.000000000000000000, 0.000000000000000000, 0.000000000000000000 ) ) ;
#1218 = EDGE_CURVE ( 'NONE', #1532, #1990, #2136, .T. ) ;
#1219 = ORIENTED_EDGE ( 'NONE', *, *, #181, .T. ) ;
#1220 = DIRECTION ( 'NONE',  ( -1.000000000000000000, 0.000000000000000000, 0.000000000000000000 ) ) ;
#1221 = CYLINDRICAL_SURFACE ( 'NONE', #326, 1.699999999999986189 ) ;
#1222 = DIRECTION ( 'NONE',  ( 0.000000000000000000, 0.000000000000000000, -1.000000000000000000 ) ) ;
#1223 = VERTEX_POINT ( 'NONE', #1802 ) ;
#1224 = DIRECTION ( 'NONE',  ( -1.000000000000000000, 0.000000000000000000, 0.000000000000000000 ) ) ;
#1225 = ORIENTED_EDGE ( 'NONE', *, *, #697, .T. ) ;
#1226 = CARTESIAN_POINT ( 'NONE',  ( 28.50000000000000711, 45.00000000000000000, -39.99999999999999289 ) ) ;
#1227 = ORIENTED_EDGE ( 'NONE', *, *, #1678, .T. ) ;
#1228 = CARTESIAN_POINT ( 'NONE',  ( 27.44880575131705314, -2.713302891160700447, -9.290506271523096160 ) ) ;
#1229 = CARTESIAN_POINT ( 'NONE',  ( -4.999999999999997335, -19.99999999999999645, -41.23105625617660053 ) ) ;
#1230 = ORIENTED_EDGE ( 'NONE', *, *, #723, .T. ) ;
#1231 = FACE_BOUND ( 'NONE', #1159, .T. ) ;
#1232 = EDGE_CURVE ( 'NONE', #2230, #1587, #217, .T. ) ;
#1233 = CARTESIAN_POINT ( 'NONE',  ( -25.53882417296743768, -5.490034005318486621, -9.340595614963822513 ) ) ;
#1234 = LINE ( 'NONE', #145, #2284 ) ;
#1235 = VERTEX_POINT ( 'NONE', #555 ) ;
#1236 = EDGE_CURVE ( 'NONE', #824, #1532, #1630, .T. ) ;
#1237 = CARTESIAN_POINT ( 'NONE',  ( -21.72500000000000142, -2.238042025441787357E-15, 4.000000000000009770 ) ) ;
#1238 = ORIENTED_EDGE ( 'NONE', *, *, #449, .F. ) ;
#1239 = CARTESIAN_POINT ( 'NONE',  ( 34.74335528934889794, 0.000000000000000000, -44.00000000000000000 ) ) ;
#1240 = ORIENTED_EDGE ( 'NONE', *, *, #1306, .T. ) ;
#1241 = CARTESIAN_POINT ( 'NONE',  ( 25.14999999999999147, -39.79949748426479772, -39.99999999999999289 ) ) ;
#1242 = CARTESIAN_POINT ( 'NONE',  ( -1.649999999999995914, -14.99999999999999645, 0.000000000000000000 ) ) ;
#1243 = CIRCLE ( 'NONE', #423, 39.99999999999999289 ) ;
#1244 = CARTESIAN_POINT ( 'NONE',  ( 35.14999999999999147, -7.000000000000000000, -4.617262664969562280 ) ) ;
#1245 = VECTOR ( 'NONE', #2044, 1000.000000000000000 ) ;
#1246 = VECTOR ( 'NONE', #741, 1000.000000000000000 ) ;
#1247 = DIRECTION ( 'NONE',  ( 0.000000000000000000, 0.000000000000000000, -1.000000000000000000 ) ) ;
#1248 = EDGE_CURVE ( 'NONE', #1940, #2189, #90, .T. ) ;
#1249 = VERTEX_POINT ( 'NONE', #736 ) ;
#1250 = AXIS2_PLACEMENT_3D ( 'NONE', #8, #1782, #204 ) ;
#1251 = DIRECTION ( 'NONE',  ( -1.000000000000000000, 0.000000000000000000, 0.000000000000000000 ) ) ;
#1252 = ORIENTED_EDGE ( 'NONE', *, *, #1134, .F. ) ;
#1253 = VECTOR ( 'NONE', #1116, 1000.000000000000000 ) ;
#1254 = DIRECTION ( 'NONE',  ( 0.000000000000000000, 0.000000000000000000, 1.000000000000000000 ) ) ;
#1255 = AXIS2_PLACEMENT_3D ( 'NONE', #742, #464, #1347 ) ;
#1256 = AXIS2_PLACEMENT_3D ( 'NONE', #1735, #686, #1396 ) ;
#1257 = DIRECTION ( 'NONE',  ( -1.000000000000000000, -0.000000000000000000, -0.000000000000000000 ) ) ;
#1258 = FACE_BOUND ( 'NONE', #1394, .T. ) ;
#1259 = ORIENTED_EDGE ( 'NONE', *, *, #2052, .F. ) ;
#1260 = ADVANCED_FACE ( 'NONE', ( #907 ), #196, .T. ) ;
#1261 = DIRECTION ( 'NONE',  ( 0.000000000000000000, -1.000000000000000000, -0.000000000000000000 ) ) ;
#1262 = VERTEX_POINT ( 'NONE', #1266 ) ;
#1263 = ADVANCED_FACE ( 'NONE', ( #1968 ), #1402, .F. ) ;
#1264 = FACE_OUTER_BOUND ( 'NONE', #863, .T. ) ;
#1265 = DIRECTION ( 'NONE',  ( 0.6560590289907830552, 0.000000000000000000, 0.7547095802225323169 ) ) ;
#1266 = CARTESIAN_POINT ( 'NONE',  ( 18.30000000000001492, 2.081899558550483516E-16, 0.000000000000000000 ) ) ;
#1267 = CARTESIAN_POINT ( 'NONE',  ( -25.15000000000000568, -35.14258062710081987, -44.00000000000000000 ) ) ;
#1268 = ORIENTED_EDGE ( 'NONE', *, *, #1495, .F. ) ;
#1269 = CARTESIAN_POINT ( 'NONE',  ( 8.180242321135701305E-16, 15.00000000000000178, -84.00099999999999056 ) ) ;
#1270 = EDGE_CURVE ( 'NONE', #1804, #941, #397, .T. ) ;
#1271 = CARTESIAN_POINT ( 'NONE',  ( -35.15000000000000568, -7.000000000000000000, -4.617262664969562280 ) ) ;
#1272 = DIRECTION ( 'NONE',  ( 1.000000000000000000, 0.000000000000000000, 0.000000000000000000 ) ) ;
#1273 = DIRECTION ( 'NONE',  ( -0.000000000000000000, -0.000000000000000000, -1.000000000000000000 ) ) ;
#1274 = PRODUCT_DEFINITION_SHAPE ( 'NONE', 'NONE',  #1842 ) ;
#1275 = EDGE_CURVE ( 'NONE', #2165, #2212, #552, .T. ) ;
#1276 = VERTEX_POINT ( 'NONE', #1698 ) ;
#1277 = LINE ( 'NONE', #766, #1908 ) ;
#1278 = CIRCLE ( 'NONE', #1350, 0.4999999999999796274 ) ;
#1279 = CARTESIAN_POINT ( 'NONE',  ( 2.081668171172168513E-14, 0.000000000000000000, -44.00000000000000000 ) ) ;
#1280 = DIRECTION ( 'NONE',  ( 0.000000000000000000, 0.000000000000000000, 1.000000000000000000 ) ) ;
#1281 = AXIS2_PLACEMENT_3D ( 'NONE', #972, #996, #1669 ) ;
#1282 = ORIENTED_EDGE ( 'NONE', *, *, #529, .F. ) ;
#1283 = AXIS2_PLACEMENT_3D ( 'NONE', #633, #1351, #1828 ) ;
#1284 = DIRECTION ( 'NONE',  ( 0.000000000000000000, 0.000000000000000000, -1.000000000000000000 ) ) ;
#1285 = VERTEX_POINT ( 'NONE', #1686 ) ;
#1286 = DIRECTION ( 'NONE',  ( 0.000000000000000000, 0.000000000000000000, -1.000000000000000000 ) ) ;
#1287 = AXIS2_PLACEMENT_3D ( 'NONE', #815, #1323, #451 ) ;
#1288 = ORIENTED_EDGE ( 'NONE', *, *, #1720, .F. ) ;
#1289 = DIRECTION ( 'NONE',  ( 1.000000000000000000, 0.000000000000000000, 0.000000000000000000 ) ) ;
#1290 = CIRCLE ( 'NONE', #1437, 35.14258062710084829 ) ;
#1291 = ADVANCED_FACE ( 'NONE', ( #663 ), #2235, .F. ) ;
#1292 = CIRCLE ( 'NONE', #1586, 1.699999999999986189 ) ;
#1293 = FACE_BOUND ( 'NONE', #778, .T. ) ;
#1294 = ORIENTED_EDGE ( 'NONE', *, *, #409, .F. ) ;
#1295 = CARTESIAN_POINT ( 'NONE',  ( 21.72500000000000142, 0.000000000000000000, 4.000000000000009770 ) ) ;
#1296 = DIRECTION ( 'NONE',  ( -1.000000000000000000, 0.000000000000000000, 0.000000000000000000 ) ) ;
#1297 = LINE ( 'NONE', #1682, #1945 ) ;
#1298 =( NAMED_UNIT ( * ) PLANE_ANGLE_UNIT ( ) SI_UNIT ( $, .RADIAN. ) );
#1299 = DIRECTION ( 'NONE',  ( 0.000000000000000000, 0.000000000000000000, -1.000000000000000000 ) ) ;
#1300 = ORIENTED_EDGE ( 'NONE', *, *, #309, .T. ) ;
#1301 = CARTESIAN_POINT ( 'NONE',  ( 35.15000000000000568, -36.00000000000000000, -39.99999999999999289 ) ) ;
#1302 = VERTEX_POINT ( 'NONE', #2265 ) ;
#1303 = EDGE_CURVE ( 'NONE', #2277, #1746, #313, .T. ) ;
#1304 = CARTESIAN_POINT ( 'NONE',  ( -25.77026520415516941, 0.3988548966755627867, -8.929645380526944010 ) ) ;
#1305 = EDGE_LOOP ( 'NONE', ( #1526, #2233, #2266, #1330, #1883 ) ) ;
#1306 = EDGE_CURVE ( 'NONE', #223, #1235, #1986, .T. ) ;
#1307 = CARTESIAN_POINT ( 'NONE',  ( 24.34157919796082226, 2.768234512364200928, -6.846153067787374091 ) ) ;
#1308 = CARTESIAN_POINT ( 'NONE',  ( 20.00000000000000000, 0.000000000000000000, 0.000000000000000000 ) ) ;
#1309 = FACE_BOUND ( 'NONE', #1003, .T. ) ;
#1310 = ORIENTED_EDGE ( 'NONE', *, *, #1583, .T. ) ;
#1311 = CARTESIAN_POINT ( 'NONE',  ( -35.15000000000000568, 0.000000000000000000, -44.00000000000000000 ) ) ;
#1312 = VERTEX_POINT ( 'NONE', #406 ) ;
#1313 = CARTESIAN_POINT ( 'NONE',  ( 25.14999999999999147, -1.924443097197741537, -7.639297661542544304 ) ) ;
#1314 = CARTESIAN_POINT ( 'NONE',  ( -27.65602569451321457, -2.184073356957884293, -9.281061732250984520 ) ) ;
#1315 = ORIENTED_EDGE ( 'NONE', *, *, #1634, .T. ) ;
#1316 = CARTESIAN_POINT ( 'NONE',  ( 27.46877427895779888, 2.706992524766830943, -9.290148808280930481 ) ) ;
#1317 = DIRECTION ( 'NONE',  ( 0.000000000000000000, 0.000000000000000000, -1.000000000000000000 ) ) ;
#1318 = ADVANCED_FACE ( 'NONE', ( #490 ), #1356, .F. ) ;
#1319 = VECTOR ( 'NONE', #331, 1000.000000000000000 ) ;
#1320 = DIRECTION ( 'NONE',  ( 0.000000000000000000, 0.000000000000000000, 1.000000000000000000 ) ) ;
#1321 = CARTESIAN_POINT ( 'NONE',  ( 35.17067978376198312, 7.000000000000000000, 4.000000000000008882 ) ) ;
#1322 = VERTEX_POINT ( 'NONE', #1020 ) ;
#1323 = DIRECTION ( 'NONE',  ( -1.000000000000000000, -0.000000000000000000, -0.000000000000000000 ) ) ;
#1324 = VECTOR ( 'NONE', #324, 1000.000000000000000 ) ;
#1325 = EDGE_LOOP ( 'NONE', ( #32, #537, #526, #352, #1349, #484 ) ) ;
#1326 = CARTESIAN_POINT ( 'NONE',  ( 24.85904820511538205, -3.047339296155284316, -8.920941628421784841 ) ) ;
#1327 = VECTOR ( 'NONE', #157, 1000.000000000000000 ) ;
#1328 = CARTESIAN_POINT ( 'NONE',  ( -24.82358199124152875, 1.783088715158747339, -6.816686206185430308 ) ) ;
#1329 = AXIS2_PLACEMENT_3D ( 'NONE', #2144, #1627, #380 ) ;
#1330 = ORIENTED_EDGE ( 'NONE', *, *, #1525, .F. ) ;
#1331 = DIRECTION ( 'NONE',  ( 0.000000000000000000, 0.000000000000000000, 1.000000000000000000 ) ) ;
#1332 = EDGE_CURVE ( 'NONE', #142, #308, #1140, .T. ) ;
#1333 = LINE ( 'NONE', #1341, #1245 ) ;
#1334 = ORIENTED_EDGE ( 'NONE', *, *, #680, .T. ) ;
#1335 = EDGE_CURVE ( 'NONE', #1082, #2212, #1290, .T. ) ;
#1336 = DIRECTION ( 'NONE',  ( 1.000000000000000000, 0.000000000000000000, 0.000000000000000000 ) ) ;
#1337 = CARTESIAN_POINT ( 'NONE',  ( -24.93857602713427823, 1.437488994512281737, -6.808186725522801019 ) ) ;
#1338 = ORIENTED_EDGE ( 'NONE', *, *, #858, .T. ) ;
#1339 = CARTESIAN_POINT ( 'NONE',  ( -4.999999999999997335, 20.00000000000000355, 0.000000000000000000 ) ) ;
#1340 = DIRECTION ( 'NONE',  ( -1.000000000000000000, 0.000000000000000000, 0.000000000000000000 ) ) ;
#1341 = CARTESIAN_POINT ( 'NONE',  ( 25.14999999999999147, -7.000000000000000000, -4.617262664969562280 ) ) ;
#1342 = ADVANCED_FACE ( 'NONE', ( #1008 ), #115, .T. ) ;
#1343 = ORIENTED_EDGE ( 'NONE', *, *, #529, .T. ) ;
#1344 = FACE_OUTER_BOUND ( 'NONE', #1962, .T. ) ;
#1345 = ADVANCED_FACE ( 'NONE', ( #515 ), #474, .F. ) ;
#1346 = VERTEX_POINT ( 'NONE', #1381 ) ;
#1347 = DIRECTION ( 'NONE',  ( 0.000000000000000000, -0.000000000000000000, 1.000000000000000000 ) ) ;
#1348 = CARTESIAN_POINT ( 'NONE',  ( -25.77069790581151310, -0.3928580655221469153, -8.929646750064840433 ) ) ;
#1349 = ORIENTED_EDGE ( 'NONE', *, *, #281, .T. ) ;
#1350 = AXIS2_PLACEMENT_3D ( 'NONE', #259, #1511, #2057 ) ;
#1351 = DIRECTION ( 'NONE',  ( -0.000000000000000000, -0.000000000000000000, 1.000000000000000000 ) ) ;
#1352 = DIRECTION ( 'NONE',  ( 1.000000000000000000, 0.000000000000000000, 0.000000000000000000 ) ) ;
#1353 = CIRCLE ( 'NONE', #910, 40.00000000000000000 ) ;
#1354 = ORIENTED_EDGE ( 'NONE', *, *, #1816, .T. ) ;
#1355 = CARTESIAN_POINT ( 'NONE',  ( 25.14999999999999147, -7.000000000000000000, -43.99999999999999289 ) ) ;
#1356 = CYLINDRICAL_SURFACE ( 'NONE', #129, 1.649999999999998579 ) ;
#1357 = VERTEX_POINT ( 'NONE', #1242 ) ;
#1358 = CARTESIAN_POINT ( 'NONE',  ( 24.36546262987665301, 3.712138075272664928, -8.911156337432695196 ) ) ;
#1359 = EDGE_CURVE ( 'NONE', #425, #1346, #1178, .T. ) ;
#1360 = DIRECTION ( 'NONE',  ( 0.000000000000000000, 0.000000000000000000, -1.000000000000000000 ) ) ;
#1361 = CARTESIAN_POINT ( 'NONE',  ( -25.15000000000000924, 4.770222862922301132, -9.098954287075256886 ) ) ;
#1362 = AXIS2_PLACEMENT_3D ( 'NONE', #1920, #2111, #1205 ) ;
#1363 = ORIENTED_EDGE ( 'NONE', *, *, #465, .F. ) ;
#1364 = CARTESIAN_POINT ( 'NONE',  ( -35.14999999999999858, 0.000000000000000000, -44.00000000000000000 ) ) ;
#1365 = TOROIDAL_SURFACE ( 'NONE', #1956, -149.2313432835825040, 186.0813432835824415 ) ;
#1366 = DIRECTION ( 'NONE',  ( -0.000000000000000000, -0.000000000000000000, 1.000000000000000000 ) ) ;
#1367 = ORIENTED_EDGE ( 'NONE', *, *, #449, .T. ) ;
#1368 = CARTESIAN_POINT ( 'NONE',  ( 25.97142790520279476, -5.055986531407094198, -9.335122066512850481 ) ) ;
#1369 = EDGE_LOOP ( 'NONE', ( #379, #257, #2220, #1097, #892, #1354, #1560, #973, #570, #1446, #1970, #1928, #783, #2103 ) ) ;
#1370 = CARTESIAN_POINT ( 'NONE',  ( 25.08608067732812685, 5.853612314266071870, -9.339528269769321156 ) ) ;
#1371 = CARTESIAN_POINT ( 'NONE',  ( -20.00000000000000000, -2.449293598294706119E-15, 4.000000000000007994 ) ) ;
#1372 = CARTESIAN_POINT ( 'NONE',  ( -25.15000000000000924, -4.723468647740108217, -9.159146211641019164 ) ) ;
#1373 = EDGE_CURVE ( 'NONE', #846, #1926, #1471, .T. ) ;
#1374 = VERTEX_POINT ( 'NONE', #528 ) ;
#1375 = LINE ( 'NONE', #2298, #231 ) ;
#1376 = EDGE_CURVE ( 'NONE', #2031, #1532, #719, .T. ) ;
#1377 = ORIENTED_EDGE ( 'NONE', *, *, #2190, .F. ) ;
#1378 = CARTESIAN_POINT ( 'NONE',  ( -27.44880575131704603, 2.713302891160692454, -9.290506271523097936 ) ) ;
#1379 = EDGE_LOOP ( 'NONE', ( #716, #1548, #2055, #603 ) ) ;
#1380 = CARTESIAN_POINT ( 'NONE',  ( 26.49406006172832662, -4.405346786058772501, -9.323718421048711846 ) ) ;
#1381 = CARTESIAN_POINT ( 'NONE',  ( 25.14999999999999147, 7.000000000000000000, -4.617262664969562280 ) ) ;
#1382 = ORIENTED_EDGE ( 'NONE', *, *, #452, .T. ) ;
#1383 = CARTESIAN_POINT ( 'NONE',  ( -4.999999999999997335, 20.00000000000000355, -41.23105625617660053 ) ) ;
#1384 = FACE_OUTER_BOUND ( 'NONE', #2075, .T. ) ;
#1385 = VERTEX_POINT ( 'NONE', #1590 ) ;
#1386 = CARTESIAN_POINT ( 'NONE',  ( 5.000000000000002665, -19.99999999999999645, 0.000000000000000000 ) ) ;
#1387 = ORIENTED_EDGE ( 'NONE', *, *, #358, .T. ) ;
#1388 = ADVANCED_FACE ( 'NONE', ( #7 ), #1947, .T. ) ;
#1389 = CARTESIAN_POINT ( 'NONE',  ( 35.15000000000000568, 36.00000000000000000, -39.99999999999999289 ) ) ;
#1390 = ORIENTED_EDGE ( 'NONE', *, *, #2152, .F. ) ;
#1391 = DIRECTION ( 'NONE',  ( 0.000000000000000000, -1.000000000000000000, 0.000000000000000000 ) ) ;
#1392 = VECTOR ( 'NONE', #310, 999.9999999999998863 ) ;
#1393 = DIRECTION ( 'NONE',  ( 1.000000000000000000, 0.000000000000000000, 0.000000000000000000 ) ) ;
#1394 = EDGE_LOOP ( 'NONE', ( #1663, #268 ) ) ;
#1395 = CIRCLE ( 'NONE', #82, 1.725000000000000755 ) ;
#1396 = DIRECTION ( 'NONE',  ( 1.000000000000000000, 0.000000000000000000, 0.000000000000000000 ) ) ;
#1397 = FACE_OUTER_BOUND ( 'NONE', #994, .T. ) ;
#1398 = ORIENTED_EDGE ( 'NONE', *, *, #1275, .T. ) ;
#1399 = LINE ( 'NONE', #880, #1917 ) ;
#1400 = AXIS2_PLACEMENT_3D ( 'NONE', #1183, #649, #836 ) ;
#1401 = ORIENTED_EDGE ( 'NONE', *, *, #825, .F. ) ;
#1402 = TOROIDAL_SURFACE ( 'NONE', #1911, -149.2313432835825040, 186.0813432835824415 ) ;
#1403 = CARTESIAN_POINT ( 'NONE',  ( -27.63722461855363477, 2.191137483383260420, -9.281889845985963561 ) ) ;
#1404 = AXIS2_PLACEMENT_3D ( 'NONE', #1788, #960, #1092 ) ;
#1405 = EDGE_CURVE ( 'NONE', #1684, #1940, #50, .T. ) ;
#1406 = ORIENTED_EDGE ( 'NONE', *, *, #207, .F. ) ;
#1407 = CARTESIAN_POINT ( 'NONE',  ( 25.15000000000000568, 49.99999999999999289, -39.99999999999999289 ) ) ;
#1408 = CARTESIAN_POINT ( 'NONE',  ( 8.180242321135701305E-16, 15.00000000000000178, -84.00099999999999056 ) ) ;
#1409 = CARTESIAN_POINT ( 'NONE',  ( -25.15000000000000568, 7.000000000000000000, -4.617262664969562280 ) ) ;
#1410 = LINE ( 'NONE', #1209, #2250 ) ;
#1411 = DIRECTION ( 'NONE',  ( 0.000000000000000000, 0.000000000000000000, 1.000000000000000000 ) ) ;
#1412 = ORIENTED_EDGE ( 'NONE', *, *, #375, .T. ) ;
#1413 = LINE ( 'NONE', #1386, #2281 ) ;
#1414 = ORIENTED_EDGE ( 'NONE', *, *, #568, .T. ) ;
#1415 = DIRECTION ( 'NONE',  ( -0.000000000000000000, -0.000000000000000000, 1.000000000000000000 ) ) ;
#1416 = ORIENTED_EDGE ( 'NONE', *, *, #132, .F. ) ;
#1417 = LINE ( 'NONE', #1241, #989 ) ;
#1418 = CARTESIAN_POINT ( 'NONE',  ( -30.15000000000000568, 45.00000000000000000, -43.99999999999999289 ) ) ;
#1419 = CARTESIAN_POINT ( 'NONE',  ( 25.15000000000001279, -49.99999999999999289, -39.99999999999999289 ) ) ;
#1420 = ADVANCED_FACE ( 'NONE', ( #1758 ), #500, .F. ) ;
#1421 = FACE_BOUND ( 'NONE', #48, .T. ) ;
#1422 = ORIENTED_EDGE ( 'NONE', *, *, #228, .T. ) ;
#1423 = CARTESIAN_POINT ( 'NONE',  ( 27.09352722521704493, -3.467928824065204640, -9.304930660397156217 ) ) ;
#1424 = LINE ( 'NONE', #1389, #164 ) ;
#1425 = VERTEX_POINT ( 'NONE', #325 ) ;
#1426 = DIRECTION ( 'NONE',  ( -0.000000000000000000, -0.000000000000000000, 1.000000000000000000 ) ) ;
#1427 = AXIS2_PLACEMENT_3D ( 'NONE', #539, #401, #729 ) ;
#1428 = FACE_OUTER_BOUND ( 'NONE', #632, .T. ) ;
#1429 = VECTOR ( 'NONE', #694, 1000.000000000000000 ) ;
#1430 = EDGE_CURVE ( 'NONE', #139, #1843, #1745, .T. ) ;
#1431 = CARTESIAN_POINT ( 'NONE',  ( -25.15000000000000568, 0.000000000000000000, -44.00000000000000000 ) ) ;
#1432 = ORIENTED_EDGE ( 'NONE', *, *, #71, .T. ) ;
#1433 = EDGE_CURVE ( 'NONE', #1660, #1746, #2027, .T. ) ;
#1434 = AXIS2_PLACEMENT_3D ( 'NONE', #1311, #1085, #1440 ) ;
#1435 = PLANE ( 'NONE',  #1980 ) ;
#1436 = ORIENTED_EDGE ( 'NONE', *, *, #1158, .T. ) ;
#1437 = AXIS2_PLACEMENT_3D ( 'NONE', #300, #2223, #2048 ) ;
#1438 = CARTESIAN_POINT ( 'NONE',  ( 25.14999999999999147, 7.000000000000000000, 0.000000000000000000 ) ) ;
#1439 = AXIS2_PLACEMENT_3D ( 'NONE', #702, #1907, #1220 ) ;
#1440 = DIRECTION ( 'NONE',  ( 0.000000000000000000, 0.000000000000000000, 1.000000000000000000 ) ) ;
#1441 = CARTESIAN_POINT ( 'NONE',  ( 5.000000000000002665, 20.00000000000000355, -41.23105625617660053 ) ) ;
#1442 = PRODUCT_RELATED_PRODUCT_CATEGORY ( 'part', '', ( #2159 ) ) ;
#1443 = ORIENTED_EDGE ( 'NONE', *, *, #1951, .F. ) ;
#1444 = DIRECTION ( 'NONE',  ( 1.000000000000000000, 0.000000000000000000, 0.000000000000000000 ) ) ;
#1445 = ADVANCED_FACE ( 'NONE', ( #1562 ), #897, .F. ) ;
#1446 = ORIENTED_EDGE ( 'NONE', *, *, #606, .T. ) ;
#1447 = FACE_OUTER_BOUND ( 'NONE', #1921, .T. ) ;
#1448 = ORIENTED_EDGE ( 'NONE', *, *, #1130, .F. ) ;
#1449 = CARTESIAN_POINT ( 'NONE',  ( 4.287471184067184615E-15, -14.99999999999999645, 4.000000000000007994 ) ) ;
#1450 = PRESENTATION_STYLE_ASSIGNMENT (( #24 ) ) ;
#1451 = ORIENTED_EDGE ( 'NONE', *, *, #1979, .F. ) ;
#1452 = DIRECTION ( 'NONE',  ( 1.000000000000000000, 0.000000000000000000, 0.000000000000000000 ) ) ;
#1453 = CYLINDRICAL_SURFACE ( 'NONE', #1427, 1.650000000000002132 ) ;
#1454 = ADVANCED_FACE ( 'NONE', ( #904 ), #1780, .F. ) ;
#1455 = DIRECTION ( 'NONE',  ( 0.000000000000000000, 0.000000000000000000, 1.000000000000000000 ) ) ;
#1456 = PLANE ( 'NONE',  #995 ) ;
#1457 = ORIENTED_EDGE ( 'NONE', *, *, #2126, .T. ) ;
#1458 = CARTESIAN_POINT ( 'NONE',  ( -31.80000000000000071, -45.00000000000000000, 4.001000000000011880 ) ) ;
#1459 = AXIS2_PLACEMENT_3D ( 'NONE', #1852, #271, #982 ) ;
#1460 = DIRECTION ( 'NONE',  ( 1.000000000000000000, 0.000000000000000000, 1.233437646870827251E-17 ) ) ;
#1461 = ORIENTED_EDGE ( 'NONE', *, *, #931, .T. ) ;
#1462 = CARTESIAN_POINT ( 'NONE',  ( 26.96906126464098108, 3.720786645966731587, -9.309839516342441001 ) ) ;
#1463 = LINE ( 'NONE', #1110, #1681 ) ;
#1464 = DIRECTION ( 'NONE',  ( -0.000000000000000000, -0.000000000000000000, 1.000000000000000000 ) ) ;
#1465 = AXIS2_PLACEMENT_3D ( 'NONE', #114, #68, #1836 ) ;
#1466 = DIRECTION ( 'NONE',  ( -1.000000000000000000, 0.000000000000000000, -0.000000000000000000 ) ) ;
#1467 = ADVANCED_FACE ( 'NONE', ( #1575 ), #2290, .F. ) ;
#1468 = VECTOR ( 'NONE', #1124, 1000.000000000000000 ) ;
#1469 = ORIENTED_EDGE ( 'NONE', *, *, #1232, .F. ) ;
#1470 = DIRECTION ( 'NONE',  ( 0.000000000000000000, 0.000000000000000000, -1.000000000000000000 ) ) ;
#1471 = CIRCLE ( 'NONE', #1765, 1.725000000000000755 ) ;
#1472 = EDGE_CURVE ( 'NONE', #1593, #2309, #1618, .T. ) ;
#1473 = ORIENTED_EDGE ( 'NONE', *, *, #580, .T. ) ;
#1474 = AXIS2_PLACEMENT_3D ( 'NONE', #1408, #1973, #927 ) ;
#1475 = CARTESIAN_POINT ( 'NONE',  ( -24.52087986523222796, 2.446547072170410342, -6.835988633149672644 ) ) ;
#1476 = ORIENTED_EDGE ( 'NONE', *, *, #1275, .F. ) ;
#1477 = CARTESIAN_POINT ( 'NONE',  ( 24.07015160070718807, 4.023457529563608581, -8.903482091097821183 ) ) ;
#1478 = FACE_OUTER_BOUND ( 'NONE', #743, .T. ) ;
#1479 = DIRECTION ( 'NONE',  ( -0.000000000000000000, -0.000000000000000000, -1.000000000000000000 ) ) ;
#1480 = DIRECTION ( 'NONE',  ( -0.000000000000000000, -0.000000000000000000, 1.000000000000000000 ) ) ;
#1481 = ORIENTED_EDGE ( 'NONE', *, *, #1499, .T. ) ;
#1482 = LINE ( 'NONE', #383, #368 ) ;
#1483 = VERTEX_POINT ( 'NONE', #412 ) ;
#1484 = ADVANCED_FACE ( 'NONE', ( #1447 ), #2065, .F. ) ;
#1485 = CARTESIAN_POINT ( 'NONE',  ( -25.14183639394934744, 0.3645232521882754151, -6.791418537960673518 ) ) ;
#1486 = ORIENTED_EDGE ( 'NONE', *, *, #2018, .F. ) ;
#1487 = CARTESIAN_POINT ( 'NONE',  ( 23.64327637471956223, 3.633481821908497444, -6.867465643168110923 ) ) ;
#1488 = CARTESIAN_POINT ( 'NONE',  ( -35.15000000000000568, -7.000000000000000000, 4.000000000000007994 ) ) ;
#1489 = DIRECTION ( 'NONE',  ( -1.000000000000000000, 0.000000000000000000, 0.000000000000000000 ) ) ;
#1490 = VERTEX_POINT ( 'NONE', #579 ) ;
#1491 = DIRECTION ( 'NONE',  ( 0.000000000000000000, -1.000000000000000000, 0.000000000000000000 ) ) ;
#1492 = ORIENTED_EDGE ( 'NONE', *, *, #1200, .T. ) ;
#1493 = CARTESIAN_POINT ( 'NONE',  ( -25.94385637561250491, 5.086936762631058428, -9.335595646068142628 ) ) ;
#1494 = AXIS2_PLACEMENT_3D ( 'NONE', #2042, #1154, #457 ) ;
#1495 = EDGE_CURVE ( 'NONE', #139, #615, #777, .T. ) ;
#1496 = ORIENTED_EDGE ( 'NONE', *, *, #409, .T. ) ;
#1497 = CARTESIAN_POINT ( 'NONE',  ( 27.97416100730134048, 0.5471439883877138310, -9.264669837486536608 ) ) ;
#1498 = DIRECTION ( 'NONE',  ( 0.000000000000000000, 1.000000000000000000, 0.000000000000000000 ) ) ;
#1499 = EDGE_CURVE ( 'NONE', #2025, #821, #730, .T. ) ;
#1500 = VECTOR ( 'NONE', #534, 1000.000000000000000 ) ;
#1501 = CARTESIAN_POINT ( 'NONE',  ( 30.15000000000000568, 45.00000000000000000, -39.99999999999999289 ) ) ;
#1502 = ORIENTED_EDGE ( 'NONE', *, *, #1514, .T. ) ;
#1503 = DIRECTION ( 'NONE',  ( -0.000000000000000000, 0.000000000000000000, -1.000000000000000000 ) ) ;
#1504 = AXIS2_PLACEMENT_3D ( 'NONE', #44, #1605, #1650 ) ;
#1505 = ORIENTED_EDGE ( 'NONE', *, *, #747, .T. ) ;
#1506 = CARTESIAN_POINT ( 'NONE',  ( 24.52087986523212493, -2.446547072170410786, -6.835988633154111760 ) ) ;
#1507 = CARTESIAN_POINT ( 'NONE',  ( -24.85904820511490243, 3.047339296155092025, -8.920941628425341108 ) ) ;
#1508 = AXIS2_PLACEMENT_3D ( 'NONE', #1418, #1426, #351 ) ;
#1509 = ORIENTED_EDGE ( 'NONE', *, *, #1373, .T. ) ;
#1510 = ADVANCED_FACE ( 'NONE', ( #1832 ), #1456, .T. ) ;
#1511 = DIRECTION ( 'NONE',  ( -0.000000000000000000, -0.000000000000000000, 1.000000000000000000 ) ) ;
#1512 = ORIENTED_EDGE ( 'NONE', *, *, #946, .T. ) ;
#1513 = LINE ( 'NONE', #776, #241 ) ;
#1514 = EDGE_CURVE ( 'NONE', #442, #909, #391, .T. ) ;
#1515 = CARTESIAN_POINT ( 'NONE',  ( 25.96575694902218245, 5.040371258149799694, -9.334395865231828182 ) ) ;
#1516 = ORIENTED_EDGE ( 'NONE', *, *, #309, .F. ) ;
#1517 = DIRECTION ( 'NONE',  ( -0.000000000000000000, -0.000000000000000000, -1.000000000000000000 ) ) ;
#1518 = DIRECTION ( 'NONE',  ( -1.000000000000000000, 0.000000000000000000, 0.000000000000000000 ) ) ;
#1519 = ORIENTED_EDGE ( 'NONE', *, *, #1303, .F. ) ;
#1520 = CARTESIAN_POINT ( 'NONE',  ( 25.14999999999999147, 2.395132426786473090, -7.935231842869669094 ) ) ;
#1521 = CARTESIAN_POINT ( 'NONE',  ( -25.08590290245118481, 5.853755073370584761, -9.339527850354391703 ) ) ;
#1522 = VERTEX_POINT ( 'NONE', #1101 ) ;
#1523 = CARTESIAN_POINT ( 'NONE',  ( -25.15000000000000568, 7.000000000000000000, -4.617262664969562280 ) ) ;
#1524 = CYLINDRICAL_SURFACE ( 'NONE', #1281, 1.650000000000000133 ) ;
#1525 = EDGE_CURVE ( 'NONE', #1425, #236, #2163, .T. ) ;
#1526 = ORIENTED_EDGE ( 'NONE', *, *, #1736, .F. ) ;
#1527 = LINE ( 'NONE', #1708, #1102 ) ;
#1528 = CARTESIAN_POINT ( 'NONE',  ( -23.74046149819935891, -4.300714133929452565, -8.891598015263536325 ) ) ;
#1529 = ORIENTED_EDGE ( 'NONE', *, *, #1472, .F. ) ;
#1530 = CIRCLE ( 'NONE', #542, 33.08654523791967961 ) ;
#1531 = LINE ( 'NONE', #796, #1896 ) ;
#1532 = VERTEX_POINT ( 'NONE', #1988 ) ;
#1533 = CARTESIAN_POINT ( 'NONE',  ( -1.649999999999999245, 15.00000000000000178, 0.000000000000000000 ) ) ;
#1534 = CIRCLE ( 'NONE', #1860, 1.650000000000000133 ) ;
#1535 = ORIENTED_EDGE ( 'NONE', *, *, #345, .F. ) ;
#1536 = CARTESIAN_POINT ( 'NONE',  ( -20.00000000000000000, -2.449293598294706119E-15, 4.000000000000007994 ) ) ;
#1537 = EDGE_CURVE ( 'NONE', #2237, #1649, #763, .T. ) ;
#1538 = CARTESIAN_POINT ( 'NONE',  ( 25.94385637561581248, -5.086936762631676601, -9.335595646068679088 ) ) ;
#1539 = CARTESIAN_POINT ( 'NONE',  ( 25.42854157064862974, 1.952769179538640154, -8.927997713905993393 ) ) ;
#1540 = VECTOR ( 'NONE', #58, 1000.000000000000000 ) ;
#1541 = EDGE_CURVE ( 'NONE', #1176, #2119, #1768, .T. ) ;
#1542 = CYLINDRICAL_SURFACE ( 'NONE', #2024, 40.00000000000000000 ) ;
#1543 = CARTESIAN_POINT ( 'NONE',  ( -20.00000000000000000, -2.449293598294706119E-15, 0.000000000000000000 ) ) ;
#1544 = VECTOR ( 'NONE', #506, 1000.000000000000000 ) ;
#1545 = ORIENTED_EDGE ( 'NONE', *, *, #99, .T. ) ;
#1546 = AXIS2_PLACEMENT_3D ( 'NONE', #795, #184, #541 ) ;
#1547 = CARTESIAN_POINT ( 'NONE',  ( 21.69999999999998863, 0.000000000000000000, 3.971240789819492800 ) ) ;
#1548 = ORIENTED_EDGE ( 'NONE', *, *, #517, .T. ) ;
#1549 = CONICAL_SURFACE ( 'NONE', #55, 1.725000000000000755, 0.7155849933180404854 ) ;
#1550 = DIRECTION ( 'NONE',  ( 0.000000000000000000, -1.000000000000000000, 0.000000000000000000 ) ) ;
#1551 = ORIENTED_EDGE ( 'NONE', *, *, #1039, .F. ) ;
#1552 = CARTESIAN_POINT ( 'NONE',  ( 35.14999999999999147, 0.000000000000000000, -43.99999999999999289 ) ) ;
#1553 = DIRECTION ( 'NONE',  ( -0.000000000000000000, -0.000000000000000000, -1.000000000000000000 ) ) ;
#1554 = CARTESIAN_POINT ( 'NONE',  ( 0.000000000000000000, -7.000000000000000000, 0.000000000000000000 ) ) ;
#1555 = CARTESIAN_POINT ( 'NONE',  ( 35.17067978376198312, -7.000000000000000000, 4.000000000000008882 ) ) ;
#1556 = ORIENTED_EDGE ( 'NONE', *, *, #1405, .T. ) ;
#1557 = ADVANCED_FACE ( 'NONE', ( #1309, #915 ), #1121, .T. ) ;
#1558 = DIRECTION ( 'NONE',  ( 0.000000000000000000, 0.000000000000000000, -1.000000000000000000 ) ) ;
#1559 = CARTESIAN_POINT ( 'NONE',  ( -27.90769631216366875, -1.116884880096317811, -9.268382754776187227 ) ) ;
#1560 = ORIENTED_EDGE ( 'NONE', *, *, #1753, .F. ) ;
#1561 = PLANE ( 'NONE',  #1867 ) ;
#1562 = FACE_OUTER_BOUND ( 'NONE', #548, .T. ) ;
#1563 = ORIENTED_EDGE ( 'NONE', *, *, #1992, .T. ) ;
#1564 = DIRECTION ( 'NONE',  ( 0.000000000000000000, 0.000000000000000000, 1.000000000000000000 ) ) ;
#1565 = LINE ( 'NONE', #2100, #808 ) ;
#1566 = ORIENTED_EDGE ( 'NONE', *, *, #1017, .F. ) ;
#1567 = CARTESIAN_POINT ( 'NONE',  ( -25.15000000000000568, -39.79949748426479772, -39.99999999999999289 ) ) ;
#1568 = EDGE_CURVE ( 'NONE', #91, #709, #591, .T. ) ;
#1569 = ORIENTED_EDGE ( 'NONE', *, *, #1514, .F. ) ;
#1570 = CARTESIAN_POINT ( 'NONE',  ( -26.15041904416795759, -4.833471544981395418, -9.331228439021064247 ) ) ;
#1571 = EDGE_CURVE ( 'NONE', #1357, #2241, #424, .T. ) ;
#1572 = VERTEX_POINT ( 'NONE', #1797 ) ;
#1573 = LINE ( 'NONE', #1552, #767 ) ;
#1574 = AXIS2_PLACEMENT_3D ( 'NONE', #786, #659, #1352 ) ;
#1575 = FACE_OUTER_BOUND ( 'NONE', #965, .T. ) ;
#1576 = AXIS2_PLACEMENT_3D ( 'NONE', #51, #188, #1284 ) ;
#1577 = DIRECTION ( 'NONE',  ( -1.000000000000000000, -0.000000000000000000, -0.000000000000000000 ) ) ;
#1578 = DIRECTION ( 'NONE',  ( -1.000000000000000000, 0.000000000000000000, 0.000000000000000000 ) ) ;
#1579 = ORIENTED_EDGE ( 'NONE', *, *, #961, .T. ) ;
#1580 = CARTESIAN_POINT ( 'NONE',  ( 20.00000000000000000, 0.000000000000000000, 3.971240789819492800 ) ) ;
#1581 = VECTOR ( 'NONE', #2084, 1000.000000000000000 ) ;
#1582 = ORIENTED_EDGE ( 'NONE', *, *, #697, .F. ) ;
#1583 = EDGE_CURVE ( 'NONE', #1619, #1688, #130, .T. ) ;
#1584 = VECTOR ( 'NONE', #1803, 1000.000000000000000 ) ;
#1585 = DIRECTION ( 'NONE',  ( 0.000000000000000000, 0.000000000000000000, 1.000000000000000000 ) ) ;
#1586 = AXIS2_PLACEMENT_3D ( 'NONE', #956, #2076, #491 ) ;
#1587 = VERTEX_POINT ( 'NONE', #1659 ) ;
#1588 = EDGE_CURVE ( 'NONE', #1118, #1285, #213, .T. ) ;
#1589 = DIRECTION ( 'NONE',  ( -1.000000000000000000, 0.000000000000000000, -0.000000000000000000 ) ) ;
#1590 = CARTESIAN_POINT ( 'NONE',  ( 25.14999999999999147, 7.000000000000000000, 0.000000000000000000 ) ) ;
#1591 = DIRECTION ( 'NONE',  ( 1.000000000000000000, 0.000000000000000000, 0.000000000000000000 ) ) ;
#1592 = DIRECTION ( 'NONE',  ( -1.000000000000000000, 0.000000000000000000, -0.000000000000000000 ) ) ;
#1593 = VERTEX_POINT ( 'NONE', #1617 ) ;
#1594 = DIRECTION ( 'NONE',  ( -1.000000000000000000, 0.000000000000000000, 0.000000000000000000 ) ) ;
#1595 = EDGE_LOOP ( 'NONE', ( #597, #1436, #1582, #1143 ) ) ;
#1596 = CARTESIAN_POINT ( 'NONE',  ( -28.50000000000000711, 45.00000000000000000, -39.99999999999999289 ) ) ;
#1597 = DIRECTION ( 'NONE',  ( 1.000000000000000000, 0.000000000000000000, 0.000000000000000000 ) ) ;
#1598 = EDGE_CURVE ( 'NONE', #2083, #264, #399, .T. ) ;
#1599 = DIRECTION ( 'NONE',  ( 0.000000000000000000, -1.000000000000000000, 0.000000000000000000 ) ) ;
#1600 = CARTESIAN_POINT ( 'NONE',  ( -4.999999999999997335, -19.99999999999999645, 4.000000000000007994 ) ) ;
#1601 = ORIENTED_EDGE ( 'NONE', *, *, #693, .T. ) ;
#1602 = DIRECTION ( 'NONE',  ( -1.000000000000000000, 0.000000000000000000, 0.000000000000000000 ) ) ;
#1603 = ORIENTED_EDGE ( 'NONE', *, *, #822, .F. ) ;
#1604 = AXIS2_PLACEMENT_3D ( 'NONE', #1364, #2216, #831 ) ;
#1605 = DIRECTION ( 'NONE',  ( 0.000000000000000000, 0.000000000000000000, 1.000000000000000000 ) ) ;
#1606 = ADVANCED_FACE ( 'NONE', ( #1264 ), #1966, .T. ) ;
#1607 = DIRECTION ( 'NONE',  ( 0.000000000000000000, 0.000000000000000000, 1.000000000000000000 ) ) ;
#1608 = CIRCLE ( 'NONE', #1023, 0.4999999999999796274 ) ;
#1609 = EDGE_CURVE ( 'NONE', #909, #651, #1847, .T. ) ;
#1610 = DIRECTION ( 'NONE',  ( -1.000000000000000000, 0.000000000000000000, 0.000000000000000000 ) ) ;
#1611 = DIRECTION ( 'NONE',  ( 0.000000000000000000, 0.000000000000000000, 1.000000000000000000 ) ) ;
#1612 = EDGE_LOOP ( 'NONE', ( #512, #2106, #1300, #1888, #629, #125, #607 ) ) ;
#1613 = AXIS2_PLACEMENT_3D ( 'NONE', #1536, #2037, #1336 ) ;
#1614 = DIRECTION ( 'NONE',  ( 1.000000000000000000, -0.000000000000000000, -0.000000000000000000 ) ) ;
#1615 = LINE ( 'NONE', #18, #1246 ) ;
#1616 = VECTOR ( 'NONE', #367, 1000.000000000000000 ) ;
#1617 = CARTESIAN_POINT ( 'NONE',  ( -18.30000000000001137, -2.449293598294706119E-15, 3.971240789819492800 ) ) ;
#1618 = CIRCLE ( 'NONE', #1180, 1.699999999999989742 ) ;
#1619 = VERTEX_POINT ( 'NONE', #817 ) ;
#1620 = DIRECTION ( 'NONE',  ( -0.000000000000000000, -0.000000000000000000, 1.000000000000000000 ) ) ;
#1621 = AXIS2_PLACEMENT_3D ( 'NONE', #691, #1211, #123 ) ;
#1622 = DIRECTION ( 'NONE',  ( -1.000000000000000000, 0.000000000000000000, 0.000000000000000000 ) ) ;
#1623 = EDGE_CURVE ( 'NONE', #317, #1082, #1882, .T. ) ;
#1624 = EDGE_LOOP ( 'NONE', ( #1982, #1670, #1492, #2095, #1566, #468, #852, #704, #1162, #1481, #343, #1774, #1406, #332 ) ) ;
#1625 = DIRECTION ( 'NONE',  ( 0.000000000000000000, 0.000000000000000000, 1.000000000000000000 ) ) ;
#1626 = ORIENTED_EDGE ( 'NONE', *, *, #764, .F. ) ;
#1627 = DIRECTION ( 'NONE',  ( -0.000000000000000000, -0.000000000000000000, 1.000000000000000000 ) ) ;
#1628 = ORIENTED_EDGE ( 'NONE', *, *, #810, .F. ) ;
#1629 = CARTESIAN_POINT ( 'NONE',  ( -20.00000000000000000, -2.449293598294706119E-15, 4.000000000000009770 ) ) ;
#1630 = LINE ( 'NONE', #2157, #887 ) ;
#1631 = FACE_OUTER_BOUND ( 'NONE', #951, .T. ) ;
#1632 = EDGE_LOOP ( 'NONE', ( #1268, #2147, #1826, #695, #2011, #297, #1382, #1877, #200, #1021, #1230, #1128 ) ) ;
#1633 = CARTESIAN_POINT ( 'NONE',  ( 25.10366460585364834, -0.7236620903432811058, -6.794869684832317347 ) ) ;
#1634 = EDGE_CURVE ( 'NONE', #1746, #1660, #1690, .T. ) ;
#1635 = CYLINDRICAL_SURFACE ( 'NONE', #1098, 1.650000000000000133 ) ;
#1636 = ADVANCED_FACE ( 'NONE', ( #1674 ), #976, .F. ) ;
#1637 = CARTESIAN_POINT ( 'NONE',  ( -35.15000000000000568, 7.000000000000000000, 4.000000000000007994 ) ) ;
#1638 = ORIENTED_EDGE ( 'NONE', *, *, #988, .T. ) ;
#1639 = LINE ( 'NONE', #2155, #206 ) ;
#1640 = TOROIDAL_SURFACE ( 'NONE', #1789, 33.08654523791967961, 0.4999999999999824585 ) ;
#1641 = VERTEX_POINT ( 'NONE', #106 ) ;
#1642 = CARTESIAN_POINT ( 'NONE',  ( 27.63843367345877766, -2.187435147052062323, -9.281832587152317515 ) ) ;
#1643 = CARTESIAN_POINT ( 'NONE',  ( -35.15000000000000568, 7.000000000000000000, -4.617262664969562280 ) ) ;
#1644 = CARTESIAN_POINT ( 'NONE',  ( 35.14999999999999147, 7.000000000000000000, -5.999999999999992006 ) ) ;
#1645 = CIRCLE ( 'NONE', #1287, 33.57775271948984397 ) ;
#1646 = CARTESIAN_POINT ( 'NONE',  ( 5.000000000000002665, -19.99999999999999645, 0.000000000000000000 ) ) ;
#1647 =( GEOMETRIC_REPRESENTATION_CONTEXT ( 3 ) GLOBAL_UNCERTAINTY_ASSIGNED_CONTEXT ( ( #1047 ) ) GLOBAL_UNIT_ASSIGNED_CONTEXT ( ( #1961, #396, #573 ) ) REPRESENTATION_CONTEXT ( 'NONE', 'WORKASPACE' ) );
#1648 = ADVANCED_FACE ( 'NONE', ( #1160 ), #2156, .T. ) ;
#1649 = VERTEX_POINT ( 'NONE', #2172 ) ;
#1650 = DIRECTION ( 'NONE',  ( -1.000000000000000000, 0.000000000000000000, 0.000000000000000000 ) ) ;
#1651 = AXIS2_PLACEMENT_3D ( 'NONE', #1948, #2114, #1208 ) ;
#1652 = ORIENTED_EDGE ( 'NONE', *, *, #147, .F. ) ;
#1653 = CONICAL_SURFACE ( 'NONE', #1256, 1.725000000000000755, 0.7155849933180404854 ) ;
#1654 = CARTESIAN_POINT ( 'NONE',  ( -26.95539385389565723, 3.712604699876559167, -9.309928774305300081 ) ) ;
#1655 = ORIENTED_EDGE ( 'NONE', *, *, #465, .T. ) ;
#1656 = CARTESIAN_POINT ( 'NONE',  ( 23.74046149819944773, 4.300714133929565364, -8.891598015263541654 ) ) ;
#1657 = FACE_OUTER_BOUND ( 'NONE', #1150, .T. ) ;
#1658 = DIRECTION ( 'NONE',  ( 1.000000000000000000, -0.000000000000000000, -0.000000000000000000 ) ) ;
#1659 = CARTESIAN_POINT ( 'NONE',  ( 35.15000000000000568, 49.99999999999999289, -39.99999999999999289 ) ) ;
#1660 = VERTEX_POINT ( 'NONE', #2253 ) ;
#1661 = DIRECTION ( 'NONE',  ( 0.000000000000000000, 0.000000000000000000, -1.000000000000000000 ) ) ;
#1662 = EDGE_CURVE ( 'NONE', #2119, #1176, #2252, .T. ) ;
#1663 = ORIENTED_EDGE ( 'NONE', *, *, #1332, .F. ) ;
#1664 = CARTESIAN_POINT ( 'NONE',  ( 23.89566476320279165, -3.362902066319174654, -6.862054425126909329 ) ) ;
#1665 = CARTESIAN_POINT ( 'NONE',  ( -25.33980727641567299, 2.144445232483726205, -8.927075231803653921 ) ) ;
#1666 = ORIENTED_EDGE ( 'NONE', *, *, #56, .T. ) ;
#1667 = CARTESIAN_POINT ( 'NONE',  ( 24.52953137482916546, 2.451435647333199519, -6.835872175113921756 ) ) ;
#1668 = CARTESIAN_POINT ( 'NONE',  ( 1.650000000000004574, -14.99999999999999645, 0.000000000000000000 ) ) ;
#1669 = DIRECTION ( 'NONE',  ( 1.000000000000000000, 0.000000000000000000, 0.000000000000000000 ) ) ;
#1670 = ORIENTED_EDGE ( 'NONE', *, *, #1992, .F. ) ;
#1671 = CARTESIAN_POINT ( 'NONE',  ( 35.15000000000000568, 49.99999999999999289, -43.99999999999999289 ) ) ;
#1672 = ORIENTED_EDGE ( 'NONE', *, *, #1373, .F. ) ;
#1673 = ADVANCED_FACE ( 'NONE', ( #943 ), #1827, .T. ) ;
#1674 = FACE_OUTER_BOUND ( 'NONE', #857, .T. ) ;
#1675 = CARTESIAN_POINT ( 'NONE',  ( -24.52953137482881374, -2.451435647333274126, -6.835872175113683724 ) ) ;
#1676 = VECTOR ( 'NONE', #1179, 1000.000000000000000 ) ;
#1677 = ORIENTED_EDGE ( 'NONE', *, *, #421, .F. ) ;
#1678 = EDGE_CURVE ( 'NONE', #1168, #1262, #1292, .T. ) ;
#1679 = CONICAL_SURFACE ( 'NONE', #1574, 1.725000000000000755, 0.7155849933180404854 ) ;
#1680 = DIRECTION ( 'NONE',  ( 0.000000000000000000, 0.000000000000000000, -1.000000000000000000 ) ) ;
#1681 = VECTOR ( 'NONE', #1806, 1000.000000000000000 ) ;
#1682 = CARTESIAN_POINT ( 'NONE',  ( -4.999999999999997335, -19.99999999999999645, 0.000000000000000000 ) ) ;
#1683 = CARTESIAN_POINT ( 'NONE',  ( 27.97384063076929195, 1.512398059105547863E-11, -9.264687178225262443 ) ) ;
#1684 = VERTEX_POINT ( 'NONE', #1892 ) ;
#1685 = CARTESIAN_POINT ( 'NONE',  ( 25.14999999999999147, 0.000000000000000000, -44.00000000000000000 ) ) ;
#1686 = CARTESIAN_POINT ( 'NONE',  ( -25.15000000000000568, 7.000000000000000000, 0.000000000000000000 ) ) ;
#1687 = AXIS2_PLACEMENT_3D ( 'NONE', #744, #404, #1978 ) ;
#1688 = VERTEX_POINT ( 'NONE', #1295 ) ;
#1689 = CARTESIAN_POINT ( 'NONE',  ( -27.97416100730126587, -0.5471439883878422838, -9.264669837486524173 ) ) ;
#1690 = CIRCLE ( 'NONE', #329, 1.649999999999995248 ) ;
#1691 = ORIENTED_EDGE ( 'NONE', *, *, #2092, .F. ) ;
#1692 = LINE ( 'NONE', #809, #722 ) ;
#1693 = EDGE_CURVE ( 'NONE', #2154, #1684, #771, .T. ) ;
#1694 = PRODUCT_DEFINITION_FORMATION_WITH_SPECIFIED_SOURCE ( 'ANY', '', #2159, .NOT_KNOWN. ) ;
#1695 = CARTESIAN_POINT ( 'NONE',  ( 25.15000000000000568, 49.99999999999999289, -39.99999999999999289 ) ) ;
#1696 = ORIENTED_EDGE ( 'NONE', *, *, #1039, .T. ) ;
#1697 = CARTESIAN_POINT ( 'NONE',  ( 25.15000000000000568, 49.99999999999999289, -43.99999999999999289 ) ) ;
#1698 = CARTESIAN_POINT ( 'NONE',  ( 35.14999999999999147, -7.000000000000000000, -5.999999999999992006 ) ) ;
#1699 = ORIENTED_EDGE ( 'NONE', *, *, #2112, .F. ) ;
#1700 = CARTESIAN_POINT ( 'NONE',  ( 25.14999999999998792, -3.760915215494214703, -8.718853953914299737 ) ) ;
#1701 = CARTESIAN_POINT ( 'NONE',  ( -24.98717344443792143, 1.260341353016656951, -6.804345428598229439 ) ) ;
#1702 = EDGE_LOOP ( 'NONE', ( #1891, #2041 ) ) ;
#1703 = CARTESIAN_POINT ( 'NONE',  ( -35.15000000000000568, -7.000000000000000000, 4.000000000000007994 ) ) ;
#1704 = EDGE_CURVE ( 'NONE', #29, #223, #227, .T. ) ;
#1705 = CARTESIAN_POINT ( 'NONE',  ( 26.15041904416794694, 4.833471544981399859, -9.331228439021039378 ) ) ;
#1706 = ORIENTED_EDGE ( 'NONE', *, *, #837, .T. ) ;
#1707 = EDGE_CURVE ( 'NONE', #1235, #223, #1913, .T. ) ;
#1708 = CARTESIAN_POINT ( 'NONE',  ( 25.14999999999999147, -7.000000000000000000, 0.000000000000000000 ) ) ;
#1709 = DIRECTION ( 'NONE',  ( -1.000000000000000000, 0.000000000000000000, 0.000000000000000000 ) ) ;
#1710 = CARTESIAN_POINT ( 'NONE',  ( 27.91027120924560734, -1.103002202427401324, -9.268247965922084219 ) ) ;
#1711 = DIRECTION ( 'NONE',  ( -1.000000000000000000, 0.000000000000000000, -0.000000000000000000 ) ) ;
#1712 = EDGE_LOOP ( 'NONE', ( #163, #336, #545, #1902 ) ) ;
#1713 = AXIS2_PLACEMENT_3D ( 'NONE', #334, #1740, #669 ) ;
#1714 = CARTESIAN_POINT ( 'NONE',  ( 0.000000000000000000, 0.000000000000000000, -43.99999999999999289 ) ) ;
#1715 = ORIENTED_EDGE ( 'NONE', *, *, #620, .T. ) ;
#1716 = CARTESIAN_POINT ( 'NONE',  ( -27.97384063076812666, -0.5535511628888857283, -9.264687178225312181 ) ) ;
#1717 = CIRCLE ( 'NONE', #1063, 33.57775271948984397 ) ;
#1718 = ORIENTED_EDGE ( 'NONE', *, *, #1766, .F. ) ;
#1719 = LINE ( 'NONE', #673, #1581 ) ;
#1720 = EDGE_CURVE ( 'NONE', #2113, #1385, #1050, .T. ) ;
#1721 = ORIENTED_EDGE ( 'NONE', *, *, #2285, .F. ) ;
#1722 = DIRECTION ( 'NONE',  ( 0.000000000000000000, 0.000000000000000000, 1.000000000000000000 ) ) ;
#1723 = VECTOR ( 'NONE', #905, 1000.000000000000000 ) ;
#1724 = CARTESIAN_POINT ( 'NONE',  ( -34.74335528934891215, 33.57775271948987239, -44.00000000000000000 ) ) ;
#1725 = CARTESIAN_POINT ( 'NONE',  ( -25.15000000000000568, -5.801753405944160669, -9.339638914908901413 ) ) ;
#1726 = AXIS2_PLACEMENT_3D ( 'NONE', #141, #1060, #886 ) ;
#1727 = ORIENTED_EDGE ( 'NONE', *, *, #764, .T. ) ;
#1728 = CIRCLE ( 'NONE', #366, 1.650000000000000133 ) ;
#1729 = DIRECTION ( 'NONE',  ( 0.000000000000000000, 0.000000000000000000, -1.000000000000000000 ) ) ;
#1730 = EDGE_LOOP ( 'NONE', ( #1227, #781, #1338, #2217 ) ) ;
#1731 = CARTESIAN_POINT ( 'NONE',  ( -26.65857083840402453, 4.176548950539175742, -9.319226794781901191 ) ) ;
#1732 = ORIENTED_EDGE ( 'NONE', *, *, #1750, .F. ) ;
#1733 = CARTESIAN_POINT ( 'NONE',  ( 26.65857083840402453, -4.176548950539194394, -9.319226794781901191 ) ) ;
#1734 = ORIENTED_EDGE ( 'NONE', *, *, #557, .T. ) ;
#1735 = CARTESIAN_POINT ( 'NONE',  ( -20.00000000000000000, -2.449293598294706119E-15, 4.000000000000009770 ) ) ;
#1736 = EDGE_CURVE ( 'NONE', #941, #1483, #919, .T. ) ;
#1737 = CARTESIAN_POINT ( 'NONE',  ( 25.14999999999998792, -5.801753405944172215, -9.339638914908878320 ) ) ;
#1738 = DIRECTION ( 'NONE',  ( -1.000000000000000000, 0.000000000000000000, 0.000000000000000000 ) ) ;
#1739 = ORIENTED_EDGE ( 'NONE', *, *, #2018, .T. ) ;
#1740 = DIRECTION ( 'NONE',  ( -0.000000000000000000, -0.000000000000000000, 1.000000000000000000 ) ) ;
#1741 = EDGE_LOOP ( 'NONE', ( #220, #1529, #385, #870 ) ) ;
#1742 = FACE_OUTER_BOUND ( 'NONE', #1796, .T. ) ;
#1743 = ORIENTED_EDGE ( 'NONE', *, *, #2148, .F. ) ;
#1744 = DIRECTION ( 'NONE',  ( -0.000000000000000000, -0.000000000000000000, 1.000000000000000000 ) ) ;
#1745 = LINE ( 'NONE', #153, #518 ) ;
#1746 = VERTEX_POINT ( 'NONE', #2292 ) ;
#1747 = CARTESIAN_POINT ( 'NONE',  ( 20.00000000000000000, 0.000000000000000000, 4.000000000000007994 ) ) ;
#1748 = DIRECTION ( 'NONE',  ( 1.000000000000000000, 0.000000000000000000, 0.000000000000000000 ) ) ;
#1749 = B_SPLINE_CURVE_WITH_KNOTS ( 'NONE', 3,
 ( #350, #527, #1034, #1075, #312, #1228, #2110, #873, #499, #1733, #1380, #1368, #1757, #489 ),
 .UNSPECIFIED., .F., .F.,
 ( 4, 2, 2, 2, 2, 2, 4 ),
 ( 0.01272640674298363903, 0.01440688132949682551, 0.01524711862275341702, 0.01608735591601000853, 0.01692759320926660177, 0.01776783050252319501, 0.01944830508903637803 ),
 .UNSPECIFIED. ) ;
#1750 = EDGE_CURVE ( 'NONE', #706, #565, #2099, .T. ) ;
#1751 = ORIENTED_EDGE ( 'NONE', *, *, #606, .F. ) ;
#1752 = LINE ( 'NONE', #859, #2129 ) ;
#1753 = EDGE_CURVE ( 'NONE', #91, #1103, #1959, .T. ) ;
#1754 = EDGE_LOOP ( 'NONE', ( #2263, #1387, #975, #1691, #272 ) ) ;
#1755 = PLANE ( 'NONE',  #2056 ) ;
#1756 = VERTEX_POINT ( 'NONE', #531 ) ;
#1757 = CARTESIAN_POINT ( 'NONE',  ( 25.58088732189673564, -5.448574824814886419, -9.340114837553631588 ) ) ;
#1758 = FACE_OUTER_BOUND ( 'NONE', #108, .T. ) ;
#1759 = VECTOR ( 'NONE', #1444, 1000.000000000000000 ) ;
#1760 = DIRECTION ( 'NONE',  ( -1.000000000000000000, 0.000000000000000000, 0.000000000000000000 ) ) ;
#1761 = CARTESIAN_POINT ( 'NONE',  ( -25.15000000000000568, 1.030592673653909497, -7.110291372604886639 ) ) ;
#1762 = CARTESIAN_POINT ( 'NONE',  ( -25.15000000000000568, 0.000000000000000000, -44.00000000000000000 ) ) ;
#1763 = VECTOR ( 'NONE', #1254, 1000.000000000000000 ) ;
#1764 = EDGE_LOOP ( 'NONE', ( #186, #576, #60 ) ) ;
#1765 = AXIS2_PLACEMENT_3D ( 'NONE', #1048, #2304, #1217 ) ;
#1766 = EDGE_CURVE ( 'NONE', #2171, #667, #1728, .T. ) ;
#1767 = CARTESIAN_POINT ( 'NONE',  ( 5.000000000000002665, 6.999999999999999112, 0.000000000000000000 ) ) ;
#1768 = CIRCLE ( 'NONE', #2104, 1.650000000000002132 ) ;
#1769 = LINE ( 'NONE', #180, #2012 ) ;
#1770 = PLANE ( 'NONE',  #657 ) ;
#1771 = DIRECTION ( 'NONE',  ( 0.000000000000000000, -0.000000000000000000, 1.000000000000000000 ) ) ;
#1772 = LINE ( 'NONE', #899, #735 ) ;
#1773 = CYLINDRICAL_SURFACE ( 'NONE', #1870, 40.00000000000000000 ) ;
#1774 = ORIENTED_EDGE ( 'NONE', *, *, #1270, .F. ) ;
#1775 = CARTESIAN_POINT ( 'NONE',  ( 24.75702580565268107, -1.952381659029420291, -6.821358568159888058 ) ) ;
#1776 = FACE_OUTER_BOUND ( 'NONE', #613, .T. ) ;
#1777 = ADVANCED_FACE ( 'NONE', ( #1231, #853 ), #1934, .F. ) ;
#1778 = EDGE_LOOP ( 'NONE', ( #408, #900, #1414, #1448 ) ) ;
#1779 = FACE_BOUND ( 'NONE', #2247, .T. ) ;
#1780 = CYLINDRICAL_SURFACE ( 'NONE', #1798, 1.699999999999986189 ) ;
#1781 = ADVANCED_FACE ( 'NONE', ( #1061 ), #2267, .F. ) ;
#1782 = DIRECTION ( 'NONE',  ( -1.000000000000000000, 0.000000000000000000, 0.000000000000000000 ) ) ;
#1783 = DIRECTION ( 'NONE',  ( -1.000000000000000000, -0.000000000000000000, -0.000000000000000000 ) ) ;
#1784 = CARTESIAN_POINT ( 'NONE',  ( 25.14999999999999147, 7.000000000000000000, -4.617262664969562280 ) ) ;
#1785 = VERTEX_POINT ( 'NONE', #1244 ) ;
#1786 = LINE ( 'NONE', #17, #278 ) ;
#1787 = ORIENTED_EDGE ( 'NONE', *, *, #637, .F. ) ;
#1788 = CARTESIAN_POINT ( 'NONE',  ( 20.00000000000000000, 0.000000000000000000, 4.000000000000009770 ) ) ;
#1789 = AXIS2_PLACEMENT_3D ( 'NONE', #1131, #958, #1331 ) ;
#1790 = ORIENTED_EDGE ( 'NONE', *, *, #2219, .F. ) ;
#1791 = CARTESIAN_POINT ( 'NONE',  ( 35.14999999999998437, 0.000000000000000000, -10.91345476208031862 ) ) ;
#1792 = EDGE_CURVE ( 'NONE', #1080, #2237, #2176, .T. ) ;
#1793 = DIRECTION ( 'NONE',  ( 0.000000000000000000, 0.000000000000000000, -1.000000000000000000 ) ) ;
#1794 = EDGE_LOOP ( 'NONE', ( #2000, #453, #1123, #361 ) ) ;
#1795 = CARTESIAN_POINT ( 'NONE',  ( -25.15000000000000568, 39.79949748426479772, -39.99999999999999289 ) ) ;
#1796 = EDGE_LOOP ( 'NONE', ( #203, #1666, #135, #979 ) ) ;
#1797 = CARTESIAN_POINT ( 'NONE',  ( -35.15000000000000568, 7.000000000000000000, 4.000000000000007994 ) ) ;
#1798 = AXIS2_PLACEMENT_3D ( 'NONE', #1035, #684, #1393 ) ;
#1799 = ORIENTED_EDGE ( 'NONE', *, *, #1430, .F. ) ;
#1800 = DIRECTION ( 'NONE',  ( -1.000000000000000000, 0.000000000000000000, 0.000000000000000000 ) ) ;
#1801 = ADVANCED_FACE ( 'NONE', ( #713 ), #660, .F. ) ;
#1802 = CARTESIAN_POINT ( 'NONE',  ( 35.14999999999999147, -39.79949748426479772, -39.99999999999999289 ) ) ;
#1803 = DIRECTION ( 'NONE',  ( 1.000000000000000000, 0.000000000000000000, 0.000000000000000000 ) ) ;
#1804 = VERTEX_POINT ( 'NONE', #889 ) ;
#1805 = EDGE_CURVE ( 'NONE', #377, #29, #1214, .T. ) ;
#1806 = DIRECTION ( 'NONE',  ( 0.000000000000000000, 0.000000000000000000, 1.000000000000000000 ) ) ;
#1807 = DIRECTION ( 'NONE',  ( -0.000000000000000000, -0.000000000000000000, 1.000000000000000000 ) ) ;
#1808 = DIRECTION ( 'NONE',  ( 0.000000000000000000, 0.000000000000000000, -1.000000000000000000 ) ) ;
#1809 = ORIENTED_EDGE ( 'NONE', *, *, #56, .F. ) ;
#1810 = LINE ( 'NONE', #2188, #731 ) ;
#1811 = CARTESIAN_POINT ( 'NONE',  ( 30.15000000000001279, -45.00000000000000000, 4.001000000000011880 ) ) ;
#1812 = CARTESIAN_POINT ( 'NONE',  ( 25.14999999999999147, -7.000000000000000000, 0.000000000000000000 ) ) ;
#1813 = ORIENTED_EDGE ( 'NONE', *, *, #2139, .T. ) ;
#1814 = DIRECTION ( 'NONE',  ( 0.000000000000000000, 0.000000000000000000, -1.000000000000000000 ) ) ;
#1815 = CARTESIAN_POINT ( 'NONE',  ( 35.17067978376198312, 7.000000000000000000, 4.000000000000008882 ) ) ;
#1816 = EDGE_CURVE ( 'NONE', #2212, #1103, #1772, .T. ) ;
#1817 = LINE ( 'NONE', #2033, #1898 ) ;
#1818 = PRODUCT_CONTEXT ( 'NONE', #608, 'mechanical' ) ;
#1819 = CARTESIAN_POINT ( 'NONE',  ( 25.15000000000001279, -36.00000000000000000, -39.99999999999999289 ) ) ;
#1820 = ORIENTED_EDGE ( 'NONE', *, *, #650, .F. ) ;
#1821 = DIRECTION ( 'NONE',  ( 1.000000000000000000, 0.000000000000000000, 0.000000000000000000 ) ) ;
#1822 = VECTOR ( 'NONE', #2090, 1000.000000000000000 ) ;
#1823 = ORIENTED_EDGE ( 'NONE', *, *, #988, .F. ) ;
#1824 = VECTOR ( 'NONE', #1005, 1000.000000000000000 ) ;
#1825 = CARTESIAN_POINT ( 'NONE',  ( -27.09352722521639834, 3.467928824065049653, -9.304930660397040754 ) ) ;
#1826 = ORIENTED_EDGE ( 'NONE', *, *, #511, .T. ) ;
#1827 = CYLINDRICAL_SURFACE ( 'NONE', #1989, 39.99999999999999289 ) ;
#1828 = DIRECTION ( 'NONE',  ( 1.000000000000000000, 0.000000000000000000, 0.000000000000000000 ) ) ;
#1829 = DIRECTION ( 'NONE',  ( -1.000000000000000000, 0.000000000000000000, 0.000000000000000000 ) ) ;
#1830 = EDGE_CURVE ( 'NONE', #651, #413, #2314, .T. ) ;
#1831 = AXIS2_PLACEMENT_3D ( 'NONE', #288, #104, #1866 ) ;
#1832 = FACE_OUTER_BOUND ( 'NONE', #923, .T. ) ;
#1833 = AXIS2_PLACEMENT_3D ( 'NONE', #2240, #2077, #1040 ) ;
#1834 = ORIENTED_EDGE ( 'NONE', *, *, #2204, .T. ) ;
#1835 = ADVANCED_FACE ( 'NONE', ( #1428 ), #1365, .F. ) ;
#1836 = DIRECTION ( 'NONE',  ( -1.000000000000000000, 0.000000000000000000, 0.000000000000000000 ) ) ;
#1837 = CARTESIAN_POINT ( 'NONE',  ( 25.14999999999999147, -2.607593433851111531, -8.056537905152680423 ) ) ;
#1838 = EDGE_LOOP ( 'NONE', ( #2228, #835, #1015, #1601 ) ) ;
#1839 = DIRECTION ( 'NONE',  ( -0.000000000000000000, -0.000000000000000000, 1.000000000000000000 ) ) ;
#1840 = FACE_BOUND ( 'NONE', #594, .T. ) ;
#1841 = CARTESIAN_POINT ( 'NONE',  ( 26.66935454947886797, 4.186475409220870247, -9.319869399253031261 ) ) ;
#1842 = PRODUCT_DEFINITION ( 'UNKNOWN', '', #1694, #999 ) ;
#1843 = VERTEX_POINT ( 'NONE', #2278 ) ;
#1844 = CYLINDRICAL_SURFACE ( 'NONE', #1465, 1.649999999999998579 ) ;
#1845 = ADVANCED_FACE ( 'NONE', ( #2134 ), #1653, .F. ) ;
#1846 = VERTEX_POINT ( 'NONE', #519 ) ;
#1847 = LINE ( 'NONE', #1174, #1077 ) ;
#1848 = CARTESIAN_POINT ( 'NONE',  ( -27.71840713193776651, 1.918524418268037657, -9.277917253080936177 ) ) ;
#1849 = ORIENTED_EDGE ( 'NONE', *, *, #653, .F. ) ;
#1850 = DIRECTION ( 'NONE',  ( -1.000000000000000000, 0.000000000000000000, 0.000000000000000000 ) ) ;
#1851 = CARTESIAN_POINT ( 'NONE',  ( 30.15000000000000568, 45.00000000000000000, 4.001000000000011880 ) ) ;
#1852 = CARTESIAN_POINT ( 'NONE',  ( 2.081668171172168513E-14, 0.000000000000000000, -193.2313432835825040 ) ) ;
#1853 = ORIENTED_EDGE ( 'NONE', *, *, #611, .T. ) ;
#1854 = CARTESIAN_POINT ( 'NONE',  ( -28.49999999999999289, -45.00000000000000000, -43.99999999999999289 ) ) ;
#1855 = EDGE_LOOP ( 'NONE', ( #314, #1734, #77, #850, #1125, #1401 ) ) ;
#1856 = CARTESIAN_POINT ( 'NONE',  ( 24.74078005404874148, -3.220951268039658366, -8.918903898580925471 ) ) ;
#1857 = ADVANCED_FACE ( 'NONE', ( #1922 ), #340, .F. ) ;
#1858 = CARTESIAN_POINT ( 'NONE',  ( -25.10303859559863326, -0.7262850405542280452, -6.794919952707720867 ) ) ;
#1859 = ORIENTED_EDGE ( 'NONE', *, *, #1072, .F. ) ;
#1860 = AXIS2_PLACEMENT_3D ( 'NONE', #1942, #1415, #1955 ) ;
#1861 = FACE_OUTER_BOUND ( 'NONE', #1794, .T. ) ;
#1862 = AXIS2_PLACEMENT_3D ( 'NONE', #748, #901, #590 ) ;
#1863 = ORIENTED_EDGE ( 'NONE', *, *, #693, .F. ) ;
#1864 = CARTESIAN_POINT ( 'NONE',  ( 27.65294709633795733, 2.193778061960380832, -9.281211108871341153 ) ) ;
#1865 = VERTEX_POINT ( 'NONE', #1791 ) ;
#1866 = DIRECTION ( 'NONE',  ( 1.000000000000000000, 0.000000000000000000, 0.000000000000000000 ) ) ;
#1867 = AXIS2_PLACEMENT_3D ( 'NONE', #2275, #1391, #2097 ) ;
#1868 = ORIENTED_EDGE ( 'NONE', *, *, #9, .T. ) ;
#1869 = CARTESIAN_POINT ( 'NONE',  ( 25.14999999999999147, 0.2840094859239379321, -6.820741983343942216 ) ) ;
#1870 = AXIS2_PLACEMENT_3D ( 'NONE', #1431, #908, #1611 ) ;
#1871 = CARTESIAN_POINT ( 'NONE',  ( -23.90002458601860624, -3.357718399995646585, -6.861933498662083686 ) ) ;
#1872 = ADVANCED_FACE ( 'NONE', ( #2145 ), #1549, .F. ) ;
#1873 = ORIENTED_EDGE ( 'NONE', *, *, #1248, .F. ) ;
#1874 = DIRECTION ( 'NONE',  ( 0.000000000000000000, -0.000000000000000000, 1.000000000000000000 ) ) ;
#1875 = EDGE_CURVE ( 'NONE', #35, #581, #1482, .T. ) ;
#1876 = CARTESIAN_POINT ( 'NONE',  ( -25.14999999999999858, -49.99999999999999289, -39.99999999999999289 ) ) ;
#1877 = ORIENTED_EDGE ( 'NONE', *, *, #1236, .T. ) ;
#1878 = DIRECTION ( 'NONE',  ( -1.000000000000000000, 0.000000000000000000, 0.000000000000000000 ) ) ;
#1879 = CARTESIAN_POINT ( 'NONE',  ( -30.15000000000000568, 45.00000000000000000, 4.001000000000011880 ) ) ;
#1880 = CARTESIAN_POINT ( 'NONE',  ( 25.77069790581170139, 0.3928580655220637596, -8.929646750065259653 ) ) ;
#1881 = CARTESIAN_POINT ( 'NONE',  ( -25.15000000000000568, 0.000000000000000000, -44.00000000000000000 ) ) ;
#1882 = B_SPLINE_CURVE_WITH_KNOTS ( 'NONE', 3,
 ( #2225, #70, #630, #302, #443, #1520, #641, #2039, #117, #479, #1869, #429, #1185, #604, #1009, #291, #1313, #839, #1837, #1700, #265, #2199 ),
 .UNSPECIFIED., .F., .F.,
 ( 4, 2, 2, 2, 2, 2, 2, 2, 2, 2, 4 ),
 ( 1.563658610346375418E-17, 0.001579847519732080832, 0.003159695039464146052, 0.004739542559196213874, 0.005529466319062247351, 0.006319390078928280828, 0.007109313838794314305, 0.007899237598660348650, 0.008689161358526381260, 0.009479085118392417339, 0.01263878015785655645 ),
 .UNSPECIFIED. ) ;
#1883 = ORIENTED_EDGE ( 'NONE', *, *, #2082, .T. ) ;
#1884 = LINE ( 'NONE', #2308, #1974 ) ;
#1885 = B_SPLINE_CURVE_WITH_KNOTS ( 'NONE', 3,
 ( #871, #1071, #1899, #165, #1570, #1929, #321, #2262, #1044, #1559, #1716, #893 ),
 .UNSPECIFIED., .F., .F.,
 ( 4, 2, 2, 2, 2, 4 ),
 ( 0.006013720735535396655, 0.006852806486466429987, 0.007691892237397463319, 0.009370063739259524779, 0.01104823524112158450, 0.01272640674298364423 ),
 .UNSPECIFIED. ) ;
#1886 = EDGE_CURVE ( 'NONE', #861, #1688, #779, .T. ) ;
#1887 = CARTESIAN_POINT ( 'NONE',  ( -21.69999999999998508, -2.241103642439657471E-15, 0.000000000000000000 ) ) ;
#1888 = ORIENTED_EDGE ( 'NONE', *, *, #2164, .F. ) ;
#1889 = CARTESIAN_POINT ( 'NONE',  ( 25.15000000000000568, 36.00000000000000000, -39.99999999999999289 ) ) ;
#1890 = DIRECTION ( 'NONE',  ( -1.000000000000000000, 0.000000000000000000, 0.000000000000000000 ) ) ;
#1891 = ORIENTED_EDGE ( 'NONE', *, *, #2112, .T. ) ;
#1892 = CARTESIAN_POINT ( 'NONE',  ( -34.74335528934891215, 0.000000000000000000, -10.42224728051015248 ) ) ;
#1893 = FACE_BOUND ( 'NONE', #160, .T. ) ;
#1894 = CARTESIAN_POINT ( 'NONE',  ( -35.15000000000000568, -39.79949748426479772, -39.99999999999999289 ) ) ;
#1895 = ORIENTED_EDGE ( 'NONE', *, *, #1537, .F. ) ;
#1896 = VECTOR ( 'NONE', #1680, 1000.000000000000000 ) ;
#1897 = LINE ( 'NONE', #2271, #834 ) ;
#1898 = VECTOR ( 'NONE', #422, 1000.000000000000000 ) ;
#1899 = CARTESIAN_POINT ( 'NONE',  ( -25.57299131822506055, -5.436596728243331178, -9.338730379863042330 ) ) ;
#1900 = VECTOR ( 'NONE', #1155, 1000.000000000000000 ) ;
#1901 = EDGE_CURVE ( 'NONE', #816, #1930, #1212, .T. ) ;
#1902 = ORIENTED_EDGE ( 'NONE', *, *, #1236, .F. ) ;
#1903 = DIRECTION ( 'NONE',  ( 1.000000000000000000, 0.000000000000000000, 0.000000000000000000 ) ) ;
#1904 = DIRECTION ( 'NONE',  ( -0.000000000000000000, -0.000000000000000000, -1.000000000000000000 ) ) ;
#1905 = ORIENTED_EDGE ( 'NONE', *, *, #882, .T. ) ;
#1906 = EDGE_CURVE ( 'NONE', #62, #215, #2167, .T. ) ;
#1907 = DIRECTION ( 'NONE',  ( 0.000000000000000000, 0.000000000000000000, -1.000000000000000000 ) ) ;
#1908 = VECTOR ( 'NONE', #1470, 1000.000000000000000 ) ;
#1909 = DIRECTION ( 'NONE',  ( 0.000000000000000000, 1.000000000000000000, 0.000000000000000000 ) ) ;
#1910 = LINE ( 'NONE', #1187, #1319 ) ;
#1911 = AXIS2_PLACEMENT_3D ( 'NONE', #2169, #585, #1280 ) ;
#1912 = ORIENTED_EDGE ( 'NONE', *, *, #1816, .F. ) ;
#1913 = CIRCLE ( 'NONE', #1546, 1.649999999999998579 ) ;
#1914 = CARTESIAN_POINT ( 'NONE',  ( -25.14999999999999858, -49.99999999999999289, -43.99999999999999289 ) ) ;
#1915 = ORIENTED_EDGE ( 'NONE', *, *, #1433, .T. ) ;
#1916 = LINE ( 'NONE', #335, #463 ) ;
#1917 = VECTOR ( 'NONE', #705, 1000.000000000000000 ) ;
#1918 = ORIENTED_EDGE ( 'NONE', *, *, #837, .F. ) ;
#1919 = CARTESIAN_POINT ( 'NONE',  ( 0.000000000000000000, 7.000000000000000000, 0.000000000000000000 ) ) ;
#1920 = CARTESIAN_POINT ( 'NONE',  ( -34.64999999999999858, 0.000000000000000000, -10.91345476208032572 ) ) ;
#1921 = EDGE_LOOP ( 'NONE', ( #983, #1545, #14, #753 ) ) ;
#1922 = FACE_OUTER_BOUND ( 'NONE', #1730, .T. ) ;
#1923 = ADVANCED_FACE ( 'NONE', ( #1991 ), #917, .F. ) ;
#1924 = FACE_BOUND ( 'NONE', #488, .T. ) ;
#1925 = LINE ( 'NONE', #1041, #1500 ) ;
#1926 = VERTEX_POINT ( 'NONE', #22 ) ;
#1927 = CARTESIAN_POINT ( 'NONE',  ( -25.15000000000000568, 39.79949748426479772, -39.99999999999999289 ) ) ;
#1928 = ORIENTED_EDGE ( 'NONE', *, *, #934, .F. ) ;
#1929 = CARTESIAN_POINT ( 'NONE',  ( -26.66935454947888928, -4.186475409220865807, -9.319869399253063236 ) ) ;
#1930 = VERTEX_POINT ( 'NONE', #216 ) ;
#1931 = DIRECTION ( 'NONE',  ( 0.000000000000000000, 0.000000000000000000, -1.000000000000000000 ) ) ;
#1932 = DIRECTION ( 'NONE',  ( 0.000000000000000000, 1.000000000000000000, 0.000000000000000000 ) ) ;
#1933 = ORIENTED_EDGE ( 'NONE', *, *, #1736, .T. ) ;
#1934 = PLANE ( 'NONE',  #1651 ) ;
#1935 = DIRECTION ( 'NONE',  ( 1.000000000000000000, -0.000000000000000000, -0.000000000000000000 ) ) ;
#1936 = VECTOR ( 'NONE', #357, 1000.000000000000000 ) ;
#1937 = ORIENTED_EDGE ( 'NONE', *, *, #2301, .F. ) ;
#1938 = EDGE_CURVE ( 'NONE', #308, #2309, #376, .T. ) ;
#1939 = DIRECTION ( 'NONE',  ( 0.000000000000000000, 0.000000000000000000, 1.000000000000000000 ) ) ;
#1940 = VERTEX_POINT ( 'NONE', #929 ) ;
#1941 = AXIS2_PLACEMENT_3D ( 'NONE', #485, #1939, #1055 ) ;
#1942 = CARTESIAN_POINT ( 'NONE',  ( 8.180242321135701305E-16, 15.00000000000000178, 0.000000000000000000 ) ) ;
#1943 = ORIENTED_EDGE ( 'NONE', *, *, #580, .F. ) ;
#1944 = LINE ( 'NONE', #2074, #395 ) ;
#1945 = VECTOR ( 'NONE', #811, 1000.000000000000000 ) ;
#1946 = ADVANCED_BREP_SHAPE_REPRESENTATION ( 'thruster_holder_2', ( #991, #1037 ), #47 ) ;
#1947 = PLANE ( 'NONE',  #769 ) ;
#1948 = CARTESIAN_POINT ( 'NONE',  ( 0.000000000000000000, 0.000000000000000000, -39.99999999999999289 ) ) ;
#1949 = VECTOR ( 'NONE', #614, 1000.000000000000000 ) ;
#1950 = CARTESIAN_POINT ( 'NONE',  ( 35.14999999999999147, -7.000000000000000000, -5.999999999999992006 ) ) ;
#1951 = EDGE_CURVE ( 'NONE', #1926, #846, #2135, .T. ) ;
#1952 = VECTOR ( 'NONE', #533, 1000.000000000000000 ) ;
#1953 = ORIENTED_EDGE ( 'NONE', *, *, #1965, .F. ) ;
#1954 = VECTOR ( 'NONE', #751, 1000.000000000000000 ) ;
#1955 = DIRECTION ( 'NONE',  ( -1.000000000000000000, 0.000000000000000000, 0.000000000000000000 ) ) ;
#1956 = AXIS2_PLACEMENT_3D ( 'NONE', #551, #1257, #1564 ) ;
#1957 = EDGE_LOOP ( 'NONE', ( #1053, #645, #1094, #1787 ) ) ;
#1958 = CARTESIAN_POINT ( 'NONE',  ( 4.287471184067184615E-15, -14.99999999999999645, -84.00099999999999056 ) ) ;
#1959 = LINE ( 'NONE', #1419, #1032 ) ;
#1960 = DIRECTION ( 'NONE',  ( -0.000000000000000000, -1.000000000000000000, -0.000000000000000000 ) ) ;
#1961 =( LENGTH_UNIT ( ) NAMED_UNIT ( * ) SI_UNIT ( .MILLI., .METRE. ) );
#1962 = EDGE_LOOP ( 'NONE', ( #501, #1422, #508, #290 ) ) ;
#1963 = DIRECTION ( 'NONE',  ( 0.000000000000000000, 0.000000000000000000, -1.000000000000000000 ) ) ;
#1964 = ORIENTED_EDGE ( 'NONE', *, *, #147, .T. ) ;
#1965 = EDGE_CURVE ( 'NONE', #1522, #1176, #754, .T. ) ;
#1966 = PLANE ( 'NONE',  #1255 ) ;
#1967 = CARTESIAN_POINT ( 'NONE',  ( 21.72500000000000142, 0.000000000000000000, 4.000000000000009770 ) ) ;
#1968 = FACE_OUTER_BOUND ( 'NONE', #137, .T. ) ;
#1969 = DIRECTION ( 'NONE',  ( 1.000000000000000000, 0.000000000000000000, 0.000000000000000000 ) ) ;
#1970 = ORIENTED_EDGE ( 'NONE', *, *, #1720, .T. ) ;
#1971 = DIRECTION ( 'NONE',  ( -0.000000000000000000, -0.000000000000000000, 1.000000000000000000 ) ) ;
#1972 = CARTESIAN_POINT ( 'NONE',  ( -4.999999999999997335, -19.99999999999999645, 0.000000000000000000 ) ) ;
#1973 = DIRECTION ( 'NONE',  ( -0.000000000000000000, -0.000000000000000000, 1.000000000000000000 ) ) ;
#1974 = VECTOR ( 'NONE', #1729, 1000.000000000000000 ) ;
#1975 = EDGE_CURVE ( 'NONE', #2241, #293, #364, .T. ) ;
#1976 = EDGE_LOOP ( 'NONE', ( #57, #793, #955, #398 ) ) ;
#1977 = AXIS2_PLACEMENT_3D ( 'NONE', #1239, #681, #497 ) ;
#1978 = DIRECTION ( 'NONE',  ( -1.000000000000000000, 0.000000000000000000, 0.000000000000000000 ) ) ;
#1979 = EDGE_CURVE ( 'NONE', #1522, #274, #1070, .T. ) ;
#1980 = AXIS2_PLACEMENT_3D ( 'NONE', #2142, #1261, #1963 ) ;
#1981 = FACE_BOUND ( 'NONE', #643, .T. ) ;
#1982 = ORIENTED_EDGE ( 'NONE', *, *, #882, .F. ) ;
#1983 = AXIS2_PLACEMENT_3D ( 'NONE', #1919, #1046, #2264 ) ;
#1984 = CARTESIAN_POINT ( 'NONE',  ( 20.00000000000000000, 0.000000000000000000, 4.000000000000009770 ) ) ;
#1985 = DIRECTION ( 'NONE',  ( 0.000000000000000000, 1.000000000000000000, 0.000000000000000000 ) ) ;
#1986 = CIRCLE ( 'NONE', #2138, 1.649999999999998579 ) ;
#1987 = SHAPE_DEFINITION_REPRESENTATION ( #1274, #1946 ) ;
#1988 = CARTESIAN_POINT ( 'NONE',  ( -4.999999999999997335, -19.99999999999999645, 4.000000000000007994 ) ) ;
#1989 = AXIS2_PLACEMENT_3D ( 'NONE', #2194, #588, #664 ) ;
#1990 = VERTEX_POINT ( 'NONE', #1114 ) ;
#1991 = FACE_OUTER_BOUND ( 'NONE', #1624, .T. ) ;
#1992 = EDGE_CURVE ( 'NONE', #1249, #948, #1639, .T. ) ;
#1993 = EDGE_CURVE ( 'NONE', #1262, #843, #1810, .T. ) ;
#1994 = DIRECTION ( 'NONE',  ( -0.000000000000000000, -0.000000000000000000, -1.000000000000000000 ) ) ;
#1995 = FACE_BOUND ( 'NONE', #2078, .T. ) ;
#1996 = ORIENTED_EDGE ( 'NONE', *, *, #866, .T. ) ;
#1997 = CARTESIAN_POINT ( 'NONE',  ( 2.081668171172168513E-14, 0.000000000000000000, -193.2313432835825040 ) ) ;
#1998 = DIRECTION ( 'NONE',  ( -0.000000000000000000, -0.000000000000000000, 1.000000000000000000 ) ) ;
#1999 = DIRECTION ( 'NONE',  ( -1.000000000000000000, -0.000000000000000000, -0.000000000000000000 ) ) ;
#2000 = ORIENTED_EDGE ( 'NONE', *, *, #2221, .F. ) ;
#2001 = DIRECTION ( 'NONE',  ( 0.000000000000000000, 0.000000000000000000, 1.000000000000000000 ) ) ;
#2002 = ORIENTED_EDGE ( 'NONE', *, *, #132, .T. ) ;
#2003 = CARTESIAN_POINT ( 'NONE',  ( -24.36546262987574707, -3.712138075272900739, -8.911156337432300845 ) ) ;
#2004 = EDGE_CURVE ( 'NONE', #274, #1522, #2248, .T. ) ;
#2005 = ORIENTED_EDGE ( 'NONE', *, *, #2080, .T. ) ;
#2006 = CARTESIAN_POINT ( 'NONE',  ( 25.53882417297216278, 5.490034005324581301, -9.340595614965474525 ) ) ;
#2007 = DIRECTION ( 'NONE',  ( 0.000000000000000000, 0.000000000000000000, -1.000000000000000000 ) ) ;
#2008 = DIRECTION ( 'NONE',  ( 1.000000000000000000, 0.000000000000000000, 0.000000000000000000 ) ) ;
#2009 = ORIENTED_EDGE ( 'NONE', *, *, #906, .T. ) ;
#2010 = DIRECTION ( 'NONE',  ( -1.000000000000000000, 0.000000000000000000, 0.000000000000000000 ) ) ;
#2011 = ORIENTED_EDGE ( 'NONE', *, *, #84, .F. ) ;
#2012 = VECTOR ( 'NONE', #895, 1000.000000000000000 ) ;
#2013 = CARTESIAN_POINT ( 'NONE',  ( 24.22849089416943613, -2.919521602655087200, -6.850211751689958106 ) ) ;
#2014 = VECTOR ( 'NONE', #2206, 1000.000000000000000 ) ;
#2015 = CARTESIAN_POINT ( 'NONE',  ( -24.83554361232160090, -1.779830927196336399, -6.816343656855742061 ) ) ;
#2016 = ORIENTED_EDGE ( 'NONE', *, *, #650, .T. ) ;
#2017 = CARTESIAN_POINT ( 'NONE',  ( 24.94933102265449421, 1.434943168410989678, -6.807424297514056200 ) ) ;
#2018 = EDGE_CURVE ( 'NONE', #1785, #1276, #1277, .T. ) ;
#2019 = CARTESIAN_POINT ( 'NONE',  ( 5.000000000000002665, 7.000000000000000000, 0.000000000000000000 ) ) ;
#2020 = FACE_OUTER_BOUND ( 'NONE', #1957, .T. ) ;
#2021 = VECTOR ( 'NONE', #2312, 1000.000000000000000 ) ;
#2022 = EDGE_CURVE ( 'NONE', #1223, #2197, #593, .T. ) ;
#2023 = DIRECTION ( 'NONE',  ( 1.000000000000000000, 0.000000000000000000, 0.000000000000000000 ) ) ;
#2024 = AXIS2_PLACEMENT_3D ( 'NONE', #1881, #1578, #865 ) ;
#2025 = VERTEX_POINT ( 'NONE', #732 ) ;
#2026 = LINE ( 'NONE', #441, #618 ) ;
#2027 = CIRCLE ( 'NONE', #1508, 1.649999999999995248 ) ;
#2028 = EDGE_LOOP ( 'NONE', ( #1799, #1109, #1502, #1696 ) ) ;
#2029 = CARTESIAN_POINT ( 'NONE',  ( -30.15000000000000568, 45.00000000000000000, -43.99999999999999289 ) ) ;
#2030 = CARTESIAN_POINT ( 'NONE',  ( -25.54356696479107924, 1.576078513889586086, -8.928614547859210049 ) ) ;
#2031 = VERTEX_POINT ( 'NONE', #238 ) ;
#2032 = LINE ( 'NONE', #1488, #940 ) ;
#2033 = CARTESIAN_POINT ( 'NONE',  ( 5.000000000000002665, -19.99999999999999645, 4.000000000000007994 ) ) ;
#2034 = PLANE ( 'NONE',  #2166 ) ;
#2035 = ADVANCED_FACE ( 'NONE', ( #393 ), #602, .T. ) ;
#2036 = EDGE_LOOP ( 'NONE', ( #146, #1715, #1868, #2016 ) ) ;
#2037 = DIRECTION ( 'NONE',  ( -0.000000000000000000, -0.000000000000000000, 1.000000000000000000 ) ) ;
#2038 = ORIENTED_EDGE ( 'NONE', *, *, #263, .T. ) ;
#2039 = CARTESIAN_POINT ( 'NONE',  ( 25.14999999999998792, 1.261824963072598171, -7.241029982526494990 ) ) ;
#2040 = CARTESIAN_POINT ( 'NONE',  ( -25.72797103900318305, 0.7915556377308696767, -8.929550320910120575 ) ) ;
#2041 = ORIENTED_EDGE ( 'NONE', *, *, #894, .T. ) ;
#2042 = CARTESIAN_POINT ( 'NONE',  ( 0.000000000000000000, 0.000000000000000000, -39.99999999999999289 ) ) ;
#2043 = CARTESIAN_POINT ( 'NONE',  ( -18.30000000000001492, -2.449293598294706119E-15, 0.000000000000000000 ) ) ;
#2044 = DIRECTION ( 'NONE',  ( 1.000000000000000000, 0.000000000000000000, 0.000000000000000000 ) ) ;
#2045 = VECTOR ( 'NONE', #2260, 1000.000000000000000 ) ;
#2046 = ORIENTED_EDGE ( 'NONE', *, *, #295, .F. ) ;
#2047 = DIRECTION ( 'NONE',  ( 1.000000000000000000, -0.000000000000000000, -0.000000000000000000 ) ) ;
#2048 = DIRECTION ( 'NONE',  ( 0.000000000000000000, 0.000000000000000000, 1.000000000000000000 ) ) ;
#2049 = ADVANCED_FACE ( 'NONE', ( #460 ), #998, .F. ) ;
#2050 = ORIENTED_EDGE ( 'NONE', *, *, #1598, .T. ) ;
#2051 = CARTESIAN_POINT ( 'NONE',  ( 25.53860000139627573, -5.490234643404227732, -9.340596663393512245 ) ) ;
#2052 = EDGE_CURVE ( 'NONE', #2165, #1049, #1645, .T. ) ;
#2053 = CARTESIAN_POINT ( 'NONE',  ( -27.46877427895780244, -2.706992524766698605, -9.290148808280944692 ) ) ;
#2054 = VECTOR ( 'NONE', #561, 1000.000000000000000 ) ;
#2055 = ORIENTED_EDGE ( 'NONE', *, *, #1499, .F. ) ;
#2056 = AXIS2_PLACEMENT_3D ( 'NONE', #372, #1550, #2120 ) ;
#2057 = DIRECTION ( 'NONE',  ( -1.000000000000000000, 0.000000000000000000, 0.000000000000000000 ) ) ;
#2058 = CIRCLE ( 'NONE', #46, 40.00000000000000000 ) ;
#2059 = DIRECTION ( 'NONE',  ( -0.000000000000000000, -0.000000000000000000, 1.000000000000000000 ) ) ;
#2060 = VERTEX_POINT ( 'NONE', #1671 ) ;
#2061 = DIRECTION ( 'NONE',  ( -0.000000000000000000, -0.000000000000000000, 1.000000000000000000 ) ) ;
#2062 = CARTESIAN_POINT ( 'NONE',  ( -20.00000000000000000, -2.449293598294706119E-15, 0.000000000000000000 ) ) ;
#2063 = AXIS2_PLACEMENT_3D ( 'NONE', #1107, #1610, #11 ) ;
#2064 = CARTESIAN_POINT ( 'NONE',  ( 24.06997395277899443, -4.023625066876840073, -8.903476395810022481 ) ) ;
#2065 = TOROIDAL_SURFACE ( 'NONE', #812, 33.08654523791967961, 0.4999999999999824585 ) ;
#2066 = CARTESIAN_POINT ( 'NONE',  ( 25.59788202601662377, -1.381187688846204686, -8.928915454630484305 ) ) ;
#2067 = PLANE ( 'NONE',  #1833 ) ;
#2068 = CARTESIAN_POINT ( 'NONE',  ( -25.15000000000000213, 3.317177577775386688, -8.463298200204453892 ) ) ;
#2069 = VERTEX_POINT ( 'NONE', #1697 ) ;
#2070 = ADVANCED_FACE ( 'NONE', ( #1170 ), #806, .F. ) ;
#2071 = FACE_OUTER_BOUND ( 'NONE', #884, .T. ) ;
#2072 = CARTESIAN_POINT ( 'NONE',  ( -28.49999999999999289, -45.00000000000000000, -39.99999999999999289 ) ) ;
#2073 = EDGE_LOOP ( 'NONE', ( #1013, #827, #819, #2274 ) ) ;
#2074 = CARTESIAN_POINT ( 'NONE',  ( 1.650000000000001021, 15.00000000000000178, -84.00099999999999056 ) ) ;
#2075 = EDGE_LOOP ( 'NONE', ( #244, #1, #1790, #648, #655 ) ) ;
#2076 = DIRECTION ( 'NONE',  ( 0.000000000000000000, 0.000000000000000000, -1.000000000000000000 ) ) ;
#2077 = DIRECTION ( 'NONE',  ( 0.000000000000000000, 1.000000000000000000, 0.000000000000000000 ) ) ;
#2078 = EDGE_LOOP ( 'NONE', ( #2202, #619 ) ) ;
#2079 = DIRECTION ( 'NONE',  ( -1.000000000000000000, -0.000000000000000000, -0.000000000000000000 ) ) ;
#2080 = EDGE_CURVE ( 'NONE', #803, #1192, #1527, .T. ) ;
#2081 = CARTESIAN_POINT ( 'NONE',  ( -26.95917830014127503, 3.705859726791145725, -9.309790788913495874 ) ) ;
#2082 = EDGE_CURVE ( 'NONE', #1425, #1483, #170, .T. ) ;
#2083 = VERTEX_POINT ( 'NONE', #2249 ) ;
#2084 = DIRECTION ( 'NONE',  ( -0.000000000000000000, -0.000000000000000000, 1.000000000000000000 ) ) ;
#2085 = EDGE_LOOP ( 'NONE', ( #1476, #1334, #1849, #2187, #1912 ) ) ;
#2086 = DIRECTION ( 'NONE',  ( 0.000000000000000000, 1.000000000000000000, 0.000000000000000000 ) ) ;
#2087 = DIRECTION ( 'NONE',  ( -0.002067973954322527980, 0.000000000000000000, -0.9999978617395761660 ) ) ;
#2088 = ORIENTED_EDGE ( 'NONE', *, *, #1975, .F. ) ;
#2089 = VECTOR ( 'NONE', #971, 1000.000000000000000 ) ;
#2090 = DIRECTION ( 'NONE',  ( 0.000000000000000000, -1.000000000000000000, 0.000000000000000000 ) ) ;
#2091 = CIRCLE ( 'NONE', #1207, 1.649999999999998579 ) ;
#2092 = EDGE_CURVE ( 'NONE', #1641, #317, #845, .T. ) ;
#2093 = CARTESIAN_POINT ( 'NONE',  ( -25.15000000000000924, 5.801753405944154451, -9.339638914908871214 ) ) ;
#2094 = VECTOR ( 'NONE', #1614, 1000.000000000000000 ) ;
#2095 = ORIENTED_EDGE ( 'NONE', *, *, #371, .F. ) ;
#2096 = EDGE_CURVE ( 'NONE', #2069, #1641, #476, .T. ) ;
#2097 = DIRECTION ( 'NONE',  ( 0.000000000000000000, -0.000000000000000000, -1.000000000000000000 ) ) ;
#2098 = ORIENTED_EDGE ( 'NONE', *, *, #1609, .T. ) ;
#2099 = LINE ( 'NONE', #1409, #888 ) ;
#2100 = CARTESIAN_POINT ( 'NONE',  ( 35.17067978376198312, -7.000000000000000000, 4.000000000000008882 ) ) ;
#2101 = CARTESIAN_POINT ( 'NONE',  ( -25.15000000000000568, 0.000000000000000000, -43.99999999999999289 ) ) ;
#2102 = MECHANICAL_DESIGN_GEOMETRIC_PRESENTATION_REPRESENTATION (  '', ( #344 ), #1647 ) ;
#2103 = ORIENTED_EDGE ( 'NONE', *, *, #2285, .T. ) ;
#2104 = AXIS2_PLACEMENT_3D ( 'NONE', #1112, #31, #2186 ) ;
#2105 = CARTESIAN_POINT ( 'NONE',  ( -4.999999999999997335, -6.999999999999999112, 4.000000000000007994 ) ) ;
#2106 = ORIENTED_EDGE ( 'NONE', *, *, #1495, .T. ) ;
#2107 = DIRECTION ( 'NONE',  ( 0.000000000000000000, 0.000000000000000000, -1.000000000000000000 ) ) ;
#2108 = CIRCLE ( 'NONE', #670, 39.99999999999999289 ) ;
#2109 = ORIENTED_EDGE ( 'NONE', *, *, #2221, .T. ) ;
#2110 = CARTESIAN_POINT ( 'NONE',  ( 27.34030267817376370, -2.967821881544139284, -9.295213539520835511 ) ) ;
#2111 = DIRECTION ( 'NONE',  ( 0.000000000000000000, -1.000000000000000000, 0.000000000000000000 ) ) ;
#2112 = EDGE_CURVE ( 'NONE', #1649, #1490, #10, .T. ) ;
#2113 = VERTEX_POINT ( 'NONE', #826 ) ;
#2114 = DIRECTION ( 'NONE',  ( -0.000000000000000000, 0.000000000000000000, -1.000000000000000000 ) ) ;
#2115 = CARTESIAN_POINT ( 'NONE',  ( -24.07015160070818283, -4.023457529561044410, -8.903482091054565117 ) ) ;
#2116 = CARTESIAN_POINT ( 'NONE',  ( -25.15000000000000213, 3.791870174753399159, -8.705889421350683222 ) ) ;
#2117 = EDGE_LOOP ( 'NONE', ( #322, #1343, #867, #1743 ) ) ;
#2118 = DIRECTION ( 'NONE',  ( 0.000000000000000000, -1.000000000000000000, 0.000000000000000000 ) ) ;
#2119 = VERTEX_POINT ( 'NONE', #1854 ) ;
#2120 = DIRECTION ( 'NONE',  ( 0.000000000000000000, -0.000000000000000000, -1.000000000000000000 ) ) ;
#2121 = DIRECTION ( 'NONE',  ( 0.000000000000000000, 0.000000000000000000, 1.000000000000000000 ) ) ;
#2122 = CARTESIAN_POINT ( 'NONE',  ( 0.000000000000000000, 0.000000000000000000, -43.99999999999999289 ) ) ;
#2123 = CARTESIAN_POINT ( 'NONE',  ( 30.15000000000000568, 45.00000000000000000, -39.99999999999999289 ) ) ;
#2124 = ADVANCED_FACE ( 'NONE', ( #427 ), #92, .F. ) ;
#2125 = CARTESIAN_POINT ( 'NONE',  ( -25.15000000000000568, -7.000000000000000000, 0.000000000000000000 ) ) ;
#2126 = EDGE_CURVE ( 'NONE', #843, #1619, #1137, .T. ) ;
#2127 = CARTESIAN_POINT ( 'NONE',  ( 25.15000000000000568, 49.99999999999999289, -39.99999999999999289 ) ) ;
#2128 = EDGE_LOOP ( 'NONE', ( #178, #1820, #1088, #2208 ) ) ;
#2129 = VECTOR ( 'NONE', #1224, 1000.000000000000000 ) ;
#2130 = CARTESIAN_POINT ( 'NONE',  ( -27.34030267817376370, 2.967821881544126850, -9.295213539520833734 ) ) ;
#2131 = ORIENTED_EDGE ( 'NONE', *, *, #1537, .T. ) ;
#2132 = APPLICATION_PROTOCOL_DEFINITION ( 'draft international standard', 'automotive_design', 1998, #608 ) ;
#2133 = AXIS2_PLACEMENT_3D ( 'NONE', #671, #1251, #2286 ) ;
#2134 = FACE_OUTER_BOUND ( 'NONE', #772, .T. ) ;
#2135 = CIRCLE ( 'NONE', #171, 1.725000000000000755 ) ;
#2136 = LINE ( 'NONE', #1600, #1616 ) ;
#2137 = CARTESIAN_POINT ( 'NONE',  ( 25.14999999999999147, 0.000000000000000000, -44.00000000000000000 ) ) ;
#2138 = AXIS2_PLACEMENT_3D ( 'NONE', #802, #1115, #94 ) ;
#2139 = EDGE_CURVE ( 'NONE', #948, #638, #2234, .T. ) ;
#2140 = ORIENTED_EDGE ( 'NONE', *, *, #611, .F. ) ;
#2141 = AXIS2_PLACEMENT_3D ( 'NONE', #2123, #365, #1078 ) ;
#2142 = CARTESIAN_POINT ( 'NONE',  ( -25.14999999999999858, -49.99999999999999289, -39.99999999999999289 ) ) ;
#2143 = CARTESIAN_POINT ( 'NONE',  ( 31.80000000000000071, 45.00000000000000000, -39.99999999999999289 ) ) ;
#2144 = CARTESIAN_POINT ( 'NONE',  ( 8.180242321135701305E-16, 15.00000000000000178, 0.000000000000000000 ) ) ;
#2145 = FACE_OUTER_BOUND ( 'NONE', #1741, .T. ) ;
#2146 = DIRECTION ( 'NONE',  ( 0.000000000000000000, 0.000000000000000000, 1.000000000000000000 ) ) ;
#2147 = ORIENTED_EDGE ( 'NONE', *, *, #1430, .T. ) ;
#2148 = EDGE_CURVE ( 'NONE', #1113, #1249, #2026, .T. ) ;
#2149 = CARTESIAN_POINT ( 'NONE',  ( 25.14999999999999147, -7.000000000000000000, -5.999999999999991118 ) ) ;
#2150 = DIRECTION ( 'NONE',  ( -1.000000000000000000, -0.000000000000000000, -0.000000000000000000 ) ) ;
#2151 = CARTESIAN_POINT ( 'NONE',  ( 0.000000000000000000, 0.000000000000000000, -39.99999999999999289 ) ) ;
#2152 = EDGE_CURVE ( 'NONE', #2277, #1756, #950, .T. ) ;
#2153 = CARTESIAN_POINT ( 'NONE',  ( 0.000000000000000000, 0.000000000000000000, -43.99999999999999289 ) ) ;
#2154 = VERTEX_POINT ( 'NONE', #1007 ) ;
#2155 = CARTESIAN_POINT ( 'NONE',  ( -25.15000000000000568, 49.99999999999999289, -39.99999999999999289 ) ) ;
#2156 =( BOUNDED_SURFACE ( )  B_SPLINE_SURFACE ( 3, 2, ( 
 ( #454, #828, #80 ),
 ( #616, #2064, #2051 ),
 ( #1664, #804, #1538 ),
 ( #2013, #1856, #791 ),
 ( #966, #1326, #1151 ),
 ( #1506, #2213, #277 ),
 ( #986, #386, #1423 ),
 ( #1775, #707, #187 ),
 ( #1144, #1186, #63 ),
 ( #652, #74, #1642 ),
 ( #1129, #2066, #245 ),
 ( #1633, #49, #1710 ),
 ( #2183, #419, #36 ),
 ( #840, #1880, #1497 ),
 ( #1195, #303, #315 ),
 ( #2017, #1010, #119 ),
 ( #773, #1539, #1316 ),
 ( #1667, #758, #1462 ),
 ( #1307, #784, #258 ),
 ( #2239, #1358, #480 ),
 ( #1487, #1477, #2006 ),
 ( #1119, #1656, #1370 ) ),
 .UNSPECIFIED., .F., .F., .T. ) 
 B_SPLINE_SURFACE_WITH_KNOTS ( ( 4, 2, 2, 2, 2, 2, 2, 2, 2, 2, 4 ),
 ( 3, 3 ),
 ( 0.006036684984351493172, 0.007851877598962480470, 0.008759473906267974119, 0.009667070213573466034, 0.01057466652087895795, 0.01148226282818445160, 0.01329745544279543890, 0.01511264805740642619, 0.01692784067201741349, 0.01874303328662840079, 0.02055822590123938462 ),
 ( 0.2096113315518548514, 1.000000000000000000 ),
 .UNSPECIFIED. ) 
 GEOMETRIC_REPRESENTATION_ITEM ( )  RATIONAL_B_SPLINE_SURFACE ( (
 ( 0.9266990568034315645, 0.8251503326325779764, 1.000000000000000000),
 ( 0.9260172158045802959, 0.8235238914621429984, 1.000000000000000000),
 ( 0.9252374411671813181, 0.8216638426002188522, 1.000000000000000000),
 ( 0.9240569346622256042, 0.8188479010759321941, 1.000000000000000000),
 ( 0.9236592650204487054, 0.8178993129465766954, 1.000000000000000000),
 ( 0.9228966587611882044, 0.8160802169711477427, 1.000000000000000000),
 ( 0.9225319012848109956, 0.8152101364423981478, 1.000000000000000000),
 ( 0.9218547940918032646, 0.8135949871372658571, 1.000000000000000000),
 ( 0.9215424165389685118, 0.8128498519613138740, 1.000000000000000000),
 ( 0.9209878474942883031, 0.8115270011388546756, 1.000000000000000000),
 ( 0.9207447359872726889, 0.8109470909183151832, 1.000000000000000000),
 ( 0.9201526484924589244, 0.8095347448146238412, 1.000000000000000000),
 ( 0.9199460762216984389, 0.8090419940906263818, 1.000000000000000000),
 ( 0.9199440144151866949, 0.8090370759249515542, 1.000000000000000000),
 ( 0.9201558043807389620, 0.8095422727670884555, 1.000000000000000000),
 ( 0.9209372648332352362, 0.8114063429170914610, 1.000000000000000000),
 ( 0.9215036429204266355, 0.8127573626424996478, 1.000000000000000000),
 ( 0.9228731462395782792, 0.8160241309727529480, 1.000000000000000000),
 ( 0.9236553766638069263, 0.8178900377880892192, 1.000000000000000000),
 ( 0.9252230721911007816, 0.8216295673156380763, 1.000000000000000000),
 ( 0.9260173821418513640, 0.8235242882376175855, 1.000000000000000000),
 ( 0.9266987891288892554, 0.8251496941304981014, 1.000000000000000000) ) ) 
 REPRESENTATION_ITEM ( '' )  SURFACE ( )  );
#2157 = CARTESIAN_POINT ( 'NONE',  ( -4.999999999999997335, -19.99999999999999645, 4.000000000000007994 ) ) ;
#2158 = ORIENTED_EDGE ( 'NONE', *, *, #15, .T. ) ;
#2159 = PRODUCT ( 'thruster_holder_2', 'thruster_holder_2', '', ( #1818 ) ) ;
#2160 = DIRECTION ( 'NONE',  ( -0.000000000000000000, -0.000000000000000000, 1.000000000000000000 ) ) ;
#2161 = ADVANCED_FACE ( 'NONE', ( #1344 ), #1844, .F. ) ;
#2162 = LINE ( 'NONE', #1972, #2245 ) ;
#2163 = LINE ( 'NONE', #54, #176 ) ;
#2164 = EDGE_CURVE ( 'NONE', #1374, #154, #253, .T. ) ;
#2165 = VERTEX_POINT ( 'NONE', #262 ) ;
#2166 = AXIS2_PLACEMENT_3D ( 'NONE', #1695, #798, #448 ) ;
#2167 = LINE ( 'NONE', #33, #1723 ) ;
#2168 = AXIS2_PLACEMENT_3D ( 'NONE', #1308, #2007, #1602 ) ;
#2169 = CARTESIAN_POINT ( 'NONE',  ( 2.081668171172168513E-14, 0.000000000000000000, -44.00000000000000000 ) ) ;
#2170 = LINE ( 'NONE', #544, #214 ) ;
#2171 = VERTEX_POINT ( 'NONE', #974 ) ;
#2172 = CARTESIAN_POINT ( 'NONE',  ( 28.50000000000001421, -45.00000000000000000, -43.99999999999999289 ) ) ;
#2173 = AXIS2_PLACEMENT_3D ( 'NONE', #2151, #40, #190 ) ;
#2174 = CARTESIAN_POINT ( 'NONE',  ( -35.15000000000000568, 0.000000000000000000, -44.00000000000000000 ) ) ;
#2175 = DIRECTION ( 'NONE',  ( 0.000000000000000000, 0.000000000000000000, 1.000000000000000000 ) ) ;
#2176 = CIRCLE ( 'NONE', #849, 1.649999999999998579 ) ;
#2177 = EDGE_LOOP ( 'NONE', ( #1964, #1136, #530, #21 ) ) ;
#2178 = CARTESIAN_POINT ( 'NONE',  ( -21.69999999999998508, -2.241103642439657471E-15, 4.000000000000007994 ) ) ;
#2179 = ADVANCED_FACE ( 'NONE', ( #78 ), #801, .T. ) ;
#2180 = ORIENTED_EDGE ( 'NONE', *, *, #1571, .F. ) ;
#2181 = CARTESIAN_POINT ( 'NONE',  ( -26.48113027690461507, 4.423007550506756758, -9.324059896465348274 ) ) ;
#2182 = ORIENTED_EDGE ( 'NONE', *, *, #1830, .T. ) ;
#2183 = CARTESIAN_POINT ( 'NONE',  ( 25.14183639394941849, -0.3645232521882121879, -6.791418537960760560 ) ) ;
#2184 = DIRECTION ( 'NONE',  ( -1.000000000000000000, 2.775557561563004316E-14, 0.000000000000000000 ) ) ;
#2185 = CARTESIAN_POINT ( 'NONE',  ( -25.15000000000000568, 0.000000000000000000, -44.00000000000000000 ) ) ;
#2186 = DIRECTION ( 'NONE',  ( -1.000000000000000000, 0.000000000000000000, 0.000000000000000000 ) ) ;
#2187 = ORIENTED_EDGE ( 'NONE', *, *, #1158, .F. ) ;
#2188 = CARTESIAN_POINT ( 'NONE',  ( 18.30000000000001492, 2.081899558550483516E-16, 4.000000000000007994 ) ) ;
#2189 = VERTEX_POINT ( 'NONE', #1193 ) ;
#2190 = EDGE_CURVE ( 'NONE', #2083, #2171, #1944, .T. ) ;
#2191 = CARTESIAN_POINT ( 'NONE',  ( -25.07316970794550315, 2.692904306174214391, -8.924133912797593382 ) ) ;
#2192 = ORIENTED_EDGE ( 'NONE', *, *, #2148, .T. ) ;
#2193 = ADVANCED_FACE ( 'NONE', ( #182 ), #1059, .T. ) ;
#2194 = CARTESIAN_POINT ( 'NONE',  ( 25.14999999999999147, 0.000000000000000000, -44.00000000000000000 ) ) ;
#2195 = DIRECTION ( 'NONE',  ( -0.000000000000000000, -0.000000000000000000, -1.000000000000000000 ) ) ;
#2196 = CARTESIAN_POINT ( 'NONE',  ( 27.97384063076811600, 0.5535511628888916125, -9.264687178225338826 ) ) ;
#2197 = VERTEX_POINT ( 'NONE', #337 ) ;
#2198 = DIRECTION ( 'NONE',  ( -1.000000000000000000, 0.000000000000000000, 0.000000000000000000 ) ) ;
#2199 = CARTESIAN_POINT ( 'NONE',  ( 25.14999999999998792, -5.801753405944172215, -9.339638914908878320 ) ) ;
#2200 = AXIS2_PLACEMENT_3D ( 'NONE', #883, #179, #348 ) ;
#2201 = CARTESIAN_POINT ( 'NONE',  ( -27.91027120924560734, 1.103002202427451506, -9.268247965922059350 ) ) ;
#2202 = ORIENTED_EDGE ( 'NONE', *, *, #595, .F. ) ;
#2203 = CARTESIAN_POINT ( 'NONE',  ( -4.999999999999997335, -19.99999999999999645, 4.000000000000007994 ) ) ;
#2204 = EDGE_CURVE ( 'NONE', #558, #2060, #1573, .T. ) ;
#2205 = AXIS2_PLACEMENT_3D ( 'NONE', #985, #1517, #2198 ) ;
#2206 = DIRECTION ( 'NONE',  ( 0.000000000000000000, -1.000000000000000000, 0.000000000000000000 ) ) ;
#2207 = VECTOR ( 'NONE', #2087, 999.9999999999998863 ) ;
#2208 = ORIENTED_EDGE ( 'NONE', *, *, #595, .T. ) ;
#2209 = CARTESIAN_POINT ( 'NONE',  ( 25.14999999999999147, 0.000000000000000000, -44.00000000000000000 ) ) ;
#2210 = AXIS2_PLACEMENT_3D ( 'NONE', #2306, #1577, #143 ) ;
#2211 = DIRECTION ( 'NONE',  ( -0.000000000000000000, -0.000000000000000000, -1.000000000000000000 ) ) ;
#2212 = VERTEX_POINT ( 'NONE', #362 ) ;
#2213 = CARTESIAN_POINT ( 'NONE',  ( 25.07316970794531841, -2.692904306174201512, -8.924133912801172741 ) ) ;
#2214 = CARTESIAN_POINT ( 'NONE',  ( -24.60566353652447447, 2.284117499196383072, -6.831009447575135951 ) ) ;
#2215 = VERTEX_POINT ( 'NONE', #683 ) ;
#2216 = DIRECTION ( 'NONE',  ( -1.000000000000000000, -0.000000000000000000, -0.000000000000000000 ) ) ;
#2217 = ORIENTED_EDGE ( 'NONE', *, *, #9, .F. ) ;
#2218 = CARTESIAN_POINT ( 'NONE',  ( -30.15000000000000568, 45.00000000000000000, -39.99999999999999289 ) ) ;
#2219 = EDGE_CURVE ( 'NONE', #1641, #1322, #431, .T. ) ;
#2220 = ORIENTED_EDGE ( 'NONE', *, *, #2092, .T. ) ;
#2221 = EDGE_CURVE ( 'NONE', #709, #1223, #1417, .T. ) ;
#2222 = CARTESIAN_POINT ( 'NONE',  ( 18.27499999999999858, 2.112515728529185151E-16, 4.000000000000009770 ) ) ;
#2223 = DIRECTION ( 'NONE',  ( 1.000000000000000000, -0.000000000000000000, -0.000000000000000000 ) ) ;
#2224 = ORIENTED_EDGE ( 'NONE', *, *, #1359, .T. ) ;
#2225 = CARTESIAN_POINT ( 'NONE',  ( 25.14999999999999147, 5.801753405944162445, -9.339638914908899636 ) ) ;
#2226 = PRESENTATION_LAYER_ASSIGNMENT (  '', '', ( #344 ) ) ;
#2227 = CARTESIAN_POINT ( 'NONE',  ( -26.64925305697146030, 4.190283481849270686, -9.319499246245582569 ) ) ;
#2228 = ORIENTED_EDGE ( 'NONE', *, *, #1405, .F. ) ;
#2229 = CARTESIAN_POINT ( 'NONE',  ( 31.80000000000000782, -45.00000000000000000, 4.001000000000011880 ) ) ;
#2230 = VERTEX_POINT ( 'NONE', #1407 ) ;
#2231 = CARTESIAN_POINT ( 'NONE',  ( 31.80000000000000071, 45.00000000000000000, -43.99999999999999289 ) ) ;
#2232 = TOROIDAL_SURFACE ( 'NONE', #752, 33.08654523791967250, 0.4999999999999824585 ) ;
#2233 = ORIENTED_EDGE ( 'NONE', *, *, #1203, .T. ) ;
#2234 = LINE ( 'NONE', #639, #323 ) ;
#2235 = CYLINDRICAL_SURFACE ( 'NONE', #847, 1.650000000000002132 ) ;
#2236 = EDGE_CURVE ( 'NONE', #832, #1082, #1749, .T. ) ;
#2237 = VERTEX_POINT ( 'NONE', #2289 ) ;
#2238 = AXIS2_PLACEMENT_3D ( 'NONE', #1580, #1028, #844 ) ;
#2239 = CARTESIAN_POINT ( 'NONE',  ( 23.90002458601889401, 3.357718399995619940, -6.861933498662398101 ) ) ;
#2240 = CARTESIAN_POINT ( 'NONE',  ( 0.000000000000000000, 7.000000000000000000, 0.000000000000000000 ) ) ;
#2241 = VERTEX_POINT ( 'NONE', #698 ) ;
#2242 = CIRCLE ( 'NONE', #122, 35.14258062710081987 ) ;
#2243 = LINE ( 'NONE', #2203, #502 ) ;
#2244 = ORIENTED_EDGE ( 'NONE', *, *, #166, .T. ) ;
#2245 = VECTOR ( 'NONE', #389, 1000.000000000000000 ) ;
#2246 = CARTESIAN_POINT ( 'NONE',  ( -35.15000000000000568, -49.99999999999999289, -43.99999999999999289 ) ) ;
#2247 = EDGE_LOOP ( 'NONE', ( #789, #1188 ) ) ;
#2248 = CIRCLE ( 'NONE', #1504, 1.650000000000002132 ) ;
#2249 = CARTESIAN_POINT ( 'NONE',  ( 1.650000000000001021, 15.00000000000000178, 0.000000000000000000 ) ) ;
#2250 = VECTOR ( 'NONE', #1935, 1000.000000000000000 ) ;
#2251 = ORIENTED_EDGE ( 'NONE', *, *, #1525, .T. ) ;
#2252 = CIRCLE ( 'NONE', #624, 1.650000000000002132 ) ;
#2253 = CARTESIAN_POINT ( 'NONE',  ( -31.80000000000000071, 45.00000000000000000, -43.99999999999999289 ) ) ;
#2254 = ADVANCED_FACE ( 'NONE', ( #514, #169 ), #1770, .T. ) ;
#2255 = LINE ( 'NONE', #1555, #2207 ) ;
#2256 = AXIS2_PLACEMENT_3D ( 'NONE', #1747, #155, #582 ) ;
#2257 = CARTESIAN_POINT ( 'NONE',  ( -25.15000000000000924, -2.379443560861899343, -7.918430055577900362 ) ) ;
#2258 = ORIENTED_EDGE ( 'NONE', *, *, #854, .F. ) ;
#2259 = EDGE_CURVE ( 'NONE', #1113, #638, #2303, .T. ) ;
#2260 = DIRECTION ( 'NONE',  ( -1.000000000000000000, -0.000000000000000000, -0.000000000000000000 ) ) ;
#2261 = B_SPLINE_CURVE_WITH_KNOTS ( 'NONE', 3,
 ( #1052, #521, #1361, #2116, #2068, #1197, #158, #1064, #1761, #856, #493, #482, #877, #507, #305, #1012, #842, #2257, #1026, #666, #1372, #1725 ),
 .UNSPECIFIED., .F., .F.,
 ( 4, 2, 2, 2, 2, 2, 2, 2, 2, 2, 4 ),
 ( 0.000000000000000000, 0.001579847519732125501, 0.003159695039464249702, 0.004739542559196376070, 0.005529466319062439905, 0.006319390078928503740, 0.007109313838794566708, 0.007899237598660629675, 0.008689161358526691775, 0.009479085118392753875, 0.01263878015785700748 ),
 .UNSPECIFIED. ) ;
#2262 = CARTESIAN_POINT ( 'NONE',  ( -27.46548803016561280, -2.714112659308022923, -9.290284033161436028 ) ) ;
#2263 = ORIENTED_EDGE ( 'NONE', *, *, #381, .F. ) ;
#2264 = DIRECTION ( 'NONE',  ( 0.000000000000000000, -0.000000000000000000, 1.000000000000000000 ) ) ;
#2265 = CARTESIAN_POINT ( 'NONE',  ( -35.15000000000000568, 39.79949748426479772, -39.99999999999999289 ) ) ;
#2266 = ORIENTED_EDGE ( 'NONE', *, *, #517, .F. ) ;
#2267 = PLANE ( 'NONE',  #554 ) ;
#2268 = CARTESIAN_POINT ( 'NONE',  ( -4.999999999999990230, 7.000000000000000000, 0.000000000000000000 ) ) ;
#2269 = CARTESIAN_POINT ( 'NONE',  ( 25.36485105303439980, 5.625649848914902940, -9.339876221685369018 ) ) ;
#2270 = ORIENTED_EDGE ( 'NONE', *, *, #1901, .T. ) ;
#2271 = CARTESIAN_POINT ( 'NONE',  ( -4.999999999999997335, -19.99999999999999645, 0.000000000000000000 ) ) ;
#2272 = EDGE_CURVE ( 'NONE', #1302, #1113, #710, .T. ) ;
#2273 = CARTESIAN_POINT ( 'NONE',  ( -25.97142790520280187, 5.055986531407071993, -9.335122066512843375 ) ) ;
#2274 = ORIENTED_EDGE ( 'NONE', *, *, #560, .F. ) ;
#2275 = CARTESIAN_POINT ( 'NONE',  ( 25.15000000000001279, -49.99999999999999289, -39.99999999999999289 ) ) ;
#2276 = DIRECTION ( 'NONE',  ( -0.000000000000000000, -0.000000000000000000, 1.000000000000000000 ) ) ;
#2277 = VERTEX_POINT ( 'NONE', #1596 ) ;
#2278 = CARTESIAN_POINT ( 'NONE',  ( 5.000000000000002665, 20.00000000000000355, 4.000000000000007994 ) ) ;
#2279 = DIRECTION ( 'NONE',  ( -0.000000000000000000, -0.000000000000000000, -1.000000000000000000 ) ) ;
#2280 = ORIENTED_EDGE ( 'NONE', *, *, #1541, .F. ) ;
#2281 = VECTOR ( 'NONE', #1199, 1000.000000000000000 ) ;
#2282 = CARTESIAN_POINT ( 'NONE',  ( -25.15000000000000568, 0.000000000000000000, -43.99999999999999289 ) ) ;
#2283 = EDGE_LOOP ( 'NONE', ( #2050, #1412 ) ) ;
#2284 = VECTOR ( 'NONE', #173, 1000.000000000000000 ) ;
#2285 = EDGE_CURVE ( 'NONE', #425, #2230, #1019, .T. ) ;
#2286 = DIRECTION ( 'NONE',  ( 0.000000000000000000, 0.000000000000000000, 1.000000000000000000 ) ) ;
#2287 = CIRCLE ( 'NONE', #1283, 1.699999999999989742 ) ;
#2288 = ORIENTED_EDGE ( 'NONE', *, *, #251, .F. ) ;
#2289 = CARTESIAN_POINT ( 'NONE',  ( 28.50000000000001421, -45.00000000000000000, -39.99999999999999289 ) ) ;
#2290 = CYLINDRICAL_SURFACE ( 'NONE', #1474, 1.650000000000000133 ) ;
#2291 = VERTEX_POINT ( 'NONE', #851 ) ;
#2292 = CARTESIAN_POINT ( 'NONE',  ( -28.50000000000000711, 45.00000000000000000, -43.99999999999999289 ) ) ;
#2293 = AXIS2_PLACEMENT_3D ( 'NONE', #662, #2061, #2010 ) ;
#2294 = DIRECTION ( 'NONE',  ( 1.000000000000000000, 0.000000000000000000, 0.000000000000000000 ) ) ;
#2295 = AXIS2_PLACEMENT_3D ( 'NONE', #2062, #461, #1184 ) ;
#2296 = ORIENTED_EDGE ( 'NONE', *, *, #2052, .T. ) ;
#2297 = AXIS2_PLACEMENT_3D ( 'NONE', #1879, #255, #1139 ) ;
#2298 = CARTESIAN_POINT ( 'NONE',  ( 5.000000000000002665, -7.000000000000000000, 0.000000000000000000 ) ) ;
#2299 = ORIENTED_EDGE ( 'NONE', *, *, #1906, .F. ) ;
#2300 = CARTESIAN_POINT ( 'NONE',  ( -27.09548974149414491, 3.464100670655829273, -9.304855272043598191 ) ) ;
#2301 = EDGE_CURVE ( 'NONE', #264, #667, #1719, .T. ) ;
#2302 = ORIENTED_EDGE ( 'NONE', *, *, #2236, .F. ) ;
#2303 = LINE ( 'NONE', #127, #2021 ) ;
#2304 = DIRECTION ( 'NONE',  ( -0.000000000000000000, -0.000000000000000000, 1.000000000000000000 ) ) ;
#2305 = ADVANCED_FACE ( 'NONE', ( #862 ), #1561, .T. ) ;
#2306 = CARTESIAN_POINT ( 'NONE',  ( -34.64999999999999858, 0.000000000000000000, -44.00000000000000000 ) ) ;
#2307 = DIRECTION ( 'NONE',  ( 0.000000000000000000, 0.000000000000000000, -1.000000000000000000 ) ) ;
#2308 = CARTESIAN_POINT ( 'NONE',  ( -25.15000000000000568, -7.000000000000000000, 0.000000000000000000 ) ) ;
#2309 = VERTEX_POINT ( 'NONE', #935 ) ;
#2310 = CARTESIAN_POINT ( 'NONE',  ( -4.999999999999997335, 20.00000000000000355, 4.000000000000007994 ) ) ;
#2311 = CARTESIAN_POINT ( 'NONE',  ( -35.15000000000000568, -49.99999999999999289, -39.99999999999999289 ) ) ;
#2312 = DIRECTION ( 'NONE',  ( 0.000000000000000000, 0.000000000000000000, -1.000000000000000000 ) ) ;
#2313 = DIRECTION ( 'NONE',  ( -1.000000000000000000, -0.000000000000000000, -0.000000000000000000 ) ) ;
#2314 = LINE ( 'NONE', #1383, #16 ) ;
#2315 = ADVANCED_FACE ( 'NONE', ( #1779, #374 ), #914, .T. ) ;
#2316 = FACE_BOUND ( 'NONE', #1156, .T. ) ;
ENDSEC;
END-ISO-10303-21;
